CREATE DATABASE  IF NOT EXISTS `central_ledger` /*!40100 DEFAULT CHARACTER SET utf8mb3 */ /*!80016 DEFAULT ENCRYPTION='N' */;
USE `central_ledger`;
-- MySQL dump 10.13  Distrib 8.0.32, for macos13 (x86_64)
--
-- Host: 127.0.0.1    Database: central_ledger
-- ------------------------------------------------------
-- Server version	8.0.32

/*!40101 SET @OLD_CHARACTER_SET_CLIENT=@@CHARACTER_SET_CLIENT */;
/*!40101 SET @OLD_CHARACTER_SET_RESULTS=@@CHARACTER_SET_RESULTS */;
/*!40101 SET @OLD_COLLATION_CONNECTION=@@COLLATION_CONNECTION */;
/*!50503 SET NAMES utf8 */;
/*!40103 SET @OLD_TIME_ZONE=@@TIME_ZONE */;
/*!40103 SET TIME_ZONE='+00:00' */;
/*!40014 SET @OLD_UNIQUE_CHECKS=@@UNIQUE_CHECKS, UNIQUE_CHECKS=0 */;
/*!40014 SET @OLD_FOREIGN_KEY_CHECKS=@@FOREIGN_KEY_CHECKS, FOREIGN_KEY_CHECKS=0 */;
/*!40101 SET @OLD_SQL_MODE=@@SQL_MODE, SQL_MODE='NO_AUTO_VALUE_ON_ZERO' */;
/*!40111 SET @OLD_SQL_NOTES=@@SQL_NOTES, SQL_NOTES=0 */;

--
-- Table structure for table `amountType`
--

DROP TABLE IF EXISTS `amountType`;
/*!40101 SET @saved_cs_client     = @@character_set_client */;
/*!50503 SET character_set_client = utf8mb4 */;
CREATE TABLE `amountType` (
  `amountTypeId` int unsigned NOT NULL AUTO_INCREMENT,
  `name` varchar(256) NOT NULL,
  `description` varchar(1024) DEFAULT NULL,
  `createdDate` datetime NOT NULL DEFAULT CURRENT_TIMESTAMP COMMENT 'System dateTime stamp pertaining to the inserted record',
  PRIMARY KEY (`amountTypeId`),
  UNIQUE KEY `amounttype_name_unique` (`name`)
) ENGINE=InnoDB AUTO_INCREMENT=3 DEFAULT CHARSET=utf8mb3;
/*!40101 SET character_set_client = @saved_cs_client */;

--
-- Dumping data for table `amountType`
--

LOCK TABLES `amountType` WRITE;
/*!40000 ALTER TABLE `amountType` DISABLE KEYS */;
INSERT INTO `amountType` VALUES (1,'SEND','Amount the Payer would like to send; that is, the amount that should be withdrawn from the Payer account including any fees','2023-03-30 15:16:51'),(2,'RECEIVE','Amount the Payer would like the Payee to receive; that is, the amount that should be sent to the receiver exclusive fees','2023-03-30 15:16:51');
/*!40000 ALTER TABLE `amountType` ENABLE KEYS */;
UNLOCK TABLES;

--
-- Table structure for table `balanceOfPayments`
--

DROP TABLE IF EXISTS `balanceOfPayments`;
/*!40101 SET @saved_cs_client     = @@character_set_client */;
/*!50503 SET character_set_client = utf8mb4 */;
CREATE TABLE `balanceOfPayments` (
  `balanceOfPaymentsId` int unsigned NOT NULL,
  `name` varchar(256) NOT NULL,
  `description` varchar(1024) DEFAULT NULL COMMENT 'Possible values and meaning are defined in https://www.imf.org/external/np/sta/bopcode/',
  `createdDate` datetime NOT NULL DEFAULT CURRENT_TIMESTAMP COMMENT 'System dateTime stamp pertaining to the inserted record',
  PRIMARY KEY (`balanceOfPaymentsId`),
  UNIQUE KEY `balanceofpayments_name_unique` (`name`)
) ENGINE=InnoDB DEFAULT CHARSET=utf8mb3 COMMENT='See https://www.imf.org/external/np/sta/bopcode/guide.htm';
/*!40101 SET character_set_client = @saved_cs_client */;

--
-- Dumping data for table `balanceOfPayments`
--

LOCK TABLES `balanceOfPayments` WRITE;
/*!40000 ALTER TABLE `balanceOfPayments` DISABLE KEYS */;
INSERT INTO `balanceOfPayments` VALUES (100,'100','A. Goods','2023-03-30 15:16:51'),(110,'110','1. General merchandise','2023-03-30 15:16:51'),(150,'150','2. Goods for processing','2023-03-30 15:16:51'),(151,'151','2.1 Processing abroad','2023-03-30 15:16:51'),(152,'152','2.2 Processing in the compiling economy','2023-03-30 15:16:51'),(160,'160','3. Repairs on goods','2023-03-30 15:16:51'),(170,'170','4. Goods procured in ports by carriers','2023-03-30 15:16:51'),(171,'171','4.1 In seaports','2023-03-30 15:16:51'),(172,'172','4.2 In airports','2023-03-30 15:16:51'),(173,'173','4.3 In other ports','2023-03-30 15:16:51'),(180,'180','5. Nonmonetary gold','2023-03-30 15:16:51'),(181,'181','5.1 Held as a store of value','2023-03-30 15:16:51'),(182,'182','5.2 Other','2023-03-30 15:16:51'),(200,'200','B. Services','2023-03-30 15:16:51'),(205,'205','1. Transportation','2023-03-30 15:16:51'),(206,'206','1.1 Sea transport','2023-03-30 15:16:51'),(207,'207','1.1.1 Passenger','2023-03-30 15:16:51'),(208,'208','1.1.2 Freight','2023-03-30 15:16:51'),(209,'209','1.1.3 Other','2023-03-30 15:16:51'),(210,'210','1.2 Air transport','2023-03-30 15:16:51'),(211,'211','1.2.1 Passenger','2023-03-30 15:16:51'),(212,'212','1.2.2 Freight','2023-03-30 15:16:51'),(213,'213','1.2.3 Other','2023-03-30 15:16:51'),(214,'214','1.3 Other transport','2023-03-30 15:16:51'),(215,'215','1.3.1 Passenger','2023-03-30 15:16:51'),(216,'216','1.3.2 Freight','2023-03-30 15:16:51'),(217,'217','1.3.3 Other','2023-03-30 15:16:51'),(218,'218','1.4 Space transport','2023-03-30 15:16:51'),(219,'219','1.5 Rail transport','2023-03-30 15:16:51'),(220,'220','1.5.1 Passenger','2023-03-30 15:16:51'),(221,'221','1.5.2 Freight','2023-03-30 15:16:51'),(222,'222','1.5.3 Other','2023-03-30 15:16:51'),(223,'223','1.6 Road transport','2023-03-30 15:16:51'),(224,'224','1.6.1 Passenger','2023-03-30 15:16:51'),(225,'225','1.6.2 Freight','2023-03-30 15:16:51'),(226,'226','1.6.3 Other','2023-03-30 15:16:51'),(227,'227','1.7 Inland waterway transport','2023-03-30 15:16:51'),(228,'228','1.7.1 Passenger','2023-03-30 15:16:51'),(229,'229','1.7.2 Freight','2023-03-30 15:16:51'),(230,'230','1.7.3 Other','2023-03-30 15:16:51'),(231,'231','1.8 Pipeline transport and electricity transmission','2023-03-30 15:16:51'),(232,'232','1.9 Other supporting and auxiliary transport services','2023-03-30 15:16:51'),(236,'236','2. Travel','2023-03-30 15:16:51'),(237,'237','2.1 Business travel','2023-03-30 15:16:51'),(238,'238','2.1.1 Expenditure by seasonal and border workers','2023-03-30 15:16:51'),(239,'239','2.1.2 Other','2023-03-30 15:16:51'),(240,'240','2.2 Personal travel','2023-03-30 15:16:51'),(241,'241','2.2.1 Health-related expenditure','2023-03-30 15:16:51'),(242,'242','2.2.2 Education-related expenditure','2023-03-30 15:16:51'),(243,'243','2.2.3 Other','2023-03-30 15:16:51'),(245,'245','3. Communications services','2023-03-30 15:16:51'),(246,'246','3.1 Postal and courier services','2023-03-30 15:16:51'),(247,'247','3.2 Telecommunications Services','2023-03-30 15:16:51'),(249,'249','4. Construction services','2023-03-30 15:16:51'),(250,'250','4.1 Construction abroad','2023-03-30 15:16:51'),(251,'251','4.2 Construction in the compiling economy','2023-03-30 15:16:51'),(253,'253','5. Insurance services','2023-03-30 15:16:51'),(254,'254','5.1 Life insurance and pension funding','2023-03-30 15:16:51'),(255,'255','5.2 Freight insurance','2023-03-30 15:16:51'),(256,'256','5.3 Other direct insurance','2023-03-30 15:16:51'),(257,'257','5.4 Reinsurance','2023-03-30 15:16:51'),(258,'258','5.5 Auxiliary services','2023-03-30 15:16:51'),(260,'260','6. Financial services','2023-03-30 15:16:51'),(262,'262','7. Computer and information services','2023-03-30 15:16:51'),(263,'263','7.1 Computer services','2023-03-30 15:16:51'),(264,'264','7.2 Information services','2023-03-30 15:16:51'),(266,'266','8. Royalties and license fees','2023-03-30 15:16:51'),(268,'268','9. Other business services','2023-03-30 15:16:51'),(269,'269','9.1 Merchanting and other trade-related services','2023-03-30 15:16:51'),(270,'270','9.1.1 Merchanting','2023-03-30 15:16:51'),(271,'271','9.1.2 Other trade-related services','2023-03-30 15:16:51'),(272,'272','9.2 Operational leasing services','2023-03-30 15:16:51'),(273,'273','9.3 Miscellaneous business, professional, and technical services','2023-03-30 15:16:51'),(274,'274','9.3.1 Legal, accounting, management consulting, and public relations','2023-03-30 15:16:51'),(275,'275','9.3.1.1 Legal services','2023-03-30 15:16:51'),(276,'276','9.3.1.2 Accounting, auditing, bookkeeping, and tax consulting services','2023-03-30 15:16:51'),(277,'277','9.3.1.3 Business and management consulting and public relations services','2023-03-30 15:16:51'),(278,'278','9.3.2 Advertising, market research, and public opinion polling','2023-03-30 15:16:51'),(279,'279','9.3.3 Research and development','2023-03-30 15:16:51'),(280,'280','9.3.4 Architectural, engineering, and other technical services','2023-03-30 15:16:51'),(281,'281','9.3.5 Agricultural, mining, and on-site processing services','2023-03-30 15:16:51'),(282,'282','9.3.5.1 Waste treatment and depollution','2023-03-30 15:16:51'),(283,'283','9.3.5.2 Agricultural, mining, and other on-site processing services','2023-03-30 15:16:51'),(284,'284','9.3.6 Other business services','2023-03-30 15:16:51'),(285,'285','9.3.7 Services between related enterprises, n.i.e.','2023-03-30 15:16:51'),(287,'287','10. Personal, cultural, and recreational services','2023-03-30 15:16:51'),(288,'288','10.1 Audiovisual and related services','2023-03-30 15:16:51'),(289,'289','10.2 Other personal, cultural, and recreational services','2023-03-30 15:16:51'),(291,'291','11. Government services, n.i.e.','2023-03-30 15:16:51'),(292,'292','11.1 Embassies and consulates','2023-03-30 15:16:51'),(293,'293','11.2 Military units and agencies','2023-03-30 15:16:51'),(294,'294','11.3 Other government services','2023-03-30 15:16:51'),(300,'300','C. Income','2023-03-30 15:16:51'),(310,'310','1. Compensation of employees including border, seasonal, and other workers','2023-03-30 15:16:51'),(320,'320','2. Investment income','2023-03-30 15:16:51'),(330,'330','2.1 Direct investment','2023-03-30 15:16:51'),(331,'331','2.1.1 Income on equity','2023-03-30 15:16:51'),(332,'332','2.1.1.1 Dividends and distributed branch profits','2023-03-30 15:16:51'),(333,'333','2.1.1.2 Reinvested earnings and undistributed branch profits','2023-03-30 15:16:51'),(334,'334','2.1.2 Income on debt (interest)','2023-03-30 15:16:51'),(339,'339','2.2 Portfolio investment','2023-03-30 15:16:51'),(340,'340','2.2.1 Income on equity (dividends)','2023-03-30 15:16:51'),(341,'341','2.2.1.1 Monetary authorities','2023-03-30 15:16:51'),(342,'342','2.2.1.2 General government','2023-03-30 15:16:51'),(343,'343','2.2.1.3 Banks','2023-03-30 15:16:51'),(344,'344','2.2.1.4 Other sectors','2023-03-30 15:16:51'),(349,'349','2.2.2 Income on debt (interest)','2023-03-30 15:16:51'),(350,'350','2.2.2.1 Bonds and notes','2023-03-30 15:16:51'),(351,'351','2.2.2.1.1 Monetary authorities','2023-03-30 15:16:51'),(352,'352','2.2.2.1.2 General government','2023-03-30 15:16:51'),(353,'353','2.2.2.1.3 Banks','2023-03-30 15:16:51'),(354,'354','2.2.2.1.4 Other sectors','2023-03-30 15:16:51'),(360,'360','2.2.2.2 Money-market instruments','2023-03-30 15:16:51'),(361,'361','2.2.2.2.1 Monetary authorities','2023-03-30 15:16:51'),(362,'362','2.2.2.2.2 General government','2023-03-30 15:16:51'),(363,'363','2.2.2.2.3 Banks','2023-03-30 15:16:51'),(364,'364','2.2.2.2.4 Other sectors','2023-03-30 15:16:51'),(370,'370','2.3 Other investment','2023-03-30 15:16:51'),(371,'371','2.3.1 Monetary authorities','2023-03-30 15:16:51'),(372,'372','2.3.2 General government','2023-03-30 15:16:51'),(373,'373','2.3.3 Banks','2023-03-30 15:16:51'),(374,'374','2.3.4 Other sectors','2023-03-30 15:16:51'),(379,'379','D. Current transfers','2023-03-30 15:16:51'),(380,'380','1. General government','2023-03-30 15:16:51'),(390,'390','2. Other sectors','2023-03-30 15:16:51'),(391,'391','2.1 Workers\' remittances','2023-03-30 15:16:51'),(392,'392','2.2 Other transfers','2023-03-30 15:16:51'),(400,'400','1. Capital transfers','2023-03-30 15:16:51'),(401,'401','1.1 General government','2023-03-30 15:16:51'),(402,'402','1.1.1 Debt forgiveness','2023-03-30 15:16:51'),(410,'410','1.1.2 Other','2023-03-30 15:16:51'),(430,'430','1.2 Other sectors','2023-03-30 15:16:51'),(431,'431','1.2.1 Migrants\' transfers','2023-03-30 15:16:51'),(432,'432','1.2.2 Debt forgiveness','2023-03-30 15:16:51'),(440,'440','1.2.3 Other','2023-03-30 15:16:51'),(480,'480','2. Acquisitions/disposal of non-produced nonfinancial assets','2023-03-30 15:16:51'),(500,'500','1. Direct investment','2023-03-30 15:16:51'),(505,'505','1.1 Abroad','2023-03-30 15:16:51'),(510,'510','1.1.1 Equity capital','2023-03-30 15:16:51'),(515,'515','1.1.1.1 Claims on affiliated enterprises','2023-03-30 15:16:51'),(520,'520','1.1.1.2 Liabilities to affiliated enterprises','2023-03-30 15:16:51'),(525,'525','1.1.2 Reinvested earnings','2023-03-30 15:16:51'),(526,'526','1.1.2.1 Claims','2023-03-30 15:16:51'),(527,'527','1.1.2.2 Liabilities','2023-03-30 15:16:51'),(530,'530','1.1.3 Other capital','2023-03-30 15:16:51'),(535,'535','1.1.3.1 Claims on affiliated enterprises','2023-03-30 15:16:51'),(540,'540','1.1.3.2 Liabilities to affiliated enterprises','2023-03-30 15:16:51'),(555,'555','1.2 In reporting economy','2023-03-30 15:16:51'),(560,'560','1.2.1 Equity capital','2023-03-30 15:16:51'),(565,'565','1.2.1.1 Claims on direct investors','2023-03-30 15:16:51'),(570,'570','1.2.1.2 Liabilities to direct investors','2023-03-30 15:16:51'),(575,'575','1.2.2 Reinvested earnings','2023-03-30 15:16:51'),(576,'576','1.2.2.1 Claims','2023-03-30 15:16:51'),(577,'577','1.2.2.2 Liabilities','2023-03-30 15:16:51'),(580,'580','1.2.3 Other capital','2023-03-30 15:16:51'),(585,'585','1.2.3.1 Claims on direct investors','2023-03-30 15:16:51'),(590,'590','1.2.3.2 Liabilities to direct investors','2023-03-30 15:16:51'),(600,'600','2. Portfolio investment','2023-03-30 15:16:51'),(602,'602','2.1 Assets','2023-03-30 15:16:51'),(610,'610','2.1.1 Equity securities','2023-03-30 15:16:51'),(611,'611','2.1.1.1 Monetary authorities','2023-03-30 15:16:51'),(612,'612','2.1.1.2 General government','2023-03-30 15:16:51'),(613,'613','2.1.1.3 Banks','2023-03-30 15:16:51'),(614,'614','2.1.1.4 Other sectors','2023-03-30 15:16:51'),(619,'619','2.1.2 Debt securities','2023-03-30 15:16:51'),(620,'620','2.1.2.1 Bonds and notes','2023-03-30 15:16:51'),(621,'621','2.1.2.1.1 Monetary authorities','2023-03-30 15:16:51'),(622,'622','2.1.2.1.2 General government','2023-03-30 15:16:51'),(623,'623','2.1.2.1.3 Banks','2023-03-30 15:16:51'),(624,'624','2.1.2.1.4 Other sectors','2023-03-30 15:16:51'),(630,'630','2.1.2.2 Money market instruments','2023-03-30 15:16:51'),(631,'631','2.1.2.2.1 Monetary authorities','2023-03-30 15:16:51'),(632,'632','2.1.2.2.2 General government','2023-03-30 15:16:51'),(633,'633','2.1.2.2.3 Banks','2023-03-30 15:16:51'),(634,'634','2.1.2.2.4 Other sectors','2023-03-30 15:16:51'),(652,'652','2.2 Liabilities','2023-03-30 15:16:51'),(660,'660','2.2.1 Equity securities','2023-03-30 15:16:51'),(663,'663','2.2.1.1 Banks','2023-03-30 15:16:51'),(664,'664','2.2.1.2 Other sectors','2023-03-30 15:16:51'),(669,'669','2.2.2 Debt securities','2023-03-30 15:16:51'),(670,'670','2.2.2.1 Bonds and notes','2023-03-30 15:16:51'),(671,'671','2.2.2.1.1 Monetary authorities','2023-03-30 15:16:51'),(672,'672','2.2.2.1.2 General government','2023-03-30 15:16:51'),(673,'673','2.2.2.1.3 Banks','2023-03-30 15:16:51'),(674,'674','2.2.2.1.4 Other sectors','2023-03-30 15:16:51'),(680,'680','2.2.2.2 Money market instruments','2023-03-30 15:16:51'),(681,'681','2.2.2.2.1 Monetary authorities','2023-03-30 15:16:51'),(682,'682','2.2.2.2.2 General government','2023-03-30 15:16:51'),(683,'683','2.2.2.2.3 Banks','2023-03-30 15:16:51'),(684,'684','2.2.2.2.4 Other sectors','2023-03-30 15:16:51'),(700,'700','4. Other investment','2023-03-30 15:16:51'),(703,'703','4.1 Assets','2023-03-30 15:16:51'),(706,'706','4.1.1 Trade credits','2023-03-30 15:16:51'),(707,'707','4.1.1.1 General government','2023-03-30 15:16:51'),(708,'708','4.1.1.1.1 Long-term','2023-03-30 15:16:51'),(709,'709','4.1.1.1.2 Short-term','2023-03-30 15:16:51'),(710,'710','4.1.1.2 Other sectors','2023-03-30 15:16:51'),(711,'711','4.1.1.2.1 Long-term','2023-03-30 15:16:51'),(712,'712','4.1.1.2.2 Short-term','2023-03-30 15:16:51'),(714,'714','4.1.2 Loans','2023-03-30 15:16:51'),(715,'715','4.1.2.1 Monetary authorities','2023-03-30 15:16:51'),(717,'717','4.1.2.1.1 Long-term','2023-03-30 15:16:51'),(718,'718','4.1.2.1.2 Short-term','2023-03-30 15:16:51'),(719,'719','4.1.2.2 General government','2023-03-30 15:16:51'),(720,'720','4.1.2.2.1 Long-term','2023-03-30 15:16:51'),(721,'721','4.1.2.2.2 Short-term','2023-03-30 15:16:51'),(722,'722','4.1.2.3 Banks','2023-03-30 15:16:51'),(723,'723','4.1.2.3.1 Long-term','2023-03-30 15:16:51'),(724,'724','4.1.2.3.2 Short-term','2023-03-30 15:16:51'),(725,'725','4.1.2.4 Other sectors','2023-03-30 15:16:51'),(726,'726','4.1.2.4.1 Long-term','2023-03-30 15:16:51'),(727,'727','4.1.2.4.2 Short-term','2023-03-30 15:16:51'),(730,'730','4.1.3 Currency and deposits','2023-03-30 15:16:51'),(731,'731','4.1.3.1 Monetary authorities','2023-03-30 15:16:51'),(732,'732','4.1.3.2 General government','2023-03-30 15:16:51'),(733,'733','4.1.3.3 Banks','2023-03-30 15:16:51'),(734,'734','4.1.3.4 Other sectors','2023-03-30 15:16:51'),(736,'736','4.1.4 Other assets','2023-03-30 15:16:51'),(737,'737','4.1.4.1 Monetary authorities','2023-03-30 15:16:51'),(738,'738','4.1.4.1.1 Long-term','2023-03-30 15:16:51'),(739,'739','4.1.4.1.2 Short-term','2023-03-30 15:16:51'),(740,'740','4.1.4.2 General government','2023-03-30 15:16:51'),(741,'741','4.1.4.2.1 Long-term','2023-03-30 15:16:51'),(742,'742','4.1.4.2.2 Short-term','2023-03-30 15:16:51'),(743,'743','4.1.4.3 Banks','2023-03-30 15:16:51'),(744,'744','4.1.4.3.1 Long-term','2023-03-30 15:16:51'),(745,'745','4.1.4.3.2 Short-term','2023-03-30 15:16:51'),(746,'746','4.1.4.4 Other sectors','2023-03-30 15:16:51'),(747,'747','4.1.4.4.1 Long-term','2023-03-30 15:16:51'),(748,'748','3.1.4.4.2 Short-term','2023-03-30 15:16:51'),(753,'753','4.2 Liabilities','2023-03-30 15:16:51'),(756,'756','4.2.1 Trade credits','2023-03-30 15:16:51'),(757,'757','4.2.1.1 General government','2023-03-30 15:16:51'),(758,'758','4.2.1.1.1 Long-term','2023-03-30 15:16:51'),(759,'759','4.2.1.1.2 Short-term','2023-03-30 15:16:51'),(760,'760','4.2.1.2 Other sectors','2023-03-30 15:16:51'),(761,'761','4.2.1.2.1 Long-term','2023-03-30 15:16:51'),(762,'762','4.2.1.2.2 Short-term','2023-03-30 15:16:51'),(764,'764','4.2.2 Loans','2023-03-30 15:16:51'),(765,'765','4.2.2.1 Monetary authorities','2023-03-30 15:16:51'),(766,'766','4.2.2.1.1 Use of Fund credit and loans from the Fund','2023-03-30 15:16:51'),(767,'767','4.2.2.1.2 Other long-term','2023-03-30 15:16:51'),(768,'768','4.2.2.1.3 Short-term','2023-03-30 15:16:51'),(769,'769','4.2.2.2 General government','2023-03-30 15:16:51'),(770,'770','4.2.2.2.1 Long-term','2023-03-30 15:16:51'),(771,'771','4.2.2.2.2 Short-term','2023-03-30 15:16:51'),(772,'772','4.2.2.3 Banks','2023-03-30 15:16:51'),(773,'773','4.2.2.3.1 Long-term','2023-03-30 15:16:51'),(774,'774','4.2.2.3.2 Short-term','2023-03-30 15:16:51'),(775,'775','4.2.2.4 Other sectors','2023-03-30 15:16:51'),(776,'776','4.2.2.4.1 Long-term','2023-03-30 15:16:51'),(777,'777','4.2.2.4.2 Short-term','2023-03-30 15:16:51'),(780,'780','4.2.3 Currency and deposits','2023-03-30 15:16:51'),(781,'781','4.2.3.1 Monetary authorities','2023-03-30 15:16:51'),(782,'782','4.2.3.2 General government','2023-03-30 15:16:51'),(783,'783','4.2.3.3 Banks','2023-03-30 15:16:51'),(784,'784','4.2.3.4 Other sectors','2023-03-30 15:16:51'),(786,'786','4.2.4 Other liabilities','2023-03-30 15:16:51'),(787,'787','4.2.4.1 Monetary authorities','2023-03-30 15:16:51'),(788,'788','4.2.4.1.1 Long-term','2023-03-30 15:16:51'),(789,'789','4.2.4.1.2 Short-term','2023-03-30 15:16:51'),(790,'790','4.2.4.2 General government','2023-03-30 15:16:51'),(791,'791','4.2.4.2.1 Long-term','2023-03-30 15:16:51'),(792,'792','4.2.4.2.2 Short-term','2023-03-30 15:16:51'),(793,'793','4.2.4.3 Banks','2023-03-30 15:16:51'),(794,'794','4.2.4.3.1 Long-term','2023-03-30 15:16:51'),(795,'795','4.2.4.3.2 Short-term','2023-03-30 15:16:51'),(796,'796','4.2.4.4 Other sectors','2023-03-30 15:16:51'),(797,'797','4.2.4.4.1 Long-term','2023-03-30 15:16:51'),(798,'798','4.2.4.4.2 Short-term','2023-03-30 15:16:51'),(802,'802','5. Official reserve assets','2023-03-30 15:16:51'),(803,'803','5.4 Foreign exchange','2023-03-30 15:16:51'),(806,'806','5.4.2 Securities','2023-03-30 15:16:51'),(808,'808','5.4.1 Currency and deposits','2023-03-30 15:16:51'),(810,'810','5.3 Reserve position in the Fund','2023-03-30 15:16:51'),(811,'811','5.2 SDRs','2023-03-30 15:16:51'),(812,'812','5.1 Monetary gold (including gold deposits and, if appropriate, gold swapped)','2023-03-30 15:16:51'),(813,'813','5.6 Other claims','2023-03-30 15:16:51'),(850,'850','Total passenger','2023-03-30 15:16:51'),(851,'851','Total freight','2023-03-30 15:16:51'),(852,'852','Total other services','2023-03-30 15:16:51'),(858,'858','1.3 Other freight','2023-03-30 15:16:51'),(862,'862','1.4 Space freight','2023-03-30 15:16:51'),(863,'863','1.5 Rail freight','2023-03-30 15:16:51'),(865,'865','1.7 Inland waterway freight','2023-03-30 15:16:51'),(868,'868','1.8 Pipeline freight','2023-03-30 15:16:51'),(871,'871','2.3 All other travel expenditure','2023-03-30 15:16:51'),(887,'887','5. Financial intermediation services indirectly measured (FISIM)','2023-03-30 15:16:51'),(888,'888','6. Financial services including FISIM','2023-03-30 15:16:51'),(889,'889','7.2.1 News agency services','2023-03-30 15:16:51'),(890,'890','7.2.2 Other information provision services','2023-03-30 15:16:51'),(891,'891','8.1 Franchises and similar rights','2023-03-30 15:16:51'),(892,'892','8.2 Other royalties and license fees','2023-03-30 15:16:51'),(894,'894','8. Audiovisual transactions','2023-03-30 15:16:51'),(895,'895','10.2.1 Education services','2023-03-30 15:16:51'),(896,'896','10.2.2 Health services','2023-03-30 15:16:51'),(897,'897','10.2.3 Other','2023-03-30 15:16:51'),(900,'900','3.1 Financial derivatives assets','2023-03-30 15:16:51'),(901,'901','3.1.1 Monetary authorities','2023-03-30 15:16:51'),(902,'902','3.1.2 General government','2023-03-30 15:16:51'),(903,'903','3.1.3 Banks','2023-03-30 15:16:51'),(904,'904','3.1.4 Other sectors','2023-03-30 15:16:51'),(905,'905','3.2 Financial derivatives liabilities','2023-03-30 15:16:51'),(906,'906','3.2.1 Monetary authorities','2023-03-30 15:16:51'),(907,'907','3.2.2 General government','2023-03-30 15:16:51'),(908,'908','3.2.3 Banks','2023-03-30 15:16:51'),(909,'909','3.2.4 Other sectors','2023-03-30 15:16:51'),(910,'910','3. Financial derivatives (net)','2023-03-30 15:16:51'),(911,'911','3.0.1 Monetary authorities','2023-03-30 15:16:51'),(912,'912','3.0.2 General government','2023-03-30 15:16:51'),(913,'913','3.0.3 Banks','2023-03-30 15:16:51'),(914,'914','3.0.4 Other sectors','2023-03-30 15:16:51'),(920,'920','Exceptional financing transactions (Total)','2023-03-30 15:16:51'),(950,'950','1. Freight transportation on merchandise, valued on a transaction basis','2023-03-30 15:16:51'),(951,'951','1.1 Sea freight','2023-03-30 15:16:51'),(952,'952','1.2 Air freight','2023-03-30 15:16:51'),(953,'953','1.6 Road freight','2023-03-30 15:16:51'),(956,'956','2.1 Expenditure on goods','2023-03-30 15:16:51'),(957,'957','2.2 Expenditure on accommodation and food and beverage serving services','2023-03-30 15:16:51'),(960,'960','3. Gross insurance premiums','2023-03-30 15:16:51'),(961,'961','4. Gross insurance claims','2023-03-30 15:16:51'),(962,'962','7. Merchanting gross flows','2023-03-30 15:16:51'),(972,'972','3.1 Gross premiums-life insurance','2023-03-30 15:16:51'),(973,'973','4.1 Gross claims-life insurance','2023-03-30 15:16:51'),(974,'974','3.2 Gross premiums-freight insurance','2023-03-30 15:16:51'),(975,'975','4.2 Gross claims-freight insurance','2023-03-30 15:16:51'),(976,'976','3.3 Gross premiums-other direct insurance','2023-03-30 15:16:51'),(977,'977','4.3 Gross claims-other direct insurance','2023-03-30 15:16:51'),(982,'982','Current and capital transfers','2023-03-30 15:16:51'),(983,'983','Current + capital + financial accounts','2023-03-30 15:16:51'),(984,'984','Current + capital + financial accounts + net errors and omissions','2023-03-30 15:16:51'),(991,'991','Goods and services','2023-03-30 15:16:51'),(992,'992','Goods, services, and income','2023-03-30 15:16:51'),(993,'993','1. Current account','2023-03-30 15:16:51'),(994,'994','E. Capital Account','2023-03-30 15:16:51'),(995,'995','F. Financial Account','2023-03-30 15:16:51'),(996,'996','Capital and Financial Account','2023-03-30 15:16:51'),(998,'998','Net errors and omissions','2023-03-30 15:16:51'),(11010,'110 B','1.1 Export/import of goods in trade statistics','2023-03-30 15:16:51'),(11020,'110 C','1.2 Adjustments to trade statistics','2023-03-30 15:16:51'),(11030,'110 CA','1.3 For coverage','2023-03-30 15:16:51'),(11040,'110 CB','1.4 For classification','2023-03-30 15:16:51'),(11050,'110 CC','1.5 For valuation','2023-03-30 15:16:51'),(11060,'110 CD','1.6 For timing','2023-03-30 15:16:51'),(38010,'380 EC','Exc. Fin. - Intergovernmental grants','2023-03-30 15:16:51'),(38020,'380 ED','Exc. Fin. - Grants received from Fund subsidy accounts','2023-03-30 15:16:51'),(38030,'380 Z','Other','2023-03-30 15:16:51'),(40210,'402 EB','Exceptional Financing','2023-03-30 15:16:51'),(40220,'402 Z','Other','2023-03-30 15:16:51'),(57010,'570 EF','Exc. Fin. - Investment associated with debt reduction','2023-03-30 15:16:51'),(57020,'570 EG','Exc. Fin. - Other','2023-03-30 15:16:51'),(57030,'570 Z','1.2.1.3 Other','2023-03-30 15:16:51'),(67110,'671 EH','Exc. Fin. - Issues','2023-03-30 15:16:51'),(67120,'671 EM','Exc. Fin. - Advance repayments','2023-03-30 15:16:51'),(67130,'671 Z','Other','2023-03-30 15:16:51'),(67210,'672 EH','Exc. Fin. - Issues','2023-03-30 15:16:51'),(67220,'672 EM','Exc. Fin. - Advance repayments','2023-03-30 15:16:51'),(67230,'672 Z','Other','2023-03-30 15:16:51'),(67310,'673 EH','Exc. Fin. - Issues','2023-03-30 15:16:51'),(67320,'673 EM','Exc. Fin. - Advance repayments','2023-03-30 15:16:51'),(67330,'673 Z','Other','2023-03-30 15:16:51'),(67410,'674 EH','Exc. Fin. - Issues','2023-03-30 15:16:51'),(67420,'674 EM','Exc. Fin. - Advance repayments','2023-03-30 15:16:51'),(67430,'674 Z','Other','2023-03-30 15:16:51'),(68110,'681 EH','Exc. Fin. - Issues','2023-03-30 15:16:51'),(68120,'681 Z','Other','2023-03-30 15:16:51'),(68210,'682 EH','Exc. Fin. - Issues','2023-03-30 15:16:51'),(68220,'682 Z','Other','2023-03-30 15:16:51'),(68310,'683 EH','Exc. Fin. - Issues','2023-03-30 15:16:51'),(68320,'683 Z','Other','2023-03-30 15:16:51'),(68410,'684 EH','Exc. Fin. - Issues','2023-03-30 15:16:51'),(68420,'684 Z','Other','2023-03-30 15:16:51'),(76710,'767 EJ','Exc. Fin. - Drawings on new loans by authorities or other sectors onauthorities\' behalf','2023-03-30 15:16:51'),(76720,'767 EK','Exc. Fin. - Rescheduling of existing debt','2023-03-30 15:16:51'),(76730,'767 EM','Exc. Fin. - Advance repayments','2023-03-30 15:16:51'),(76740,'767 Z','Other','2023-03-30 15:16:51'),(76810,'768 EJ','Exc. Fin. - Drawings on new loans by authorities or other sectors on authorities\' behalf','2023-03-30 15:16:51'),(76820,'768 EK','Exc. Fin. - Rescheduling of existing debt','2023-03-30 15:16:51'),(76830,'768 EM','Exc. Fin. - Advance repayments','2023-03-30 15:16:51'),(76840,'768 Z','Other','2023-03-30 15:16:51'),(77010,'770 EJ','Exc. Fin. - Drawings on new loans by authorities or other sectors on authorities\' behalf','2023-03-30 15:16:51'),(77020,'770 EK','Exc. Fin. - Rescheduling of existing debt','2023-03-30 15:16:51'),(77030,'770 EM','Exc. Fin. - Advance repayments','2023-03-30 15:16:51'),(77040,'770 Z','Other','2023-03-30 15:16:51'),(77110,'771 EJ','Exc. Fin. - Drawings on new loans by authorities or other sectors on authorities\' behalf','2023-03-30 15:16:51'),(77120,'771 EK','Exc. Fin. - Rescheduling of existing debt','2023-03-30 15:16:51'),(77130,'771 EM','Exc. Fin. - Advance repayments','2023-03-30 15:16:51'),(77140,'771 Z','Other','2023-03-30 15:16:51'),(77310,'773 EJ','Exc. Fin. - Drawings on new loans by authorities or other sectors on authorities\' behalf','2023-03-30 15:16:51'),(77320,'773 EK','Exc. Fin. - Rescheduling of existing debt','2023-03-30 15:16:51'),(77330,'773 EM','Exc. Fin. - Advance repayments','2023-03-30 15:16:51'),(77340,'773 Z','Other','2023-03-30 15:16:51'),(77410,'774 EJ','Exc. Fin. - Drawings on new loans by authorities or other sectors on authorities\' behalf','2023-03-30 15:16:51'),(77420,'774 EK','Exc. Fin. - Rescheduling of existing debt','2023-03-30 15:16:51'),(77430,'774 EM','Exc. Fin. - Advance repayments','2023-03-30 15:16:51'),(77440,'774 Z','Other','2023-03-30 15:16:51'),(77610,'776 EJ','Exc. Fin. - Drawings on new loans by authorities or other sectors on authorities\' behalf','2023-03-30 15:16:51'),(77620,'776 EK','Exc. Fin. - Rescheduling of existing debt','2023-03-30 15:16:51'),(77630,'776 EM','Exc. Fin. - Advance repayments','2023-03-30 15:16:51'),(77640,'776 Z','Other','2023-03-30 15:16:51'),(77710,'777 EJ','Exc. Fin. - Drawings on new loans by authorities or other sectors on authorities\' behalf','2023-03-30 15:16:51'),(77720,'777 EK','Exc. Fin. - Rescheduling of existing debt','2023-03-30 15:16:51'),(77730,'777 EM','Exc. Fin. - Advance repayments','2023-03-30 15:16:51'),(77740,'777 Z','Other','2023-03-30 15:16:51'),(78905,'789 F','Exc. Fin. - Total arrears','2023-03-30 15:16:51'),(78910,'789 FA','Exc. Fin. - Accumulation of arrears','2023-03-30 15:16:51'),(78915,'789 FB','Exc. Fin. - Principal on short-term debt','2023-03-30 15:16:51'),(78920,'789 FC','Exc. Fin. - Principal on long-term debt','2023-03-30 15:16:51'),(78925,'789 FD','Exc. Fin. - Original interest','2023-03-30 15:16:51'),(78930,'789 FE','Exc. Fin. - Penalty interest','2023-03-30 15:16:51'),(78935,'789 FF','Exc. Fin. - Repayments of arrears','2023-03-30 15:16:51'),(78940,'789 FG','Exc. Fin. - Principal','2023-03-30 15:16:51'),(78945,'789 FH','Exc. Fin. - Interest','2023-03-30 15:16:51'),(78950,'789 FI','Exc. Fin. - Rescheduling of arrears','2023-03-30 15:16:51'),(78955,'789 FJ','Exc. Fin. - Principal','2023-03-30 15:16:51'),(78960,'789 FK','Exc. Fin. - Interest','2023-03-30 15:16:51'),(78965,'789 FM','Exc. Fin. - Cancellation of arrears','2023-03-30 15:16:51'),(78970,'789 FN','Exc. Fin. - Principal','2023-03-30 15:16:51'),(78975,'789 FO','Exc. Fin. - Interest','2023-03-30 15:16:51'),(78980,'789 Z','Other','2023-03-30 15:16:51'),(79205,'792 F','Exc. Fin. - Total arrears','2023-03-30 15:16:51'),(79210,'792 FA','Exc. Fin. - Accumulation of arrears','2023-03-30 15:16:51'),(79215,'792 FB','Exc. Fin. - Principal on short-term debt','2023-03-30 15:16:51'),(79220,'792 FC','Exc. Fin. - Principal on long-term debt','2023-03-30 15:16:51'),(79225,'792 FD','Exc. Fin. - Original interest','2023-03-30 15:16:51'),(79230,'792 FE','Exc. Fin. - Penalty interest','2023-03-30 15:16:51'),(79235,'792 FF','Exc. Fin. - Repayments of arrears','2023-03-30 15:16:51'),(79240,'792 FG','Exc. Fin. - Principal','2023-03-30 15:16:51'),(79245,'792 FH','Exc. Fin. - Interest','2023-03-30 15:16:51'),(79250,'792 FI','Exc. Fin. - Rescheduling of arrears','2023-03-30 15:16:51'),(79255,'792 FJ','Exc. Fin. - Principal','2023-03-30 15:16:51'),(79260,'792 FK','Exc. Fin. - Interest','2023-03-30 15:16:51'),(79265,'792 FM','Exc. Fin. - Cancellation of arrears','2023-03-30 15:16:51'),(79270,'792 FN','Exc. Fin. - Principal','2023-03-30 15:16:51'),(79275,'792 FO','Exc. Fin. - Interest','2023-03-30 15:16:51'),(79280,'792 Z','Other','2023-03-30 15:16:51'),(79505,'795 F','Exc. Fin. - Total arrears','2023-03-30 15:16:51'),(79510,'795 FA','Exc. Fin. - Accumulation of arrears','2023-03-30 15:16:51'),(79515,'795 FB','Exc. Fin. - Principal on short-term debt','2023-03-30 15:16:51'),(79520,'795 FC','Exc. Fin. - Principal on long-term debt','2023-03-30 15:16:51'),(79525,'795 FD','Exc. Fin. - Original interest','2023-03-30 15:16:51'),(79530,'795 FE','Exc. Fin. - Penalty interest','2023-03-30 15:16:51'),(79535,'795 FF','Exc. Fin. - Repayments of arrears','2023-03-30 15:16:51'),(79540,'795 FG','Exc. Fin. - Principal','2023-03-30 15:16:51'),(79545,'795 FH','Exc. Fin. - Interest','2023-03-30 15:16:51'),(79550,'795 FI','Exc. Fin. - Rescheduling of arrears','2023-03-30 15:16:51'),(79555,'795 FJ','Exc. Fin. - Principal','2023-03-30 15:16:51'),(79560,'795 FK','Exc. Fin. - Interest','2023-03-30 15:16:51'),(79565,'795 FM','Exc. Fin. - Cancellation of arrears','2023-03-30 15:16:51'),(79570,'795 FN','Exc. Fin. - Principal','2023-03-30 15:16:51'),(79575,'795 FO','Exc. Fin. - Interest','2023-03-30 15:16:51'),(79580,'795 Z','Other','2023-03-30 15:16:51'),(79805,'798 F','Exc. Fin. - Total arrears','2023-03-30 15:16:51'),(79810,'798 FA','Exc. Fin. - Accumulation of arrears','2023-03-30 15:16:51'),(79815,'798 FB','Exc. Fin. - Principal on short-term debt','2023-03-30 15:16:51'),(79820,'798 FC','Exc. Fin. - Principal on long-term debt','2023-03-30 15:16:51'),(79825,'798 FD','Exc. Fin. - Original interest','2023-03-30 15:16:51'),(79830,'798 FE','Exc. Fin. - Penalty interest','2023-03-30 15:16:51'),(79835,'798 FF','Exc. Fin. - Repayments of arrears','2023-03-30 15:16:51'),(79840,'798 FG','Exc. Fin. - Principal','2023-03-30 15:16:51'),(79845,'798 FH','Exc. Fin. - Interest','2023-03-30 15:16:51'),(79850,'798 FI','Exc. Fin. - Rescheduling of arrears','2023-03-30 15:16:51'),(79855,'798 FJ','Exc. Fin. - Principal','2023-03-30 15:16:51'),(79860,'798 FK','Exc. Fin. - Interest','2023-03-30 15:16:51'),(79865,'798 FM','Exc. Fin. - Cancellation of arrears','2023-03-30 15:16:51'),(79870,'798 FN','Exc. Fin. - Principal','2023-03-30 15:16:51'),(79875,'798 FO','Exc. Fin. - Interest','2023-03-30 15:16:51'),(79880,'798 Z','Other','2023-03-30 15:16:51'),(80610,'806 S','5.4.2.1 Equities','2023-03-30 15:16:51'),(80620,'806 T','5.4.2.2 Bonds and notes','2023-03-30 15:16:51'),(80630,'806 U','5.4.2.3 Money market instruments','2023-03-30 15:16:51'),(80810,'808 A','5.4.1.1 With monetary authorities','2023-03-30 15:16:51'),(80820,'808 B','5.4.1.2 With banks','2023-03-30 15:16:51'),(81440,'814 A','5.5 Financial derivatives, net','2023-03-30 15:16:51');
/*!40000 ALTER TABLE `balanceOfPayments` ENABLE KEYS */;
UNLOCK TABLES;

--
-- Table structure for table `bulkProcessingState`
--

DROP TABLE IF EXISTS `bulkProcessingState`;
/*!40101 SET @saved_cs_client     = @@character_set_client */;
/*!50503 SET character_set_client = utf8mb4 */;
CREATE TABLE `bulkProcessingState` (
  `bulkProcessingStateId` int unsigned NOT NULL AUTO_INCREMENT,
  `name` varchar(50) NOT NULL,
  `description` varchar(512) DEFAULT NULL,
  `isActive` tinyint(1) NOT NULL DEFAULT '1',
  `createdDate` datetime NOT NULL DEFAULT CURRENT_TIMESTAMP,
  PRIMARY KEY (`bulkProcessingStateId`),
  UNIQUE KEY `bulkprocessingstate_name_unique` (`name`)
) ENGINE=InnoDB AUTO_INCREMENT=12 DEFAULT CHARSET=utf8mb3;
/*!40101 SET character_set_client = @saved_cs_client */;

--
-- Dumping data for table `bulkProcessingState`
--

LOCK TABLES `bulkProcessingState` WRITE;
/*!40000 ALTER TABLE `bulkProcessingState` DISABLE KEYS */;
INSERT INTO `bulkProcessingState` VALUES (1,'RECEIVED','The switch has received the individual transfer ids part of the bulk transfer',1,'2023-03-30 15:16:51'),(2,'RECEIVED_DUPLICATE','The switch has matched individual transfer as duplicate',1,'2023-03-30 15:16:51'),(3,'RECEIVED_INVALID','The switch has matched individual transfer as invalid within Prepare or Position Handler',1,'2023-03-30 15:16:51'),(4,'ACCEPTED','The switch has reserved the funds for the transfers in the bulk',1,'2023-03-30 15:16:51'),(5,'PROCESSING','Fulfilment request has been received for the individual transfer',1,'2023-03-30 15:16:51'),(6,'FULFIL_DUPLICATE','The switch has matched individual transfer fulfil as duplicate',1,'2023-03-30 15:16:51'),(7,'FULFIL_INVALID','The switch has matched individual transfer fulfilment as invalid within Fulfil or Position Handler',1,'2023-03-30 15:16:51'),(8,'COMPLETED','The switch has marked the individual transfer as committed',1,'2023-03-30 15:16:51'),(9,'REJECTED','The switch has marked the individual transfer as rejected',1,'2023-03-30 15:16:51'),(10,'EXPIRED','The switch has marked the individual transfer as timed out',1,'2023-03-30 15:16:51'),(11,'ABORTING','The switch has marked the individual transfer as aborting due to failed validation',1,'2023-03-30 15:16:51');
/*!40000 ALTER TABLE `bulkProcessingState` ENABLE KEYS */;
UNLOCK TABLES;

--
-- Table structure for table `bulkTransfer`
--

DROP TABLE IF EXISTS `bulkTransfer`;
/*!40101 SET @saved_cs_client     = @@character_set_client */;
/*!50503 SET character_set_client = utf8mb4 */;
CREATE TABLE `bulkTransfer` (
  `bulkTransferId` varchar(36) NOT NULL,
  `bulkQuoteId` varchar(36) DEFAULT NULL,
  `payerParticipantId` int unsigned DEFAULT NULL,
  `payeeParticipantId` int unsigned DEFAULT NULL,
  `expirationDate` datetime NOT NULL,
  `createdDate` datetime NOT NULL DEFAULT CURRENT_TIMESTAMP,
  PRIMARY KEY (`bulkTransferId`),
  KEY `bulktransfer_payerparticipantid_index` (`payerParticipantId`),
  KEY `bulktransfer_payeeparticipantid_index` (`payeeParticipantId`),
  CONSTRAINT `bulktransfer_bulktransferid_foreign` FOREIGN KEY (`bulkTransferId`) REFERENCES `bulkTransferDuplicateCheck` (`bulkTransferId`),
  CONSTRAINT `bulktransfer_payeeparticipantid_foreign` FOREIGN KEY (`payeeParticipantId`) REFERENCES `participant` (`participantId`),
  CONSTRAINT `bulktransfer_payerparticipantid_foreign` FOREIGN KEY (`payerParticipantId`) REFERENCES `participant` (`participantId`)
) ENGINE=InnoDB DEFAULT CHARSET=utf8mb3;
/*!40101 SET character_set_client = @saved_cs_client */;

--
-- Dumping data for table `bulkTransfer`
--

LOCK TABLES `bulkTransfer` WRITE;
/*!40000 ALTER TABLE `bulkTransfer` DISABLE KEYS */;
INSERT INTO `bulkTransfer` VALUES ('08d890b9-5d97-4bb9-aa3b-c00bde1e4331','fa79d95c-4e2b-4581-8292-e9966b249243',7,3,'2023-03-31 15:40:14','2023-03-30 15:40:14'),('11820d18-2254-4f15-912f-c674e6009bae','443be565-7693-4bf5-983c-e34383aeac59',7,NULL,'2023-03-31 15:40:15','2023-03-30 15:40:14'),('1416d64a-105f-49b4-8d4f-4655a7dfbdf2','1416d64a-105f-49b4-8d4f-4655a7dfbdf2',15,16,'2023-03-30 15:47:23','2023-03-30 15:46:22'),('142d2c59-5413-4f99-b619-328859e7dbbe','142d2c59-5413-4f99-b619-328859e7dbbe',15,16,'2023-03-30 15:45:09','2023-03-30 15:44:09'),('1f5e6c8e-5664-4cbb-93d1-8e2fa88b0a65','e6255b33-59c3-4c1d-981e-cbd1d92a4269',7,3,'2023-03-31 15:40:14','2023-03-30 15:40:14'),('36357425-cec3-42aa-8874-58d329ad8daa','36357425-cec3-42aa-8874-58d329ad8daa',15,17,'2023-03-30 15:45:14','2023-03-30 15:44:13'),('397d92dd-398e-4173-8740-173e80ea211e','397d92dd-398e-4173-8740-173e80ea211e',15,17,'2023-03-30 15:47:23','2023-03-30 15:46:22'),('39a9d9a8-ff54-4481-8109-8b3a7f342de9','60722ef7-fc3a-416b-843e-9bd0f6b721f6',NULL,NULL,'2023-03-31 15:40:45','2023-03-30 15:40:45'),('3e22aa13-efa0-467c-82b9-941d9d7396f3','3e22aa13-efa0-467c-82b9-941d9d7396f3',15,17,'2023-03-30 15:45:17','2023-03-30 15:44:16'),('49564a99-1b97-40ca-a9c6-b7bd8cbbdf6c','0b41696a-dfe9-45dc-8b0d-ea6ea797e96f',7,3,'2023-03-31 15:40:25','2023-03-30 15:40:24'),('592fa581-553a-4ef6-8bdf-b4ab763aaf1e','e3fafccb-f7ee-4502-bf23-e8d0c4f935ce',7,NULL,'2023-03-31 15:40:35','2023-03-30 15:40:35'),('5d625a47-ec6d-4877-81d9-76c9811c0622','fc9e3439-bc2f-486d-b016-ccba874651e2',7,3,'2023-03-31 15:41:06','2023-03-30 15:41:05'),('681f8f95-9f24-46cb-b7ad-9501533191c4','681f8f95-9f24-46cb-b7ad-9501533191c4',15,16,'2023-03-30 15:45:12','2023-03-30 15:44:12'),('6d26aec7-4611-4773-9080-e9a5da4c700e','6d26aec7-4611-4773-9080-e9a5da4c700e',15,17,'2023-03-30 15:45:09','2023-03-30 15:44:09'),('7604fa82-6764-444f-826c-e5c0a6e5cf74','23c12962-65f4-44d9-95e6-e5a5202594bd',7,3,'2023-03-31 15:39:54','2023-03-30 15:39:53'),('7d8f93eb-0bec-413a-8d56-e19ac99805fc','7d8f93eb-0bec-413a-8d56-e19ac99805fc',15,16,'2023-03-30 15:47:01','2023-03-30 15:46:00'),('920cd31d-4020-438a-8ff5-504e5516870d','ee5e5896-a94d-4457-94a7-e40f803a8e27',7,3,'2023-03-31 15:39:48','2023-03-30 15:39:47'),('959d2e24-2a6b-4d8d-8e10-6d31d99acfb5','d0e1333f-f018-46be-8a20-980e98342053',7,3,'2023-03-31 15:39:49','2023-03-30 15:39:49'),('95ae48e7-f20e-4dfb-b5e8-dbdc8f8628af','2213a21a-a564-4128-b81f-d5e3c55346aa',7,3,'2023-03-31 15:39:48','2023-03-30 15:39:48'),('9e6c20bf-1c24-4326-a8db-3b7a9706a118','9e6c20bf-1c24-4326-a8db-3b7a9706a118',15,16,'2023-03-30 15:47:02','2023-03-30 15:46:01'),('ac38c83a-ae5f-45c2-b769-bc1e3b3de0d5','ac38c83a-ae5f-45c2-b769-bc1e3b3de0d5',15,16,'2023-03-30 15:45:14','2023-03-30 15:44:14'),('ad8043c2-dd72-497b-a5da-dee9aafe6fea','f6262820-128d-4513-af80-d1fc9df86283',7,4,'2023-03-31 15:41:17','2023-03-30 15:41:16'),('b1f896b1-32c1-4f91-9a8e-c040502983fb','9bdd0c63-c32a-4e4a-b66b-8745f7e42ca1',7,4,'2023-03-30 15:41:31','2023-03-30 15:41:29'),('b9a2d794-aa19-4992-981c-74b67d4e6d2f','829e0472-2fe2-4742-8eed-b610cb9b2aeb',7,3,'2023-03-31 15:39:46','2023-03-30 15:39:46'),('c2babf84-8289-4894-8d50-b54a56b98452','dddd2b56-19dd-4087-b221-c5384c0dad6b',7,3,'2023-03-31 15:39:53','2023-03-30 15:39:52'),('d45850d3-d04b-4eee-9481-1d2cc76c11da','d45850d3-d04b-4eee-9481-1d2cc76c11da',15,16,'2023-03-30 15:47:22','2023-03-30 15:46:21'),('e4b1b135-51cc-41c9-a328-3840803fb2b4','e4b1b135-51cc-41c9-a328-3840803fb2b4',15,17,'2023-03-30 15:45:12','2023-03-30 15:44:12'),('e5ee30a1-fc37-4af5-99a0-5f9f9f28cb5b','f741f49d-0336-4205-b66a-4ecf78ed8dd0',7,4,'2023-03-30 15:41:58','2023-03-30 15:41:56'),('ea45178f-bcb7-4077-a616-5715f14a16ab','ea45178f-bcb7-4077-a616-5715f14a16ab',15,16,'2023-03-30 15:45:17','2023-03-30 15:44:16'),('ec10481e-0917-4d44-b006-3e5fd563c64b','a6b7a66c-d3ca-4b1d-9524-23565ed818a9',7,NULL,'2023-03-31 15:40:55','2023-03-30 15:40:55'),('ef32617b-7022-4352-a280-9b791dbd4808','3340e73e-ce62-4c3a-a48c-a54002fa230d',7,4,'2023-03-31 15:39:50','2023-03-30 15:39:50'),('f142d3aa-4fc1-4914-8866-6f12e285a703','f142d3aa-4fc1-4914-8866-6f12e285a703',15,17,'2023-03-30 15:47:22','2023-03-30 15:46:22');
/*!40000 ALTER TABLE `bulkTransfer` ENABLE KEYS */;
UNLOCK TABLES;

--
-- Table structure for table `bulkTransferAssociation`
--

DROP TABLE IF EXISTS `bulkTransferAssociation`;
/*!40101 SET @saved_cs_client     = @@character_set_client */;
/*!50503 SET character_set_client = utf8mb4 */;
CREATE TABLE `bulkTransferAssociation` (
  `bulkTransferAssociationId` bigint unsigned NOT NULL AUTO_INCREMENT,
  `transferId` varchar(36) NOT NULL,
  `bulkTransferId` varchar(36) NOT NULL,
  `createdDate` datetime NOT NULL DEFAULT CURRENT_TIMESTAMP,
  `bulkProcessingStateId` int unsigned NOT NULL,
  `lastProcessedDate` datetime NOT NULL DEFAULT CURRENT_TIMESTAMP,
  `errorCode` int unsigned DEFAULT NULL,
  `errorDescription` varchar(128) DEFAULT NULL,
  PRIMARY KEY (`bulkTransferAssociationId`),
  UNIQUE KEY `bulktransferassociation_transferid_bulktransferid_unique` (`transferId`,`bulkTransferId`),
  KEY `bulktransferassociation_bulktransferid_foreign` (`bulkTransferId`),
  KEY `bulktransferassociation_bulkprocessingstateid_foreign` (`bulkProcessingStateId`),
  CONSTRAINT `bulktransferassociation_bulkprocessingstateid_foreign` FOREIGN KEY (`bulkProcessingStateId`) REFERENCES `bulkProcessingState` (`bulkProcessingStateId`),
  CONSTRAINT `bulktransferassociation_bulktransferid_foreign` FOREIGN KEY (`bulkTransferId`) REFERENCES `bulkTransfer` (`bulkTransferId`)
) ENGINE=InnoDB AUTO_INCREMENT=69 DEFAULT CHARSET=utf8mb3;
/*!40101 SET character_set_client = @saved_cs_client */;

--
-- Dumping data for table `bulkTransferAssociation`
--

LOCK TABLES `bulkTransferAssociation` WRITE;
/*!40000 ALTER TABLE `bulkTransferAssociation` DISABLE KEYS */;
INSERT INTO `bulkTransferAssociation` VALUES (1,'17bb9609-9b76-46fc-a04e-7439208be1a5','b9a2d794-aa19-4992-981c-74b67d4e6d2f','2023-03-30 15:39:46',8,'2023-03-30 15:39:47',NULL,NULL),(2,'9828a375-633b-4b19-aac9-1b3add577a3c','b9a2d794-aa19-4992-981c-74b67d4e6d2f','2023-03-30 15:39:46',8,'2023-03-30 15:39:47',NULL,NULL),(3,'2a927a8a-760f-44bf-a718-9edf1cc29e97','920cd31d-4020-438a-8ff5-504e5516870d','2023-03-30 15:39:47',8,'2023-03-30 15:39:48',NULL,NULL),(4,'774eb290-7f66-449d-8373-a7c324dc672c','920cd31d-4020-438a-8ff5-504e5516870d','2023-03-30 15:39:47',8,'2023-03-30 15:39:48',NULL,NULL),(5,'8d381525-4fcd-48b7-b5b9-0b0535f5ec2a','95ae48e7-f20e-4dfb-b5e8-dbdc8f8628af','2023-03-30 15:39:48',8,'2023-03-30 15:39:49',NULL,NULL),(6,'9d033cde-1c26-4dd7-88d9-297162236910','95ae48e7-f20e-4dfb-b5e8-dbdc8f8628af','2023-03-30 15:39:48',8,'2023-03-30 15:39:49',NULL,NULL),(7,'146fc31c-a58d-4db0-b8e8-22397042a0d6','959d2e24-2a6b-4d8d-8e10-6d31d99acfb5','2023-03-30 15:39:49',8,'2023-03-30 15:39:50',NULL,NULL),(8,'54d6a51d-c335-4f28-8e3e-d27dcf417b5e','959d2e24-2a6b-4d8d-8e10-6d31d99acfb5','2023-03-30 15:39:49',8,'2023-03-30 15:39:50',NULL,NULL),(9,'c3af2351-692a-437f-97f8-8c5bc6bef5bd','ef32617b-7022-4352-a280-9b791dbd4808','2023-03-30 15:39:50',9,'2023-03-30 15:39:51',5100,'An error occured'),(10,'0037e13f-8b29-49d6-b1d0-5f14e0ae153e','ef32617b-7022-4352-a280-9b791dbd4808','2023-03-30 15:39:50',9,'2023-03-30 15:39:51',5100,'An error occured'),(11,'9c3e87e0-b766-4ed6-865c-7f5e0bbecc96','c2babf84-8289-4894-8d50-b54a56b98452','2023-03-30 15:39:52',3,'2023-03-30 15:39:53',3100,'Generic validation error - Participant testingtoolkitdfsp AED account not found'),(12,'75cb1b78-a0b1-436a-b86e-d74405826220','c2babf84-8289-4894-8d50-b54a56b98452','2023-03-30 15:39:52',8,'2023-03-30 15:39:53',NULL,NULL),(13,'f467ac79-511e-4f70-9ee9-e878bdce36c5','7604fa82-6764-444f-826c-e5c0a6e5cf74','2023-03-30 15:39:53',8,'2023-03-30 15:39:54',NULL,NULL),(14,'e2b8ee72-32bb-4317-826a-d1b3b376795e','7604fa82-6764-444f-826c-e5c0a6e5cf74','2023-03-30 15:39:53',8,'2023-03-30 15:39:54',NULL,NULL),(15,'ca1caa09-db32-4ff0-8d2c-9b5557c22a40','1f5e6c8e-5664-4cbb-93d1-8e2fa88b0a65','2023-03-30 15:40:14',8,'2023-03-30 15:40:14',NULL,NULL),(16,'d37b748a-988e-42af-92e0-8af93d355191','1f5e6c8e-5664-4cbb-93d1-8e2fa88b0a65','2023-03-30 15:40:14',8,'2023-03-30 15:40:14',NULL,NULL),(17,'5a362d31-b7e1-4a7d-9996-697238f06337','08d890b9-5d97-4bb9-aa3b-c00bde1e4331','2023-03-30 15:40:14',8,'2023-03-30 15:40:15',NULL,NULL),(18,'960b9b0f-d05d-48f3-97e2-02d9002a8033','08d890b9-5d97-4bb9-aa3b-c00bde1e4331','2023-03-30 15:40:14',8,'2023-03-30 15:40:15',NULL,NULL),(19,'2307f67a-2348-4751-b72f-de04f4014dc3','ad8043c2-dd72-497b-a5da-dee9aafe6fea','2023-03-30 15:41:16',7,'2023-03-30 15:41:17',3100,'Generic validation error - Bulk fulfil failed validation - completedTimestamp fails because future timestamp was provided'),(20,'cde993c4-9987-4095-a264-cf9e85b60a2a','ad8043c2-dd72-497b-a5da-dee9aafe6fea','2023-03-30 15:41:16',7,'2023-03-30 15:41:17',3100,'Generic validation error - Bulk fulfil failed validation - completedTimestamp fails because future timestamp was provided'),(21,'e2562020-604e-46d9-8078-f563d0f7e71a','b1f896b1-32c1-4f91-9a8e-c040502983fb','2023-03-30 15:41:29',10,'2023-03-30 15:41:45',3303,'Transfer expired'),(22,'7c76a08f-2bf5-4f0b-8f64-21da732e4495','b1f896b1-32c1-4f91-9a8e-c040502983fb','2023-03-30 15:41:29',10,'2023-03-30 15:41:45',3303,'Transfer expired'),(23,'1febadf5-4b4c-4658-ae36-4b975692957d','e5ee30a1-fc37-4af5-99a0-5f9f9f28cb5b','2023-03-30 15:41:56',10,'2023-03-30 15:42:00',3303,'Transfer expired'),(24,'6efc8f7c-b755-43ac-9f4f-fe515b318607','e5ee30a1-fc37-4af5-99a0-5f9f9f28cb5b','2023-03-30 15:41:56',10,'2023-03-30 15:42:00',3303,'Transfer expired'),(25,'2bd9865e-e9b0-4197-90e9-f2e08af39f44','142d2c59-5413-4f99-b619-328859e7dbbe','2023-03-30 15:44:09',8,'2023-03-30 15:44:10',NULL,NULL),(26,'cfbceb98-9839-4b1d-b674-7831b1a263cc','142d2c59-5413-4f99-b619-328859e7dbbe','2023-03-30 15:44:09',8,'2023-03-30 15:44:10',NULL,NULL),(27,'892a613d-e5a2-41df-ba53-3837e0fa6778','142d2c59-5413-4f99-b619-328859e7dbbe','2023-03-30 15:44:09',8,'2023-03-30 15:44:10',NULL,NULL),(28,'59b9605b-36c1-41c1-8db2-6fa7fd4e07ad','142d2c59-5413-4f99-b619-328859e7dbbe','2023-03-30 15:44:09',8,'2023-03-30 15:44:10',NULL,NULL),(29,'73600c2a-177c-4c2f-b3cc-192ae0c5ebac','142d2c59-5413-4f99-b619-328859e7dbbe','2023-03-30 15:44:09',8,'2023-03-30 15:44:10',NULL,NULL),(30,'c53a13ae-ed33-4db9-8ab7-ef3717d81674','6d26aec7-4611-4773-9080-e9a5da4c700e','2023-03-30 15:44:09',8,'2023-03-30 15:44:10',NULL,NULL),(31,'c73f12f7-7304-40ad-a4dd-f9305d33c225','6d26aec7-4611-4773-9080-e9a5da4c700e','2023-03-30 15:44:09',8,'2023-03-30 15:44:10',NULL,NULL),(32,'0b89b060-45dd-471e-9725-0e7423e7f5ec','6d26aec7-4611-4773-9080-e9a5da4c700e','2023-03-30 15:44:09',8,'2023-03-30 15:44:10',NULL,NULL),(33,'ce4c160a-0fb1-4c80-acbf-d0abf2194aab','6d26aec7-4611-4773-9080-e9a5da4c700e','2023-03-30 15:44:09',8,'2023-03-30 15:44:10',NULL,NULL),(34,'f9313692-0a0a-4af9-b110-27bee667a084','6d26aec7-4611-4773-9080-e9a5da4c700e','2023-03-30 15:44:09',8,'2023-03-30 15:44:10',NULL,NULL),(35,'a01f0624-00f2-4052-88aa-c358853b2472','e4b1b135-51cc-41c9-a328-3840803fb2b4','2023-03-30 15:44:12',8,'2023-03-30 15:44:13',NULL,NULL),(36,'f9c7ee57-382b-4529-992f-80521cbaddaa','e4b1b135-51cc-41c9-a328-3840803fb2b4','2023-03-30 15:44:12',8,'2023-03-30 15:44:13',NULL,NULL),(37,'f61f3548-8364-45fa-8c49-860f07d71c75','e4b1b135-51cc-41c9-a328-3840803fb2b4','2023-03-30 15:44:12',8,'2023-03-30 15:44:13',NULL,NULL),(38,'7c1168a5-a75e-4220-9a3f-b211f9b9fdef','e4b1b135-51cc-41c9-a328-3840803fb2b4','2023-03-30 15:44:12',8,'2023-03-30 15:44:13',NULL,NULL),(39,'ff56ee02-f293-44c8-b7b9-14eeb4be08ac','e4b1b135-51cc-41c9-a328-3840803fb2b4','2023-03-30 15:44:12',8,'2023-03-30 15:44:13',NULL,NULL),(40,'0c6d1f94-515e-45a2-b340-3e02ce0017d8','681f8f95-9f24-46cb-b7ad-9501533191c4','2023-03-30 15:44:12',8,'2023-03-30 15:44:13',NULL,NULL),(41,'d0d041bf-a909-4edb-9557-96fa705e8236','681f8f95-9f24-46cb-b7ad-9501533191c4','2023-03-30 15:44:12',8,'2023-03-30 15:44:13',NULL,NULL),(42,'08ec4e1e-37fb-45bc-8db5-213944faffe4','681f8f95-9f24-46cb-b7ad-9501533191c4','2023-03-30 15:44:12',8,'2023-03-30 15:44:13',NULL,NULL),(43,'b9c8f3fe-1246-4c67-8bdb-83c54ef7819e','681f8f95-9f24-46cb-b7ad-9501533191c4','2023-03-30 15:44:12',8,'2023-03-30 15:44:13',NULL,NULL),(44,'3d5ddf3e-e703-466a-a4c2-32635f42ab61','681f8f95-9f24-46cb-b7ad-9501533191c4','2023-03-30 15:44:12',8,'2023-03-30 15:44:13',NULL,NULL),(45,'5b218178-f76a-4a4b-ab81-8ee69ff50ac1','36357425-cec3-42aa-8874-58d329ad8daa','2023-03-30 15:44:14',8,'2023-03-30 15:44:14',NULL,NULL),(46,'60314569-070f-4936-9be0-946e578edf00','36357425-cec3-42aa-8874-58d329ad8daa','2023-03-30 15:44:14',8,'2023-03-30 15:44:14',NULL,NULL),(47,'f4571830-1cf3-4d89-937a-f465956ede39','ac38c83a-ae5f-45c2-b769-bc1e3b3de0d5','2023-03-30 15:44:14',8,'2023-03-30 15:44:14',NULL,NULL),(48,'94b4e893-a4d9-4e58-843f-0e278ceeeacd','ac38c83a-ae5f-45c2-b769-bc1e3b3de0d5','2023-03-30 15:44:14',8,'2023-03-30 15:44:14',NULL,NULL),(49,'d06c6752-b829-4c2a-989b-6f96956c413e','3e22aa13-efa0-467c-82b9-941d9d7396f3','2023-03-30 15:44:16',8,'2023-03-30 15:44:17',NULL,NULL),(50,'2af9dfd1-220f-4d5f-9b1a-1ad3fa545a11','3e22aa13-efa0-467c-82b9-941d9d7396f3','2023-03-30 15:44:16',8,'2023-03-30 15:44:17',NULL,NULL),(51,'5e927a09-8a11-4405-ac05-05549d9c80d9','3e22aa13-efa0-467c-82b9-941d9d7396f3','2023-03-30 15:44:16',8,'2023-03-30 15:44:17',NULL,NULL),(52,'58e5fba7-b782-4f5f-b6f5-03dc7dff8f00','3e22aa13-efa0-467c-82b9-941d9d7396f3','2023-03-30 15:44:16',8,'2023-03-30 15:44:17',NULL,NULL),(53,'3f3e5771-7ba3-46cb-864c-a30dfbc01b6a','3e22aa13-efa0-467c-82b9-941d9d7396f3','2023-03-30 15:44:16',8,'2023-03-30 15:44:17',NULL,NULL),(54,'f3d919ad-d5a5-4c9c-b677-bb6317cd7ca3','ea45178f-bcb7-4077-a616-5715f14a16ab','2023-03-30 15:44:16',8,'2023-03-30 15:44:17',NULL,NULL),(55,'8863e181-053b-433c-87f3-d33bb35cfec5','ea45178f-bcb7-4077-a616-5715f14a16ab','2023-03-30 15:44:16',8,'2023-03-30 15:44:17',NULL,NULL),(56,'af754401-2a9d-436a-8a26-6e03bbc17eac','ea45178f-bcb7-4077-a616-5715f14a16ab','2023-03-30 15:44:16',8,'2023-03-30 15:44:17',NULL,NULL),(57,'8dae85fa-f4a4-4534-9206-b20e61d64e73','ea45178f-bcb7-4077-a616-5715f14a16ab','2023-03-30 15:44:16',8,'2023-03-30 15:44:17',NULL,NULL),(58,'e26748cc-8c28-45c8-a367-d4de14f152af','ea45178f-bcb7-4077-a616-5715f14a16ab','2023-03-30 15:44:16',8,'2023-03-30 15:44:18',NULL,NULL),(59,'36515a29-750f-4a4e-bf2c-fd4bf5972919','7d8f93eb-0bec-413a-8d56-e19ac99805fc','2023-03-30 15:46:00',9,'2023-03-30 15:46:01',4001,'Cannot process the bulk transfer'),(60,'082b4fe3-af25-40d7-893b-ccde5a81fb4d','7d8f93eb-0bec-413a-8d56-e19ac99805fc','2023-03-30 15:46:00',9,'2023-03-30 15:46:01',4001,'Cannot process the bulk transfer'),(61,'2a62193d-9195-4d71-beb1-abd49d1bd252','9e6c20bf-1c24-4326-a8db-3b7a9706a118','2023-03-30 15:46:01',10,'2023-03-30 15:47:15',3303,'Transfer expired'),(62,'45db99ac-4e83-4500-8e5c-3e3c0c92ec55','9e6c20bf-1c24-4326-a8db-3b7a9706a118','2023-03-30 15:46:01',10,'2023-03-30 15:47:15',3303,'Transfer expired'),(63,'e0c20f96-897c-409a-9a17-92d0403b855b','d45850d3-d04b-4eee-9481-1d2cc76c11da','2023-03-30 15:46:21',8,'2023-03-30 15:46:22',NULL,NULL),(64,'829d07f3-7785-4052-958e-44c53564d423','f142d3aa-4fc1-4914-8866-6f12e285a703','2023-03-30 15:46:22',9,'2023-03-30 15:46:22',4001,'Cannot process the bulk transfer'),(65,'6331d0a3-1560-4013-b612-88288a9692fa','f142d3aa-4fc1-4914-8866-6f12e285a703','2023-03-30 15:46:22',9,'2023-03-30 15:46:22',4001,'Cannot process the bulk transfer'),(66,'5327fb39-5b70-4108-bd19-2004d647c70b','1416d64a-105f-49b4-8d4f-4655a7dfbdf2','2023-03-30 15:46:22',8,'2023-03-30 15:46:23',NULL,NULL),(67,'39623591-6ac8-49d5-bc3e-c96c399832f4','397d92dd-398e-4173-8740-173e80ea211e','2023-03-30 15:46:22',10,'2023-03-30 15:47:30',3303,'Transfer expired'),(68,'ec3031e6-cfc4-49e9-80f9-d905700341a9','397d92dd-398e-4173-8740-173e80ea211e','2023-03-30 15:46:22',10,'2023-03-30 15:47:30',3303,'Transfer expired');
/*!40000 ALTER TABLE `bulkTransferAssociation` ENABLE KEYS */;
UNLOCK TABLES;

--
-- Table structure for table `bulkTransferDuplicateCheck`
--

DROP TABLE IF EXISTS `bulkTransferDuplicateCheck`;
/*!40101 SET @saved_cs_client     = @@character_set_client */;
/*!50503 SET character_set_client = utf8mb4 */;
CREATE TABLE `bulkTransferDuplicateCheck` (
  `bulkTransferId` varchar(36) NOT NULL,
  `hash` varchar(256) NOT NULL,
  `createdDate` datetime NOT NULL DEFAULT CURRENT_TIMESTAMP,
  PRIMARY KEY (`bulkTransferId`)
) ENGINE=InnoDB DEFAULT CHARSET=utf8mb3;
/*!40101 SET character_set_client = @saved_cs_client */;

--
-- Dumping data for table `bulkTransferDuplicateCheck`
--

LOCK TABLES `bulkTransferDuplicateCheck` WRITE;
/*!40000 ALTER TABLE `bulkTransferDuplicateCheck` DISABLE KEYS */;
INSERT INTO `bulkTransferDuplicateCheck` VALUES ('08d890b9-5d97-4bb9-aa3b-c00bde1e4331','8AQtpv5HTRL/zsC+k/73eejixQHvRp1xLBOnF1nTdIY','2023-03-30 15:40:14'),('11820d18-2254-4f15-912f-c674e6009bae','DD4SVzJ+U32A6o5qfof9WgbotKIRgim6mN4IUwDN350','2023-03-30 15:40:14'),('1416d64a-105f-49b4-8d4f-4655a7dfbdf2','tCgaobpszDybFN85XdIbexxXB5kfv9s+lrBk9BvscRc','2023-03-30 15:46:22'),('142d2c59-5413-4f99-b619-328859e7dbbe','lEvm+/8bTE2AxYr7aAwPafKO/5J/OUCc5VbR0Poy6pY','2023-03-30 15:44:09'),('1f5e6c8e-5664-4cbb-93d1-8e2fa88b0a65','pafd9SCcRBh7LEeORcvTSa5otE/SXngswP8y+8gXvfE','2023-03-30 15:40:14'),('36357425-cec3-42aa-8874-58d329ad8daa','XCpMXfNE6IEQaI5+R0ee+n2hUCk6cyJIRu9ktWe3edQ','2023-03-30 15:44:13'),('397d92dd-398e-4173-8740-173e80ea211e','wNeDOQMaIu2TiqJsOlvE07ynnkFudAdjl0eBrHPH9sA','2023-03-30 15:46:22'),('39a9d9a8-ff54-4481-8109-8b3a7f342de9','cjKG8cGanuXtzdPsWbCr5q6w4aVSU7Up0aHzYnMkX9w','2023-03-30 15:40:45'),('3e22aa13-efa0-467c-82b9-941d9d7396f3','CKGzkakjN4hRaOcVJPx6eszv2pF1W4F55dJHzOQ14JM','2023-03-30 15:44:16'),('49564a99-1b97-40ca-a9c6-b7bd8cbbdf6c','KBxisFmmPBgAU9Lgryxo0kjU9DufcPg8JnOPY9zL2gM','2023-03-30 15:40:24'),('592fa581-553a-4ef6-8bdf-b4ab763aaf1e','cnuk76RqKLLcNbdeIcXcVqqUcVXHj1nGWmbfDfXhecI','2023-03-30 15:40:35'),('5d625a47-ec6d-4877-81d9-76c9811c0622','Ahxrcl52CNHx4/OG2aapTzLj/lDK3lImeX7aZtUu9dU','2023-03-30 15:41:05'),('681f8f95-9f24-46cb-b7ad-9501533191c4','+vQ5OM90dNrkVeC1gBOZ8gRBelZWS2vT0fFFoU/rKb0','2023-03-30 15:44:12'),('6d26aec7-4611-4773-9080-e9a5da4c700e','QpinQ2hHtSKV2or4/y4jLOPtbhXx9aDGY852YOnBctQ','2023-03-30 15:44:09'),('7604fa82-6764-444f-826c-e5c0a6e5cf74','OfKjIfeY8jWP6juF0qfxTfOioqVR+4byxmt2ZBIluHk','2023-03-30 15:39:53'),('7d8f93eb-0bec-413a-8d56-e19ac99805fc','trsQAQayuLKGPknBXl4jfZJxhUtkV9p917aMTlzltFo','2023-03-30 15:46:00'),('920cd31d-4020-438a-8ff5-504e5516870d','1IxjY2cLhr76m67K698t/hwMGzjdpZizWWnmK6wXHLQ','2023-03-30 15:39:47'),('959d2e24-2a6b-4d8d-8e10-6d31d99acfb5','C3SUdJ4AVobxnqfOy+RS8uBXkSoyi2qEG3+yboby9M8','2023-03-30 15:39:49'),('95ae48e7-f20e-4dfb-b5e8-dbdc8f8628af','PpxZHpYPyWKq/LjcpqS5496GmgnVIfvvd89jDY1zzuY','2023-03-30 15:39:48'),('9e6c20bf-1c24-4326-a8db-3b7a9706a118','x6KoOVoGtSpT3KDLC/ClP9lFr8HUZPprMjAT3IGQLgQ','2023-03-30 15:46:01'),('ac38c83a-ae5f-45c2-b769-bc1e3b3de0d5','L1oMAdywHK49aIwZx1zJadvp5xKs3BxoQKRbf9fMmso','2023-03-30 15:44:14'),('ad8043c2-dd72-497b-a5da-dee9aafe6fea','3FGbylWfAbVBDUMAHNsV87GYb8IDbbdjVr/iQMzpqhg','2023-03-30 15:41:16'),('b1f896b1-32c1-4f91-9a8e-c040502983fb','CTfzaTBXRIJaRl/5r1eXMik/qKPlLqzvAD5Lo5voTg4','2023-03-30 15:41:28'),('b9a2d794-aa19-4992-981c-74b67d4e6d2f','VblDhzbb/myms6e4JiJoVXMEtOv02ecmjIDE4r1H/rs','2023-03-30 15:39:46'),('c2babf84-8289-4894-8d50-b54a56b98452','mZ/aJh8beG82iNUdAeBSPkViTyjWKEI6b5pHndFsdQ8','2023-03-30 15:39:52'),('d45850d3-d04b-4eee-9481-1d2cc76c11da','rcxFq9647IpssdSjUAW//W8kgn4l+wywjwAwqUUy+o4','2023-03-30 15:46:21'),('e4b1b135-51cc-41c9-a328-3840803fb2b4','AWVKgcu66wZKgWCUx2Zoc/Qw2y/YUhkDiDvwhYOxKNM','2023-03-30 15:44:12'),('e5ee30a1-fc37-4af5-99a0-5f9f9f28cb5b','qREc3WonU828XRJ4L/gxwMw63bU3ogsnOGN1I94Gggg','2023-03-30 15:41:56'),('ea45178f-bcb7-4077-a616-5715f14a16ab','SHCfjimJnKtJOrnPyH274KmfY+doCqMSZkimAUThmoE','2023-03-30 15:44:16'),('ec10481e-0917-4d44-b006-3e5fd563c64b','tR6VBvYTlPCGjcPxA+I3s4/bwiycYApghoego/NJEeE','2023-03-30 15:40:55'),('ef32617b-7022-4352-a280-9b791dbd4808','3rJrJIAKxJlcFdaKlAMueKKHcDUMxQUb1n5vVJM9x4k','2023-03-30 15:39:50'),('f142d3aa-4fc1-4914-8866-6f12e285a703','35sK06VelxZnMF4cKjVw7516RDMACM5xAX+4ZLiOmW0','2023-03-30 15:46:21');
/*!40000 ALTER TABLE `bulkTransferDuplicateCheck` ENABLE KEYS */;
UNLOCK TABLES;

--
-- Table structure for table `bulkTransferError`
--

DROP TABLE IF EXISTS `bulkTransferError`;
/*!40101 SET @saved_cs_client     = @@character_set_client */;
/*!50503 SET character_set_client = utf8mb4 */;
CREATE TABLE `bulkTransferError` (
  `bulkTransferErrorId` bigint unsigned NOT NULL AUTO_INCREMENT,
  `bulkTransferStateChangeId` bigint unsigned NOT NULL,
  `errorCode` int unsigned NOT NULL,
  `errorDescription` varchar(128) NOT NULL,
  `createdDate` datetime NOT NULL DEFAULT CURRENT_TIMESTAMP,
  PRIMARY KEY (`bulkTransferErrorId`),
  KEY `bulktransfererror_bulktransferstatechangeid_index` (`bulkTransferStateChangeId`),
  CONSTRAINT `bulktransfererror_bulktransferstatechangeid_foreign` FOREIGN KEY (`bulkTransferStateChangeId`) REFERENCES `bulkTransferStateChange` (`bulkTransferStateChangeId`)
) ENGINE=InnoDB AUTO_INCREMENT=4 DEFAULT CHARSET=utf8mb3;
/*!40101 SET character_set_client = @saved_cs_client */;

--
-- Dumping data for table `bulkTransferError`
--

LOCK TABLES `bulkTransferError` WRITE;
/*!40000 ALTER TABLE `bulkTransferError` DISABLE KEYS */;
INSERT INTO `bulkTransferError` VALUES (1,28,5100,'An error occured','2023-03-30 15:39:50'),(2,126,4001,'Cannot process the bulk transfer','2023-03-30 15:46:01'),(3,138,4001,'Cannot process the bulk transfer','2023-03-30 15:46:22');
/*!40000 ALTER TABLE `bulkTransferError` ENABLE KEYS */;
UNLOCK TABLES;

--
-- Table structure for table `bulkTransferExtension`
--

DROP TABLE IF EXISTS `bulkTransferExtension`;
/*!40101 SET @saved_cs_client     = @@character_set_client */;
/*!50503 SET character_set_client = utf8mb4 */;
CREATE TABLE `bulkTransferExtension` (
  `bulkTransferExtensionId` bigint unsigned NOT NULL AUTO_INCREMENT,
  `bulkTransferId` varchar(36) NOT NULL,
  `isFulfilment` tinyint(1) NOT NULL DEFAULT '0',
  `key` varchar(128) NOT NULL,
  `value` text NOT NULL,
  `createdDate` datetime NOT NULL DEFAULT CURRENT_TIMESTAMP,
  PRIMARY KEY (`bulkTransferExtensionId`),
  KEY `bulktransferextension_bulktransferid_index` (`bulkTransferId`),
  CONSTRAINT `bulktransferextension_bulktransferid_foreign` FOREIGN KEY (`bulkTransferId`) REFERENCES `bulkTransfer` (`bulkTransferId`)
) ENGINE=InnoDB DEFAULT CHARSET=utf8mb3;
/*!40101 SET character_set_client = @saved_cs_client */;

--
-- Dumping data for table `bulkTransferExtension`
--

LOCK TABLES `bulkTransferExtension` WRITE;
/*!40000 ALTER TABLE `bulkTransferExtension` DISABLE KEYS */;
/*!40000 ALTER TABLE `bulkTransferExtension` ENABLE KEYS */;
UNLOCK TABLES;

--
-- Table structure for table `bulkTransferFulfilment`
--

DROP TABLE IF EXISTS `bulkTransferFulfilment`;
/*!40101 SET @saved_cs_client     = @@character_set_client */;
/*!50503 SET character_set_client = utf8mb4 */;
CREATE TABLE `bulkTransferFulfilment` (
  `bulkTransferId` varchar(36) NOT NULL,
  `completedDate` datetime NOT NULL,
  `createdDate` datetime NOT NULL DEFAULT CURRENT_TIMESTAMP,
  PRIMARY KEY (`bulkTransferId`),
  CONSTRAINT `bulktransferfulfilment_bulktransferid_foreign` FOREIGN KEY (`bulkTransferId`) REFERENCES `bulkTransferFulfilmentDuplicateCheck` (`bulkTransferId`)
) ENGINE=InnoDB DEFAULT CHARSET=utf8mb3;
/*!40101 SET character_set_client = @saved_cs_client */;

--
-- Dumping data for table `bulkTransferFulfilment`
--

LOCK TABLES `bulkTransferFulfilment` WRITE;
/*!40000 ALTER TABLE `bulkTransferFulfilment` DISABLE KEYS */;
INSERT INTO `bulkTransferFulfilment` VALUES ('08d890b9-5d97-4bb9-aa3b-c00bde1e4331','2023-03-30 15:40:15','2023-03-30 15:40:14'),('1416d64a-105f-49b4-8d4f-4655a7dfbdf2','2023-03-30 15:46:23','2023-03-30 15:46:22'),('142d2c59-5413-4f99-b619-328859e7dbbe','2023-03-30 15:44:10','2023-03-30 15:44:09'),('1f5e6c8e-5664-4cbb-93d1-8e2fa88b0a65','2023-03-30 15:40:14','2023-03-30 15:40:14'),('36357425-cec3-42aa-8874-58d329ad8daa','2023-03-30 15:44:14','2023-03-30 15:44:14'),('3e22aa13-efa0-467c-82b9-941d9d7396f3','2023-03-30 15:44:17','2023-03-30 15:44:17'),('681f8f95-9f24-46cb-b7ad-9501533191c4','2023-03-30 15:44:13','2023-03-30 15:44:12'),('6d26aec7-4611-4773-9080-e9a5da4c700e','2023-03-30 15:44:10','2023-03-30 15:44:09'),('7604fa82-6764-444f-826c-e5c0a6e5cf74','2023-03-30 15:39:54','2023-03-30 15:39:53'),('7d8f93eb-0bec-413a-8d56-e19ac99805fc','2023-03-30 15:46:01','2023-03-30 15:46:01'),('920cd31d-4020-438a-8ff5-504e5516870d','2023-03-30 15:39:48','2023-03-30 15:39:47'),('959d2e24-2a6b-4d8d-8e10-6d31d99acfb5','2023-03-30 15:39:50','2023-03-30 15:39:49'),('95ae48e7-f20e-4dfb-b5e8-dbdc8f8628af','2023-03-30 15:39:49','2023-03-30 15:39:48'),('ac38c83a-ae5f-45c2-b769-bc1e3b3de0d5','2023-03-30 15:44:14','2023-03-30 15:44:14'),('ad8043c2-dd72-497b-a5da-dee9aafe6fea','2023-03-30 15:41:27','2023-03-30 15:41:16'),('b9a2d794-aa19-4992-981c-74b67d4e6d2f','2023-03-30 15:39:47','2023-03-30 15:39:46'),('c2babf84-8289-4894-8d50-b54a56b98452','2023-03-30 15:39:53','2023-03-30 15:39:52'),('d45850d3-d04b-4eee-9481-1d2cc76c11da','2023-03-30 15:46:22','2023-03-30 15:46:22'),('e4b1b135-51cc-41c9-a328-3840803fb2b4','2023-03-30 15:44:13','2023-03-30 15:44:12'),('ea45178f-bcb7-4077-a616-5715f14a16ab','2023-03-30 15:44:17','2023-03-30 15:44:17'),('ef32617b-7022-4352-a280-9b791dbd4808','2023-03-30 15:39:51','2023-03-30 15:39:50'),('f142d3aa-4fc1-4914-8866-6f12e285a703','2023-03-30 15:46:22','2023-03-30 15:46:22');
/*!40000 ALTER TABLE `bulkTransferFulfilment` ENABLE KEYS */;
UNLOCK TABLES;

--
-- Table structure for table `bulkTransferFulfilmentDuplicateCheck`
--

DROP TABLE IF EXISTS `bulkTransferFulfilmentDuplicateCheck`;
/*!40101 SET @saved_cs_client     = @@character_set_client */;
/*!50503 SET character_set_client = utf8mb4 */;
CREATE TABLE `bulkTransferFulfilmentDuplicateCheck` (
  `bulkTransferId` varchar(36) NOT NULL,
  `hash` varchar(256) NOT NULL,
  `createdDate` datetime NOT NULL DEFAULT CURRENT_TIMESTAMP,
  PRIMARY KEY (`bulkTransferId`),
  CONSTRAINT `bulktransferfulfilmentduplicatecheck_bulktransferid_foreign` FOREIGN KEY (`bulkTransferId`) REFERENCES `bulkTransfer` (`bulkTransferId`)
) ENGINE=InnoDB DEFAULT CHARSET=utf8mb3;
/*!40101 SET character_set_client = @saved_cs_client */;

--
-- Dumping data for table `bulkTransferFulfilmentDuplicateCheck`
--

LOCK TABLES `bulkTransferFulfilmentDuplicateCheck` WRITE;
/*!40000 ALTER TABLE `bulkTransferFulfilmentDuplicateCheck` DISABLE KEYS */;
INSERT INTO `bulkTransferFulfilmentDuplicateCheck` VALUES ('08d890b9-5d97-4bb9-aa3b-c00bde1e4331','ys8D2MKvxXfMfU4I/atgX4iMsnszc4NTmSqW2g7DQcM','2023-03-30 15:40:14'),('1416d64a-105f-49b4-8d4f-4655a7dfbdf2','GVsuzHJHN7MJF0akQ0f/P3gbvjT4zJb8sOQo6ziKqlg','2023-03-30 15:46:22'),('142d2c59-5413-4f99-b619-328859e7dbbe','ddzgtDiUPUZ3BwSgwikTUVlG2/j7/bDPTZ34nUN+p0k','2023-03-30 15:44:09'),('1f5e6c8e-5664-4cbb-93d1-8e2fa88b0a65','wODMMrP9hcWitlNNiutseT8mYXtHnO65gblOEU7kngc','2023-03-30 15:40:14'),('36357425-cec3-42aa-8874-58d329ad8daa','NhLpE/w6mALnp8OaJoX2JM6SF26I+ltKkbtS/Aj91Tc','2023-03-30 15:44:14'),('3e22aa13-efa0-467c-82b9-941d9d7396f3','pnH1n37qe7AeptTiAu9+zltpTBXTBUtljVtgXJhK6zg','2023-03-30 15:44:17'),('681f8f95-9f24-46cb-b7ad-9501533191c4','lvHtJmDRafJY4MScxVWdSh9B3BDXxAFsCI5Dg/TKnCA','2023-03-30 15:44:12'),('6d26aec7-4611-4773-9080-e9a5da4c700e','vG8uaN2ZQTAKk7HKpEpu0VFFOHTIvYc1sXtjY8OpG/Y','2023-03-30 15:44:09'),('7604fa82-6764-444f-826c-e5c0a6e5cf74','Q6+FbMIDMEKO3Ina7M6vPHFNqWRZhSn9hEuCtXIH6YE','2023-03-30 15:39:53'),('7d8f93eb-0bec-413a-8d56-e19ac99805fc','dHlcpRWQGH1mBcAisIxbcVtbilVhoR4Oz9Aj0T3Y8cM','2023-03-30 15:46:01'),('920cd31d-4020-438a-8ff5-504e5516870d','9cM+SVyaijTuhXyWaT0w25ps1WX4s5yE+HzbR3F2SVo','2023-03-30 15:39:47'),('959d2e24-2a6b-4d8d-8e10-6d31d99acfb5','0+2m9Dfyj+rrK0/MqFIlBqXXsWe63+sdRqan2neGedQ','2023-03-30 15:39:49'),('95ae48e7-f20e-4dfb-b5e8-dbdc8f8628af','iiNW1g5E59KciFbqM9rjGKcKySUUBUEon9cvhzEBmZM','2023-03-30 15:39:48'),('ac38c83a-ae5f-45c2-b769-bc1e3b3de0d5','1EJHZO9KWkMer+IneE8nyC6A1TWdiZ/HGfsftjAjdxc','2023-03-30 15:44:14'),('ad8043c2-dd72-497b-a5da-dee9aafe6fea','T9JBaA3eFTaTbpH4zYzSRHglWQoBuE7sBT3KOCuZilw','2023-03-30 15:41:16'),('b9a2d794-aa19-4992-981c-74b67d4e6d2f','lbLeA0CvgppEyP4wmT1+fY+a4hPJY5hMrcOChGOn4do','2023-03-30 15:39:46'),('c2babf84-8289-4894-8d50-b54a56b98452','758fIFAIFjrycEBPt09BsIfEK895O9Nkc6/KatZ5HsM','2023-03-30 15:39:52'),('d45850d3-d04b-4eee-9481-1d2cc76c11da','tgA+A1paiMBUGdmWeTejOAR6Am2VnIhR12G7UGMzzW4','2023-03-30 15:46:22'),('e4b1b135-51cc-41c9-a328-3840803fb2b4','FxSfGP8G//hUl0OEGqJzZ5XitDhz8sSEkOhifbvNr5Q','2023-03-30 15:44:12'),('e5ee30a1-fc37-4af5-99a0-5f9f9f28cb5b','sVLz5jqiZBoL61U9VT97RMs4u8ZnALjdg4Yo54S5xiQ','2023-03-30 15:42:01'),('ea45178f-bcb7-4077-a616-5715f14a16ab','jRHXvto4+hAR2CqEgX8oQg8FuYU6LYpKBkW0EKmJKd0','2023-03-30 15:44:17'),('ef32617b-7022-4352-a280-9b791dbd4808','Cr0FjMtTjx7EdfGuD/AuX2fTfejjcoJ1ZM1SktcyG2g','2023-03-30 15:39:50'),('f142d3aa-4fc1-4914-8866-6f12e285a703','dHlcpRWQGH1mBcAisIxbcVtbilVhoR4Oz9Aj0T3Y8cM','2023-03-30 15:46:22');
/*!40000 ALTER TABLE `bulkTransferFulfilmentDuplicateCheck` ENABLE KEYS */;
UNLOCK TABLES;

--
-- Table structure for table `bulkTransferState`
--

DROP TABLE IF EXISTS `bulkTransferState`;
/*!40101 SET @saved_cs_client     = @@character_set_client */;
/*!50503 SET character_set_client = utf8mb4 */;
CREATE TABLE `bulkTransferState` (
  `bulkTransferStateId` varchar(50) NOT NULL,
  `enumeration` varchar(50) NOT NULL COMMENT 'bulkTransferState associated to the Mojaloop API',
  `description` varchar(512) DEFAULT NULL,
  `isActive` tinyint(1) NOT NULL DEFAULT '1',
  `createdDate` datetime NOT NULL DEFAULT CURRENT_TIMESTAMP,
  PRIMARY KEY (`bulkTransferStateId`)
) ENGINE=InnoDB DEFAULT CHARSET=utf8mb3;
/*!40101 SET character_set_client = @saved_cs_client */;

--
-- Dumping data for table `bulkTransferState`
--

LOCK TABLES `bulkTransferState` WRITE;
/*!40000 ALTER TABLE `bulkTransferState` DISABLE KEYS */;
INSERT INTO `bulkTransferState` VALUES ('ABORTING','PROCESSING','The switch is attempting to abort all individual transfers',1,'2023-03-30 15:16:51'),('ACCEPTED','ACCEPTED','The switch has reserved the funds for the transfers in the bulk',1,'2023-03-30 15:16:51'),('COMPLETED','COMPLETED','Final state when transfers in the bulk are committed',1,'2023-03-30 15:16:51'),('EXPIRED','COMPLETED','Final state when transfers in the bulk have expired',1,'2023-03-30 15:16:51'),('EXPIRING','PROCESSING','One or more individual transfers from have expired',1,'2023-03-30 15:16:51'),('INVALID','REJECTED','Final state when the switch has completed processing of pending invalid bulk transfer',1,'2023-03-30 15:16:51'),('PENDING_FULFIL','PROCESSING','Fulfilment request has been received by the switch',1,'2023-03-30 15:16:51'),('PENDING_INVALID','PENDING','Validation of received bulk transfer is not successful',1,'2023-03-30 15:16:51'),('PENDING_PREPARE','PENDING','Validation of received bulk transfer is successful',1,'2023-03-30 15:16:51'),('PROCESSING','PROCESSING','Fulfilment request has been received by the switch',1,'2023-03-30 15:16:51'),('RECEIVED','RECEIVED','The switch has received the bulk transfer',1,'2023-03-30 15:16:51'),('REJECTED','REJECTED','Final state when the switch has completed rejection request by the payee',1,'2023-03-30 15:16:51');
/*!40000 ALTER TABLE `bulkTransferState` ENABLE KEYS */;
UNLOCK TABLES;

--
-- Table structure for table `bulkTransferStateChange`
--

DROP TABLE IF EXISTS `bulkTransferStateChange`;
/*!40101 SET @saved_cs_client     = @@character_set_client */;
/*!50503 SET character_set_client = utf8mb4 */;
CREATE TABLE `bulkTransferStateChange` (
  `bulkTransferStateChangeId` bigint unsigned NOT NULL AUTO_INCREMENT,
  `bulkTransferId` varchar(36) NOT NULL,
  `bulkTransferStateId` varchar(50) NOT NULL,
  `reason` varchar(512) DEFAULT NULL,
  `createdDate` datetime NOT NULL DEFAULT CURRENT_TIMESTAMP,
  PRIMARY KEY (`bulkTransferStateChangeId`),
  KEY `bulktransferstatechange_bulktransferid_index` (`bulkTransferId`),
  KEY `bulktransferstatechange_bulktransferstateid_index` (`bulkTransferStateId`),
  CONSTRAINT `bulktransferstatechange_bulktransferid_foreign` FOREIGN KEY (`bulkTransferId`) REFERENCES `bulkTransfer` (`bulkTransferId`),
  CONSTRAINT `bulktransferstatechange_bulktransferstateid_foreign` FOREIGN KEY (`bulkTransferStateId`) REFERENCES `bulkTransferState` (`bulkTransferStateId`)
) ENGINE=InnoDB AUTO_INCREMENT=153 DEFAULT CHARSET=utf8mb3;
/*!40101 SET character_set_client = @saved_cs_client */;

--
-- Dumping data for table `bulkTransferStateChange`
--

LOCK TABLES `bulkTransferStateChange` WRITE;
/*!40000 ALTER TABLE `bulkTransferStateChange` DISABLE KEYS */;
INSERT INTO `bulkTransferStateChange` VALUES (1,'b9a2d794-aa19-4992-981c-74b67d4e6d2f','RECEIVED',NULL,'2023-03-30 15:39:46'),(2,'b9a2d794-aa19-4992-981c-74b67d4e6d2f','PENDING_PREPARE',NULL,'2023-03-30 15:39:46'),(3,'b9a2d794-aa19-4992-981c-74b67d4e6d2f','ACCEPTED',NULL,'2023-03-30 15:39:46'),(4,'b9a2d794-aa19-4992-981c-74b67d4e6d2f','PROCESSING',NULL,'2023-03-30 15:39:46'),(5,'b9a2d794-aa19-4992-981c-74b67d4e6d2f','PENDING_FULFIL',NULL,'2023-03-30 15:39:46'),(6,'b9a2d794-aa19-4992-981c-74b67d4e6d2f','COMPLETED',NULL,'2023-03-30 15:39:47'),(7,'920cd31d-4020-438a-8ff5-504e5516870d','RECEIVED',NULL,'2023-03-30 15:39:47'),(8,'920cd31d-4020-438a-8ff5-504e5516870d','PENDING_PREPARE',NULL,'2023-03-30 15:39:47'),(9,'920cd31d-4020-438a-8ff5-504e5516870d','ACCEPTED',NULL,'2023-03-30 15:39:47'),(10,'920cd31d-4020-438a-8ff5-504e5516870d','PROCESSING',NULL,'2023-03-30 15:39:47'),(11,'920cd31d-4020-438a-8ff5-504e5516870d','PENDING_FULFIL',NULL,'2023-03-30 15:39:47'),(12,'920cd31d-4020-438a-8ff5-504e5516870d','COMPLETED',NULL,'2023-03-30 15:39:47'),(13,'95ae48e7-f20e-4dfb-b5e8-dbdc8f8628af','RECEIVED',NULL,'2023-03-30 15:39:48'),(14,'95ae48e7-f20e-4dfb-b5e8-dbdc8f8628af','PENDING_PREPARE',NULL,'2023-03-30 15:39:48'),(15,'95ae48e7-f20e-4dfb-b5e8-dbdc8f8628af','ACCEPTED',NULL,'2023-03-30 15:39:48'),(16,'95ae48e7-f20e-4dfb-b5e8-dbdc8f8628af','PROCESSING',NULL,'2023-03-30 15:39:48'),(17,'95ae48e7-f20e-4dfb-b5e8-dbdc8f8628af','PENDING_FULFIL',NULL,'2023-03-30 15:39:48'),(18,'95ae48e7-f20e-4dfb-b5e8-dbdc8f8628af','COMPLETED',NULL,'2023-03-30 15:39:48'),(19,'959d2e24-2a6b-4d8d-8e10-6d31d99acfb5','RECEIVED',NULL,'2023-03-30 15:39:49'),(20,'959d2e24-2a6b-4d8d-8e10-6d31d99acfb5','PENDING_PREPARE',NULL,'2023-03-30 15:39:49'),(21,'959d2e24-2a6b-4d8d-8e10-6d31d99acfb5','ACCEPTED',NULL,'2023-03-30 15:39:49'),(22,'959d2e24-2a6b-4d8d-8e10-6d31d99acfb5','PROCESSING',NULL,'2023-03-30 15:39:49'),(23,'959d2e24-2a6b-4d8d-8e10-6d31d99acfb5','PENDING_FULFIL',NULL,'2023-03-30 15:39:49'),(24,'959d2e24-2a6b-4d8d-8e10-6d31d99acfb5','COMPLETED',NULL,'2023-03-30 15:39:49'),(25,'ef32617b-7022-4352-a280-9b791dbd4808','RECEIVED',NULL,'2023-03-30 15:39:50'),(26,'ef32617b-7022-4352-a280-9b791dbd4808','PENDING_PREPARE',NULL,'2023-03-30 15:39:50'),(27,'ef32617b-7022-4352-a280-9b791dbd4808','ACCEPTED',NULL,'2023-03-30 15:39:50'),(28,'ef32617b-7022-4352-a280-9b791dbd4808','PROCESSING','An error occured','2023-03-30 15:39:50'),(29,'ef32617b-7022-4352-a280-9b791dbd4808','PENDING_FULFIL','An error occured','2023-03-30 15:39:50'),(30,'ef32617b-7022-4352-a280-9b791dbd4808','REJECTED','An error occured','2023-03-30 15:39:50'),(31,'c2babf84-8289-4894-8d50-b54a56b98452','RECEIVED',NULL,'2023-03-30 15:39:52'),(32,'c2babf84-8289-4894-8d50-b54a56b98452','PENDING_PREPARE','Generic validation error - Participant testingtoolkitdfsp AED account not found','2023-03-30 15:39:52'),(33,'c2babf84-8289-4894-8d50-b54a56b98452','ACCEPTED',NULL,'2023-03-30 15:39:52'),(34,'c2babf84-8289-4894-8d50-b54a56b98452','PROCESSING',NULL,'2023-03-30 15:39:52'),(35,'c2babf84-8289-4894-8d50-b54a56b98452','COMPLETED',NULL,'2023-03-30 15:39:53'),(36,'7604fa82-6764-444f-826c-e5c0a6e5cf74','RECEIVED',NULL,'2023-03-30 15:39:53'),(37,'7604fa82-6764-444f-826c-e5c0a6e5cf74','PENDING_PREPARE',NULL,'2023-03-30 15:39:53'),(38,'7604fa82-6764-444f-826c-e5c0a6e5cf74','ACCEPTED',NULL,'2023-03-30 15:39:53'),(39,'7604fa82-6764-444f-826c-e5c0a6e5cf74','PROCESSING',NULL,'2023-03-30 15:39:53'),(40,'7604fa82-6764-444f-826c-e5c0a6e5cf74','PENDING_FULFIL',NULL,'2023-03-30 15:39:53'),(41,'7604fa82-6764-444f-826c-e5c0a6e5cf74','COMPLETED',NULL,'2023-03-30 15:39:53'),(42,'1f5e6c8e-5664-4cbb-93d1-8e2fa88b0a65','RECEIVED',NULL,'2023-03-30 15:40:14'),(43,'1f5e6c8e-5664-4cbb-93d1-8e2fa88b0a65','PENDING_PREPARE',NULL,'2023-03-30 15:40:14'),(44,'1f5e6c8e-5664-4cbb-93d1-8e2fa88b0a65','ACCEPTED',NULL,'2023-03-30 15:40:14'),(45,'1f5e6c8e-5664-4cbb-93d1-8e2fa88b0a65','PROCESSING',NULL,'2023-03-30 15:40:14'),(46,'1f5e6c8e-5664-4cbb-93d1-8e2fa88b0a65','PENDING_FULFIL',NULL,'2023-03-30 15:40:14'),(47,'1f5e6c8e-5664-4cbb-93d1-8e2fa88b0a65','COMPLETED',NULL,'2023-03-30 15:40:14'),(48,'08d890b9-5d97-4bb9-aa3b-c00bde1e4331','RECEIVED',NULL,'2023-03-30 15:40:14'),(49,'08d890b9-5d97-4bb9-aa3b-c00bde1e4331','PENDING_PREPARE',NULL,'2023-03-30 15:40:14'),(50,'08d890b9-5d97-4bb9-aa3b-c00bde1e4331','ACCEPTED',NULL,'2023-03-30 15:40:14'),(51,'08d890b9-5d97-4bb9-aa3b-c00bde1e4331','PROCESSING',NULL,'2023-03-30 15:40:14'),(52,'08d890b9-5d97-4bb9-aa3b-c00bde1e4331','PENDING_FULFIL',NULL,'2023-03-30 15:40:14'),(53,'08d890b9-5d97-4bb9-aa3b-c00bde1e4331','COMPLETED',NULL,'2023-03-30 15:40:14'),(54,'11820d18-2254-4f15-912f-c674e6009bae','INVALID','','2023-03-30 15:40:14'),(55,'49564a99-1b97-40ca-a9c6-b7bd8cbbdf6c','INVALID','','2023-03-30 15:40:24'),(56,'592fa581-553a-4ef6-8bdf-b4ab763aaf1e','INVALID','','2023-03-30 15:40:35'),(57,'39a9d9a8-ff54-4481-8109-8b3a7f342de9','INVALID','','2023-03-30 15:40:45'),(58,'ec10481e-0917-4d44-b006-3e5fd563c64b','INVALID','','2023-03-30 15:40:55'),(59,'5d625a47-ec6d-4877-81d9-76c9811c0622','INVALID','','2023-03-30 15:41:05'),(60,'ad8043c2-dd72-497b-a5da-dee9aafe6fea','RECEIVED',NULL,'2023-03-30 15:41:16'),(61,'ad8043c2-dd72-497b-a5da-dee9aafe6fea','PENDING_PREPARE',NULL,'2023-03-30 15:41:16'),(62,'ad8043c2-dd72-497b-a5da-dee9aafe6fea','ACCEPTED',NULL,'2023-03-30 15:41:16'),(63,'ad8043c2-dd72-497b-a5da-dee9aafe6fea','ABORTING',NULL,'2023-03-30 15:41:16'),(64,'ad8043c2-dd72-497b-a5da-dee9aafe6fea','REJECTED','Generic validation error - Bulk fulfil failed validation - completedTimestamp fails because future timestamp was provided','2023-03-30 15:41:17'),(65,'b1f896b1-32c1-4f91-9a8e-c040502983fb','RECEIVED',NULL,'2023-03-30 15:41:29'),(66,'b1f896b1-32c1-4f91-9a8e-c040502983fb','PENDING_PREPARE',NULL,'2023-03-30 15:41:29'),(67,'b1f896b1-32c1-4f91-9a8e-c040502983fb','ACCEPTED',NULL,'2023-03-30 15:41:29'),(68,'b1f896b1-32c1-4f91-9a8e-c040502983fb','EXPIRING','Transfer expired','2023-03-30 15:41:45'),(69,'b1f896b1-32c1-4f91-9a8e-c040502983fb','COMPLETED','Transfer expired','2023-03-30 15:41:45'),(70,'e5ee30a1-fc37-4af5-99a0-5f9f9f28cb5b','RECEIVED',NULL,'2023-03-30 15:41:56'),(71,'e5ee30a1-fc37-4af5-99a0-5f9f9f28cb5b','PENDING_PREPARE',NULL,'2023-03-30 15:41:56'),(72,'e5ee30a1-fc37-4af5-99a0-5f9f9f28cb5b','ACCEPTED',NULL,'2023-03-30 15:41:56'),(73,'e5ee30a1-fc37-4af5-99a0-5f9f9f28cb5b','EXPIRING','Transfer expired','2023-03-30 15:42:00'),(74,'e5ee30a1-fc37-4af5-99a0-5f9f9f28cb5b','COMPLETED','Transfer expired','2023-03-30 15:42:00'),(75,'142d2c59-5413-4f99-b619-328859e7dbbe','RECEIVED',NULL,'2023-03-30 15:44:09'),(76,'6d26aec7-4611-4773-9080-e9a5da4c700e','RECEIVED',NULL,'2023-03-30 15:44:09'),(77,'142d2c59-5413-4f99-b619-328859e7dbbe','PENDING_PREPARE',NULL,'2023-03-30 15:44:09'),(78,'142d2c59-5413-4f99-b619-328859e7dbbe','ACCEPTED',NULL,'2023-03-30 15:44:09'),(79,'6d26aec7-4611-4773-9080-e9a5da4c700e','PENDING_PREPARE',NULL,'2023-03-30 15:44:09'),(80,'142d2c59-5413-4f99-b619-328859e7dbbe','PROCESSING',NULL,'2023-03-30 15:44:09'),(81,'6d26aec7-4611-4773-9080-e9a5da4c700e','ACCEPTED',NULL,'2023-03-30 15:44:09'),(82,'142d2c59-5413-4f99-b619-328859e7dbbe','PENDING_FULFIL',NULL,'2023-03-30 15:44:09'),(83,'142d2c59-5413-4f99-b619-328859e7dbbe','COMPLETED',NULL,'2023-03-30 15:44:09'),(84,'6d26aec7-4611-4773-9080-e9a5da4c700e','PROCESSING',NULL,'2023-03-30 15:44:09'),(85,'6d26aec7-4611-4773-9080-e9a5da4c700e','PENDING_FULFIL',NULL,'2023-03-30 15:44:10'),(86,'6d26aec7-4611-4773-9080-e9a5da4c700e','COMPLETED',NULL,'2023-03-30 15:44:10'),(87,'e4b1b135-51cc-41c9-a328-3840803fb2b4','RECEIVED',NULL,'2023-03-30 15:44:12'),(88,'681f8f95-9f24-46cb-b7ad-9501533191c4','RECEIVED',NULL,'2023-03-30 15:44:12'),(89,'e4b1b135-51cc-41c9-a328-3840803fb2b4','PENDING_PREPARE',NULL,'2023-03-30 15:44:12'),(90,'e4b1b135-51cc-41c9-a328-3840803fb2b4','ACCEPTED',NULL,'2023-03-30 15:44:12'),(91,'681f8f95-9f24-46cb-b7ad-9501533191c4','PENDING_PREPARE',NULL,'2023-03-30 15:44:12'),(92,'e4b1b135-51cc-41c9-a328-3840803fb2b4','PROCESSING',NULL,'2023-03-30 15:44:12'),(93,'681f8f95-9f24-46cb-b7ad-9501533191c4','ACCEPTED',NULL,'2023-03-30 15:44:12'),(94,'e4b1b135-51cc-41c9-a328-3840803fb2b4','PENDING_FULFIL',NULL,'2023-03-30 15:44:12'),(95,'681f8f95-9f24-46cb-b7ad-9501533191c4','PROCESSING',NULL,'2023-03-30 15:44:12'),(96,'e4b1b135-51cc-41c9-a328-3840803fb2b4','COMPLETED',NULL,'2023-03-30 15:44:12'),(97,'681f8f95-9f24-46cb-b7ad-9501533191c4','PENDING_FULFIL',NULL,'2023-03-30 15:44:12'),(98,'681f8f95-9f24-46cb-b7ad-9501533191c4','COMPLETED',NULL,'2023-03-30 15:44:12'),(99,'36357425-cec3-42aa-8874-58d329ad8daa','RECEIVED',NULL,'2023-03-30 15:44:14'),(100,'ac38c83a-ae5f-45c2-b769-bc1e3b3de0d5','RECEIVED',NULL,'2023-03-30 15:44:14'),(101,'36357425-cec3-42aa-8874-58d329ad8daa','PENDING_PREPARE',NULL,'2023-03-30 15:44:14'),(102,'36357425-cec3-42aa-8874-58d329ad8daa','ACCEPTED',NULL,'2023-03-30 15:44:14'),(103,'ac38c83a-ae5f-45c2-b769-bc1e3b3de0d5','PENDING_PREPARE',NULL,'2023-03-30 15:44:14'),(104,'ac38c83a-ae5f-45c2-b769-bc1e3b3de0d5','ACCEPTED',NULL,'2023-03-30 15:44:14'),(105,'36357425-cec3-42aa-8874-58d329ad8daa','PROCESSING',NULL,'2023-03-30 15:44:14'),(106,'ac38c83a-ae5f-45c2-b769-bc1e3b3de0d5','PROCESSING',NULL,'2023-03-30 15:44:14'),(107,'36357425-cec3-42aa-8874-58d329ad8daa','PENDING_FULFIL',NULL,'2023-03-30 15:44:14'),(108,'36357425-cec3-42aa-8874-58d329ad8daa','COMPLETED',NULL,'2023-03-30 15:44:14'),(109,'ac38c83a-ae5f-45c2-b769-bc1e3b3de0d5','PENDING_FULFIL',NULL,'2023-03-30 15:44:14'),(110,'ac38c83a-ae5f-45c2-b769-bc1e3b3de0d5','COMPLETED',NULL,'2023-03-30 15:44:14'),(111,'3e22aa13-efa0-467c-82b9-941d9d7396f3','RECEIVED',NULL,'2023-03-30 15:44:16'),(112,'ea45178f-bcb7-4077-a616-5715f14a16ab','RECEIVED',NULL,'2023-03-30 15:44:16'),(113,'3e22aa13-efa0-467c-82b9-941d9d7396f3','PENDING_PREPARE',NULL,'2023-03-30 15:44:16'),(114,'3e22aa13-efa0-467c-82b9-941d9d7396f3','ACCEPTED',NULL,'2023-03-30 15:44:17'),(115,'ea45178f-bcb7-4077-a616-5715f14a16ab','PENDING_PREPARE',NULL,'2023-03-30 15:44:17'),(116,'3e22aa13-efa0-467c-82b9-941d9d7396f3','PROCESSING',NULL,'2023-03-30 15:44:17'),(117,'3e22aa13-efa0-467c-82b9-941d9d7396f3','PENDING_FULFIL',NULL,'2023-03-30 15:44:17'),(118,'ea45178f-bcb7-4077-a616-5715f14a16ab','ACCEPTED',NULL,'2023-03-30 15:44:17'),(119,'3e22aa13-efa0-467c-82b9-941d9d7396f3','COMPLETED',NULL,'2023-03-30 15:44:17'),(120,'ea45178f-bcb7-4077-a616-5715f14a16ab','PROCESSING',NULL,'2023-03-30 15:44:17'),(121,'ea45178f-bcb7-4077-a616-5715f14a16ab','PENDING_FULFIL',NULL,'2023-03-30 15:44:17'),(122,'ea45178f-bcb7-4077-a616-5715f14a16ab','COMPLETED',NULL,'2023-03-30 15:44:17'),(123,'7d8f93eb-0bec-413a-8d56-e19ac99805fc','RECEIVED',NULL,'2023-03-30 15:46:00'),(124,'7d8f93eb-0bec-413a-8d56-e19ac99805fc','PENDING_PREPARE',NULL,'2023-03-30 15:46:01'),(125,'7d8f93eb-0bec-413a-8d56-e19ac99805fc','ACCEPTED',NULL,'2023-03-30 15:46:01'),(126,'7d8f93eb-0bec-413a-8d56-e19ac99805fc','PROCESSING','Cannot process the bulk transfer','2023-03-30 15:46:01'),(127,'7d8f93eb-0bec-413a-8d56-e19ac99805fc','PENDING_FULFIL','Cannot process the bulk transfer','2023-03-30 15:46:01'),(128,'7d8f93eb-0bec-413a-8d56-e19ac99805fc','REJECTED','Cannot process the bulk transfer','2023-03-30 15:46:01'),(129,'9e6c20bf-1c24-4326-a8db-3b7a9706a118','RECEIVED',NULL,'2023-03-30 15:46:01'),(130,'9e6c20bf-1c24-4326-a8db-3b7a9706a118','PENDING_PREPARE',NULL,'2023-03-30 15:46:01'),(131,'9e6c20bf-1c24-4326-a8db-3b7a9706a118','ACCEPTED',NULL,'2023-03-30 15:46:01'),(132,'d45850d3-d04b-4eee-9481-1d2cc76c11da','RECEIVED',NULL,'2023-03-30 15:46:21'),(133,'f142d3aa-4fc1-4914-8866-6f12e285a703','RECEIVED',NULL,'2023-03-30 15:46:22'),(134,'d45850d3-d04b-4eee-9481-1d2cc76c11da','ACCEPTED',NULL,'2023-03-30 15:46:22'),(135,'f142d3aa-4fc1-4914-8866-6f12e285a703','PENDING_PREPARE',NULL,'2023-03-30 15:46:22'),(136,'f142d3aa-4fc1-4914-8866-6f12e285a703','ACCEPTED',NULL,'2023-03-30 15:46:22'),(137,'d45850d3-d04b-4eee-9481-1d2cc76c11da','PROCESSING',NULL,'2023-03-30 15:46:22'),(138,'f142d3aa-4fc1-4914-8866-6f12e285a703','PROCESSING','Cannot process the bulk transfer','2023-03-30 15:46:22'),(139,'d45850d3-d04b-4eee-9481-1d2cc76c11da','COMPLETED',NULL,'2023-03-30 15:46:22'),(140,'f142d3aa-4fc1-4914-8866-6f12e285a703','PENDING_FULFIL','Cannot process the bulk transfer','2023-03-30 15:46:22'),(141,'f142d3aa-4fc1-4914-8866-6f12e285a703','REJECTED','Cannot process the bulk transfer','2023-03-30 15:46:22'),(142,'1416d64a-105f-49b4-8d4f-4655a7dfbdf2','RECEIVED',NULL,'2023-03-30 15:46:22'),(143,'397d92dd-398e-4173-8740-173e80ea211e','RECEIVED',NULL,'2023-03-30 15:46:22'),(144,'1416d64a-105f-49b4-8d4f-4655a7dfbdf2','ACCEPTED',NULL,'2023-03-30 15:46:22'),(145,'397d92dd-398e-4173-8740-173e80ea211e','PENDING_PREPARE',NULL,'2023-03-30 15:46:22'),(146,'1416d64a-105f-49b4-8d4f-4655a7dfbdf2','PROCESSING',NULL,'2023-03-30 15:46:22'),(147,'397d92dd-398e-4173-8740-173e80ea211e','ACCEPTED',NULL,'2023-03-30 15:46:22'),(148,'1416d64a-105f-49b4-8d4f-4655a7dfbdf2','COMPLETED',NULL,'2023-03-30 15:46:23'),(149,'9e6c20bf-1c24-4326-a8db-3b7a9706a118','EXPIRING','Transfer expired','2023-03-30 15:47:15'),(150,'9e6c20bf-1c24-4326-a8db-3b7a9706a118','COMPLETED','Transfer expired','2023-03-30 15:47:15'),(151,'397d92dd-398e-4173-8740-173e80ea211e','EXPIRING','Transfer expired','2023-03-30 15:47:30'),(152,'397d92dd-398e-4173-8740-173e80ea211e','COMPLETED','Transfer expired','2023-03-30 15:47:30');
/*!40000 ALTER TABLE `bulkTransferStateChange` ENABLE KEYS */;
UNLOCK TABLES;

--
-- Table structure for table `contactType`
--

DROP TABLE IF EXISTS `contactType`;
/*!40101 SET @saved_cs_client     = @@character_set_client */;
/*!50503 SET character_set_client = utf8mb4 */;
CREATE TABLE `contactType` (
  `contactTypeId` int unsigned NOT NULL AUTO_INCREMENT,
  `name` varchar(50) NOT NULL,
  `description` varchar(512) DEFAULT NULL,
  `isActive` tinyint(1) NOT NULL DEFAULT '1',
  `createdDate` datetime NOT NULL DEFAULT CURRENT_TIMESTAMP,
  PRIMARY KEY (`contactTypeId`),
  UNIQUE KEY `contacttype_name_unique` (`name`)
) ENGINE=InnoDB DEFAULT CHARSET=utf8mb3;
/*!40101 SET character_set_client = @saved_cs_client */;

--
-- Dumping data for table `contactType`
--

LOCK TABLES `contactType` WRITE;
/*!40000 ALTER TABLE `contactType` DISABLE KEYS */;
/*!40000 ALTER TABLE `contactType` ENABLE KEYS */;
UNLOCK TABLES;

--
-- Table structure for table `currency`
--

DROP TABLE IF EXISTS `currency`;
/*!40101 SET @saved_cs_client     = @@character_set_client */;
/*!50503 SET character_set_client = utf8mb4 */;
CREATE TABLE `currency` (
  `currencyId` varchar(3) NOT NULL,
  `name` varchar(128) DEFAULT NULL,
  `isActive` tinyint(1) NOT NULL DEFAULT '1',
  `createdDate` datetime NOT NULL DEFAULT CURRENT_TIMESTAMP,
  `scale` int unsigned NOT NULL DEFAULT '4',
  PRIMARY KEY (`currencyId`)
) ENGINE=InnoDB DEFAULT CHARSET=utf8mb3;
/*!40101 SET character_set_client = @saved_cs_client */;

--
-- Dumping data for table `currency`
--

LOCK TABLES `currency` WRITE;
/*!40000 ALTER TABLE `currency` DISABLE KEYS */;
INSERT INTO `currency` VALUES ('AED','UAE dirham',1,'2023-03-30 15:16:51',2),('AFA','Afghanistan afghani (obsolete)',1,'2023-03-30 15:16:51',4),('AFN','Afghanistan afghani',1,'2023-03-30 15:16:51',2),('ALL','Albanian lek',1,'2023-03-30 15:16:51',2),('AMD','Armenian dram',1,'2023-03-30 15:16:51',2),('ANG','Netherlands Antillian guilder',1,'2023-03-30 15:16:51',2),('AOA','Angolan kwanza',1,'2023-03-30 15:16:51',2),('AOR','Angolan kwanza reajustado',1,'2023-03-30 15:16:51',4),('ARS','Argentine peso',1,'2023-03-30 15:16:51',2),('AUD','Australian dollar',1,'2023-03-30 15:16:51',2),('AWG','Aruban guilder',1,'2023-03-30 15:16:51',2),('AZN','Azerbaijanian new manat',1,'2023-03-30 15:16:51',2),('BAM','Bosnia-Herzegovina convertible mark',1,'2023-03-30 15:16:51',2),('BBD','Barbados dollar',1,'2023-03-30 15:16:51',2),('BDT','Bangladeshi taka',1,'2023-03-30 15:16:51',2),('BGN','Bulgarian lev',1,'2023-03-30 15:16:51',2),('BHD','Bahraini dinar',1,'2023-03-30 15:16:51',3),('BIF','Burundi franc',1,'2023-03-30 15:16:51',0),('BMD','Bermudian dollar',1,'2023-03-30 15:16:51',2),('BND','Brunei dollar',1,'2023-03-30 15:16:51',2),('BOB','Bolivian boliviano',1,'2023-03-30 15:16:51',2),('BOV','Bolivia Mvdol',1,'2023-03-30 15:16:51',2),('BRL','Brazilian real',1,'2023-03-30 15:16:51',2),('BSD','Bahamian dollar',1,'2023-03-30 15:16:51',2),('BTN','Bhutan ngultrum',1,'2023-03-30 15:16:51',2),('BWP','Botswana pula',1,'2023-03-30 15:16:51',2),('BYN','Belarusian ruble',1,'2023-03-30 15:16:51',4),('BYR','Belarussian Ruble',1,'2023-03-30 15:16:51',0),('BZD','Belize dollar',1,'2023-03-30 15:16:51',2),('CAD','Canadian dollar',1,'2023-03-30 15:16:51',2),('CDF','Congolese franc',1,'2023-03-30 15:16:51',2),('CHE','Switzerland WIR Euro',1,'2023-03-30 15:16:51',2),('CHF','Swiss franc',1,'2023-03-30 15:16:51',2),('CHW','Switzerland WIR Franc',1,'2023-03-30 15:16:51',2),('CLF','Unidad de Fomento',1,'2023-03-30 15:16:51',4),('CLP','Chilean peso',1,'2023-03-30 15:16:51',0),('CNY','Chinese yuan renminbi',1,'2023-03-30 15:16:51',2),('COP','Colombian peso',1,'2023-03-30 15:16:51',2),('COU','Unidad de Valor Real',1,'2023-03-30 15:16:51',2),('CRC','Costa Rican colon',1,'2023-03-30 15:16:51',2),('CUC','Cuban convertible peso',1,'2023-03-30 15:16:51',2),('CUP','Cuban peso',1,'2023-03-30 15:16:51',2),('CVE','Cape Verde escudo',1,'2023-03-30 15:16:51',2),('CZK','Czech koruna',1,'2023-03-30 15:16:51',2),('DJF','Djibouti franc',1,'2023-03-30 15:16:51',0),('DKK','Danish krone',1,'2023-03-30 15:16:51',2),('DOP','Dominican peso',1,'2023-03-30 15:16:51',2),('DZD','Algerian dinar',1,'2023-03-30 15:16:51',2),('EEK','Estonian kroon',1,'2023-03-30 15:16:51',4),('EGP','Egyptian pound',1,'2023-03-30 15:16:51',2),('ERN','Eritrean nakfa',1,'2023-03-30 15:16:51',2),('ETB','Ethiopian birr',1,'2023-03-30 15:16:51',2),('EUR','EU euro',1,'2023-03-30 15:16:51',2),('FJD','Fiji dollar',1,'2023-03-30 15:16:51',2),('FKP','Falkland Islands pound',1,'2023-03-30 15:16:51',2),('GBP','British pound',1,'2023-03-30 15:16:51',2),('GEL','Georgian lari',1,'2023-03-30 15:16:51',2),('GGP','Guernsey pound',1,'2023-03-30 15:16:51',4),('GHS','Ghanaian new cedi',1,'2023-03-30 15:16:51',2),('GIP','Gibraltar pound',1,'2023-03-30 15:16:51',2),('GMD','Gambian dalasi',1,'2023-03-30 15:16:51',2),('GNF','Guinean franc',1,'2023-03-30 15:16:51',0),('GTQ','Guatemalan quetzal',1,'2023-03-30 15:16:51',2),('GYD','Guyana dollar',1,'2023-03-30 15:16:51',2),('HKD','Hong Kong SAR dollar',1,'2023-03-30 15:16:51',2),('HNL','Honduran lempira',1,'2023-03-30 15:16:51',2),('HRK','Croatian kuna',1,'2023-03-30 15:16:51',2),('HTG','Haitian gourde',1,'2023-03-30 15:16:51',2),('HUF','Hungarian forint',1,'2023-03-30 15:16:51',2),('IDR','Indonesian rupiah',1,'2023-03-30 15:16:51',2),('ILS','Israeli new shekel',1,'2023-03-30 15:16:51',2),('IMP','Isle of Man pound',1,'2023-03-30 15:16:51',4),('INR','Indian rupee',1,'2023-03-30 15:16:51',2),('IQD','Iraqi dinar',1,'2023-03-30 15:16:51',3),('IRR','Iranian rial',1,'2023-03-30 15:16:51',2),('ISK','Icelandic krona',1,'2023-03-30 15:16:51',0),('JEP','Jersey pound',1,'2023-03-30 15:16:51',4),('JMD','Jamaican dollar',1,'2023-03-30 15:16:51',2),('JOD','Jordanian dinar',1,'2023-03-30 15:16:51',3),('JPY','Japanese yen',1,'2023-03-30 15:16:51',0),('KES','Kenyan shilling',1,'2023-03-30 15:16:51',2),('KGS','Kyrgyz som',1,'2023-03-30 15:16:51',2),('KHR','Cambodian riel',1,'2023-03-30 15:16:51',2),('KMF','Comoros franc',1,'2023-03-30 15:16:51',0),('KPW','North Korean won',1,'2023-03-30 15:16:51',2),('KRW','South Korean won',1,'2023-03-30 15:16:51',0),('KWD','Kuwaiti dinar',1,'2023-03-30 15:16:51',3),('KYD','Cayman Islands dollar',1,'2023-03-30 15:16:51',2),('KZT','Kazakh tenge',1,'2023-03-30 15:16:51',2),('LAK','Lao kip',1,'2023-03-30 15:16:51',2),('LBP','Lebanese pound',1,'2023-03-30 15:16:51',2),('LKR','Sri Lanka rupee',1,'2023-03-30 15:16:51',2),('LRD','Liberian dollar',1,'2023-03-30 15:16:51',2),('LSL','Lesotho loti',1,'2023-03-30 15:16:51',2),('LTL','Lithuanian litas',1,'2023-03-30 15:16:51',4),('LVL','Latvian lats',1,'2023-03-30 15:16:51',4),('LYD','Libyan dinar',1,'2023-03-30 15:16:51',3),('MAD','Moroccan dirham',1,'2023-03-30 15:16:51',2),('MDL','Moldovan leu',1,'2023-03-30 15:16:51',2),('MGA','Malagasy ariary',1,'2023-03-30 15:16:51',2),('MKD','Macedonian denar',1,'2023-03-30 15:16:51',2),('MMK','Myanmar kyat',1,'2023-03-30 15:16:51',2),('MNT','Mongolian tugrik',1,'2023-03-30 15:16:51',2),('MOP','Macao SAR pataca',1,'2023-03-30 15:16:51',2),('MRO','Mauritanian ouguiya',1,'2023-03-30 15:16:51',2),('MUR','Mauritius rupee',1,'2023-03-30 15:16:51',2),('MVR','Maldivian rufiyaa',1,'2023-03-30 15:16:51',2),('MWK','Malawi kwacha',1,'2023-03-30 15:16:51',2),('MXN','Mexican peso',1,'2023-03-30 15:16:51',2),('MXV','Mexican Unidad de Inversion (UDI)',1,'2023-03-30 15:16:51',2),('MYR','Malaysian ringgit',1,'2023-03-30 15:16:51',2),('MZN','Mozambique new metical',1,'2023-03-30 15:16:51',2),('NAD','Namibian dollar',1,'2023-03-30 15:16:51',2),('NGN','Nigerian naira',1,'2023-03-30 15:16:51',2),('NIO','Nicaraguan cordoba oro',1,'2023-03-30 15:16:51',2),('NOK','Norwegian krone',1,'2023-03-30 15:16:51',2),('NPR','Nepalese rupee',1,'2023-03-30 15:16:51',2),('NZD','New Zealand dollar',1,'2023-03-30 15:16:51',2),('OMR','Omani rial',1,'2023-03-30 15:16:51',3),('PAB','Panamanian balboa',1,'2023-03-30 15:16:51',2),('PEN','Peruvian nuevo sol',1,'2023-03-30 15:16:51',2),('PGK','Papua New Guinea kina',1,'2023-03-30 15:16:51',2),('PHP','Philippine peso',1,'2023-03-30 15:16:51',2),('PKR','Pakistani rupee',1,'2023-03-30 15:16:51',2),('PLN','Polish zloty',1,'2023-03-30 15:16:51',2),('PYG','Paraguayan guarani',1,'2023-03-30 15:16:51',0),('QAR','Qatari rial',1,'2023-03-30 15:16:51',2),('RON','Romanian new leu',1,'2023-03-30 15:16:51',2),('RSD','Serbian dinar',1,'2023-03-30 15:16:51',2),('RUB','Russian ruble',1,'2023-03-30 15:16:51',2),('RWF','Rwandan franc',1,'2023-03-30 15:16:51',0),('SAR','Saudi riyal',1,'2023-03-30 15:16:51',2),('SBD','Solomon Islands dollar',1,'2023-03-30 15:16:51',2),('SCR','Seychelles rupee',1,'2023-03-30 15:16:51',2),('SDG','Sudanese pound',1,'2023-03-30 15:16:51',2),('SEK','Swedish krona',1,'2023-03-30 15:16:51',2),('SGD','Singapore dollar',1,'2023-03-30 15:16:51',2),('SHP','Saint Helena pound',1,'2023-03-30 15:16:51',2),('SLL','Sierra Leone leone',1,'2023-03-30 15:16:51',2),('SOS','Somali shilling',1,'2023-03-30 15:16:51',2),('SPL','Seborgan luigino',1,'2023-03-30 15:16:51',4),('SRD','Suriname dollar',1,'2023-03-30 15:16:51',2),('SSP','South Sudanese Pound',1,'2023-03-30 15:16:51',2),('STD','Sao Tome and Principe dobra',1,'2023-03-30 15:16:51',2),('SVC','El Salvador colon',1,'2023-03-30 15:16:51',2),('SYP','Syrian pound',1,'2023-03-30 15:16:51',2),('SZL','Swaziland lilangeni',1,'2023-03-30 15:16:51',2),('THB','Thai baht',1,'2023-03-30 15:16:51',2),('TJS','Tajik somoni',1,'2023-03-30 15:16:51',2),('TMT','Turkmen new manat',1,'2023-03-30 15:16:51',2),('TND','Tunisian dinar',1,'2023-03-30 15:16:51',3),('TOP','Tongan pa\'anga',1,'2023-03-30 15:16:51',2),('TRY','Turkish lira',1,'2023-03-30 15:16:51',2),('TTD','Trinidad and Tobago dollar',1,'2023-03-30 15:16:51',2),('TVD','Tuvaluan dollar',1,'2023-03-30 15:16:51',4),('TWD','Taiwan New dollar',1,'2023-03-30 15:16:51',2),('TZS','Tanzanian shilling',1,'2023-03-30 15:16:51',2),('UAH','Ukrainian hryvnia',1,'2023-03-30 15:16:51',2),('UGX','Uganda new shilling',1,'2023-03-30 15:16:51',0),('USD','US dollar',1,'2023-03-30 15:16:51',2),('USN','US Dollar (Next day)',1,'2023-03-30 15:16:51',2),('UYI','Uruguay Peso en Unidades Indexadas (URUIURUI)',1,'2023-03-30 15:16:51',0),('UYU','Uruguayan peso uruguayo',1,'2023-03-30 15:16:51',2),('UZS','Uzbekistani sum',1,'2023-03-30 15:16:51',2),('VEF','Venezuelan bolivar fuerte',1,'2023-03-30 15:16:51',2),('VND','Vietnamese dong',1,'2023-03-30 15:16:51',0),('VUV','Vanuatu vatu',1,'2023-03-30 15:16:51',0),('WST','Samoan tala',1,'2023-03-30 15:16:51',2),('XAF','CFA franc BEAC',1,'2023-03-30 15:16:51',0),('XAG','Silver (ounce)',1,'2023-03-30 15:16:51',4),('XAU','Gold (ounce)',1,'2023-03-30 15:16:51',4),('XCD','East Caribbean dollar',1,'2023-03-30 15:16:51',2),('XDR','IMF special drawing right',1,'2023-03-30 15:16:51',4),('XFO','Gold franc',1,'2023-03-30 15:16:51',4),('XFU','UIC franc',1,'2023-03-30 15:16:51',4),('XOF','CFA franc BCEAO',1,'2023-03-30 15:16:51',0),('XPD','Palladium (ounce)',1,'2023-03-30 15:16:51',4),('XPF','CFP franc',1,'2023-03-30 15:16:51',0),('XPT','Platinum (ounce)',1,'2023-03-30 15:16:51',4),('XSU','Sucre',1,'2023-03-30 15:16:51',4),('XTS','Reserved for testing purposes',1,'2023-03-30 15:16:51',4),('XUA','African Development Bank (ADB) Unit of Account',1,'2023-03-30 15:16:51',4),('XXX','Assigned for transactions where no currency is involved',1,'2023-03-30 15:16:51',4),('YER','Yemeni rial',1,'2023-03-30 15:16:51',2),('ZAR','South African rand',1,'2023-03-30 15:16:51',2),('ZMK','Zambian kwacha (obsolete)',1,'2023-03-30 15:16:51',4),('ZMW','Zambian kwacha',1,'2023-03-30 15:16:51',2),('ZWD','Zimbabwe dollar (initial)',1,'2023-03-30 15:16:51',4),('ZWL','Zimbabwe dollar (3rd denomination)',1,'2023-03-30 15:16:51',2),('ZWN','Zimbabwe dollar (1st denomination)',1,'2023-03-30 15:16:51',4),('ZWR','Zimbabwe dollar (2nd denomination)',1,'2023-03-30 15:16:51',4);
/*!40000 ALTER TABLE `currency` ENABLE KEYS */;
UNLOCK TABLES;

--
-- Table structure for table `endpointType`
--

DROP TABLE IF EXISTS `endpointType`;
/*!40101 SET @saved_cs_client     = @@character_set_client */;
/*!50503 SET character_set_client = utf8mb4 */;
CREATE TABLE `endpointType` (
  `endpointTypeId` int unsigned NOT NULL AUTO_INCREMENT,
  `name` varchar(50) NOT NULL,
  `description` varchar(512) DEFAULT NULL,
  `isActive` tinyint(1) NOT NULL DEFAULT '1',
  `createdDate` datetime NOT NULL DEFAULT CURRENT_TIMESTAMP,
  PRIMARY KEY (`endpointTypeId`),
  UNIQUE KEY `endpointtype_name_unique` (`name`)
) ENGINE=InnoDB AUTO_INCREMENT=60 DEFAULT CHARSET=utf8mb3;
/*!40101 SET character_set_client = @saved_cs_client */;

--
-- Dumping data for table `endpointType`
--

LOCK TABLES `endpointType` WRITE;
/*!40000 ALTER TABLE `endpointType` DISABLE KEYS */;
INSERT INTO `endpointType` VALUES (1,'ALARM_NOTIFICATION_URL','Participant callback URL to which alarm notifications can be sent',1,'2023-03-30 15:16:52'),(2,'ALARM_NOTIFICATION_TOPIC','Kafka topic used to publish alarm notifications',1,'2023-03-30 15:16:52'),(3,'FSPIOP_CALLBACK_URL_TRANSFER_POST','Participant callback URL to which transfer post can be sent',1,'2023-03-30 15:16:52'),(4,'FSPIOP_CALLBACK_URL_TRANSFER_PUT','Participant callback URL to which transfer put can be sent',1,'2023-03-30 15:16:52'),(5,'FSPIOP_CALLBACK_URL_TRANSFER_ERROR','Participant callback URL to which transfer error notifications can be sent',1,'2023-03-30 15:16:52'),(6,'NET_DEBIT_CAP_THRESHOLD_BREACH_EMAIL','Participant/Hub operator email address to which the net debit cap breach e-mail notification can be sent',1,'2023-03-30 15:16:52'),(7,'NET_DEBIT_CAP_ADJUSTMENT_EMAIL','Participant/Hub operator email address to which the net debit cap adjustment e-mail notification can be sent',1,'2023-03-30 15:16:52'),(8,'SETTLEMENT_TRANSFER_POSITION_CHANGE_EMAIL','Participant/Hub operator email address to which the position change due to settlement transfer e-mail notification can be sent',1,'2023-03-30 15:16:52'),(9,'FSPIOP_CALLBACK_URL_PARTICIPANT_PUT','Participant callback URL to which put participant information can be sent',1,'2023-03-30 15:16:52'),(10,'FSPIOP_CALLBACK_URL_PARTICIPANT_SUB_ID_PUT','Participant callback URL to which put participant information can be sent, when subId is specified',1,'2023-03-30 15:16:52'),(11,'FSPIOP_CALLBACK_URL_PARTICIPANT_PUT_ERROR','Participant callback URL to which put participant error information can be sent',1,'2023-03-30 15:16:52'),(12,'FSPIOP_CALLBACK_URL_PARTICIPANT_SUB_ID_PUT_ERROR','Participant callback URL to which put participant error information can be sent, when subId is specified',1,'2023-03-30 15:16:52'),(13,'FSPIOP_CALLBACK_URL_PARTICIPANT_DELETE','Participant callback URL to which delete participant information can be sent',1,'2023-03-30 15:16:52'),(14,'FSPIOP_CALLBACK_URL_PARTICIPANT_SUB_ID_DELETE','Participant callback URL to which delete participant information can be sent, when subId is specified',1,'2023-03-30 15:16:52'),(15,'FSPIOP_CALLBACK_URL_PARTICIPANT_BATCH_PUT','Participant callback URL to which put batch participant information can be sent',1,'2023-03-30 15:16:52'),(16,'FSPIOP_CALLBACK_URL_PARTICIPANT_BATCH_PUT_ERROR','Participant callback URL to which put batch participant error information can be sent',1,'2023-03-30 15:16:52'),(17,'FSPIOP_CALLBACK_URL_PARTIES_GET','Parties callback URL to which get parties information can be requested',1,'2023-03-30 15:16:52'),(18,'FSPIOP_CALLBACK_URL_PARTIES_SUB_ID_GET','Parties callback URL to which get parties information can be requested',1,'2023-03-30 15:16:52'),(19,'FSPIOP_CALLBACK_URL_PARTIES_PUT','Parties callback URL to which put parties information can be sent',1,'2023-03-30 15:16:52'),(20,'FSPIOP_CALLBACK_URL_PARTIES_SUB_ID_PUT','Parties callback URL to which put parties information can be sent when SubId is specified',1,'2023-03-30 15:16:52'),(21,'FSPIOP_CALLBACK_URL_PARTIES_PUT_ERROR','Parties callback URL to which put participant error information can be sent',1,'2023-03-30 15:16:52'),(22,'FSPIOP_CALLBACK_URL_PARTIES_SUB_ID_PUT_ERROR','Parties callback URL to which put parties error information can be sent when SubId is specified',1,'2023-03-30 15:16:52'),(23,'FSPIOP_CALLBACK_URL_QUOTES','Quotes callback URL to which put quotes requests can be sent',1,'2023-03-30 15:16:52'),(24,'FSPIOP_CALLBACK_URL_BULK_TRANSFER_POST','Participant callback URL to which bulk transfer post can be sent',1,'2023-03-30 15:16:52'),(25,'FSPIOP_CALLBACK_URL_BULK_TRANSFER_PUT','Participant callback URL to which bulk transfer put can be sent',1,'2023-03-30 15:16:52'),(26,'FSPIOP_CALLBACK_URL_BULK_TRANSFER_ERROR','Participant callback URL to which bulk transfer error notifications can be sent',1,'2023-03-30 15:16:52'),(27,'FSPIOP_CALLBACK_URL_AUTHORIZATIONS','Participant callback URL to which authorization requests can be sent',1,'2023-03-30 15:16:52'),(28,'FSPIOP_CALLBACK_URL_TRX_REQ_SERVICE','Participant callback URL to which transaction requests can be sent',1,'2023-03-30 15:16:52'),(29,'FSPIOP_CALLBACK_URL_BULK_QUOTES','Bulk Quotes callback URL to which put bulkQuotes requests can be sent',1,'2023-03-30 15:16:52'),(30,'TP_CB_URL_TRANSACTION_REQUEST_GET','Participant callback URL where GET /thirdpartyRequests/transactions/{ID} can be sent',1,'2023-03-30 15:16:52'),(31,'TP_CB_URL_TRANSACTION_REQUEST_POST','Participant callback URL where POST /thirdpartyRequests/transactions can be sent',1,'2023-03-30 15:16:52'),(32,'TP_CB_URL_TRANSACTION_REQUEST_PUT','Participant callback URL where PUT /thirdpartyRequests/transactions/{ID} can be sent',1,'2023-03-30 15:16:52'),(33,'TP_CB_URL_TRANSACTION_REQUEST_PUT_ERROR','Participant callback URL to which PUT /thirdpartyRequests/transactions/{ID}/error error information can be sent',1,'2023-03-30 15:16:52'),(34,'TP_CB_URL_TRANSACTION_REQUEST_PATCH','Participant callback URL where PATCH /thirdpartyRequests/transactions/{ID} can be sent',1,'2023-03-30 15:16:52'),(35,'TP_CB_URL_TRANSACTION_REQUEST_AUTH_POST','Participant callback URL where POST /thirdpartyRequests/transactions/{ID}/authorizations can be sent',1,'2023-03-30 15:16:52'),(36,'TP_CB_URL_TRANSACTION_REQUEST_AUTH_PUT','Participant callback URL where PUT /thirdpartyRequests/transactions/{ID}/authorizations can be sent',1,'2023-03-30 15:16:52'),(37,'TP_CB_URL_TRANSACTION_REQUEST_AUTH_PUT_ERROR','Participant callback URL where PUT /thirdpartyRequests/transactions/{ID}/authorizations/error error information can be sent',1,'2023-03-30 15:16:52'),(38,'TP_CB_URL_TRANSACTION_REQUEST_VERIFY_POST','Participant callback URL where POST /thirdpartyRequests/verifications can be sent',1,'2023-03-30 15:16:52'),(39,'TP_CB_URL_TRANSACTION_REQUEST_VERIFY_PUT','Participant callback URL where PUT /thirdpartyRequests/verifications/{ID} can be sent',1,'2023-03-30 15:16:52'),(40,'TP_CB_URL_TRANSACTION_REQUEST_VERIFY_PUT_ERROR','Participant callback URL where PUT /thirdpartyRequests/verifications/{ID}/error can be sent',1,'2023-03-30 15:16:52'),(41,'TP_CB_URL_CONSENT_REQUEST_POST','Participant callback URL where POST /consentRequests can be sent',1,'2023-03-30 15:16:52'),(42,'TP_CB_URL_CONSENT_REQUEST_PUT','Participant callback URL where PUT /consentRequests/{ID} can be sent',1,'2023-03-30 15:16:52'),(43,'TP_CB_URL_CONSENT_REQUEST_PUT_ERROR','Participant callback URL where PUT /consentRequests/{ID}/error error information can be sent',1,'2023-03-30 15:16:52'),(44,'TP_CB_URL_CONSENT_REQUEST_PATCH','Participant callback URL where PATCH /consentRequests/{ID} can be sent',1,'2023-03-30 15:16:52'),(45,'TP_CB_URL_CREATE_CREDENTIAL_POST','Participant callback URL where POST /consentRequests/{ID}/createCredential can be sent',1,'2023-03-30 15:16:52'),(46,'TP_CB_URL_CONSENT_POST','Participant callback URL where POST /consents/ can be sent',1,'2023-03-30 15:16:52'),(47,'TP_CB_URL_CONSENT_GET','Participant callback URL where GET /consents/{ID} can be sent',1,'2023-03-30 15:16:52'),(48,'TP_CB_URL_CONSENT_PUT','Participant callback URL where PUT /consents/{ID} can be sent',1,'2023-03-30 15:16:52'),(49,'TP_CB_URL_CONSENT_PATCH','Participant callback URL where PATCH /consents/{ID} can be sent',1,'2023-03-30 15:16:52'),(50,'TP_CB_URL_CONSENT_PUT_ERROR','Participant callback URL where PUT /consents/{ID}/error error information can be sent',1,'2023-03-30 15:16:52'),(51,'TP_CB_URL_CONSENT_GENERATE_CHALLENGE_POST','Participant callback URL where POST /consents/{ID}/generateChallenge can be sent',1,'2023-03-30 15:16:52'),(52,'TP_CB_URL_CONSENT_GENERATE_CHALLENGE_PUT_ERROR','Participant callback URL where PUT /consents/{ID}/generateChallenge/error error information can be sent',1,'2023-03-30 15:16:52'),(53,'TP_CB_URL_ACCOUNTS_GET','Accounts callback URL where GET /accounts/{ID} can be sent',1,'2023-03-30 15:16:52'),(54,'TP_CB_URL_ACCOUNTS_PUT','Accounts callback URL where PUT /accounts/{ID} can be sent',1,'2023-03-30 15:16:52'),(55,'TP_CB_URL_ACCOUNTS_PUT_ERROR','Accounts callback URL where PUT /accounts/{ID}/error error information can be sent',1,'2023-03-30 15:16:52'),(56,'TP_CB_URL_SERVICES_GET','Participant callback URL where GET /services/{ServiceType} can be sent',1,'2023-03-30 15:16:52'),(57,'TP_CB_URL_SERVICES_PUT','Participant callback URL where PUT /services/{ServiceType} can be sent',1,'2023-03-30 15:16:52'),(58,'TP_CB_URL_SERVICES_PUT_ERROR','Participant callback URL where PUT /services/{ServiceType}/error can be sent',1,'2023-03-30 15:16:52');
/*!40000 ALTER TABLE `endpointType` ENABLE KEYS */;
UNLOCK TABLES;

--
-- Table structure for table `event`
--

DROP TABLE IF EXISTS `event`;
/*!40101 SET @saved_cs_client     = @@character_set_client */;
/*!50503 SET character_set_client = utf8mb4 */;
CREATE TABLE `event` (
  `eventId` int unsigned NOT NULL AUTO_INCREMENT,
  `name` varchar(128) NOT NULL,
  `description` varchar(512) DEFAULT NULL,
  `createdDate` datetime NOT NULL DEFAULT CURRENT_TIMESTAMP,
  PRIMARY KEY (`eventId`)
) ENGINE=InnoDB DEFAULT CHARSET=utf8mb3;
/*!40101 SET character_set_client = @saved_cs_client */;

--
-- Dumping data for table `event`
--

LOCK TABLES `event` WRITE;
/*!40000 ALTER TABLE `event` DISABLE KEYS */;
/*!40000 ALTER TABLE `event` ENABLE KEYS */;
UNLOCK TABLES;

--
-- Table structure for table `expiringTransfer`
--

DROP TABLE IF EXISTS `expiringTransfer`;
/*!40101 SET @saved_cs_client     = @@character_set_client */;
/*!50503 SET character_set_client = utf8mb4 */;
CREATE TABLE `expiringTransfer` (
  `expiringTransferId` bigint unsigned NOT NULL AUTO_INCREMENT,
  `transferId` varchar(36) NOT NULL,
  `expirationDate` datetime NOT NULL,
  `createdDate` datetime NOT NULL DEFAULT CURRENT_TIMESTAMP,
  PRIMARY KEY (`expiringTransferId`),
  UNIQUE KEY `expiringtransfer_transferid_unique` (`transferId`),
  KEY `expiringtransfer_expirationdate_index` (`expirationDate`),
  CONSTRAINT `expiringtransfer_transferid_foreign` FOREIGN KEY (`transferId`) REFERENCES `transfer` (`transferId`)
) ENGINE=InnoDB DEFAULT CHARSET=utf8mb3;
/*!40101 SET character_set_client = @saved_cs_client */;

--
-- Dumping data for table `expiringTransfer`
--

LOCK TABLES `expiringTransfer` WRITE;
/*!40000 ALTER TABLE `expiringTransfer` DISABLE KEYS */;
/*!40000 ALTER TABLE `expiringTransfer` ENABLE KEYS */;
UNLOCK TABLES;

--
-- Table structure for table `geoCode`
--

DROP TABLE IF EXISTS `geoCode`;
/*!40101 SET @saved_cs_client     = @@character_set_client */;
/*!50503 SET character_set_client = utf8mb4 */;
CREATE TABLE `geoCode` (
  `geoCodeId` int unsigned NOT NULL AUTO_INCREMENT,
  `quotePartyId` bigint unsigned NOT NULL COMMENT 'Optionally the GeoCode for the Payer/Payee may have been provided. If the Quote Response has the GeoCode for the Payee, an additional row is added',
  `latitude` varchar(50) NOT NULL COMMENT 'Latitude of the initiating Party',
  `longitude` varchar(50) NOT NULL COMMENT 'Longitude of the initiating Party',
  `createdDate` datetime NOT NULL DEFAULT CURRENT_TIMESTAMP COMMENT 'System dateTime stamp pertaining to the inserted record',
  PRIMARY KEY (`geoCodeId`),
  KEY `geocode_quotepartyid_foreign` (`quotePartyId`),
  CONSTRAINT `geocode_quotepartyid_foreign` FOREIGN KEY (`quotePartyId`) REFERENCES `quoteParty` (`quotePartyId`)
) ENGINE=InnoDB DEFAULT CHARSET=utf8mb3;
/*!40101 SET character_set_client = @saved_cs_client */;

--
-- Dumping data for table `geoCode`
--

LOCK TABLES `geoCode` WRITE;
/*!40000 ALTER TABLE `geoCode` DISABLE KEYS */;
/*!40000 ALTER TABLE `geoCode` ENABLE KEYS */;
UNLOCK TABLES;

--
-- Table structure for table `ilpPacket`
--

DROP TABLE IF EXISTS `ilpPacket`;
/*!40101 SET @saved_cs_client     = @@character_set_client */;
/*!50503 SET character_set_client = utf8mb4 */;
CREATE TABLE `ilpPacket` (
  `transferId` varchar(36) NOT NULL,
  `value` text NOT NULL,
  `createdDate` datetime NOT NULL DEFAULT CURRENT_TIMESTAMP,
  PRIMARY KEY (`transferId`),
  CONSTRAINT `ilppacket_transferid_foreign` FOREIGN KEY (`transferId`) REFERENCES `transfer` (`transferId`)
) ENGINE=InnoDB DEFAULT CHARSET=utf8mb3;
/*!40101 SET character_set_client = @saved_cs_client */;

--
-- Dumping data for table `ilpPacket`
--

LOCK TABLES `ilpPacket` WRITE;
/*!40000 ALTER TABLE `ilpPacket` DISABLE KEYS */;
INSERT INTO `ilpPacket` VALUES ('0037e13f-8b29-49d6-b1d0-5f14e0ae153e','AYIC9AAAAAAAABdwHWcucGF5ZWVmc3AubXNpc2RuLjIyNTU2OTk5MTI1ggLKZXlKMGNtRnVjMkZqZEdsdmJrbGtJam9pWmpRMFltUmtOV010WXpreE1DMDBZVGt3TFRoa05qa3RaR0ppWVRaaVl6aGxZVFpqSWl3aWNYVnZkR1ZKWkNJNklqVTBaRFZtTURsaUxXRTBOMlF0TkRCa05pMWhZVEEzTFdFNVkyWXpZbUl5TkRsaFpDSXNJbkJoZVdWbElqcDdJbkJoY25SNVNXUkpibVp2SWpwN0luQmhjblI1U1dSVWVYQmxJam9pVFZOSlUwUk9JaXdpY0dGeWRIbEpaR1Z1ZEdsbWFXVnlJam9pTWpJMU5UWTVPVGt4TWpVaUxDSm1jM0JKWkNJNkluQmhlV1ZsWm5Od0luMTlMQ0p3WVhsbGNpSTZleUp3WVhKMGVVbGtTVzVtYnlJNmV5SndZWEowZVVsa1ZIbHdaU0k2SWsxVFNWTkVUaUlzSW5CaGNuUjVTV1JsYm5ScFptbGxjaUk2SWpJeU5UQTNNREE0TVRneElpd2labk53U1dRaU9pSndZWGxsY21aemNDSjlMQ0p3WlhKemIyNWhiRWx1Wm04aU9uc2lZMjl0Y0d4bGVFNWhiV1VpT25zaVptbHljM1JPWVcxbElqb2lUV0YwY3lJc0lteGhjM1JPWVcxbElqb2lTR0ZuYldGdUluMHNJbVJoZEdWUFprSnBjblJvSWpvaU1UazRNeTB4TUMweU5TSjlmU3dpWVcxdmRXNTBJanA3SW1GdGIzVnVkQ0k2SWpZd0lpd2lZM1Z5Y21WdVkza2lPaUpWVTBRaWZTd2lkSEpoYm5OaFkzUnBiMjVVZVhCbElqcDdJbk5qWlc1aGNtbHZJam9pVkZKQlRsTkdSVklpTENKcGJtbDBhV0YwYjNJaU9pSlFRVmxGVWlJc0ltbHVhWFJwWVhSdmNsUjVjR1VpT2lKRFQwNVRWVTFGVWlKOWZRAA','2023-03-30 15:39:50'),('03291e9d-1df5-4fa5-9738-332b116d0e2a','AYIDGQAAAAAAACcQHWcucGF5ZWVmc3AubXNpc2RuLjI3NzEzODAzOTEyggLvZXlKMGNtRnVjMkZqZEdsdmJrbGtJam9pTURNeU9URmxPV1F0TVdSbU5TMDBabUUxTFRrM016Z3RNek15WWpFeE5tUXdaVEpoSWl3aWNYVnZkR1ZKWkNJNklqZzRZMkl6TkRaa0xUVTJNVGd0TkRnNE1DMDVaakUwTFdObU5XUTRaVGcwTVRnMk9TSXNJbkJoZVdWbElqcDdJbkJoY25SNVNXUkpibVp2SWpwN0luQmhjblI1U1dSVWVYQmxJam9pVFZOSlUwUk9JaXdpY0dGeWRIbEpaR1Z1ZEdsbWFXVnlJam9pTWpjM01UTTRNRE01TVRJaUxDSm1jM0JKWkNJNkluQmhlV1ZsWm5Od0luMTlMQ0p3WVhsbGNpSTZleUp3WVhKMGVVbGtTVzVtYnlJNmV5SndZWEowZVVsa1ZIbHdaU0k2SWsxVFNWTkVUaUlzSW5CaGNuUjVTV1JsYm5ScFptbGxjaUk2SWpRME1USXpORFUyTnpnNUlpd2labk53U1dRaU9pSjBaWE4wYVc1bmRHOXZiR3RwZEdSbWMzQWlmU3dpY0dWeWMyOXVZV3hKYm1adklqcDdJbU52YlhCc1pYaE9ZVzFsSWpwN0ltWnBjbk4wVG1GdFpTSTZJa1pwY25OMGJtRnRaUzFVWlhOMElpd2liR0Z6ZEU1aGJXVWlPaUpNWVhOMGJtRnRaUzFVWlhOMEluMHNJbVJoZEdWUFprSnBjblJvSWpvaU1UazROQzB3TVMwd01TSjlmU3dpWVcxdmRXNTBJanA3SW1GdGIzVnVkQ0k2SWpFd01DSXNJbU4xY25KbGJtTjVJam9pVlZORUluMHNJblJ5WVc1ellXTjBhVzl1Vkhsd1pTSTZleUp6WTJWdVlYSnBieUk2SWxSU1FVNVRSa1ZTSWl3aWFXNXBkR2xoZEc5eUlqb2lVRUZaUlZJaUxDSnBibWwwYVdGMGIzSlVlWEJsSWpvaVEwOU9VMVZOUlZJaWZYMAA','2023-03-30 15:36:13'),('03bd7b70-196f-4290-b7d4-1bf10e7b6afb','AYIDMgAAAAAAABV8LmcucGF5ZWVmc3AubXNpc2RuLnskaW5wdXRzLnBheWVlZnNwaWRlbnRpZmllcn2CAvdleUowY21GdWMyRmpkR2x2Ymtsa0lqb2lNRE5pWkRkaU56QXRNVGsyWmkwME1qa3dMV0kzWkRRdE1XSm1NVEJsTjJJMllXWmlJaXdpY1hWdmRHVkpaQ0k2SW1VMFpUWTNaVFZpTFRJeU16QXRORE0wTWkxaFpqTmlMVFV5WWpJMVkyRTFNVEExWmlJc0luQmhlV1ZsSWpwN0luQmhjblI1U1dSSmJtWnZJanA3SW5CaGNuUjVTV1JVZVhCbElqb2lUVk5KVTBST0lpd2ljR0Z5ZEhsSlpHVnVkR2xtYVdWeUlqb2lleVJwYm5CMWRITXVjR0Y1WldWbWMzQkpaR1Z1ZEdsbWFXVnlmU0lzSW1aemNFbGtJam9pY0dGNVpXVm1jM0FpZlgwc0luQmhlV1Z5SWpwN0luQmhjblI1U1dSSmJtWnZJanA3SW5CaGNuUjVTV1JVZVhCbElqb2lUVk5KVTBST0lpd2ljR0Z5ZEhsSlpHVnVkR2xtYVdWeUlqb2lNVGN3TXprNE1URTVNRE1pTENKbWMzQkpaQ0k2SW5SbGMzUm1jM0F4SW4wc0luQmxjbk52Ym1Gc1NXNW1ieUk2ZXlKamIyMXdiR1Y0VG1GdFpTSTZleUptYVhKemRFNWhiV1VpT2lKR2FYSnpkRzVoYldVdFZHVnpkQ0lzSW14aGMzUk9ZVzFsSWpvaVRHRnpkRzVoYldVdFZHVnpkQ0o5TENKa1lYUmxUMlpDYVhKMGFDSTZJakU1T0RRdE1ERXRNREVpZlgwc0ltRnRiM1Z1ZENJNmV5SmhiVzkxYm5RaU9pSTFOU0lzSW1OMWNuSmxibU41SWpvaVZWTkVJbjBzSW5SeVlXNXpZV04wYVc5dVZIbHdaU0k2ZXlKelkyVnVZWEpwYnlJNklsUlNRVTVUUmtWU0lpd2lhVzVwZEdsaGRHOXlJam9pVUVGWlJWSWlMQ0pwYm1sMGFXRjBiM0pVZVhCbElqb2lRMDlPVTFWTlJWSWlmWDAA','2023-03-30 15:29:03'),('0593271b-b702-4ee0-98c5-f49939fbf1f6','AYIDCgAAAAAAAAnEHWcucGF5ZXJmc3AubXNpc2RuLjE3MDM5ODExOTAxggLgZXlKMGNtRnVjMkZqZEdsdmJrbGtJam9pTURVNU16STNNV0l0WWpjd01pMDBaV1V3TFRrNFl6VXRaalE1T1RNNVptSm1NV1kySWl3aWNYVnZkR1ZKWkNJNklqSTBabVZtT0RVM0xUZ3hNVEF0TkdVM1pDMDROalV3TFRZMVpUYzFZemhoWXpkaU9TSXNJbkJoZVdWbElqcDdJbkJoY25SNVNXUkpibVp2SWpwN0luQmhjblI1U1dSVWVYQmxJam9pVFZOSlUwUk9JaXdpY0dGeWRIbEpaR1Z1ZEdsbWFXVnlJam9pTVRjd016azRNVEU1TURFaUxDSm1jM0JKWkNJNkluQmhlV1Z5Wm5Od0luMTlMQ0p3WVhsbGNpSTZleUp3WVhKMGVVbGtTVzVtYnlJNmV5SndZWEowZVVsa1ZIbHdaU0k2SWsxVFNWTkVUaUlzSW5CaGNuUjVTV1JsYm5ScFptbGxjaUk2SWpFM01ETTVPREV4T1RBeUlpd2labk53U1dRaU9pSndZWGxsWldaemNDSjlMQ0p3WlhKemIyNWhiRWx1Wm04aU9uc2lZMjl0Y0d4bGVFNWhiV1VpT25zaVptbHljM1JPWVcxbElqb2lSbWx5YzNSdVlXMWxMVlJsYzNRaUxDSnNZWE4wVG1GdFpTSTZJa3hoYzNSdVlXMWxMVlJsYzNRaWZTd2laR0YwWlU5bVFtbHlkR2dpT2lJeE9UZzBMVEF4TFRBeEluMTlMQ0poYlc5MWJuUWlPbnNpWVcxdmRXNTBJam9pTWpVaUxDSmpkWEp5Wlc1amVTSTZJbFJhVXlKOUxDSjBjbUZ1YzJGamRHbHZibFI1Y0dVaU9uc2ljMk5sYm1GeWFXOGlPaUpVVWtGT1UwWkZVaUlzSW1sdWFYUnBZWFJ2Y2lJNklsQkJXVVZTSWl3aWFXNXBkR2xoZEc5eVZIbHdaU0k2SWtOUFRsTlZUVVZTSW4xOQA','2023-03-30 15:28:31'),('06157145-c0ba-4256-9357-85758565932a','AYIEFwAAAAAAACcQHGcucGF5ZWVmc3AubXNpc2RuLjIyMjQ0NDg4ODiCA-5leUowY21GdWMyRmpkR2x2Ymtsa0lqb2lNRFl4TlRjeE5EVXRZekJpWVMwME1qVTJMVGt6TlRjdE9EVTNOVGcxTmpVNU16SmhJaXdpY1hWdmRHVkpaQ0k2SW1ZM05qWTROak14TFdJeVpUa3ROR0ZpTWkwNE9UUXhMVEUyWVdaak1EZGlNelZrT1NJc0luQmhlV1ZsSWpwN0luQmhjblI1U1dSSmJtWnZJanA3SW5CaGNuUjVTV1JVZVhCbElqb2lUVk5KVTBST0lpd2ljR0Z5ZEhsSlpHVnVkR2xtYVdWeUlqb2lNakl5TkRRME9EZzRPQ0lzSW1aemNFbGtJam9pY0dGNVpXVm1jM0FpZlN3aWNHVnljMjl1WVd4SmJtWnZJanA3SW1OdmJYQnNaWGhPWVcxbElqcDdJbVpwY25OMFRtRnRaU0k2SXVHQWdPR0FzZUdBck9HQWhPR0F1dUdBdU9HQWtlR0FnT0dBdXVHQWhlR0F0aUlzSW0xcFpHUnNaVTVoYldVaU9pTGhnS0hoZ0xIaGdLemhnSVRoZ0xvaUxDSnNZWE4wVG1GdFpTSTZJdUdBa3VHQXNlR0FxLUdBdXVHQW51R0FsT0dBdWVHQWtPR0FyT0dBa2VHQXZlR0FsT0dBdWlKOUxDSmtZWFJsVDJaQ2FYSjBhQ0k2SWpFNU9UQXRNREV0TURFaWZYMHNJbkJoZVdWeUlqcDdJbkJoY25SNVNXUkpibVp2SWpwN0luQmhjblI1U1dSVWVYQmxJam9pVFZOSlUwUk9JaXdpY0dGeWRIbEpaR1Z1ZEdsbWFXVnlJam9pTkRReE1qTTBOVFkzT0RraUxDSm1jM0JKWkNJNkluUmxjM1JwYm1kMGIyOXNhMmwwWkdaemNDSjlMQ0p3WlhKemIyNWhiRWx1Wm04aU9uc2lZMjl0Y0d4bGVFNWhiV1VpT25zaVptbHljM1JPWVcxbElqb2lSbWx5YzNSdVlXMWxMVlJsYzNRaUxDSnNZWE4wVG1GdFpTSTZJa3hoYzNSdVlXMWxMVlJsYzNRaWZTd2laR0YwWlU5bVFtbHlkR2dpT2lJeE9UZzBMVEF4TFRBeEluMTlMQ0poYlc5MWJuUWlPbnNpWVcxdmRXNTBJam9pTVRBd0lpd2lZM1Z5Y21WdVkza2lPaUpWVTBRaWZTd2lkSEpoYm5OaFkzUnBiMjVVZVhCbElqcDdJbk5qWlc1aGNtbHZJam9pVkZKQlRsTkdSVklpTENKcGJtbDBhV0YwYjNJaU9pSlFRVmxGVWlJc0ltbHVhWFJwWVhSdmNsUjVjR1VpT2lKRFQwNVRWVTFGVWlKOWZRAA','2023-03-30 15:36:11'),('0655f9af-943d-41e3-86ad-c3fdf76b7c88','AYIEMAAAAAAAACr4HWcudGVzdGZzcDEubXNpc2RuLjE3MDM5ODExOTAzggQGZXlKMGNtRnVjMkZqZEdsdmJrbGtJam9pTURZMU5XWTVZV1l0T1RRelpDMDBNV1V6TFRnMllXUXRZek5tWkdZM05tSTNZemc0SWl3aWNYVnZkR1ZKWkNJNklqTTVZemN5WkRVeUxUZGtOelF0TkRBNFl5MWhOalkyTFRGbE5qSXhOVGRtT1dFNE5TSXNJbkJoZVdWbElqcDdJbkJoY25SNVNXUkpibVp2SWpwN0luQmhjblI1U1dSVWVYQmxJam9pVFZOSlUwUk9JaXdpY0dGeWRIbEpaR1Z1ZEdsbWFXVnlJam9pTVRjd016azRNVEU1TURNaUxDSm1jM0JKWkNJNkluUmxjM1JtYzNBeElpd2laWGgwWlc1emFXOXVUR2x6ZENJNmV5SmxlSFJsYm5OcGIyNGlPbHQ3SW10bGVTSTZJbUZqWTI5MWJuUlVlWEJsSWl3aWRtRnNkV1VpT2lKWFlXeHNaWFFpZlYxOWZTd2ljR1Z5YzI5dVlXeEpibVp2SWpwN0ltTnZiWEJzWlhoT1lXMWxJanA3SW1acGNuTjBUbUZ0WlNJNklsUmxjM1JtYzNBeFJtbHljM1FpTENKdGFXUmtiR1ZPWVcxbElqb2lWR1Z6ZEdaemNERk5hV1JrYkdVaUxDSnNZWE4wVG1GdFpTSTZJbFJsYzNSbWMzQXhUR0Z6ZENKOUxDSmtZWFJsVDJaQ2FYSjBhQ0k2SWpJd01UQXRNVEF0TVRBaWZYMHNJbkJoZVdWeUlqcDdJbkJoY25SNVNXUkpibVp2SWpwN0luQmhjblI1U1dSVWVYQmxJam9pVFZOSlUwUk9JaXdpY0dGeWRIbEpaR1Z1ZEdsbWFXVnlJam9pTVRjd016azRNVEU1TURRaUxDSm1jM0JKWkNJNkluUmxjM1JtYzNBeUlpd2laWGgwWlc1emFXOXVUR2x6ZENJNmV5SmxlSFJsYm5OcGIyNGlPbHQ3SW10bGVTSTZJbUZqWTI5MWJuUlVlWEJsSWl3aWRtRnNkV1VpT2lKWFlXeHNaWFFpZlYxOWZTd2libUZ0WlNJNkluUmxjM1JtYzNBeVYyRnNiR1YwUm01aGJXVWdkR1Z6ZEdaemNESlhZV3hzWlhSTWJtRnRaU0o5TENKaGJXOTFiblFpT25zaVlXMXZkVzUwSWpvaU1URXdJaXdpWTNWeWNtVnVZM2tpT2lKSlRsSWlmU3dpZEhKaGJuTmhZM1JwYjI1VWVYQmxJanA3SW5OalpXNWhjbWx2SWpvaVZGSkJUbE5HUlZJaUxDSnBibWwwYVdGMGIzSWlPaUpRUVZsRlVpSXNJbWx1YVhScFlYUnZjbFI1Y0dVaU9pSkRUMDVUVlUxRlVpSjlmUQA','2023-03-30 15:39:23'),('074e74e9-dbdf-4279-b40b-2f6f0c267c0d','AYIDCgAAAAAAAA2sHWcudGVzdGZzcDEubXNpc2RuLjE3MDM5ODExOTAzggLgZXlKMGNtRnVjMkZqZEdsdmJrbGtJam9pTURjMFpUYzBaVGt0WkdKa1ppMDBNamM1TFdJME1HSXRNbVkyWmpCak1qWTNZekJrSWl3aWNYVnZkR1ZKWkNJNkltWmhNR1V3Tm1RMUxUbGpaRE10TkRGa1pDMWhPR1V3TFdGbU5UVmpNV1ZtTUdNd1pDSXNJbkJoZVdWbElqcDdJbkJoY25SNVNXUkpibVp2SWpwN0luQmhjblI1U1dSVWVYQmxJam9pVFZOSlUwUk9JaXdpY0dGeWRIbEpaR1Z1ZEdsbWFXVnlJam9pTVRjd016azRNVEU1TURNaUxDSm1jM0JKWkNJNkluUmxjM1JtYzNBeEluMTlMQ0p3WVhsbGNpSTZleUp3WVhKMGVVbGtTVzVtYnlJNmV5SndZWEowZVVsa1ZIbHdaU0k2SWsxVFNWTkVUaUlzSW5CaGNuUjVTV1JsYm5ScFptbGxjaUk2SWpFM01ETTVPREV4T1RBeElpd2labk53U1dRaU9pSndZWGxsY21aemNDSjlMQ0p3WlhKemIyNWhiRWx1Wm04aU9uc2lZMjl0Y0d4bGVFNWhiV1VpT25zaVptbHljM1JPWVcxbElqb2lSbWx5YzNSdVlXMWxMVlJsYzNRaUxDSnNZWE4wVG1GdFpTSTZJa3hoYzNSdVlXMWxMVlJsYzNRaWZTd2laR0YwWlU5bVFtbHlkR2dpT2lJeE9UZzBMVEF4TFRBeEluMTlMQ0poYlc5MWJuUWlPbnNpWVcxdmRXNTBJam9pTXpVaUxDSmpkWEp5Wlc1amVTSTZJbFZUUkNKOUxDSjBjbUZ1YzJGamRHbHZibFI1Y0dVaU9uc2ljMk5sYm1GeWFXOGlPaUpVVWtGT1UwWkZVaUlzSW1sdWFYUnBZWFJ2Y2lJNklsQkJXVVZTSWl3aWFXNXBkR2xoZEc5eVZIbHdaU0k2SWtOUFRsTlZUVVZTSW4xOQA','2023-03-30 15:38:34'),('082b4fe3-af25-40d7-893b-ccde5a81fb4d','AYICfAAAAAAAATRsG2cudHRrc2ltMi5tc2lzZG4uNDU2MTAwMDAwMoICVGV5SjBjbUZ1YzJGamRHbHZia2xrSWpvaU1EZ3lZalJtWlRNdFlXWXlOUzAwTUdRM0xUZzVNMkl0WTJOa1pUVmhPREZtWWpSa0lpd2ljWFZ2ZEdWSlpDSTZJakE0TW1JMFptVXpMV0ZtTWpVdE5EQmtOeTA0T1ROaUxXTmpaR1UxWVRneFptSTBaQ0lzSW5CaGVXVmxJanA3SW5CaGNuUjVTV1JKYm1adklqcDdJbkJoY25SNVNXUlVlWEJsSWpvaVRWTkpVMFJPSWl3aWNHRnlkSGxKWkdWdWRHbG1hV1Z5SWpvaU5EVTJNVEF3TURBd01pSXNJbVp6Y0Vsa0lqb2lkSFJyYzJsdE1pSjlmU3dpY0dGNVpYSWlPbnNpY0dGeWRIbEpaRWx1Wm04aU9uc2ljR0Z5ZEhsSlpGUjVjR1VpT2lKTlUwbFRSRTRpTENKd1lYSjBlVWxrWlc1MGFXWnBaWElpT2lJeE5qRXpOVFUxTVRJeE1pSXNJbVp6Y0Vsa0lqb2lkSFJyYzJsdE1TSjlmU3dpWVcxdmRXNTBJanA3SW1GdGIzVnVkQ0k2SWpjNE9TNDFOaUlzSW1OMWNuSmxibU41SWpvaVZGcFRJbjBzSW5SeVlXNXpZV04wYVc5dVZIbHdaU0k2ZXlKelkyVnVZWEpwYnlJNklsUlNRVTVUUmtWU0lpd2lhVzVwZEdsaGRHOXlJam9pVUVGWlJWSWlMQ0pwYm1sMGFXRjBiM0pVZVhCbElqb2lRMDlPVTFWTlJWSWlmU3dpYm05MFpTSTZJaUo5AA','2023-03-30 15:46:00'),('08e8ef49-4df4-4649-b464-c324c1b3ae3b','AYIDBQAAAAAAACcQJGcucGF5ZWVmc3AubXNpc2RuLnt7cmVjZWl2ZXJtc2lzZG59fYIC1GV5SjBjbUZ1YzJGamRHbHZia2xrSWpvaVptVXhNREU0Wm1NdE1EaGxZeTAwWWpJM0xUbGpZalF0TnpjMk9URTFNR00zT1dKaklpd2ljWFZ2ZEdWSlpDSTZJbVpsTVRBeE9HWmpMVEE0WldNdE5HSXlOeTA1WTJJMExUYzNOamt4TlRCak56bGlZeUlzSW5CaGVXVmxJanA3SW5CaGNuUjVTV1JKYm1adklqcDdJbkJoY25SNVNXUlVlWEJsSWpvaVRWTkpVMFJPSWl3aWNHRnlkSGxKWkdWdWRHbG1hV1Z5SWpvaWUzdHlaV05sYVhabGNrMVRTVk5FVG4xOUlpd2labk53U1dRaU9pSndZWGxsWldaemNDSjlmU3dpY0dGNVpYSWlPbnNpY0dGeWRIbEpaRWx1Wm04aU9uc2ljR0Z5ZEhsSlpGUjVjR1VpT2lKTlUwbFRSRTRpTENKd1lYSjBlVWxrWlc1MGFXWnBaWElpT2lJeU56Y3hNemd3TXprd05TSXNJbVp6Y0Vsa0lqb2ljR0Y1WlhKbWMzQWlmU3dpY0dWeWMyOXVZV3hKYm1adklqcDdJbU52YlhCc1pYaE9ZVzFsSWpwN0ltWnBjbk4wVG1GdFpTSTZJazFoZEhNaUxDSnNZWE4wVG1GdFpTSTZJa2hoWjIxaGJpSjlMQ0prWVhSbFQyWkNhWEowYUNJNklqRTVPRE10TVRBdE1qVWlmWDBzSW1GdGIzVnVkQ0k2ZXlKaGJXOTFiblFpT2lJeE1EQWlMQ0pqZFhKeVpXNWplU0k2SWxWVFJDSjlMQ0owY21GdWMyRmpkR2x2YmxSNWNHVWlPbnNpYzJObGJtRnlhVzhpT2lKVVVrRk9VMFpGVWlJc0ltbHVhWFJwWVhSdmNpSTZJbEJCV1VWU0lpd2lhVzVwZEdsaGRHOXlWSGx3WlNJNklrTlBUbE5WVFVWU0luMTkA','2023-03-30 15:27:34'),('08ec4e1e-37fb-45bc-8db5-213944faffe4','AYIDaAAAAAAAACcQG2cudHRrc2ltMi5tc2lzZG4uNDU2MTAwMDAwMYIDQGV5SjBjbUZ1YzJGamRHbHZia2xrSWpvaU1EaGxZelJsTVdVdE16ZG1ZaTAwTldKakxUaGtZalV0TWpFek9UUTBabUZtWm1VMElpd2ljWFZ2ZEdWSlpDSTZJakE0WldNMFpURmxMVE0zWm1JdE5EVmlZeTA0WkdJMUxUSXhNemswTkdaaFptWmxOQ0lzSW5CaGVXVmxJanA3SW5CaGNuUjVTV1JKYm1adklqcDdJbkJoY25SNVNXUlVlWEJsSWpvaVRWTkpVMFJPSWl3aWNHRnlkSGxKWkdWdWRHbG1hV1Z5SWpvaU5EVTJNVEF3TURBd01TSXNJbVp6Y0Vsa0lqb2lkSFJyYzJsdE1pSjlMQ0p3WlhKemIyNWhiRWx1Wm04aU9uc2lZMjl0Y0d4bGVFNWhiV1VpT25zaVptbHljM1JPWVcxbElqb2lVbVZqWldsMlpYSkdhWEp6ZENJc0ltMXBaR1JzWlU1aGJXVWlPaUpTWldObGFYWmxjazFwWkdSc1pTSXNJbXhoYzNST1lXMWxJam9pVW1WalpXbDJaWEpNWVhOMEluMHNJbVJoZEdWUFprSnBjblJvSWpvaU1UazROQzB3TVMwd01TSjlMQ0p1WVcxbElqb2lVbVZqWldsMlpYSkdhWEp6ZENCU1pXTmxhWFpsY2t4aGMzUWlmU3dpY0dGNVpYSWlPbnNpY0dGeWRIbEpaRWx1Wm04aU9uc2ljR0Z5ZEhsSlpGUjVjR1VpT2lKTlUwbFRSRTRpTENKd1lYSjBlVWxrWlc1MGFXWnBaWElpT2lJeE5qRXpOVFUxTVRJeE1pSXNJbVp6Y0Vsa0lqb2lkSFJyYzJsdE1TSjlmU3dpWVcxdmRXNTBJanA3SW1GdGIzVnVkQ0k2SWpFd01DSXNJbU4xY25KbGJtTjVJam9pVkZwVEluMHNJblJ5WVc1ellXTjBhVzl1Vkhsd1pTSTZleUp6WTJWdVlYSnBieUk2SWxSU1FVNVRSa1ZTSWl3aWFXNXBkR2xoZEc5eUlqb2lVRUZaUlZJaUxDSnBibWwwYVdGMGIzSlVlWEJsSWpvaVEwOU9VMVZOUlZJaWZTd2libTkwWlNJNklpSjkA','2023-03-30 15:44:12'),('0988aa7f-db40-4a78-ae17-b121992f84a9','AYIDIAAAAAAAACigIGcudHRrcGF5ZWVmc3AubXNpc2RuLjQ0MTIzNDU2Nzg5ggLzZXlKMGNtRnVjMkZqZEdsdmJrbGtJam9pTURrNE9HRmhOMll0WkdJME1DMDBZVGM0TFdGbE1UY3RZakV5TVRrNU1tWTROR0U1SWl3aWNYVnZkR1ZKWkNJNklqZGtPVFl5T0dNMExURmpabVl0TkROa055MWhNalpsTFRBd01tSXlPRGN3T0dFNE5TSXNJbkJoZVdWbElqcDdJbkJoY25SNVNXUkpibVp2SWpwN0luQmhjblI1U1dSVWVYQmxJam9pVFZOSlUwUk9JaXdpY0dGeWRIbEpaR1Z1ZEdsbWFXVnlJam9pTkRReE1qTTBOVFkzT0RraUxDSm1jM0JKWkNJNkluUjBhM0JoZVdWbFpuTndJbjE5TENKd1lYbGxjaUk2ZXlKd1lYSjBlVWxrU1c1bWJ5STZleUp3WVhKMGVVbGtWSGx3WlNJNklrMVRTVk5FVGlJc0luQmhjblI1U1dSbGJuUnBabWxsY2lJNklqUTBNVEl6TkRVMk56ZzVJaXdpWm5Od1NXUWlPaUowWlhOMGFXNW5kRzl2Ykd0cGRHUm1jM0FpZlN3aWNHVnljMjl1WVd4SmJtWnZJanA3SW1OdmJYQnNaWGhPWVcxbElqcDdJbVpwY25OMFRtRnRaU0k2SWtacGNuTjBibUZ0WlMxVVpYTjBJaXdpYkdGemRFNWhiV1VpT2lKTVlYTjBibUZ0WlMxVVpYTjBJbjBzSW1SaGRHVlBaa0pwY25Sb0lqb2lNVGs0TkMwd01TMHdNU0o5ZlN3aVlXMXZkVzUwSWpwN0ltTjFjbkpsYm1ONUlqb2lWVk5FSWl3aVlXMXZkVzUwSWpvaU1UQTBJbjBzSW5SeVlXNXpZV04wYVc5dVZIbHdaU0k2ZXlKelkyVnVZWEpwYnlJNklsUlNRVTVUUmtWU0lpd2lhVzVwZEdsaGRHOXlJam9pVUVGWlJWSWlMQ0pwYm1sMGFXRjBiM0pVZVhCbElqb2lRMDlPVTFWTlJWSWlmWDAA','2023-03-30 15:28:14'),('09c1421d-0adb-4e8b-ad6d-8233b9d7fb15','AYIDMgAAAAAAABV8LmcucGF5ZWVmc3AubXNpc2RuLnskaW5wdXRzLnBheWVlZnNwaWRlbnRpZmllcn2CAvdleUowY21GdWMyRmpkR2x2Ymtsa0lqb2lNRGxqTVRReU1XUXRNR0ZrWWkwMFpUaGlMV0ZrTm1RdE9ESXpNMkk1WkRkbVlqRTFJaXdpY1hWdmRHVkpaQ0k2SWpBeU56WmxNbUl3TFRNell6a3ROREUyTVMwNE16ZGpMVFZqWW1VeU5qWm1NelU1T0NJc0luQmhlV1ZsSWpwN0luQmhjblI1U1dSSmJtWnZJanA3SW5CaGNuUjVTV1JVZVhCbElqb2lUVk5KVTBST0lpd2ljR0Z5ZEhsSlpHVnVkR2xtYVdWeUlqb2lleVJwYm5CMWRITXVjR0Y1WldWbWMzQkpaR1Z1ZEdsbWFXVnlmU0lzSW1aemNFbGtJam9pY0dGNVpXVm1jM0FpZlgwc0luQmhlV1Z5SWpwN0luQmhjblI1U1dSSmJtWnZJanA3SW5CaGNuUjVTV1JVZVhCbElqb2lUVk5KVTBST0lpd2ljR0Z5ZEhsSlpHVnVkR2xtYVdWeUlqb2lNVGN3TXprNE1URTVNRE1pTENKbWMzQkpaQ0k2SW5SbGMzUm1jM0F4SW4wc0luQmxjbk52Ym1Gc1NXNW1ieUk2ZXlKamIyMXdiR1Y0VG1GdFpTSTZleUptYVhKemRFNWhiV1VpT2lKR2FYSnpkRzVoYldVdFZHVnpkQ0lzSW14aGMzUk9ZVzFsSWpvaVRHRnpkRzVoYldVdFZHVnpkQ0o5TENKa1lYUmxUMlpDYVhKMGFDSTZJakU1T0RRdE1ERXRNREVpZlgwc0ltRnRiM1Z1ZENJNmV5SmhiVzkxYm5RaU9pSTFOU0lzSW1OMWNuSmxibU41SWpvaVZGcFRJbjBzSW5SeVlXNXpZV04wYVc5dVZIbHdaU0k2ZXlKelkyVnVZWEpwYnlJNklsUlNRVTVUUmtWU0lpd2lhVzVwZEdsaGRHOXlJam9pVUVGWlJWSWlMQ0pwYm1sMGFXRjBiM0pVZVhCbElqb2lRMDlPVTFWTlJWSWlmWDAA','2023-03-30 15:28:30'),('0b89b060-45dd-471e-9725-0e7423e7f5ec','AYIDaAAAAAAAACcQG2cudHRrc2ltMy5tc2lzZG4uNTY3MTAwMDAwNYIDQGV5SjBjbUZ1YzJGamRHbHZia2xrSWpvaU1HSTRPV0l3TmpBdE5EVmtaQzAwTnpGbExUazNNalV0TUdVM05ESXpaVGRtTldWaklpd2ljWFZ2ZEdWSlpDSTZJakJpT0RsaU1EWXdMVFExWkdRdE5EY3haUzA1TnpJMUxUQmxOelF5TTJVM1pqVmxZeUlzSW5CaGVXVmxJanA3SW5CaGNuUjVTV1JKYm1adklqcDdJbkJoY25SNVNXUlVlWEJsSWpvaVRWTkpVMFJPSWl3aWNHRnlkSGxKWkdWdWRHbG1hV1Z5SWpvaU5UWTNNVEF3TURBd05TSXNJbVp6Y0Vsa0lqb2lkSFJyYzJsdE15SjlMQ0p3WlhKemIyNWhiRWx1Wm04aU9uc2lZMjl0Y0d4bGVFNWhiV1VpT25zaVptbHljM1JPWVcxbElqb2lVbVZqWldsMlpYSkdhWEp6ZENJc0ltMXBaR1JzWlU1aGJXVWlPaUpTWldObGFYWmxjazFwWkdSc1pTSXNJbXhoYzNST1lXMWxJam9pVW1WalpXbDJaWEpNWVhOMEluMHNJbVJoZEdWUFprSnBjblJvSWpvaU1UazROQzB3TVMwd01TSjlMQ0p1WVcxbElqb2lVbVZqWldsMlpYSkdhWEp6ZENCU1pXTmxhWFpsY2t4aGMzUWlmU3dpY0dGNVpYSWlPbnNpY0dGeWRIbEpaRWx1Wm04aU9uc2ljR0Z5ZEhsSlpGUjVjR1VpT2lKTlUwbFRSRTRpTENKd1lYSjBlVWxrWlc1MGFXWnBaWElpT2lJeE5qRXpOVFUxTVRJeE1pSXNJbVp6Y0Vsa0lqb2lkSFJyYzJsdE1TSjlmU3dpWVcxdmRXNTBJanA3SW1GdGIzVnVkQ0k2SWpFd01DSXNJbU4xY25KbGJtTjVJam9pVkZwVEluMHNJblJ5WVc1ellXTjBhVzl1Vkhsd1pTSTZleUp6WTJWdVlYSnBieUk2SWxSU1FVNVRSa1ZTSWl3aWFXNXBkR2xoZEc5eUlqb2lVRUZaUlZJaUxDSnBibWwwYVdGMGIzSlVlWEJsSWpvaVEwOU9VMVZOUlZJaWZTd2libTkwWlNJNklpSjkA','2023-03-30 15:44:09'),('0c6d1f94-515e-45a2-b340-3e02ce0017d8','AYIDaAAAAAAAACcQG2cudHRrc2ltMi5tc2lzZG4uNDU2MTAwMDAwNYIDQGV5SjBjbUZ1YzJGamRHbHZia2xrSWpvaU1HTTJaREZtT1RRdE5URTFaUzAwTldFeUxXSXpOREF0TTJVd01tTmxNREF4TjJRNElpd2ljWFZ2ZEdWSlpDSTZJakJqTm1ReFpqazBMVFV4TldVdE5EVmhNaTFpTXpRd0xUTmxNREpqWlRBd01UZGtPQ0lzSW5CaGVXVmxJanA3SW5CaGNuUjVTV1JKYm1adklqcDdJbkJoY25SNVNXUlVlWEJsSWpvaVRWTkpVMFJPSWl3aWNHRnlkSGxKWkdWdWRHbG1hV1Z5SWpvaU5EVTJNVEF3TURBd05TSXNJbVp6Y0Vsa0lqb2lkSFJyYzJsdE1pSjlMQ0p3WlhKemIyNWhiRWx1Wm04aU9uc2lZMjl0Y0d4bGVFNWhiV1VpT25zaVptbHljM1JPWVcxbElqb2lVbVZqWldsMlpYSkdhWEp6ZENJc0ltMXBaR1JzWlU1aGJXVWlPaUpTWldObGFYWmxjazFwWkdSc1pTSXNJbXhoYzNST1lXMWxJam9pVW1WalpXbDJaWEpNWVhOMEluMHNJbVJoZEdWUFprSnBjblJvSWpvaU1UazROQzB3TVMwd01TSjlMQ0p1WVcxbElqb2lVbVZqWldsMlpYSkdhWEp6ZENCU1pXTmxhWFpsY2t4aGMzUWlmU3dpY0dGNVpYSWlPbnNpY0dGeWRIbEpaRWx1Wm04aU9uc2ljR0Z5ZEhsSlpGUjVjR1VpT2lKTlUwbFRSRTRpTENKd1lYSjBlVWxrWlc1MGFXWnBaWElpT2lJeE5qRXpOVFUxTVRJeE1pSXNJbVp6Y0Vsa0lqb2lkSFJyYzJsdE1TSjlmU3dpWVcxdmRXNTBJanA3SW1GdGIzVnVkQ0k2SWpFd01DSXNJbU4xY25KbGJtTjVJam9pVkZwVEluMHNJblJ5WVc1ellXTjBhVzl1Vkhsd1pTSTZleUp6WTJWdVlYSnBieUk2SWxSU1FVNVRSa1ZTSWl3aWFXNXBkR2xoZEc5eUlqb2lVRUZaUlZJaUxDSnBibWwwYVdGMGIzSlVlWEJsSWpvaVEwOU9VMVZOUlZJaWZTd2libTkwWlNJNklpSjkA','2023-03-30 15:44:12'),('0c911e1c-65bf-4b2d-91b3-e8667feb6fa0','AYIEDQAAAAAAAFJ7HWcudGVzdGZzcDMubXNpc2RuLjI3NzEzODEzOTE2ggPjZXlKMGNtRnVjMkZqZEdsdmJrbGtJam9pTUdNNU1URmxNV010TmpWaVppMDBZakprTFRreFlqTXRaVGcyTmpkbVpXSTJabUV3SWl3aWNYVnZkR1ZKWkNJNklqTTROR0V5TnpVNExUSTVNRGt0TkdKaU5TMWlPRFpoTFRCaE1qY3dPVFprWVRGa09TSXNJbkJoZVdWbElqcDdJbkJoY25SNVNXUkpibVp2SWpwN0luQmhjblI1U1dSVWVYQmxJam9pVFZOSlUwUk9JaXdpY0dGeWRIbEpaR1Z1ZEdsbWFXVnlJam9pTWpjM01UTTRNVE01TVRZaUxDSm1jM0JKWkNJNkluUmxjM1JtYzNBeklpd2laWGgwWlc1emFXOXVUR2x6ZENJNmV5SmxlSFJsYm5OcGIyNGlPbHQ3SW10bGVTSTZJbUZqWTI5MWJuUlVlWEJsSWl3aWRtRnNkV1VpT2lKQ1lXNXJJbjFkZlgwc0luQmxjbk52Ym1Gc1NXNW1ieUk2ZXlKamIyMXdiR1Y0VG1GdFpTSTZleUptYVhKemRFNWhiV1VpT2lKMFpYTjBabk53TTBKaGJtdEdibUZ0WlNJc0lteGhjM1JPWVcxbElqb2lkR1Z6ZEdaemNETkNZVzVyVEc1aGJXVWlmU3dpWkdGMFpVOW1RbWx5ZEdnaU9pSXhPVGcxTFRBMUxURXpJbjE5TENKd1lYbGxjaUk2ZXlKd1lYSjBlVWxrU1c1bWJ5STZleUp3WVhKMGVVbGtWSGx3WlNJNklrMVRTVk5FVGlJc0luQmhjblI1U1dSbGJuUnBabWxsY2lJNklqSTNOekV6T0RFek9URTBJaXdpWm5Od1NXUWlPaUowWlhOMFpuTndNU0lzSW1WNGRHVnVjMmx2Ymt4cGMzUWlPbnNpWlhoMFpXNXphVzl1SWpwYmV5SnJaWGtpT2lKaFkyTnZkVzUwVkhsd1pTSXNJblpoYkhWbElqb2lRbUZ1YXlKOVhYMTlMQ0p1WVcxbElqb2lkR1Z6ZEdaemNERkNZVzVyUm01aGJXVWdkR1Z6ZEdaemNERkNZVzVyVEc1aGJXVWlmU3dpWVcxdmRXNTBJanA3SW1GdGIzVnVkQ0k2SWpJeE1TNHhOU0lzSW1OMWNuSmxibU41SWpvaVNVNVNJbjBzSW5SeVlXNXpZV04wYVc5dVZIbHdaU0k2ZXlKelkyVnVZWEpwYnlJNklsUlNRVTVUUmtWU0lpd2lhVzVwZEdsaGRHOXlJam9pVUVGWlJWSWlMQ0pwYm1sMGFXRjBiM0pVZVhCbElqb2lRMDlPVTFWTlJWSWlmWDAA','2023-03-30 15:30:07'),('0e24a7e9-a152-4cbe-8d71-be1012db6e31','AYIDGQAAAAAAACcQHWcucGF5ZWVmc3AubXNpc2RuLjE3MDM5ODExOTAyggLvZXlKMGNtRnVjMkZqZEdsdmJrbGtJam9pTUdVeU5HRTNaVGt0WVRFMU1pMDBZMkpsTFRoa056RXRZbVV4TURFeVpHSTJaVE14SWl3aWNYVnZkR1ZKWkNJNkltUm1NRFUwTVRVMkxUa3paVGt0TkRjMll5MDRNemd4TFRZek5EaGhNemM1WkRnNE1pSXNJbkJoZVdWbElqcDdJbkJoY25SNVNXUkpibVp2SWpwN0luQmhjblI1U1dSVWVYQmxJam9pVFZOSlUwUk9JaXdpY0dGeWRIbEpaR1Z1ZEdsbWFXVnlJam9pTVRjd016azRNVEU1TURJaUxDSm1jM0JKWkNJNkluQmhlV1ZsWm5Od0luMTlMQ0p3WVhsbGNpSTZleUp3WVhKMGVVbGtTVzVtYnlJNmV5SndZWEowZVVsa1ZIbHdaU0k2SWsxVFNWTkVUaUlzSW5CaGNuUjVTV1JsYm5ScFptbGxjaUk2SWpRME1USXpORFUyTnpnNUlpd2labk53U1dRaU9pSjBaWE4wYVc1bmRHOXZiR3RwZEdSbWMzQWlmU3dpY0dWeWMyOXVZV3hKYm1adklqcDdJbU52YlhCc1pYaE9ZVzFsSWpwN0ltWnBjbk4wVG1GdFpTSTZJa1pwY25OMGJtRnRaUzFVWlhOMElpd2liR0Z6ZEU1aGJXVWlPaUpNWVhOMGJtRnRaUzFVWlhOMEluMHNJbVJoZEdWUFprSnBjblJvSWpvaU1UazROQzB3TVMwd01TSjlmU3dpWVcxdmRXNTBJanA3SW1GdGIzVnVkQ0k2SWpFd01DSXNJbU4xY25KbGJtTjVJam9pVlZORUluMHNJblJ5WVc1ellXTjBhVzl1Vkhsd1pTSTZleUp6WTJWdVlYSnBieUk2SWxSU1FVNVRSa1ZTSWl3aWFXNXBkR2xoZEc5eUlqb2lVRUZaUlZJaUxDSnBibWwwYVdGMGIzSlVlWEJsSWpvaVEwOU9VMVZOUlZJaWZYMAA','2023-03-30 15:27:30'),('0e7a2c63-0075-4092-9247-8df2b0bfda4c','AYIDBQAAAAAAACcQJGcucGF5ZWVmc3AubXNpc2RuLnt7cmVjZWl2ZXJtc2lzZG59fYIC1GV5SjBjbUZ1YzJGamRHbHZia2xrSWpvaVptVXhNREU0Wm1NdE1EaGxZeTAwWWpJM0xUbGpZalF0TnpjMk9URTFNR00zT1dKaklpd2ljWFZ2ZEdWSlpDSTZJbVpsTVRBeE9HWmpMVEE0WldNdE5HSXlOeTA1WTJJMExUYzNOamt4TlRCak56bGlZeUlzSW5CaGVXVmxJanA3SW5CaGNuUjVTV1JKYm1adklqcDdJbkJoY25SNVNXUlVlWEJsSWpvaVRWTkpVMFJPSWl3aWNHRnlkSGxKWkdWdWRHbG1hV1Z5SWpvaWUzdHlaV05sYVhabGNrMVRTVk5FVG4xOUlpd2labk53U1dRaU9pSndZWGxsWldaemNDSjlmU3dpY0dGNVpYSWlPbnNpY0dGeWRIbEpaRWx1Wm04aU9uc2ljR0Z5ZEhsSlpGUjVjR1VpT2lKTlUwbFRSRTRpTENKd1lYSjBlVWxrWlc1MGFXWnBaWElpT2lJeU56Y3hNemd3TXprd05TSXNJbVp6Y0Vsa0lqb2ljR0Y1WlhKbWMzQWlmU3dpY0dWeWMyOXVZV3hKYm1adklqcDdJbU52YlhCc1pYaE9ZVzFsSWpwN0ltWnBjbk4wVG1GdFpTSTZJazFoZEhNaUxDSnNZWE4wVG1GdFpTSTZJa2hoWjIxaGJpSjlMQ0prWVhSbFQyWkNhWEowYUNJNklqRTVPRE10TVRBdE1qVWlmWDBzSW1GdGIzVnVkQ0k2ZXlKaGJXOTFiblFpT2lJeE1EQWlMQ0pqZFhKeVpXNWplU0k2SWxWVFJDSjlMQ0owY21GdWMyRmpkR2x2YmxSNWNHVWlPbnNpYzJObGJtRnlhVzhpT2lKVVVrRk9VMFpGVWlJc0ltbHVhWFJwWVhSdmNpSTZJbEJCV1VWU0lpd2lhVzVwZEdsaGRHOXlWSGx3WlNJNklrTlBUbE5WVFVWU0luMTkA','2023-03-30 15:37:01'),('0ef3a9ec-921a-4e58-bc78-4c137da5b9a7','AYIENAAAkAcPi_ACHWcudGVzdGZzcDEubXNpc2RuLjE3MDM5ODExOTAzggQKZXlKMGNtRnVjMkZqZEdsdmJrbGtJam9pTUdWbU0yRTVaV010T1RJeFlTMDBaVFU0TFdKak56Z3ROR014TXpka1lUVmlPV0UzSWl3aWNYVnZkR1ZKWkNJNklqQTRPVEV4TkRRNUxURmpaVEF0TkdRNE1TMWhObU5oTFRRek1UbGtOV0V6TmpNM05TSXNJbkJoZVdWbElqcDdJbkJoY25SNVNXUkpibVp2SWpwN0luQmhjblI1U1dSVWVYQmxJam9pVFZOSlUwUk9JaXdpY0dGeWRIbEpaR1Z1ZEdsbWFXVnlJam9pTVRjd016azRNVEU1TURNaUxDSm1jM0JKWkNJNkluUmxjM1JtYzNBeElpd2laWGgwWlc1emFXOXVUR2x6ZENJNmV5SmxlSFJsYm5OcGIyNGlPbHQ3SW10bGVTSTZJbUZqWTI5MWJuUlVlWEJsSWl3aWRtRnNkV1VpT2lKWFlXeHNaWFFpZlYxOWZTd2ljR1Z5YzI5dVlXeEpibVp2SWpwN0ltTnZiWEJzWlhoT1lXMWxJanA3SW1acGNuTjBUbUZ0WlNJNklsUmxjM1JtYzNBeFJtbHljM1FpTENKdGFXUmtiR1ZPWVcxbElqb2lWR1Z6ZEdaemNERk5hV1JrYkdVaUxDSnNZWE4wVG1GdFpTSTZJbFJsYzNSbWMzQXhUR0Z6ZENKOUxDSmtZWFJsVDJaQ2FYSjBhQ0k2SWpJd01UQXRNVEF0TVRBaWZYMHNJbkJoZVdWeUlqcDdJbkJoY25SNVNXUkpibVp2SWpwN0luQmhjblI1U1dSVWVYQmxJam9pVFZOSlUwUk9JaXdpY0dGeWRIbEpaR1Z1ZEdsbWFXVnlJam9pTVRjNE9URXlNems0TnpJaUxDSm1jM0JKWkNJNkluUmxjM1JtYzNBMElpd2laWGgwWlc1emFXOXVUR2x6ZENJNmV5SmxlSFJsYm5OcGIyNGlPbHQ3SW10bGVTSTZJbUZqWTI5MWJuUlVlWEJsSWl3aWRtRnNkV1VpT2lKWFlXeHNaWFFpZlYxOWZTd2libUZ0WlNJNkluUmxjM1JtYzNBMFYyRnNiR1YwUm01aGJXVWdkR1Z6ZEdaemNEUlhZV3hzWlhSTWJtRnRaU0o5TENKaGJXOTFiblFpT25zaVlXMXZkVzUwSWpvaU1UVTRMak0ySWl3aVkzVnljbVZ1WTNraU9pSkpUbElpZlN3aWRISmhibk5oWTNScGIyNVVlWEJsSWpwN0luTmpaVzVoY21sdklqb2lWRkpCVGxOR1JWSWlMQ0pwYm1sMGFXRjBiM0lpT2lKUVFWbEZVaUlzSW1sdWFYUnBZWFJ2Y2xSNWNHVWlPaUpEVDA1VFZVMUZVaUo5ZlEA','2023-03-30 15:30:06'),('120cacd2-2d94-4e3d-87c9-9c67f83dfe77','AYIELgAAAAAAAAiYHWcudGVzdGZzcDEubXNpc2RuLjE3MDM5ODExOTAzggQEZXlKMGNtRnVjMkZqZEdsdmJrbGtJam9pTVRJd1kyRmpaREl0TW1RNU5DMDBaVE5rTFRnM1l6a3RPV00yTjJZNE0yUm1aVGMzSWl3aWNYVnZkR1ZKWkNJNklqTmlZell3T1dVMkxXTTJNV0V0TkRZeVlpMDRaR0ZrTFRnNU1XSTBOV0kwTVdRNE15SXNJbkJoZVdWbElqcDdJbkJoY25SNVNXUkpibVp2SWpwN0luQmhjblI1U1dSVWVYQmxJam9pVFZOSlUwUk9JaXdpY0dGeWRIbEpaR1Z1ZEdsbWFXVnlJam9pTVRjd016azRNVEU1TURNaUxDSm1jM0JKWkNJNkluUmxjM1JtYzNBeElpd2laWGgwWlc1emFXOXVUR2x6ZENJNmV5SmxlSFJsYm5OcGIyNGlPbHQ3SW10bGVTSTZJbUZqWTI5MWJuUlVlWEJsSWl3aWRtRnNkV1VpT2lKWFlXeHNaWFFpZlYxOWZTd2ljR1Z5YzI5dVlXeEpibVp2SWpwN0ltTnZiWEJzWlhoT1lXMWxJanA3SW1acGNuTjBUbUZ0WlNJNklsUmxjM1JtYzNBeFJtbHljM1FpTENKdGFXUmtiR1ZPWVcxbElqb2lWR1Z6ZEdaemNERk5hV1JrYkdVaUxDSnNZWE4wVG1GdFpTSTZJbFJsYzNSbWMzQXhUR0Z6ZENKOUxDSmtZWFJsVDJaQ2FYSjBhQ0k2SWpJd01UQXRNVEF0TVRBaWZYMHNJbkJoZVdWeUlqcDdJbkJoY25SNVNXUkpibVp2SWpwN0luQmhjblI1U1dSVWVYQmxJam9pVFZOSlUwUk9JaXdpY0dGeWRIbEpaR1Z1ZEdsbWFXVnlJam9pTVRjNE9URXlNems0TnpNaUxDSm1jM0JKWkNJNkluUmxjM1JtYzNBeklpd2laWGgwWlc1emFXOXVUR2x6ZENJNmV5SmxlSFJsYm5OcGIyNGlPbHQ3SW10bGVTSTZJbUZqWTI5MWJuUlVlWEJsSWl3aWRtRnNkV1VpT2lKWFlXeHNaWFFpZlYxOWZTd2libUZ0WlNJNkluUmxjM1JtYzNBelYyRnNiR1YwUm01aGJXVWdkR1Z6ZEdaemNETlhZV3hzWlhSTWJtRnRaU0o5TENKaGJXOTFiblFpT25zaVlXMXZkVzUwSWpvaU1qSWlMQ0pqZFhKeVpXNWplU0k2SWtsT1VpSjlMQ0owY21GdWMyRmpkR2x2YmxSNWNHVWlPbnNpYzJObGJtRnlhVzhpT2lKVVVrRk9VMFpGVWlJc0ltbHVhWFJwWVhSdmNpSTZJbEJCV1VWU0lpd2lhVzVwZEdsaGRHOXlWSGx3WlNJNklrTlBUbE5WVFVWU0luMTkA','2023-03-30 15:29:59'),('13763f01-75ea-45fe-9020-2e36e288dc38','AYIENAAAAAAAAFJ3HWcudGVzdGZzcDEubXNpc2RuLjE3MDM5ODExOTAzggQKZXlKMGNtRnVjMkZqZEdsdmJrbGtJam9pTVRNM05qTm1NREV0TnpWbFlTMDBOV1psTFRrd01qQXRNbVV6Tm1VeU9EaGtZek00SWl3aWNYVnZkR1ZKWkNJNklqUXdOV05sTVdNM0xUWXpNMk10TkRBeFpTMWlZMlE1TFRSaU9HRTVNbU16T1RBMk55SXNJbkJoZVdWbElqcDdJbkJoY25SNVNXUkpibVp2SWpwN0luQmhjblI1U1dSVWVYQmxJam9pVFZOSlUwUk9JaXdpY0dGeWRIbEpaR1Z1ZEdsbWFXVnlJam9pTVRjd016azRNVEU1TURNaUxDSm1jM0JKWkNJNkluUmxjM1JtYzNBeElpd2laWGgwWlc1emFXOXVUR2x6ZENJNmV5SmxlSFJsYm5OcGIyNGlPbHQ3SW10bGVTSTZJbUZqWTI5MWJuUlVlWEJsSWl3aWRtRnNkV1VpT2lKWFlXeHNaWFFpZlYxOWZTd2ljR1Z5YzI5dVlXeEpibVp2SWpwN0ltTnZiWEJzWlhoT1lXMWxJanA3SW1acGNuTjBUbUZ0WlNJNklsUmxjM1JtYzNBeFJtbHljM1FpTENKdGFXUmtiR1ZPWVcxbElqb2lWR1Z6ZEdaemNERk5hV1JrYkdVaUxDSnNZWE4wVG1GdFpTSTZJbFJsYzNSbWMzQXhUR0Z6ZENKOUxDSmtZWFJsVDJaQ2FYSjBhQ0k2SWpJd01UQXRNVEF0TVRBaWZYMHNJbkJoZVdWeUlqcDdJbkJoY25SNVNXUkpibVp2SWpwN0luQmhjblI1U1dSVWVYQmxJam9pVFZOSlUwUk9JaXdpY0dGeWRIbEpaR1Z1ZEdsbWFXVnlJam9pTVRjd016azRNVEU1TURRaUxDSm1jM0JKWkNJNkluUmxjM1JtYzNBeUlpd2laWGgwWlc1emFXOXVUR2x6ZENJNmV5SmxlSFJsYm5OcGIyNGlPbHQ3SW10bGVTSTZJbUZqWTI5MWJuUlVlWEJsSWl3aWRtRnNkV1VpT2lKWFlXeHNaWFFpZlYxOWZTd2libUZ0WlNJNkluUmxjM1JtYzNBeVYyRnNiR1YwUm01aGJXVWdkR1Z6ZEdaemNESlhZV3hzWlhSTWJtRnRaU0o5TENKaGJXOTFiblFpT25zaVlXMXZkVzUwSWpvaU1qRXhMakV4SWl3aVkzVnljbVZ1WTNraU9pSkpUbElpZlN3aWRISmhibk5oWTNScGIyNVVlWEJsSWpwN0luTmpaVzVoY21sdklqb2lWRkpCVGxOR1JWSWlMQ0pwYm1sMGFXRjBiM0lpT2lKUVFWbEZVaUlzSW1sdWFYUnBZWFJ2Y2xSNWNHVWlPaUpEVDA1VFZVMUZVaUo5ZlEA','2023-03-30 15:29:48'),('145a14a5-d1cc-4249-8dd4-ba28d0146d14','AYIELgAAAAAAAAXcHWcudGVzdGZzcDEubXNpc2RuLjE3MDM5ODExOTAzggQEZXlKMGNtRnVjMkZqZEdsdmJrbGtJam9pTVRRMVlURTBZVFV0WkRGall5MDBNalE1TFRoa1pEUXRZbUV5T0dRd01UUTJaREUwSWl3aWNYVnZkR1ZKWkNJNkltTXhNbVV6TURoaExXWXlPR0V0TkRjNE15MDRPRGhpTFRJd01ETXdabUZrWldNM01DSXNJbkJoZVdWbElqcDdJbkJoY25SNVNXUkpibVp2SWpwN0luQmhjblI1U1dSVWVYQmxJam9pVFZOSlUwUk9JaXdpY0dGeWRIbEpaR1Z1ZEdsbWFXVnlJam9pTVRjd016azRNVEU1TURNaUxDSm1jM0JKWkNJNkluUmxjM1JtYzNBeElpd2laWGgwWlc1emFXOXVUR2x6ZENJNmV5SmxlSFJsYm5OcGIyNGlPbHQ3SW10bGVTSTZJbUZqWTI5MWJuUlVlWEJsSWl3aWRtRnNkV1VpT2lKWFlXeHNaWFFpZlYxOWZTd2ljR1Z5YzI5dVlXeEpibVp2SWpwN0ltTnZiWEJzWlhoT1lXMWxJanA3SW1acGNuTjBUbUZ0WlNJNklsUmxjM1JtYzNBeFJtbHljM1FpTENKdGFXUmtiR1ZPWVcxbElqb2lWR1Z6ZEdaemNERk5hV1JrYkdVaUxDSnNZWE4wVG1GdFpTSTZJbFJsYzNSbWMzQXhUR0Z6ZENKOUxDSmtZWFJsVDJaQ2FYSjBhQ0k2SWpJd01UQXRNVEF0TVRBaWZYMHNJbkJoZVdWeUlqcDdJbkJoY25SNVNXUkpibVp2SWpwN0luQmhjblI1U1dSVWVYQmxJam9pVFZOSlUwUk9JaXdpY0dGeWRIbEpaR1Z1ZEdsbWFXVnlJam9pTVRjNE9URXlNems0TnpNaUxDSm1jM0JKWkNJNkluUmxjM1JtYzNBeklpd2laWGgwWlc1emFXOXVUR2x6ZENJNmV5SmxlSFJsYm5OcGIyNGlPbHQ3SW10bGVTSTZJbUZqWTI5MWJuUlVlWEJsSWl3aWRtRnNkV1VpT2lKWFlXeHNaWFFpZlYxOWZTd2libUZ0WlNJNkluUmxjM1JtYzNBelYyRnNiR1YwUm01aGJXVWdkR1Z6ZEdaemNETlhZV3hzWlhSTWJtRnRaU0o5TENKaGJXOTFiblFpT25zaVlXMXZkVzUwSWpvaU1UVWlMQ0pqZFhKeVpXNWplU0k2SWtsT1VpSjlMQ0owY21GdWMyRmpkR2x2YmxSNWNHVWlPbnNpYzJObGJtRnlhVzhpT2lKVVVrRk9VMFpGVWlJc0ltbHVhWFJwWVhSdmNpSTZJbEJCV1VWU0lpd2lhVzVwZEdsaGRHOXlWSGx3WlNJNklrTlBUbE5WVFVWU0luMTkA','2023-03-30 15:39:12'),('146fc31c-a58d-4db0-b8e8-22397042a0d6','AYIC9AAAAAAAABdwHWcucGF5ZWVmc3AubXNpc2RuLjIyNTU2OTk5MTI1ggLKZXlKMGNtRnVjMkZqZEdsdmJrbGtJam9pWmpRMFltUmtOV010WXpreE1DMDBZVGt3TFRoa05qa3RaR0ppWVRaaVl6aGxZVFpqSWl3aWNYVnZkR1ZKWkNJNklqVTBaRFZtTURsaUxXRTBOMlF0TkRCa05pMWhZVEEzTFdFNVkyWXpZbUl5TkRsaFpDSXNJbkJoZVdWbElqcDdJbkJoY25SNVNXUkpibVp2SWpwN0luQmhjblI1U1dSVWVYQmxJam9pVFZOSlUwUk9JaXdpY0dGeWRIbEpaR1Z1ZEdsbWFXVnlJam9pTWpJMU5UWTVPVGt4TWpVaUxDSm1jM0JKWkNJNkluQmhlV1ZsWm5Od0luMTlMQ0p3WVhsbGNpSTZleUp3WVhKMGVVbGtTVzVtYnlJNmV5SndZWEowZVVsa1ZIbHdaU0k2SWsxVFNWTkVUaUlzSW5CaGNuUjVTV1JsYm5ScFptbGxjaUk2SWpJeU5UQTNNREE0TVRneElpd2labk53U1dRaU9pSndZWGxsY21aemNDSjlMQ0p3WlhKemIyNWhiRWx1Wm04aU9uc2lZMjl0Y0d4bGVFNWhiV1VpT25zaVptbHljM1JPWVcxbElqb2lUV0YwY3lJc0lteGhjM1JPWVcxbElqb2lTR0ZuYldGdUluMHNJbVJoZEdWUFprSnBjblJvSWpvaU1UazRNeTB4TUMweU5TSjlmU3dpWVcxdmRXNTBJanA3SW1GdGIzVnVkQ0k2SWpZd0lpd2lZM1Z5Y21WdVkza2lPaUpWVTBRaWZTd2lkSEpoYm5OaFkzUnBiMjVVZVhCbElqcDdJbk5qWlc1aGNtbHZJam9pVkZKQlRsTkdSVklpTENKcGJtbDBhV0YwYjNJaU9pSlFRVmxGVWlJc0ltbHVhWFJwWVhSdmNsUjVjR1VpT2lKRFQwNVRWVTFGVWlKOWZRAA','2023-03-30 15:39:49'),('1519d8e6-0d64-403f-9c5d-a7d0f0aa2a95','AYIDCgAAAAAAAA2sHWcudGVzdGZzcDEubXNpc2RuLjE3MDM5ODExOTAzggLgZXlKMGNtRnVjMkZqZEdsdmJrbGtJam9pTVRVeE9XUTRaVFl0TUdRMk5DMDBNRE5tTFRsak5XUXRZVGRrTUdZd1lXRXlZVGsxSWl3aWNYVnZkR1ZKWkNJNkltTTRZVEpqTnpsa0xUVXhORE10TkRsaE5TMDVORFl5TFRJMk5HRXdaV1ZtWXpZeU1pSXNJbkJoZVdWbElqcDdJbkJoY25SNVNXUkpibVp2SWpwN0luQmhjblI1U1dSVWVYQmxJam9pVFZOSlUwUk9JaXdpY0dGeWRIbEpaR1Z1ZEdsbWFXVnlJam9pTVRjd016azRNVEU1TURNaUxDSm1jM0JKWkNJNkluUmxjM1JtYzNBeEluMTlMQ0p3WVhsbGNpSTZleUp3WVhKMGVVbGtTVzVtYnlJNmV5SndZWEowZVVsa1ZIbHdaU0k2SWsxVFNWTkVUaUlzSW5CaGNuUjVTV1JsYm5ScFptbGxjaUk2SWpFM01ETTVPREV4T1RBeElpd2labk53U1dRaU9pSndZWGxsY21aemNDSjlMQ0p3WlhKemIyNWhiRWx1Wm04aU9uc2lZMjl0Y0d4bGVFNWhiV1VpT25zaVptbHljM1JPWVcxbElqb2lSbWx5YzNSdVlXMWxMVlJsYzNRaUxDSnNZWE4wVG1GdFpTSTZJa3hoYzNSdVlXMWxMVlJsYzNRaWZTd2laR0YwWlU5bVFtbHlkR2dpT2lJeE9UZzBMVEF4TFRBeEluMTlMQ0poYlc5MWJuUWlPbnNpWVcxdmRXNTBJam9pTXpVaUxDSmpkWEp5Wlc1amVTSTZJbFJhVXlKOUxDSjBjbUZ1YzJGamRHbHZibFI1Y0dVaU9uc2ljMk5sYm1GeWFXOGlPaUpVVWtGT1UwWkZVaUlzSW1sdWFYUnBZWFJ2Y2lJNklsQkJXVVZTSWl3aWFXNXBkR2xoZEc5eVZIbHdaU0k2SWtOUFRsTlZUVVZTSW4xOQA','2023-03-30 15:38:53'),('1556d74c-11fc-42bc-9d4e-d9772c5ce069','AYIDIAAAAAAAACd0IGcudHRrcGF5ZWVmc3AubXNpc2RuLjQ0MTIzNDU2Nzg5ggLzZXlKMGNtRnVjMkZqZEdsdmJrbGtJam9pTVRVMU5tUTNOR010TVRGbVl5MDBNbUpqTFRsa05HVXRaRGszTnpKak5XTmxNRFk1SWl3aWNYVnZkR1ZKWkNJNkltSmlaREUwTjJRMExUaG1aVFF0TkdNd05TMDVOVFZoTFdRME16VTVOak5oTXpaak1DSXNJbkJoZVdWbElqcDdJbkJoY25SNVNXUkpibVp2SWpwN0luQmhjblI1U1dSVWVYQmxJam9pVFZOSlUwUk9JaXdpY0dGeWRIbEpaR1Z1ZEdsbWFXVnlJam9pTkRReE1qTTBOVFkzT0RraUxDSm1jM0JKWkNJNkluUjBhM0JoZVdWbFpuTndJbjE5TENKd1lYbGxjaUk2ZXlKd1lYSjBlVWxrU1c1bWJ5STZleUp3WVhKMGVVbGtWSGx3WlNJNklrMVRTVk5FVGlJc0luQmhjblI1U1dSbGJuUnBabWxsY2lJNklqUTBNVEl6TkRVMk56ZzVJaXdpWm5Od1NXUWlPaUowWlhOMGFXNW5kRzl2Ykd0cGRHUm1jM0FpZlN3aWNHVnljMjl1WVd4SmJtWnZJanA3SW1OdmJYQnNaWGhPWVcxbElqcDdJbVpwY25OMFRtRnRaU0k2SWtacGNuTjBibUZ0WlMxVVpYTjBJaXdpYkdGemRFNWhiV1VpT2lKTVlYTjBibUZ0WlMxVVpYTjBJbjBzSW1SaGRHVlBaa0pwY25Sb0lqb2lNVGs0TkMwd01TMHdNU0o5ZlN3aVlXMXZkVzUwSWpwN0ltTjFjbkpsYm1ONUlqb2lWVk5FSWl3aVlXMXZkVzUwSWpvaU1UQXhJbjBzSW5SeVlXNXpZV04wYVc5dVZIbHdaU0k2ZXlKelkyVnVZWEpwYnlJNklsUlNRVTVUUmtWU0lpd2lhVzVwZEdsaGRHOXlJam9pVUVGWlJWSWlMQ0pwYm1sMGFXRjBiM0pVZVhCbElqb2lRMDlPVTFWTlJWSWlmWDAA','2023-03-30 15:37:27'),('17baf843-39e5-4ed0-a7b6-eed4e08a897a','AYIDTAAAAAAAAAPoHWcucGF5ZWVmc3AubXNpc2RuLjE3MDM5ODExOTAyggMiZXlKMGNtRnVjMkZqZEdsdmJrbGtJam9pTVRkaVlXWTRORE10TXpsbE5TMDBaV1F3TFdFM1lqWXRaV1ZrTkdVd09HRTRPVGRoSWl3aWNYVnZkR1ZKWkNJNklqZzBZV1ZqTVdJMExXWTRORGt0TkdWallTMDVOalJpTFdRd1pHVXpZakkxTXpRNFppSXNJbkJoZVdWbElqcDdJbkJoY25SNVNXUkpibVp2SWpwN0luQmhjblI1U1dSVWVYQmxJam9pVFZOSlUwUk9JaXdpY0dGeWRIbEpaR1Z1ZEdsbWFXVnlJam9pTVRjd016azRNVEU1TURJaUxDSm1jM0JKWkNJNkluQmhlV1ZsWm5Od0luMHNJbkJsY25OdmJtRnNTVzVtYnlJNmV5SmpiMjF3YkdWNFRtRnRaU0k2ZXlKbWFYSnpkRTVoYldVaU9pSlFZWGxsWlVacGNuTjBJaXdpYldsa1pHeGxUbUZ0WlNJNklsQmhlV1ZsVFdsa1pHeGxJaXdpYkdGemRFNWhiV1VpT2lKUVlYbGxaVXhoYzNRaWZTd2laR0YwWlU5bVFtbHlkR2dpT2lJeU1ERXdMVEV3TFRFd0luMTlMQ0p3WVhsbGNpSTZleUp3WVhKMGVVbGtTVzVtYnlJNmV5SndZWEowZVVsa1ZIbHdaU0k2SWsxVFNWTkVUaUlzSW5CaGNuUjVTV1JsYm5ScFptbGxjaUk2SWpFM01ETTVPREV4T1RBeElpd2labk53U1dRaU9pSndZWGxsY21aemNDSjlMQ0p1WVcxbElqb2lVR0Y1WlhKR2FYSnpkQ0JRWVhsbGNreGhjM1FpZlN3aVlXMXZkVzUwSWpwN0ltRnRiM1Z1ZENJNklqRXdJaXdpWTNWeWNtVnVZM2tpT2lKVlUwUWlmU3dpZEhKaGJuTmhZM1JwYjI1VWVYQmxJanA3SW5OalpXNWhjbWx2SWpvaVZGSkJUbE5HUlZJaUxDSnBibWwwYVdGMGIzSWlPaUpRUVZsRlVpSXNJbWx1YVhScFlYUnZjbFI1Y0dVaU9pSkRUMDVUVlUxRlVpSjlmUQA','2023-03-30 15:27:54'),('17bb9609-9b76-46fc-a04e-7439208be1a5','AYIC9AAAAAAAABdwHWcucGF5ZWVmc3AubXNpc2RuLjIyNTU2OTk5MTI1ggLKZXlKMGNtRnVjMkZqZEdsdmJrbGtJam9pWmpRMFltUmtOV010WXpreE1DMDBZVGt3TFRoa05qa3RaR0ppWVRaaVl6aGxZVFpqSWl3aWNYVnZkR1ZKWkNJNklqVTBaRFZtTURsaUxXRTBOMlF0TkRCa05pMWhZVEEzTFdFNVkyWXpZbUl5TkRsaFpDSXNJbkJoZVdWbElqcDdJbkJoY25SNVNXUkpibVp2SWpwN0luQmhjblI1U1dSVWVYQmxJam9pVFZOSlUwUk9JaXdpY0dGeWRIbEpaR1Z1ZEdsbWFXVnlJam9pTWpJMU5UWTVPVGt4TWpVaUxDSm1jM0JKWkNJNkluQmhlV1ZsWm5Od0luMTlMQ0p3WVhsbGNpSTZleUp3WVhKMGVVbGtTVzVtYnlJNmV5SndZWEowZVVsa1ZIbHdaU0k2SWsxVFNWTkVUaUlzSW5CaGNuUjVTV1JsYm5ScFptbGxjaUk2SWpJeU5UQTNNREE0TVRneElpd2labk53U1dRaU9pSndZWGxsY21aemNDSjlMQ0p3WlhKemIyNWhiRWx1Wm04aU9uc2lZMjl0Y0d4bGVFNWhiV1VpT25zaVptbHljM1JPWVcxbElqb2lUV0YwY3lJc0lteGhjM1JPWVcxbElqb2lTR0ZuYldGdUluMHNJbVJoZEdWUFprSnBjblJvSWpvaU1UazRNeTB4TUMweU5TSjlmU3dpWVcxdmRXNTBJanA3SW1GdGIzVnVkQ0k2SWpZd0lpd2lZM1Z5Y21WdVkza2lPaUpWVTBRaWZTd2lkSEpoYm5OaFkzUnBiMjVVZVhCbElqcDdJbk5qWlc1aGNtbHZJam9pVkZKQlRsTkdSVklpTENKcGJtbDBhV0YwYjNJaU9pSlFRVmxGVWlJc0ltbHVhWFJwWVhSdmNsUjVjR1VpT2lKRFQwNVRWVTFGVWlKOWZRAA','2023-03-30 15:39:46'),('1ef36114-1c57-4edc-9de4-1542df184b72','AYIDCgAAAAAAABdwHWcudGVzdGZzcDIubXNpc2RuLjE3MDM5ODExOTA0ggLgZXlKMGNtRnVjMkZqZEdsdmJrbGtJam9pTVdWbU16WXhNVFF0TVdNMU55MDBaV1JqTFRsa1pUUXRNVFUwTW1SbU1UZzBZamN5SWl3aWNYVnZkR1ZKWkNJNklqbG1PRFl5Wm1OakxUYzNZMlV0TkRKallTMDRZMk16TFRBell6WXhNVE16T0RabE1pSXNJbkJoZVdWbElqcDdJbkJoY25SNVNXUkpibVp2SWpwN0luQmhjblI1U1dSVWVYQmxJam9pVFZOSlUwUk9JaXdpY0dGeWRIbEpaR1Z1ZEdsbWFXVnlJam9pTVRjd016azRNVEU1TURRaUxDSm1jM0JKWkNJNkluUmxjM1JtYzNBeUluMTlMQ0p3WVhsbGNpSTZleUp3WVhKMGVVbGtTVzVtYnlJNmV5SndZWEowZVVsa1ZIbHdaU0k2SWsxVFNWTkVUaUlzSW5CaGNuUjVTV1JsYm5ScFptbGxjaUk2SWpFM01ETTVPREV4T1RBeklpd2labk53U1dRaU9pSjBaWE4wWm5Od01TSjlMQ0p3WlhKemIyNWhiRWx1Wm04aU9uc2lZMjl0Y0d4bGVFNWhiV1VpT25zaVptbHljM1JPWVcxbElqb2lSbWx5YzNSdVlXMWxMVlJsYzNRaUxDSnNZWE4wVG1GdFpTSTZJa3hoYzNSdVlXMWxMVlJsYzNRaWZTd2laR0YwWlU5bVFtbHlkR2dpT2lJeE9UZzBMVEF4TFRBeEluMTlMQ0poYlc5MWJuUWlPbnNpWVcxdmRXNTBJam9pTmpBaUxDSmpkWEp5Wlc1amVTSTZJbFJhVXlKOUxDSjBjbUZ1YzJGamRHbHZibFI1Y0dVaU9uc2ljMk5sYm1GeWFXOGlPaUpVVWtGT1UwWkZVaUlzSW1sdWFYUnBZWFJ2Y2lJNklsQkJXVVZTSWl3aWFXNXBkR2xoZEc5eVZIbHdaU0k2SWtOUFRsTlZUVVZTSW4xOQA','2023-03-30 15:29:22'),('1fa780f9-83ab-4954-8d59-cb7ee112128b','AYIDMgAAAAAAAA2sLmcudGVzdGZzcDIubXNpc2RuLnskaW5wdXRzLnBheWVlZnNwaWRlbnRpZmllcn2CAvdleUowY21GdWMyRmpkR2x2Ymtsa0lqb2lNV1poTnpnd1pqa3RPRE5oWWkwME9UVTBMVGhrTlRrdFkySTNaV1V4TVRJeE1qaGlJaXdpY1hWdmRHVkpaQ0k2SW1Nd1lqSXlZakkyTFdFMk9ETXRORFkzTUMwNVlqbG1MV1EwTW1NMk5UVTBNRE5oWlNJc0luQmhlV1ZsSWpwN0luQmhjblI1U1dSSmJtWnZJanA3SW5CaGNuUjVTV1JVZVhCbElqb2lUVk5KVTBST0lpd2ljR0Z5ZEhsSlpHVnVkR2xtYVdWeUlqb2lleVJwYm5CMWRITXVjR0Y1WldWbWMzQkpaR1Z1ZEdsbWFXVnlmU0lzSW1aemNFbGtJam9pZEdWemRHWnpjRElpZlgwc0luQmhlV1Z5SWpwN0luQmhjblI1U1dSSmJtWnZJanA3SW5CaGNuUjVTV1JVZVhCbElqb2lUVk5KVTBST0lpd2ljR0Z5ZEhsSlpHVnVkR2xtYVdWeUlqb2lNVGN3TXprNE1URTVNRElpTENKbWMzQkpaQ0k2SW5CaGVXVmxabk53SW4wc0luQmxjbk52Ym1Gc1NXNW1ieUk2ZXlKamIyMXdiR1Y0VG1GdFpTSTZleUptYVhKemRFNWhiV1VpT2lKR2FYSnpkRzVoYldVdFZHVnpkQ0lzSW14aGMzUk9ZVzFsSWpvaVRHRnpkRzVoYldVdFZHVnpkQ0o5TENKa1lYUmxUMlpDYVhKMGFDSTZJakU1T0RRdE1ERXRNREVpZlgwc0ltRnRiM1Z1ZENJNmV5SmhiVzkxYm5RaU9pSXpOU0lzSW1OMWNuSmxibU41SWpvaVZGcFRJbjBzSW5SeVlXNXpZV04wYVc5dVZIbHdaU0k2ZXlKelkyVnVZWEpwYnlJNklsUlNRVTVUUmtWU0lpd2lhVzVwZEdsaGRHOXlJam9pVUVGWlJWSWlMQ0pwYm1sMGFXRjBiM0pVZVhCbElqb2lRMDlPVTFWTlJWSWlmWDAA','2023-03-30 15:29:23'),('1febadf5-4b4c-4658-ae36-4b975692957d','AYIC9AAAAAAAABdwHWcucGF5ZWVmc3AubXNpc2RuLjIyNTU2OTk5MTI1ggLKZXlKMGNtRnVjMkZqZEdsdmJrbGtJam9pWmpRMFltUmtOV010WXpreE1DMDBZVGt3TFRoa05qa3RaR0ppWVRaaVl6aGxZVFpqSWl3aWNYVnZkR1ZKWkNJNklqVTBaRFZtTURsaUxXRTBOMlF0TkRCa05pMWhZVEEzTFdFNVkyWXpZbUl5TkRsaFpDSXNJbkJoZVdWbElqcDdJbkJoY25SNVNXUkpibVp2SWpwN0luQmhjblI1U1dSVWVYQmxJam9pVFZOSlUwUk9JaXdpY0dGeWRIbEpaR1Z1ZEdsbWFXVnlJam9pTWpJMU5UWTVPVGt4TWpVaUxDSm1jM0JKWkNJNkluQmhlV1ZsWm5Od0luMTlMQ0p3WVhsbGNpSTZleUp3WVhKMGVVbGtTVzVtYnlJNmV5SndZWEowZVVsa1ZIbHdaU0k2SWsxVFNWTkVUaUlzSW5CaGNuUjVTV1JsYm5ScFptbGxjaUk2SWpJeU5UQTNNREE0TVRneElpd2labk53U1dRaU9pSndZWGxsY21aemNDSjlMQ0p3WlhKemIyNWhiRWx1Wm04aU9uc2lZMjl0Y0d4bGVFNWhiV1VpT25zaVptbHljM1JPWVcxbElqb2lUV0YwY3lJc0lteGhjM1JPWVcxbElqb2lTR0ZuYldGdUluMHNJbVJoZEdWUFprSnBjblJvSWpvaU1UazRNeTB4TUMweU5TSjlmU3dpWVcxdmRXNTBJanA3SW1GdGIzVnVkQ0k2SWpZd0lpd2lZM1Z5Y21WdVkza2lPaUpWVTBRaWZTd2lkSEpoYm5OaFkzUnBiMjVVZVhCbElqcDdJbk5qWlc1aGNtbHZJam9pVkZKQlRsTkdSVklpTENKcGJtbDBhV0YwYjNJaU9pSlFRVmxGVWlJc0ltbHVhWFJwWVhSdmNsUjVjR1VpT2lKRFQwNVRWVTFGVWlKOWZRAA','2023-03-30 15:41:56'),('22fcbfe3-f636-4889-8068-02154f279e05','AYIDCgAAAAAAAAnEHWcucGF5ZXJmc3AubXNpc2RuLjE3MDM5ODExOTAxggLgZXlKMGNtRnVjMkZqZEdsdmJrbGtJam9pTWpKbVkySm1aVE10WmpZek5pMDBPRGc1TFRnd05qZ3RNREl4TlRSbU1qYzVaVEExSWl3aWNYVnZkR1ZKWkNJNklqUmhZekU0WmpNM0xUSXdaR0V0TkdFeU5DMDRaalJpTFdWaFpEUXhOMkl3TWpsbE9DSXNJbkJoZVdWbElqcDdJbkJoY25SNVNXUkpibVp2SWpwN0luQmhjblI1U1dSVWVYQmxJam9pVFZOSlUwUk9JaXdpY0dGeWRIbEpaR1Z1ZEdsbWFXVnlJam9pTVRjd016azRNVEU1TURFaUxDSm1jM0JKWkNJNkluQmhlV1Z5Wm5Od0luMTlMQ0p3WVhsbGNpSTZleUp3WVhKMGVVbGtTVzVtYnlJNmV5SndZWEowZVVsa1ZIbHdaU0k2SWsxVFNWTkVUaUlzSW5CaGNuUjVTV1JsYm5ScFptbGxjaUk2SWpFM01ETTVPREV4T1RBeUlpd2labk53U1dRaU9pSndZWGxsWldaemNDSjlMQ0p3WlhKemIyNWhiRWx1Wm04aU9uc2lZMjl0Y0d4bGVFNWhiV1VpT25zaVptbHljM1JPWVcxbElqb2lSbWx5YzNSdVlXMWxMVlJsYzNRaUxDSnNZWE4wVG1GdFpTSTZJa3hoYzNSdVlXMWxMVlJsYzNRaWZTd2laR0YwWlU5bVFtbHlkR2dpT2lJeE9UZzBMVEF4TFRBeEluMTlMQ0poYlc5MWJuUWlPbnNpWVcxdmRXNTBJam9pTWpVaUxDSmpkWEp5Wlc1amVTSTZJbFZUUkNKOUxDSjBjbUZ1YzJGamRHbHZibFI1Y0dVaU9uc2ljMk5sYm1GeWFXOGlPaUpVVWtGT1UwWkZVaUlzSW1sdWFYUnBZWFJ2Y2lJNklsQkJXVVZTSWl3aWFXNXBkR2xoZEc5eVZIbHdaU0k2SWtOUFRsTlZUVVZTSW4xOQA','2023-03-30 15:38:35'),('2307f67a-2348-4751-b72f-de04f4014dc3','AYIC9AAAAAAAABdwHWcucGF5ZWVmc3AubXNpc2RuLjIyNTU2OTk5MTI1ggLKZXlKMGNtRnVjMkZqZEdsdmJrbGtJam9pWmpRMFltUmtOV010WXpreE1DMDBZVGt3TFRoa05qa3RaR0ppWVRaaVl6aGxZVFpqSWl3aWNYVnZkR1ZKWkNJNklqVTBaRFZtTURsaUxXRTBOMlF0TkRCa05pMWhZVEEzTFdFNVkyWXpZbUl5TkRsaFpDSXNJbkJoZVdWbElqcDdJbkJoY25SNVNXUkpibVp2SWpwN0luQmhjblI1U1dSVWVYQmxJam9pVFZOSlUwUk9JaXdpY0dGeWRIbEpaR1Z1ZEdsbWFXVnlJam9pTWpJMU5UWTVPVGt4TWpVaUxDSm1jM0JKWkNJNkluQmhlV1ZsWm5Od0luMTlMQ0p3WVhsbGNpSTZleUp3WVhKMGVVbGtTVzVtYnlJNmV5SndZWEowZVVsa1ZIbHdaU0k2SWsxVFNWTkVUaUlzSW5CaGNuUjVTV1JsYm5ScFptbGxjaUk2SWpJeU5UQTNNREE0TVRneElpd2labk53U1dRaU9pSndZWGxsY21aemNDSjlMQ0p3WlhKemIyNWhiRWx1Wm04aU9uc2lZMjl0Y0d4bGVFNWhiV1VpT25zaVptbHljM1JPWVcxbElqb2lUV0YwY3lJc0lteGhjM1JPWVcxbElqb2lTR0ZuYldGdUluMHNJbVJoZEdWUFprSnBjblJvSWpvaU1UazRNeTB4TUMweU5TSjlmU3dpWVcxdmRXNTBJanA3SW1GdGIzVnVkQ0k2SWpZd0lpd2lZM1Z5Y21WdVkza2lPaUpWVTBRaWZTd2lkSEpoYm5OaFkzUnBiMjVVZVhCbElqcDdJbk5qWlc1aGNtbHZJam9pVkZKQlRsTkdSVklpTENKcGJtbDBhV0YwYjNJaU9pSlFRVmxGVWlJc0ltbHVhWFJwWVhSdmNsUjVjR1VpT2lKRFQwNVRWVTFGVWlKOWZRAA','2023-03-30 15:41:16'),('265bd93a-3f70-4cc2-a44b-835189424114','AYIDGQAAAAAAACcQHWcucGF5ZWVmc3AubXNpc2RuLjI3NzEzODAzOTEyggLvZXlKMGNtRnVjMkZqZEdsdmJrbGtJam9pTWpZMVltUTVNMkV0TTJZM01DMDBZMk15TFdFME5HSXRPRE0xTVRnNU5ESTBNVEUwSWl3aWNYVnZkR1ZKWkNJNkltWmtZakl6TVdRNExUUm1OalV0TkdGaE5pMWlZek5qTFRabVl6STRNalZoT1RFell5SXNJbkJoZVdWbElqcDdJbkJoY25SNVNXUkpibVp2SWpwN0luQmhjblI1U1dSVWVYQmxJam9pVFZOSlUwUk9JaXdpY0dGeWRIbEpaR1Z1ZEdsbWFXVnlJam9pTWpjM01UTTRNRE01TVRJaUxDSm1jM0JKWkNJNkluQmhlV1ZsWm5Od0luMTlMQ0p3WVhsbGNpSTZleUp3WVhKMGVVbGtTVzVtYnlJNmV5SndZWEowZVVsa1ZIbHdaU0k2SWsxVFNWTkVUaUlzSW5CaGNuUjVTV1JsYm5ScFptbGxjaUk2SWpRME1USXpORFUyTnpnNUlpd2labk53U1dRaU9pSjBaWE4wYVc1bmRHOXZiR3RwZEdSbWMzQWlmU3dpY0dWeWMyOXVZV3hKYm1adklqcDdJbU52YlhCc1pYaE9ZVzFsSWpwN0ltWnBjbk4wVG1GdFpTSTZJa1pwY25OMGJtRnRaUzFVWlhOMElpd2liR0Z6ZEU1aGJXVWlPaUpNWVhOMGJtRnRaUzFVWlhOMEluMHNJbVJoZEdWUFprSnBjblJvSWpvaU1UazROQzB3TVMwd01TSjlmU3dpWVcxdmRXNTBJanA3SW1GdGIzVnVkQ0k2SWpFd01DSXNJbU4xY25KbGJtTjVJam9pVlZORUluMHNJblJ5WVc1ellXTjBhVzl1Vkhsd1pTSTZleUp6WTJWdVlYSnBieUk2SWxSU1FVNVRSa1ZTSWl3aWFXNXBkR2xoZEc5eUlqb2lVRUZaUlZJaUxDSnBibWwwYVdGMGIzSlVlWEJsSWpvaVEwOU9VMVZOUlZJaWZYMAA','2023-03-30 15:28:09'),('278c48cc-5ef3-4432-8005-b05dd6dfb0b8','AYIDBQAAAAAAACcQJGcucGF5ZWVmc3AubXNpc2RuLnt7cmVjZWl2ZXJtc2lzZG59fYIC1GV5SjBjbUZ1YzJGamRHbHZia2xrSWpvaVptVXhNREU0Wm1NdE1EaGxZeTAwWWpJM0xUbGpZalF0TnpjMk9URTFNR00zT1dKaklpd2ljWFZ2ZEdWSlpDSTZJbVpsTVRBeE9HWmpMVEE0WldNdE5HSXlOeTA1WTJJMExUYzNOamt4TlRCak56bGlZeUlzSW5CaGVXVmxJanA3SW5CaGNuUjVTV1JKYm1adklqcDdJbkJoY25SNVNXUlVlWEJsSWpvaVRWTkpVMFJPSWl3aWNHRnlkSGxKWkdWdWRHbG1hV1Z5SWpvaWUzdHlaV05sYVhabGNrMVRTVk5FVG4xOUlpd2labk53U1dRaU9pSndZWGxsWldaemNDSjlmU3dpY0dGNVpYSWlPbnNpY0dGeWRIbEpaRWx1Wm04aU9uc2ljR0Z5ZEhsSlpGUjVjR1VpT2lKTlUwbFRSRTRpTENKd1lYSjBlVWxrWlc1MGFXWnBaWElpT2lJeU56Y3hNemd3TXprd05TSXNJbVp6Y0Vsa0lqb2ljR0Y1WlhKbWMzQWlmU3dpY0dWeWMyOXVZV3hKYm1adklqcDdJbU52YlhCc1pYaE9ZVzFsSWpwN0ltWnBjbk4wVG1GdFpTSTZJazFoZEhNaUxDSnNZWE4wVG1GdFpTSTZJa2hoWjIxaGJpSjlMQ0prWVhSbFQyWkNhWEowYUNJNklqRTVPRE10TVRBdE1qVWlmWDBzSW1GdGIzVnVkQ0k2ZXlKaGJXOTFiblFpT2lJeE1EQWlMQ0pqZFhKeVpXNWplU0k2SWxWVFJDSjlMQ0owY21GdWMyRmpkR2x2YmxSNWNHVWlPbnNpYzJObGJtRnlhVzhpT2lKVVVrRk9VMFpGVWlJc0ltbHVhWFJwWVhSdmNpSTZJbEJCV1VWU0lpd2lhVzVwZEdsaGRHOXlWSGx3WlNJNklrTlBUbE5WVFVWU0luMTkA','2023-03-30 15:27:32'),('2a62193d-9195-4d71-beb1-abd49d1bd252','AYICfAAAAAAAADA5G2cudHRrc2ltMi5tc2lzZG4uNDU2MTAwMDAwMoICVGV5SjBjbUZ1YzJGamRHbHZia2xrSWpvaU1tRTJNakU1TTJRdE9URTVOUzAwWkRjeExXSmxZakV0WVdKa05EbGtNV0prTWpVeUlpd2ljWFZ2ZEdWSlpDSTZJakpoTmpJeE9UTmtMVGt4T1RVdE5HUTNNUzFpWldJeExXRmlaRFE1WkRGaVpESTFNaUlzSW5CaGVXVmxJanA3SW5CaGNuUjVTV1JKYm1adklqcDdJbkJoY25SNVNXUlVlWEJsSWpvaVRWTkpVMFJPSWl3aWNHRnlkSGxKWkdWdWRHbG1hV1Z5SWpvaU5EVTJNVEF3TURBd01pSXNJbVp6Y0Vsa0lqb2lkSFJyYzJsdE1pSjlmU3dpY0dGNVpYSWlPbnNpY0dGeWRIbEpaRWx1Wm04aU9uc2ljR0Z5ZEhsSlpGUjVjR1VpT2lKTlUwbFRSRTRpTENKd1lYSjBlVWxrWlc1MGFXWnBaWElpT2lJeE5qRXpOVFUxTVRJeE1pSXNJbVp6Y0Vsa0lqb2lkSFJyYzJsdE1TSjlmU3dpWVcxdmRXNTBJanA3SW1GdGIzVnVkQ0k2SWpFeU15NDBOU0lzSW1OMWNuSmxibU41SWpvaVZGcFRJbjBzSW5SeVlXNXpZV04wYVc5dVZIbHdaU0k2ZXlKelkyVnVZWEpwYnlJNklsUlNRVTVUUmtWU0lpd2lhVzVwZEdsaGRHOXlJam9pVUVGWlJWSWlMQ0pwYm1sMGFXRjBiM0pVZVhCbElqb2lRMDlPVTFWTlJWSWlmU3dpYm05MFpTSTZJaUo5AA','2023-03-30 15:46:01'),('2a927a8a-760f-44bf-a718-9edf1cc29e97','AYIC9AAAAAAAABdwHWcucGF5ZWVmc3AubXNpc2RuLjIyNTU2OTk5MTI1ggLKZXlKMGNtRnVjMkZqZEdsdmJrbGtJam9pWmpRMFltUmtOV010WXpreE1DMDBZVGt3TFRoa05qa3RaR0ppWVRaaVl6aGxZVFpqSWl3aWNYVnZkR1ZKWkNJNklqVTBaRFZtTURsaUxXRTBOMlF0TkRCa05pMWhZVEEzTFdFNVkyWXpZbUl5TkRsaFpDSXNJbkJoZVdWbElqcDdJbkJoY25SNVNXUkpibVp2SWpwN0luQmhjblI1U1dSVWVYQmxJam9pVFZOSlUwUk9JaXdpY0dGeWRIbEpaR1Z1ZEdsbWFXVnlJam9pTWpJMU5UWTVPVGt4TWpVaUxDSm1jM0JKWkNJNkluQmhlV1ZsWm5Od0luMTlMQ0p3WVhsbGNpSTZleUp3WVhKMGVVbGtTVzVtYnlJNmV5SndZWEowZVVsa1ZIbHdaU0k2SWsxVFNWTkVUaUlzSW5CaGNuUjVTV1JsYm5ScFptbGxjaUk2SWpJeU5UQTNNREE0TVRneElpd2labk53U1dRaU9pSndZWGxsY21aemNDSjlMQ0p3WlhKemIyNWhiRWx1Wm04aU9uc2lZMjl0Y0d4bGVFNWhiV1VpT25zaVptbHljM1JPWVcxbElqb2lUV0YwY3lJc0lteGhjM1JPWVcxbElqb2lTR0ZuYldGdUluMHNJbVJoZEdWUFprSnBjblJvSWpvaU1UazRNeTB4TUMweU5TSjlmU3dpWVcxdmRXNTBJanA3SW1GdGIzVnVkQ0k2SWpZd0lpd2lZM1Z5Y21WdVkza2lPaUpWVTBRaWZTd2lkSEpoYm5OaFkzUnBiMjVVZVhCbElqcDdJbk5qWlc1aGNtbHZJam9pVkZKQlRsTkdSVklpTENKcGJtbDBhV0YwYjNJaU9pSlFRVmxGVWlJc0ltbHVhWFJwWVhSdmNsUjVjR1VpT2lKRFQwNVRWVTFGVWlKOWZRAA','2023-03-30 15:39:47'),('2af9dfd1-220f-4d5f-9b1a-1ad3fa545a11','AYIDaAAAAAAAACcQG2cudHRrc2ltMy5tc2lzZG4uNTY3MTAwMDAwMYIDQGV5SjBjbUZ1YzJGamRHbHZia2xrSWpvaU1tRm1PV1JtWkRFdE1qSXdaaTAwWkRWbUxUbGlNV0V0TVdGa00yWmhOVFExWVRFeElpd2ljWFZ2ZEdWSlpDSTZJakpoWmpsa1ptUXhMVEl5TUdZdE5HUTFaaTA1WWpGaExURmhaRE5tWVRVME5XRXhNU0lzSW5CaGVXVmxJanA3SW5CaGNuUjVTV1JKYm1adklqcDdJbkJoY25SNVNXUlVlWEJsSWpvaVRWTkpVMFJPSWl3aWNHRnlkSGxKWkdWdWRHbG1hV1Z5SWpvaU5UWTNNVEF3TURBd01TSXNJbVp6Y0Vsa0lqb2lkSFJyYzJsdE15SjlMQ0p3WlhKemIyNWhiRWx1Wm04aU9uc2lZMjl0Y0d4bGVFNWhiV1VpT25zaVptbHljM1JPWVcxbElqb2lVbVZqWldsMlpYSkdhWEp6ZENJc0ltMXBaR1JzWlU1aGJXVWlPaUpTWldObGFYWmxjazFwWkdSc1pTSXNJbXhoYzNST1lXMWxJam9pVW1WalpXbDJaWEpNWVhOMEluMHNJbVJoZEdWUFprSnBjblJvSWpvaU1UazROQzB3TVMwd01TSjlMQ0p1WVcxbElqb2lVbVZqWldsMlpYSkdhWEp6ZENCU1pXTmxhWFpsY2t4aGMzUWlmU3dpY0dGNVpYSWlPbnNpY0dGeWRIbEpaRWx1Wm04aU9uc2ljR0Z5ZEhsSlpGUjVjR1VpT2lKTlUwbFRSRTRpTENKd1lYSjBlVWxrWlc1MGFXWnBaWElpT2lJeE5qRXpOVFUxTVRJeE1pSXNJbVp6Y0Vsa0lqb2lkSFJyYzJsdE1TSjlmU3dpWVcxdmRXNTBJanA3SW1GdGIzVnVkQ0k2SWpFd01DSXNJbU4xY25KbGJtTjVJam9pVkZwVEluMHNJblJ5WVc1ellXTjBhVzl1Vkhsd1pTSTZleUp6WTJWdVlYSnBieUk2SWxSU1FVNVRSa1ZTSWl3aWFXNXBkR2xoZEc5eUlqb2lVRUZaUlZJaUxDSnBibWwwYVdGMGIzSlVlWEJsSWpvaVEwOU9VMVZOUlZJaWZTd2libTkwWlNJNklpSjkA','2023-03-30 15:44:16'),('2bd9865e-e9b0-4197-90e9-f2e08af39f44','AYIDaAAAAAAAACcQG2cudHRrc2ltMi5tc2lzZG4uNDU2MTAwMDAwMYIDQGV5SjBjbUZ1YzJGamRHbHZia2xrSWpvaU1tSmtPVGcyTldVdFpUbGlNQzAwTVRrM0xUa3daVGt0WmpKbE1EaGhaak01WmpRMElpd2ljWFZ2ZEdWSlpDSTZJakppWkRrNE5qVmxMV1U1WWpBdE5ERTVOeTA1TUdVNUxXWXlaVEE0WVdZek9XWTBOQ0lzSW5CaGVXVmxJanA3SW5CaGNuUjVTV1JKYm1adklqcDdJbkJoY25SNVNXUlVlWEJsSWpvaVRWTkpVMFJPSWl3aWNHRnlkSGxKWkdWdWRHbG1hV1Z5SWpvaU5EVTJNVEF3TURBd01TSXNJbVp6Y0Vsa0lqb2lkSFJyYzJsdE1pSjlMQ0p3WlhKemIyNWhiRWx1Wm04aU9uc2lZMjl0Y0d4bGVFNWhiV1VpT25zaVptbHljM1JPWVcxbElqb2lVbVZqWldsMlpYSkdhWEp6ZENJc0ltMXBaR1JzWlU1aGJXVWlPaUpTWldObGFYWmxjazFwWkdSc1pTSXNJbXhoYzNST1lXMWxJam9pVW1WalpXbDJaWEpNWVhOMEluMHNJbVJoZEdWUFprSnBjblJvSWpvaU1UazROQzB3TVMwd01TSjlMQ0p1WVcxbElqb2lVbVZqWldsMlpYSkdhWEp6ZENCU1pXTmxhWFpsY2t4aGMzUWlmU3dpY0dGNVpYSWlPbnNpY0dGeWRIbEpaRWx1Wm04aU9uc2ljR0Z5ZEhsSlpGUjVjR1VpT2lKTlUwbFRSRTRpTENKd1lYSjBlVWxrWlc1MGFXWnBaWElpT2lJeE5qRXpOVFUxTVRJeE1pSXNJbVp6Y0Vsa0lqb2lkSFJyYzJsdE1TSjlmU3dpWVcxdmRXNTBJanA3SW1GdGIzVnVkQ0k2SWpFd01DSXNJbU4xY25KbGJtTjVJam9pVkZwVEluMHNJblJ5WVc1ellXTjBhVzl1Vkhsd1pTSTZleUp6WTJWdVlYSnBieUk2SWxSU1FVNVRSa1ZTSWl3aWFXNXBkR2xoZEc5eUlqb2lVRUZaUlZJaUxDSnBibWwwYVdGMGIzSlVlWEJsSWpvaVEwOU9VMVZOUlZJaWZTd2libTkwWlNJNklpSjkA','2023-03-30 15:44:09'),('2ca3b6f5-42b0-48f4-b5f5-73ee18ae7e68','AYIDCgAAAAAAAAfQHWcucGF5ZXJmc3AubXNpc2RuLjE3MDM5ODExOTAxggLgZXlKMGNtRnVjMkZqZEdsdmJrbGtJam9pTW1OaE0ySTJaalV0TkRKaU1DMDBPR1kwTFdJMVpqVXROek5sWlRFNFlXVTNaVFk0SWl3aWNYVnZkR1ZKWkNJNklqaGlNekZsWW1KbExURXhaREl0TkdNd01pMDRZMkV6TFRrMll6UmlNekZqWkdSaU1TSXNJbkJoZVdWbElqcDdJbkJoY25SNVNXUkpibVp2SWpwN0luQmhjblI1U1dSVWVYQmxJam9pVFZOSlUwUk9JaXdpY0dGeWRIbEpaR1Z1ZEdsbWFXVnlJam9pTVRjd016azRNVEU1TURFaUxDSm1jM0JKWkNJNkluQmhlV1Z5Wm5Od0luMTlMQ0p3WVhsbGNpSTZleUp3WVhKMGVVbGtTVzVtYnlJNmV5SndZWEowZVVsa1ZIbHdaU0k2SWsxVFNWTkVUaUlzSW5CaGNuUjVTV1JsYm5ScFptbGxjaUk2SWpFM01ETTVPREV4T1RBMElpd2labk53U1dRaU9pSjBaWE4wWm5Od01pSjlMQ0p3WlhKemIyNWhiRWx1Wm04aU9uc2lZMjl0Y0d4bGVFNWhiV1VpT25zaVptbHljM1JPWVcxbElqb2lSbWx5YzNSdVlXMWxMVlJsYzNRaUxDSnNZWE4wVG1GdFpTSTZJa3hoYzNSdVlXMWxMVlJsYzNRaWZTd2laR0YwWlU5bVFtbHlkR2dpT2lJeE9UZzBMVEF4TFRBeEluMTlMQ0poYlc5MWJuUWlPbnNpWVcxdmRXNTBJam9pTWpBaUxDSmpkWEp5Wlc1amVTSTZJbFZUUkNKOUxDSjBjbUZ1YzJGamRHbHZibFI1Y0dVaU9uc2ljMk5sYm1GeWFXOGlPaUpVVWtGT1UwWkZVaUlzSW1sdWFYUnBZWFJ2Y2lJNklsQkJXVVZTSWl3aWFXNXBkR2xoZEc5eVZIbHdaU0k2SWtOUFRsTlZUVVZTSW4xOQA','2023-03-30 15:38:34'),('2db2f973-e761-4ae6-8869-e481efc8ac42','AYIDBQAAAAAAACcQJGcucGF5ZWVmc3AubXNpc2RuLnt7cmVjZWl2ZXJtc2lzZG59fYIC1GV5SjBjbUZ1YzJGamRHbHZia2xrSWpvaVptVXhNREU0Wm1NdE1EaGxZeTAwWWpJM0xUbGpZalF0TnpjMk9URTFNR00zT1dKaklpd2ljWFZ2ZEdWSlpDSTZJbVpsTVRBeE9HWmpMVEE0WldNdE5HSXlOeTA1WTJJMExUYzNOamt4TlRCak56bGlZeUlzSW5CaGVXVmxJanA3SW5CaGNuUjVTV1JKYm1adklqcDdJbkJoY25SNVNXUlVlWEJsSWpvaVRWTkpVMFJPSWl3aWNHRnlkSGxKWkdWdWRHbG1hV1Z5SWpvaWUzdHlaV05sYVhabGNrMVRTVk5FVG4xOUlpd2labk53U1dRaU9pSndZWGxsWldaemNDSjlmU3dpY0dGNVpYSWlPbnNpY0dGeWRIbEpaRWx1Wm04aU9uc2ljR0Z5ZEhsSlpGUjVjR1VpT2lKTlUwbFRSRTRpTENKd1lYSjBlVWxrWlc1MGFXWnBaWElpT2lJeU56Y3hNemd3TXprd05TSXNJbVp6Y0Vsa0lqb2ljR0Y1WlhKbWMzQWlmU3dpY0dWeWMyOXVZV3hKYm1adklqcDdJbU52YlhCc1pYaE9ZVzFsSWpwN0ltWnBjbk4wVG1GdFpTSTZJazFoZEhNaUxDSnNZWE4wVG1GdFpTSTZJa2hoWjIxaGJpSjlMQ0prWVhSbFQyWkNhWEowYUNJNklqRTVPRE10TVRBdE1qVWlmWDBzSW1GdGIzVnVkQ0k2ZXlKaGJXOTFiblFpT2lJeE1EQWlMQ0pqZFhKeVpXNWplU0k2SWxWVFJDSjlMQ0owY21GdWMyRmpkR2x2YmxSNWNHVWlPbnNpYzJObGJtRnlhVzhpT2lKVVVrRk9VMFpGVWlJc0ltbHVhWFJwWVhSdmNpSTZJbEJCV1VWU0lpd2lhVzVwZEdsaGRHOXlWSGx3WlNJNklrTlBUbE5WVFVWU0luMTkA','2023-03-30 15:27:15'),('2e768760-b24f-443b-9f64-aad7e8a84f83','AYIDwAAAAAAAACcQHWcucGF5ZWVmc3AubXNpc2RuLjk3MDM5ODE5OTk5ggOWZXlKMGNtRnVjMkZqZEdsdmJrbGtJam9pTW1VM05qZzNOakF0WWpJMFppMDBORE5pTFRsbU5qUXRZV0ZrTjJVNFlUZzBaamd6SWl3aWNYVnZkR1ZKWkNJNkltWTRNMk5qTVRjd0xUTTBZVFV0TkRsbE9TMWhORGcxTFRGaE9XWTNaamc0T0RJMk1TSXNJbkJoZVdWbElqcDdJbkJoY25SNVNXUkpibVp2SWpwN0luQmhjblI1U1dSVWVYQmxJam9pVFZOSlUwUk9JaXdpY0dGeWRIbEpaR1Z1ZEdsbWFXVnlJam9pT1Rjd016azRNVGs1T1RraUxDSm1jM0JKWkNJNkluQmhlV1ZsWm5Od0luMHNJbkJsY25OdmJtRnNTVzVtYnlJNmV5SmpiMjF3YkdWNFRtRnRaU0k2ZXlKbWFYSnpkRTVoYldVaU9pSlRaY09oYmlJc0ltMXBaR1JzWlU1aGJXVWlPaUpHY21GdXc2ZHZhWE1pTENKc1lYTjBUbUZ0WlNJNklrNTF3N0ZsZWlKOUxDSmtZWFJsVDJaQ2FYSjBhQ0k2SWpJd01EQXRNREV0TURFaWZYMHNJbkJoZVdWeUlqcDdJbkJoY25SNVNXUkpibVp2SWpwN0luQmhjblI1U1dSVWVYQmxJam9pVFZOSlUwUk9JaXdpY0dGeWRIbEpaR1Z1ZEdsbWFXVnlJam9pTkRReE1qTTBOVFkzT0RraUxDSm1jM0JKWkNJNkluUmxjM1JwYm1kMGIyOXNhMmwwWkdaemNDSjlMQ0p3WlhKemIyNWhiRWx1Wm04aU9uc2lZMjl0Y0d4bGVFNWhiV1VpT25zaVptbHljM1JPWVcxbElqb2lSbWx5YzNSdVlXMWxMVlJsYzNRaUxDSnNZWE4wVG1GdFpTSTZJa3hoYzNSdVlXMWxMVlJsYzNRaWZTd2laR0YwWlU5bVFtbHlkR2dpT2lJeE9UZzBMVEF4TFRBeEluMTlMQ0poYlc5MWJuUWlPbnNpWVcxdmRXNTBJam9pTVRBd0lpd2lZM1Z5Y21WdVkza2lPaUpWVTBRaWZTd2lkSEpoYm5OaFkzUnBiMjVVZVhCbElqcDdJbk5qWlc1aGNtbHZJam9pVkZKQlRsTkdSVklpTENKcGJtbDBhV0YwYjNJaU9pSlFRVmxGVWlJc0ltbHVhWFJwWVhSdmNsUjVjR1VpT2lKRFQwNVRWVTFGVWlKOWZRAA','2023-03-30 15:26:36'),('3049bcca-b799-4304-a2d9-773562b1c4dd','AYIEMAAAAAAAADqYHWcudGVzdGZzcDEubXNpc2RuLjE3MDM5ODExOTAzggQGZXlKMGNtRnVjMkZqZEdsdmJrbGtJam9pTXpBME9XSmpZMkV0WWpjNU9TMDBNekEwTFdFeVpEa3ROemN6TlRZeVlqRmpOR1JrSWl3aWNYVnZkR1ZKWkNJNkltRXdZV1pqTmpoa0xUSXhOVGt0TkdVNU1DMDVaak01TFRRM09EbGtNalZtT0RWaE55SXNJbkJoZVdWbElqcDdJbkJoY25SNVNXUkpibVp2SWpwN0luQmhjblI1U1dSVWVYQmxJam9pVFZOSlUwUk9JaXdpY0dGeWRIbEpaR1Z1ZEdsbWFXVnlJam9pTVRjd016azRNVEU1TURNaUxDSm1jM0JKWkNJNkluUmxjM1JtYzNBeElpd2laWGgwWlc1emFXOXVUR2x6ZENJNmV5SmxlSFJsYm5OcGIyNGlPbHQ3SW10bGVTSTZJbUZqWTI5MWJuUlVlWEJsSWl3aWRtRnNkV1VpT2lKWFlXeHNaWFFpZlYxOWZTd2ljR1Z5YzI5dVlXeEpibVp2SWpwN0ltTnZiWEJzWlhoT1lXMWxJanA3SW1acGNuTjBUbUZ0WlNJNklsUmxjM1JtYzNBeFJtbHljM1FpTENKdGFXUmtiR1ZPWVcxbElqb2lWR1Z6ZEdaemNERk5hV1JrYkdVaUxDSnNZWE4wVG1GdFpTSTZJbFJsYzNSbWMzQXhUR0Z6ZENKOUxDSmtZWFJsVDJaQ2FYSjBhQ0k2SWpJd01UQXRNVEF0TVRBaWZYMHNJbkJoZVdWeUlqcDdJbkJoY25SNVNXUkpibVp2SWpwN0luQmhjblI1U1dSVWVYQmxJam9pVFZOSlUwUk9JaXdpY0dGeWRIbEpaR1Z1ZEdsbWFXVnlJam9pTVRjd016azRNVEU1TURRaUxDSm1jM0JKWkNJNkluUmxjM1JtYzNBeUlpd2laWGgwWlc1emFXOXVUR2x6ZENJNmV5SmxlSFJsYm5OcGIyNGlPbHQ3SW10bGVTSTZJbUZqWTI5MWJuUlVlWEJsSWl3aWRtRnNkV1VpT2lKWFlXeHNaWFFpZlYxOWZTd2libUZ0WlNJNkluUmxjM1JtYzNBeVYyRnNiR1YwUm01aGJXVWdkR1Z6ZEdaemNESlhZV3hzWlhSTWJtRnRaU0o5TENKaGJXOTFiblFpT25zaVlXMXZkVzUwSWpvaU1UVXdJaXdpWTNWeWNtVnVZM2tpT2lKSlRsSWlmU3dpZEhKaGJuTmhZM1JwYjI1VWVYQmxJanA3SW5OalpXNWhjbWx2SWpvaVZGSkJUbE5HUlZJaUxDSnBibWwwYVdGMGIzSWlPaUpRUVZsRlVpSXNJbWx1YVhScFlYUnZjbFI1Y0dVaU9pSkRUMDVUVlUxRlVpSjlmUQA','2023-03-30 15:30:05'),('3159a9ee-30a1-4dbf-a07e-4d83c7d439ad','AYIDAQAAAAAAABdwHWcucGF5ZWVmc3AubXNpc2RuLjE3MDM5ODExOTAyggLXZXlKMGNtRnVjMkZqZEdsdmJrbGtJam9pTXpFMU9XRTVaV1V0TXpCaE1TMDBaR0ptTFdFd04yVXROR1E0TTJNM1pEUXpPV0ZrSWl3aWNYVnZkR1ZKWkNJNklqYzFZbVV6TW1RekxXSTFZVEl0TkRabFppMWhaRGs0TFdVNFpqVTNaV1l5TXpnMk1DSXNJbkJoZVdWbElqcDdJbkJoY25SNVNXUkpibVp2SWpwN0luQmhjblI1U1dSVWVYQmxJam9pVFZOSlUwUk9JaXdpY0dGeWRIbEpaR1Z1ZEdsbWFXVnlJam9pTVRjd016azRNVEU1TURJaUxDSm1jM0JKWkNJNkluQmhlV1ZsWm5Od0luMTlMQ0p3WVhsbGNpSTZleUp3WVhKMGVVbGtTVzVtYnlJNmV5SndZWEowZVVsa1ZIbHdaU0k2SWsxVFNWTkVUaUlzSW5CaGNuUjVTV1JsYm5ScFptbGxjaUk2SWpRME1USXpORFUyTnpnNUlpd2labk53U1dRaU9pSjBaWE4wYVc1bmRHOXZiR3RwZEdSbWMzQWlmU3dpY0dWeWMyOXVZV3hKYm1adklqcDdJbU52YlhCc1pYaE9ZVzFsSWpwN0ltWnBjbk4wVG1GdFpTSTZJazFoZEhNaUxDSnNZWE4wVG1GdFpTSTZJa2hoWjIxaGJpSjlMQ0prWVhSbFQyWkNhWEowYUNJNklqRTVPRE10TVRBdE1qVWlmWDBzSW1GdGIzVnVkQ0k2ZXlKaGJXOTFiblFpT2lJMk1DSXNJbU4xY25KbGJtTjVJam9pVlZORUluMHNJblJ5WVc1ellXTjBhVzl1Vkhsd1pTSTZleUp6WTJWdVlYSnBieUk2SWxSU1FVNVRSa1ZTSWl3aWFXNXBkR2xoZEc5eUlqb2lVRUZaUlZJaUxDSnBibWwwYVdGMGIzSlVlWEJsSWpvaVEwOU9VMVZOUlZJaWZYMAA','2023-03-30 15:37:24'),('3366f889-09ba-4a60-9fdc-922c1af62ace','AYIEDQAAAAAAAFJ7HWcudGVzdGZzcDMubXNpc2RuLjI3NzEzODEzOTE2ggPjZXlKMGNtRnVjMkZqZEdsdmJrbGtJam9pTXpNMk5tWTRPRGt0TURsaVlTMDBZVFl3TFRsbVpHTXRPVEl5WXpGaFpqWXlZV05sSWl3aWNYVnZkR1ZKWkNJNklqSTFaakl3TmpKbUxXSmlaV0V0TkRVNVppMDROREkyTFRoa01EUXpZelkxWlRobU1pSXNJbkJoZVdWbElqcDdJbkJoY25SNVNXUkpibVp2SWpwN0luQmhjblI1U1dSVWVYQmxJam9pVFZOSlUwUk9JaXdpY0dGeWRIbEpaR1Z1ZEdsbWFXVnlJam9pTWpjM01UTTRNVE01TVRZaUxDSm1jM0JKWkNJNkluUmxjM1JtYzNBeklpd2laWGgwWlc1emFXOXVUR2x6ZENJNmV5SmxlSFJsYm5OcGIyNGlPbHQ3SW10bGVTSTZJbUZqWTI5MWJuUlVlWEJsSWl3aWRtRnNkV1VpT2lKQ1lXNXJJbjFkZlgwc0luQmxjbk52Ym1Gc1NXNW1ieUk2ZXlKamIyMXdiR1Y0VG1GdFpTSTZleUptYVhKemRFNWhiV1VpT2lKMFpYTjBabk53TTBKaGJtdEdibUZ0WlNJc0lteGhjM1JPWVcxbElqb2lkR1Z6ZEdaemNETkNZVzVyVEc1aGJXVWlmU3dpWkdGMFpVOW1RbWx5ZEdnaU9pSXhPVGcxTFRBMUxURXpJbjE5TENKd1lYbGxjaUk2ZXlKd1lYSjBlVWxrU1c1bWJ5STZleUp3WVhKMGVVbGtWSGx3WlNJNklrMVRTVk5FVGlJc0luQmhjblI1U1dSbGJuUnBabWxsY2lJNklqSTNOekV6T0RFek9URTBJaXdpWm5Od1NXUWlPaUowWlhOMFpuTndNU0lzSW1WNGRHVnVjMmx2Ymt4cGMzUWlPbnNpWlhoMFpXNXphVzl1SWpwYmV5SnJaWGtpT2lKaFkyTnZkVzUwVkhsd1pTSXNJblpoYkhWbElqb2lRbUZ1YXlKOVhYMTlMQ0p1WVcxbElqb2lkR1Z6ZEdaemNERkNZVzVyUm01aGJXVWdkR1Z6ZEdaemNERkNZVzVyVEc1aGJXVWlmU3dpWVcxdmRXNTBJanA3SW1GdGIzVnVkQ0k2SWpJeE1TNHhOU0lzSW1OMWNuSmxibU41SWpvaVNVNVNJbjBzSW5SeVlXNXpZV04wYVc5dVZIbHdaU0k2ZXlKelkyVnVZWEpwYnlJNklsUlNRVTVUUmtWU0lpd2lhVzVwZEdsaGRHOXlJam9pVUVGWlJWSWlMQ0pwYm1sMGFXRjBiM0pVZVhCbElqb2lRMDlPVTFWTlJWSWlmWDAA','2023-03-30 15:39:28'),('344acbd0-4842-48d5-b283-61840e4507e1','AYIDBQAAAAAAACcQJGcucGF5ZWVmc3AubXNpc2RuLnt7cmVjZWl2ZXJtc2lzZG59fYIC1GV5SjBjbUZ1YzJGamRHbHZia2xrSWpvaVptVXhNREU0Wm1NdE1EaGxZeTAwWWpJM0xUbGpZalF0TnpjMk9URTFNR00zT1dKaklpd2ljWFZ2ZEdWSlpDSTZJbVpsTVRBeE9HWmpMVEE0WldNdE5HSXlOeTA1WTJJMExUYzNOamt4TlRCak56bGlZeUlzSW5CaGVXVmxJanA3SW5CaGNuUjVTV1JKYm1adklqcDdJbkJoY25SNVNXUlVlWEJsSWpvaVRWTkpVMFJPSWl3aWNHRnlkSGxKWkdWdWRHbG1hV1Z5SWpvaWUzdHlaV05sYVhabGNrMVRTVk5FVG4xOUlpd2labk53U1dRaU9pSndZWGxsWldaemNDSjlmU3dpY0dGNVpYSWlPbnNpY0dGeWRIbEpaRWx1Wm04aU9uc2ljR0Z5ZEhsSlpGUjVjR1VpT2lKTlUwbFRSRTRpTENKd1lYSjBlVWxrWlc1MGFXWnBaWElpT2lJeU56Y3hNemd3TXprd05TSXNJbVp6Y0Vsa0lqb2ljR0Y1WlhKbWMzQWlmU3dpY0dWeWMyOXVZV3hKYm1adklqcDdJbU52YlhCc1pYaE9ZVzFsSWpwN0ltWnBjbk4wVG1GdFpTSTZJazFoZEhNaUxDSnNZWE4wVG1GdFpTSTZJa2hoWjIxaGJpSjlMQ0prWVhSbFQyWkNhWEowYUNJNklqRTVPRE10TVRBdE1qVWlmWDBzSW1GdGIzVnVkQ0k2ZXlKaGJXOTFiblFpT2lJeE1EQWlMQ0pqZFhKeVpXNWplU0k2SWxWVFJDSjlMQ0owY21GdWMyRmpkR2x2YmxSNWNHVWlPbnNpYzJObGJtRnlhVzhpT2lKVVVrRk9VMFpGVWlJc0ltbHVhWFJwWVhSdmNpSTZJbEJCV1VWU0lpd2lhVzVwZEdsaGRHOXlWSGx3WlNJNklrTlBUbE5WVFVWU0luMTkA','2023-03-30 15:37:03'),('36515a29-750f-4a4e-bf2c-fd4bf5972919','AYICfAAAAAAAATRsG2cudHRrc2ltMi5tc2lzZG4uNDU2MTAwMDAwMYICVGV5SjBjbUZ1YzJGamRHbHZia2xrSWpvaU16WTFNVFZoTWprdE56VXdaaTAwWVRSbExXSm1NbU10Wm1RMFltWTFPVGN5T1RFNUlpd2ljWFZ2ZEdWSlpDSTZJak0yTlRFMVlUSTVMVGMxTUdZdE5HRTBaUzFpWmpKakxXWmtOR0ptTlRrM01qa3hPU0lzSW5CaGVXVmxJanA3SW5CaGNuUjVTV1JKYm1adklqcDdJbkJoY25SNVNXUlVlWEJsSWpvaVRWTkpVMFJPSWl3aWNHRnlkSGxKWkdWdWRHbG1hV1Z5SWpvaU5EVTJNVEF3TURBd01TSXNJbVp6Y0Vsa0lqb2lkSFJyYzJsdE1pSjlmU3dpY0dGNVpYSWlPbnNpY0dGeWRIbEpaRWx1Wm04aU9uc2ljR0Z5ZEhsSlpGUjVjR1VpT2lKTlUwbFRSRTRpTENKd1lYSjBlVWxrWlc1MGFXWnBaWElpT2lJeE5qRXpOVFUxTVRJeE1pSXNJbVp6Y0Vsa0lqb2lkSFJyYzJsdE1TSjlmU3dpWVcxdmRXNTBJanA3SW1GdGIzVnVkQ0k2SWpjNE9TNDFOaUlzSW1OMWNuSmxibU41SWpvaVZGcFRJbjBzSW5SeVlXNXpZV04wYVc5dVZIbHdaU0k2ZXlKelkyVnVZWEpwYnlJNklsUlNRVTVUUmtWU0lpd2lhVzVwZEdsaGRHOXlJam9pVUVGWlJWSWlMQ0pwYm1sMGFXRjBiM0pVZVhCbElqb2lRMDlPVTFWTlJWSWlmU3dpYm05MFpTSTZJaUo5AA','2023-03-30 15:46:00'),('387e3f07-aa10-49ff-b398-84b5863a7698','AYIDBQAAAAAAACcQJGcucGF5ZWVmc3AubXNpc2RuLnt7cmVjZWl2ZXJtc2lzZG59fYIC1GV5SjBjbUZ1YzJGamRHbHZia2xrSWpvaVptVXhNREU0Wm1NdE1EaGxZeTAwWWpJM0xUbGpZalF0TnpjMk9URTFNR00zT1dKaklpd2ljWFZ2ZEdWSlpDSTZJbVpsTVRBeE9HWmpMVEE0WldNdE5HSXlOeTA1WTJJMExUYzNOamt4TlRCak56bGlZeUlzSW5CaGVXVmxJanA3SW5CaGNuUjVTV1JKYm1adklqcDdJbkJoY25SNVNXUlVlWEJsSWpvaVRWTkpVMFJPSWl3aWNHRnlkSGxKWkdWdWRHbG1hV1Z5SWpvaWUzdHlaV05sYVhabGNrMVRTVk5FVG4xOUlpd2labk53U1dRaU9pSndZWGxsWldaemNDSjlmU3dpY0dGNVpYSWlPbnNpY0dGeWRIbEpaRWx1Wm04aU9uc2ljR0Z5ZEhsSlpGUjVjR1VpT2lKTlUwbFRSRTRpTENKd1lYSjBlVWxrWlc1MGFXWnBaWElpT2lJeU56Y3hNemd3TXprd05TSXNJbVp6Y0Vsa0lqb2ljR0Y1WlhKbWMzQWlmU3dpY0dWeWMyOXVZV3hKYm1adklqcDdJbU52YlhCc1pYaE9ZVzFsSWpwN0ltWnBjbk4wVG1GdFpTSTZJazFoZEhNaUxDSnNZWE4wVG1GdFpTSTZJa2hoWjIxaGJpSjlMQ0prWVhSbFQyWkNhWEowYUNJNklqRTVPRE10TVRBdE1qVWlmWDBzSW1GdGIzVnVkQ0k2ZXlKaGJXOTFiblFpT2lJeE1EQWlMQ0pqZFhKeVpXNWplU0k2SWxWVFJDSjlMQ0owY21GdWMyRmpkR2x2YmxSNWNHVWlPbnNpYzJObGJtRnlhVzhpT2lKVVVrRk9VMFpGVWlJc0ltbHVhWFJwWVhSdmNpSTZJbEJCV1VWU0lpd2lhVzVwZEdsaGRHOXlWSGx3WlNJNklrTlBUbE5WVFVWU0luMTkA','2023-03-30 15:27:37'),('38f7597f-1815-4476-bdbd-de9275f9ee09','AYIDGQAAAAAAACcQHWcucGF5ZWVmc3AubXNpc2RuLjE3MDM5ODExOTAyggLvZXlKMGNtRnVjMkZqZEdsdmJrbGtJam9pTXpobU56VTVOMll0TVRneE5TMDBORGMyTFdKa1ltUXRaR1U1TWpjMVpqbGxaVEE1SWl3aWNYVnZkR1ZKWkNJNkltRmhNMkpoWVdOaUxUbGhPREV0TkRneVpDMWhNRGhrTFdSbU5qWm1abUl3TTJObU1TSXNJbkJoZVdWbElqcDdJbkJoY25SNVNXUkpibVp2SWpwN0luQmhjblI1U1dSVWVYQmxJam9pVFZOSlUwUk9JaXdpY0dGeWRIbEpaR1Z1ZEdsbWFXVnlJam9pTVRjd016azRNVEU1TURJaUxDSm1jM0JKWkNJNkluQmhlV1ZsWm5Od0luMTlMQ0p3WVhsbGNpSTZleUp3WVhKMGVVbGtTVzVtYnlJNmV5SndZWEowZVVsa1ZIbHdaU0k2SWsxVFNWTkVUaUlzSW5CaGNuUjVTV1JsYm5ScFptbGxjaUk2SWpRME1USXpORFUyTnpnNUlpd2labk53U1dRaU9pSjBaWE4wYVc1bmRHOXZiR3RwZEdSbWMzQWlmU3dpY0dWeWMyOXVZV3hKYm1adklqcDdJbU52YlhCc1pYaE9ZVzFsSWpwN0ltWnBjbk4wVG1GdFpTSTZJa1pwY25OMGJtRnRaUzFVWlhOMElpd2liR0Z6ZEU1aGJXVWlPaUpNWVhOMGJtRnRaUzFVWlhOMEluMHNJbVJoZEdWUFprSnBjblJvSWpvaU1UazROQzB3TVMwd01TSjlmU3dpWVcxdmRXNTBJanA3SW1GdGIzVnVkQ0k2SWpFd01DSXNJbU4xY25KbGJtTjVJam9pVlZORUluMHNJblJ5WVc1ellXTjBhVzl1Vkhsd1pTSTZleUp6WTJWdVlYSnBieUk2SWxSU1FVNVRSa1ZTSWl3aWFXNXBkR2xoZEc5eUlqb2lVRUZaUlZJaUxDSnBibWwwYVdGMGIzSlVlWEJsSWpvaVEwOU9VMVZOUlZJaWZYMAA','2023-03-30 15:36:33'),('39623591-6ac8-49d5-bc3e-c96c399832f4','AYICfAAAAAAAATRsG2cudHRrc2ltMy5tc2lzZG4uNTY3MTAwMDAwMoICVGV5SjBjbUZ1YzJGamRHbHZia2xrSWpvaU16azJNak0xT1RFdE5tRmpPQzAwT1dRMUxXSmpNMlV0WXprMll6TTVPVGd6TW1ZMElpd2ljWFZ2ZEdWSlpDSTZJak01TmpJek5Ua3hMVFpoWXpndE5EbGtOUzFpWXpObExXTTVObU16T1RrNE16Sm1OQ0lzSW5CaGVXVmxJanA3SW5CaGNuUjVTV1JKYm1adklqcDdJbkJoY25SNVNXUlVlWEJsSWpvaVRWTkpVMFJPSWl3aWNHRnlkSGxKWkdWdWRHbG1hV1Z5SWpvaU5UWTNNVEF3TURBd01pSXNJbVp6Y0Vsa0lqb2lkSFJyYzJsdE15SjlmU3dpY0dGNVpYSWlPbnNpY0dGeWRIbEpaRWx1Wm04aU9uc2ljR0Z5ZEhsSlpGUjVjR1VpT2lKTlUwbFRSRTRpTENKd1lYSjBlVWxrWlc1MGFXWnBaWElpT2lJeE5qRXpOVFUxTVRJeE1pSXNJbVp6Y0Vsa0lqb2lkSFJyYzJsdE1TSjlmU3dpWVcxdmRXNTBJanA3SW1GdGIzVnVkQ0k2SWpjNE9TNDFOaUlzSW1OMWNuSmxibU41SWpvaVZGcFRJbjBzSW5SeVlXNXpZV04wYVc5dVZIbHdaU0k2ZXlKelkyVnVZWEpwYnlJNklsUlNRVTVUUmtWU0lpd2lhVzVwZEdsaGRHOXlJam9pVUVGWlJWSWlMQ0pwYm1sMGFXRjBiM0pVZVhCbElqb2lRMDlPVTFWTlJWSWlmU3dpYm05MFpTSTZJaUo5AA','2023-03-30 15:46:22'),('3d5ddf3e-e703-466a-a4c2-32635f42ab61','AYIDaAAAAAAAACcQG2cudHRrc2ltMi5tc2lzZG4uNDU2MTAwMDAwNIIDQGV5SjBjbUZ1YzJGamRHbHZia2xrSWpvaU0yUTFaR1JtTTJVdFpUY3dNeTAwTmpaaExXRTBZekl0TXpJMk16Vm1OREpoWWpZeElpd2ljWFZ2ZEdWSlpDSTZJak5rTldSa1pqTmxMV1UzTURNdE5EWTJZUzFoTkdNeUxUTXlOak0xWmpReVlXSTJNU0lzSW5CaGVXVmxJanA3SW5CaGNuUjVTV1JKYm1adklqcDdJbkJoY25SNVNXUlVlWEJsSWpvaVRWTkpVMFJPSWl3aWNHRnlkSGxKWkdWdWRHbG1hV1Z5SWpvaU5EVTJNVEF3TURBd05DSXNJbVp6Y0Vsa0lqb2lkSFJyYzJsdE1pSjlMQ0p3WlhKemIyNWhiRWx1Wm04aU9uc2lZMjl0Y0d4bGVFNWhiV1VpT25zaVptbHljM1JPWVcxbElqb2lVbVZqWldsMlpYSkdhWEp6ZENJc0ltMXBaR1JzWlU1aGJXVWlPaUpTWldObGFYWmxjazFwWkdSc1pTSXNJbXhoYzNST1lXMWxJam9pVW1WalpXbDJaWEpNWVhOMEluMHNJbVJoZEdWUFprSnBjblJvSWpvaU1UazROQzB3TVMwd01TSjlMQ0p1WVcxbElqb2lVbVZqWldsMlpYSkdhWEp6ZENCU1pXTmxhWFpsY2t4aGMzUWlmU3dpY0dGNVpYSWlPbnNpY0dGeWRIbEpaRWx1Wm04aU9uc2ljR0Z5ZEhsSlpGUjVjR1VpT2lKTlUwbFRSRTRpTENKd1lYSjBlVWxrWlc1MGFXWnBaWElpT2lJeE5qRXpOVFUxTVRJeE1pSXNJbVp6Y0Vsa0lqb2lkSFJyYzJsdE1TSjlmU3dpWVcxdmRXNTBJanA3SW1GdGIzVnVkQ0k2SWpFd01DSXNJbU4xY25KbGJtTjVJam9pVkZwVEluMHNJblJ5WVc1ellXTjBhVzl1Vkhsd1pTSTZleUp6WTJWdVlYSnBieUk2SWxSU1FVNVRSa1ZTSWl3aWFXNXBkR2xoZEc5eUlqb2lVRUZaUlZJaUxDSnBibWwwYVdGMGIzSlVlWEJsSWpvaVEwOU9VMVZOUlZJaWZTd2libTkwWlNJNklpSjkA','2023-03-30 15:44:12'),('3efe2d69-255b-4105-b914-d384ee1ff7d3','AYIDBQAAAAAAACcQJGcucGF5ZWVmc3AubXNpc2RuLnt7cmVjZWl2ZXJtc2lzZG59fYIC1GV5SjBjbUZ1YzJGamRHbHZia2xrSWpvaVptVXhNREU0Wm1NdE1EaGxZeTAwWWpJM0xUbGpZalF0TnpjMk9URTFNR00zT1dKaklpd2ljWFZ2ZEdWSlpDSTZJbVpsTVRBeE9HWmpMVEE0WldNdE5HSXlOeTA1WTJJMExUYzNOamt4TlRCak56bGlZeUlzSW5CaGVXVmxJanA3SW5CaGNuUjVTV1JKYm1adklqcDdJbkJoY25SNVNXUlVlWEJsSWpvaVRWTkpVMFJPSWl3aWNHRnlkSGxKWkdWdWRHbG1hV1Z5SWpvaWUzdHlaV05sYVhabGNrMVRTVk5FVG4xOUlpd2labk53U1dRaU9pSndZWGxsWldaemNDSjlmU3dpY0dGNVpYSWlPbnNpY0dGeWRIbEpaRWx1Wm04aU9uc2ljR0Z5ZEhsSlpGUjVjR1VpT2lKTlUwbFRSRTRpTENKd1lYSjBlVWxrWlc1MGFXWnBaWElpT2lJeU56Y3hNemd3TXprd05TSXNJbVp6Y0Vsa0lqb2ljR0Y1WlhKbWMzQWlmU3dpY0dWeWMyOXVZV3hKYm1adklqcDdJbU52YlhCc1pYaE9ZVzFsSWpwN0ltWnBjbk4wVG1GdFpTSTZJazFoZEhNaUxDSnNZWE4wVG1GdFpTSTZJa2hoWjIxaGJpSjlMQ0prWVhSbFQyWkNhWEowYUNJNklqRTVPRE10TVRBdE1qVWlmWDBzSW1GdGIzVnVkQ0k2ZXlKaGJXOTFiblFpT2lJeE1EQWlMQ0pqZFhKeVpXNWplU0k2SWxWVFJDSjlMQ0owY21GdWMyRmpkR2x2YmxSNWNHVWlPbnNpYzJObGJtRnlhVzhpT2lKVVVrRk9VMFpGVWlJc0ltbHVhWFJwWVhSdmNpSTZJbEJCV1VWU0lpd2lhVzVwZEdsaGRHOXlWSGx3WlNJNklrTlBUbE5WVFVWU0luMTkA','2023-03-30 15:27:39'),('3f3e5771-7ba3-46cb-864c-a30dfbc01b6a','AYIDaAAAAAAAACcQG2cudHRrc2ltMy5tc2lzZG4uNTY3MTAwMDAwNYIDQGV5SjBjbUZ1YzJGamRHbHZia2xrSWpvaU0yWXpaVFUzTnpFdE4ySmhNeTAwTm1OaUxUZzJOR010WVRNd1pHWmlZekF4WWpaaElpd2ljWFZ2ZEdWSlpDSTZJak5tTTJVMU56Y3hMVGRpWVRNdE5EWmpZaTA0TmpSakxXRXpNR1JtWW1Nd01XSTJZU0lzSW5CaGVXVmxJanA3SW5CaGNuUjVTV1JKYm1adklqcDdJbkJoY25SNVNXUlVlWEJsSWpvaVRWTkpVMFJPSWl3aWNHRnlkSGxKWkdWdWRHbG1hV1Z5SWpvaU5UWTNNVEF3TURBd05TSXNJbVp6Y0Vsa0lqb2lkSFJyYzJsdE15SjlMQ0p3WlhKemIyNWhiRWx1Wm04aU9uc2lZMjl0Y0d4bGVFNWhiV1VpT25zaVptbHljM1JPWVcxbElqb2lVbVZqWldsMlpYSkdhWEp6ZENJc0ltMXBaR1JzWlU1aGJXVWlPaUpTWldObGFYWmxjazFwWkdSc1pTSXNJbXhoYzNST1lXMWxJam9pVW1WalpXbDJaWEpNWVhOMEluMHNJbVJoZEdWUFprSnBjblJvSWpvaU1UazROQzB3TVMwd01TSjlMQ0p1WVcxbElqb2lVbVZqWldsMlpYSkdhWEp6ZENCU1pXTmxhWFpsY2t4aGMzUWlmU3dpY0dGNVpYSWlPbnNpY0dGeWRIbEpaRWx1Wm04aU9uc2ljR0Z5ZEhsSlpGUjVjR1VpT2lKTlUwbFRSRTRpTENKd1lYSjBlVWxrWlc1MGFXWnBaWElpT2lJeE5qRXpOVFUxTVRJeE1pSXNJbVp6Y0Vsa0lqb2lkSFJyYzJsdE1TSjlmU3dpWVcxdmRXNTBJanA3SW1GdGIzVnVkQ0k2SWpFd01DSXNJbU4xY25KbGJtTjVJam9pVkZwVEluMHNJblJ5WVc1ellXTjBhVzl1Vkhsd1pTSTZleUp6WTJWdVlYSnBieUk2SWxSU1FVNVRSa1ZTSWl3aWFXNXBkR2xoZEc5eUlqb2lVRUZaUlZJaUxDSnBibWwwYVdGMGIzSlVlWEJsSWpvaVEwOU9VMVZOUlZJaWZTd2libTkwWlNJNklpSjkA','2023-03-30 15:44:17'),('401b13d6-796b-434f-87bd-b56400e419b2','AYIDCgAAAAAAABdwHWcudGVzdGZzcDIubXNpc2RuLjE3MDM5ODExOTA0ggLgZXlKMGNtRnVjMkZqZEdsdmJrbGtJam9pTkRBeFlqRXpaRFl0TnprMllpMDBNelJtTFRnM1ltUXRZalUyTkRBd1pUUXhPV0l5SWl3aWNYVnZkR1ZKWkNJNklqRTJZVE15TmpFNUxXUXhOMlF0TkRjd01TMDRNVEkwTFRSa01EVXdaRE0zTURRM1lpSXNJbkJoZVdWbElqcDdJbkJoY25SNVNXUkpibVp2SWpwN0luQmhjblI1U1dSVWVYQmxJam9pVFZOSlUwUk9JaXdpY0dGeWRIbEpaR1Z1ZEdsbWFXVnlJam9pTVRjd016azRNVEU1TURRaUxDSm1jM0JKWkNJNkluUmxjM1JtYzNBeUluMTlMQ0p3WVhsbGNpSTZleUp3WVhKMGVVbGtTVzVtYnlJNmV5SndZWEowZVVsa1ZIbHdaU0k2SWsxVFNWTkVUaUlzSW5CaGNuUjVTV1JsYm5ScFptbGxjaUk2SWpFM01ETTVPREV4T1RBeklpd2labk53U1dRaU9pSjBaWE4wWm5Od01TSjlMQ0p3WlhKemIyNWhiRWx1Wm04aU9uc2lZMjl0Y0d4bGVFNWhiV1VpT25zaVptbHljM1JPWVcxbElqb2lSbWx5YzNSdVlXMWxMVlJsYzNRaUxDSnNZWE4wVG1GdFpTSTZJa3hoYzNSdVlXMWxMVlJsYzNRaWZTd2laR0YwWlU5bVFtbHlkR2dpT2lJeE9UZzBMVEF4TFRBeEluMTlMQ0poYlc5MWJuUWlPbnNpWVcxdmRXNTBJam9pTmpBaUxDSmpkWEp5Wlc1amVTSTZJbFZUUkNKOUxDSjBjbUZ1YzJGamRHbHZibFI1Y0dVaU9uc2ljMk5sYm1GeWFXOGlPaUpVVWtGT1UwWkZVaUlzSW1sdWFYUnBZWFJ2Y2lJNklsQkJXVVZTSWl3aWFXNXBkR2xoZEc5eVZIbHdaU0k2SWtOUFRsTlZUVVZTSW4xOQA','2023-03-30 15:38:33'),('420370f7-e415-4435-b50b-26c251428f87','AYIDBQAAAAAAACcQJGcucGF5ZWVmc3AubXNpc2RuLnt7cmVjZWl2ZXJtc2lzZG59fYIC1GV5SjBjbUZ1YzJGamRHbHZia2xrSWpvaVptVXhNREU0Wm1NdE1EaGxZeTAwWWpJM0xUbGpZalF0TnpjMk9URTFNR00zT1dKaklpd2ljWFZ2ZEdWSlpDSTZJbVpsTVRBeE9HWmpMVEE0WldNdE5HSXlOeTA1WTJJMExUYzNOamt4TlRCak56bGlZeUlzSW5CaGVXVmxJanA3SW5CaGNuUjVTV1JKYm1adklqcDdJbkJoY25SNVNXUlVlWEJsSWpvaVRWTkpVMFJPSWl3aWNHRnlkSGxKWkdWdWRHbG1hV1Z5SWpvaWUzdHlaV05sYVhabGNrMVRTVk5FVG4xOUlpd2labk53U1dRaU9pSndZWGxsWldaemNDSjlmU3dpY0dGNVpYSWlPbnNpY0dGeWRIbEpaRWx1Wm04aU9uc2ljR0Z5ZEhsSlpGUjVjR1VpT2lKTlUwbFRSRTRpTENKd1lYSjBlVWxrWlc1MGFXWnBaWElpT2lJeU56Y3hNemd3TXprd05TSXNJbVp6Y0Vsa0lqb2ljR0Y1WlhKbWMzQWlmU3dpY0dWeWMyOXVZV3hKYm1adklqcDdJbU52YlhCc1pYaE9ZVzFsSWpwN0ltWnBjbk4wVG1GdFpTSTZJazFoZEhNaUxDSnNZWE4wVG1GdFpTSTZJa2hoWjIxaGJpSjlMQ0prWVhSbFQyWkNhWEowYUNJNklqRTVPRE10TVRBdE1qVWlmWDBzSW1GdGIzVnVkQ0k2ZXlKaGJXOTFiblFpT2lJeE1EQWlMQ0pqZFhKeVpXNWplU0k2SWxWVFJDSjlMQ0owY21GdWMyRmpkR2x2YmxSNWNHVWlPbnNpYzJObGJtRnlhVzhpT2lKVVVrRk9VMFpGVWlJc0ltbHVhWFJwWVhSdmNpSTZJbEJCV1VWU0lpd2lhVzVwZEdsaGRHOXlWSGx3WlNJNklrTlBUbE5WVFVWU0luMTkA','2023-03-30 15:36:13'),('42549296-34bf-44df-adc4-3f1cf945f1d5','AYIEMgAAAAAAAAWNHWcudGVzdGZzcDEubXNpc2RuLjE3MDM5ODExOTAzggQIZXlKMGNtRnVjMkZqZEdsdmJrbGtJam9pTkRJMU5Ea3lPVFl0TXpSaVppMDBOR1JtTFdGa1l6UXRNMll4WTJZNU5EVm1NV1ExSWl3aWNYVnZkR1ZKWkNJNkltSXhNVE15TnpSa0xXVmxaalF0TkRoak1TMDVaV1F3TFRBNVlUZGtNemt4TUdNeE9TSXNJbkJoZVdWbElqcDdJbkJoY25SNVNXUkpibVp2SWpwN0luQmhjblI1U1dSVWVYQmxJam9pVFZOSlUwUk9JaXdpY0dGeWRIbEpaR1Z1ZEdsbWFXVnlJam9pTVRjd016azRNVEU1TURNaUxDSm1jM0JKWkNJNkluUmxjM1JtYzNBeElpd2laWGgwWlc1emFXOXVUR2x6ZENJNmV5SmxlSFJsYm5OcGIyNGlPbHQ3SW10bGVTSTZJbUZqWTI5MWJuUlVlWEJsSWl3aWRtRnNkV1VpT2lKWFlXeHNaWFFpZlYxOWZTd2ljR1Z5YzI5dVlXeEpibVp2SWpwN0ltTnZiWEJzWlhoT1lXMWxJanA3SW1acGNuTjBUbUZ0WlNJNklsUmxjM1JtYzNBeFJtbHljM1FpTENKdGFXUmtiR1ZPWVcxbElqb2lWR1Z6ZEdaemNERk5hV1JrYkdVaUxDSnNZWE4wVG1GdFpTSTZJbFJsYzNSbWMzQXhUR0Z6ZENKOUxDSmtZWFJsVDJaQ2FYSjBhQ0k2SWpJd01UQXRNVEF0TVRBaWZYMHNJbkJoZVdWeUlqcDdJbkJoY25SNVNXUkpibVp2SWpwN0luQmhjblI1U1dSVWVYQmxJam9pVFZOSlUwUk9JaXdpY0dGeWRIbEpaR1Z1ZEdsbWFXVnlJam9pTVRjNE9URXlNems0TnpNaUxDSm1jM0JKWkNJNkluUmxjM1JtYzNBeklpd2laWGgwWlc1emFXOXVUR2x6ZENJNmV5SmxlSFJsYm5OcGIyNGlPbHQ3SW10bGVTSTZJbUZqWTI5MWJuUlVlWEJsSWl3aWRtRnNkV1VpT2lKWFlXeHNaWFFpZlYxOWZTd2libUZ0WlNJNkluUmxjM1JtYzNBelYyRnNiR1YwUm01aGJXVWdkR1Z6ZEdaemNETlhZV3hzWlhSTWJtRnRaU0o5TENKaGJXOTFiblFpT25zaVlXMXZkVzUwSWpvaU1UUXVNakVpTENKamRYSnlaVzVqZVNJNklrbE9VaUo5TENKMGNtRnVjMkZqZEdsdmJsUjVjR1VpT25zaWMyTmxibUZ5YVc4aU9pSlVVa0ZPVTBaRlVpSXNJbWx1YVhScFlYUnZjaUk2SWxCQldVVlNJaXdpYVc1cGRHbGhkRzl5Vkhsd1pTSTZJa05QVGxOVlRVVlNJbjE5AA','2023-03-30 15:39:23'),('438a43ab-252c-49e1-8792-a331ec72e283','AYIDBQAAAAAAACcQJGcucGF5ZWVmc3AubXNpc2RuLnt7cmVjZWl2ZXJtc2lzZG59fYIC1GV5SjBjbUZ1YzJGamRHbHZia2xrSWpvaVptVXhNREU0Wm1NdE1EaGxZeTAwWWpJM0xUbGpZalF0TnpjMk9URTFNR00zT1dKaklpd2ljWFZ2ZEdWSlpDSTZJbVpsTVRBeE9HWmpMVEE0WldNdE5HSXlOeTA1WTJJMExUYzNOamt4TlRCak56bGlZeUlzSW5CaGVXVmxJanA3SW5CaGNuUjVTV1JKYm1adklqcDdJbkJoY25SNVNXUlVlWEJsSWpvaVRWTkpVMFJPSWl3aWNHRnlkSGxKWkdWdWRHbG1hV1Z5SWpvaWUzdHlaV05sYVhabGNrMVRTVk5FVG4xOUlpd2labk53U1dRaU9pSndZWGxsWldaemNDSjlmU3dpY0dGNVpYSWlPbnNpY0dGeWRIbEpaRWx1Wm04aU9uc2ljR0Z5ZEhsSlpGUjVjR1VpT2lKTlUwbFRSRTRpTENKd1lYSjBlVWxrWlc1MGFXWnBaWElpT2lJeU56Y3hNemd3TXprd05TSXNJbVp6Y0Vsa0lqb2ljR0Y1WlhKbWMzQWlmU3dpY0dWeWMyOXVZV3hKYm1adklqcDdJbU52YlhCc1pYaE9ZVzFsSWpwN0ltWnBjbk4wVG1GdFpTSTZJazFoZEhNaUxDSnNZWE4wVG1GdFpTSTZJa2hoWjIxaGJpSjlMQ0prWVhSbFQyWkNhWEowYUNJNklqRTVPRE10TVRBdE1qVWlmWDBzSW1GdGIzVnVkQ0k2ZXlKaGJXOTFiblFpT2lJeE1EQWlMQ0pqZFhKeVpXNWplU0k2SWxWVFJDSjlMQ0owY21GdWMyRmpkR2x2YmxSNWNHVWlPbnNpYzJObGJtRnlhVzhpT2lKVVVrRk9VMFpGVWlJc0ltbHVhWFJwWVhSdmNpSTZJbEJCV1VWU0lpd2lhVzVwZEdsaGRHOXlWSGx3WlNJNklrTlBUbE5WVFVWU0luMTkA','2023-03-30 15:37:10'),('4532d58f-06af-44af-8026-8222bec1d05b','AYIDIAAAAAAAACigIGcudHRrcGF5ZWVmc3AubXNpc2RuLjQ0MTIzNDU2Nzg5ggLzZXlKMGNtRnVjMkZqZEdsdmJrbGtJam9pTkRVek1tUTFPR1l0TURaaFppMDBOR0ZtTFRnd01qWXRPREl5TW1KbFl6RmtNRFZpSWl3aWNYVnZkR1ZKWkNJNklqY3laVGd6TW1Jd0xXTXhaR1l0TkRNM01DMDRORGd6TFRnNE5EZzRPV1F4TlRFell5SXNJbkJoZVdWbElqcDdJbkJoY25SNVNXUkpibVp2SWpwN0luQmhjblI1U1dSVWVYQmxJam9pVFZOSlUwUk9JaXdpY0dGeWRIbEpaR1Z1ZEdsbWFXVnlJam9pTkRReE1qTTBOVFkzT0RraUxDSm1jM0JKWkNJNkluUjBhM0JoZVdWbFpuTndJbjE5TENKd1lYbGxjaUk2ZXlKd1lYSjBlVWxrU1c1bWJ5STZleUp3WVhKMGVVbGtWSGx3WlNJNklrMVRTVk5FVGlJc0luQmhjblI1U1dSbGJuUnBabWxsY2lJNklqUTBNVEl6TkRVMk56ZzVJaXdpWm5Od1NXUWlPaUowWlhOMGFXNW5kRzl2Ykd0cGRHUm1jM0FpZlN3aWNHVnljMjl1WVd4SmJtWnZJanA3SW1OdmJYQnNaWGhPWVcxbElqcDdJbVpwY25OMFRtRnRaU0k2SWtacGNuTjBibUZ0WlMxVVpYTjBJaXdpYkdGemRFNWhiV1VpT2lKTVlYTjBibUZ0WlMxVVpYTjBJbjBzSW1SaGRHVlBaa0pwY25Sb0lqb2lNVGs0TkMwd01TMHdNU0o5ZlN3aVlXMXZkVzUwSWpwN0ltTjFjbkpsYm1ONUlqb2lWVk5FSWl3aVlXMXZkVzUwSWpvaU1UQTBJbjBzSW5SeVlXNXpZV04wYVc5dVZIbHdaU0k2ZXlKelkyVnVZWEpwYnlJNklsUlNRVTVUUmtWU0lpd2lhVzVwZEdsaGRHOXlJam9pVUVGWlJWSWlMQ0pwYm1sMGFXRjBiM0pVZVhCbElqb2lRMDlPVTFWTlJWSWlmWDAA','2023-03-30 15:37:46'),('45db99ac-4e83-4500-8e5c-3e3c0c92ec55','AYICfAAAAAAAADA5G2cudHRrc2ltMi5tc2lzZG4uNDU2MTAwMDAwMYICVGV5SjBjbUZ1YzJGamRHbHZia2xrSWpvaU5EVmtZams1WVdNdE5HVTRNeTAwTlRBd0xUaGxOV010TTJVell6QmpPVEpsWXpVMUlpd2ljWFZ2ZEdWSlpDSTZJalExWkdJNU9XRmpMVFJsT0RNdE5EVXdNQzA0WlRWakxUTmxNMk13WXpreVpXTTFOU0lzSW5CaGVXVmxJanA3SW5CaGNuUjVTV1JKYm1adklqcDdJbkJoY25SNVNXUlVlWEJsSWpvaVRWTkpVMFJPSWl3aWNHRnlkSGxKWkdWdWRHbG1hV1Z5SWpvaU5EVTJNVEF3TURBd01TSXNJbVp6Y0Vsa0lqb2lkSFJyYzJsdE1pSjlmU3dpY0dGNVpYSWlPbnNpY0dGeWRIbEpaRWx1Wm04aU9uc2ljR0Z5ZEhsSlpGUjVjR1VpT2lKTlUwbFRSRTRpTENKd1lYSjBlVWxrWlc1MGFXWnBaWElpT2lJeE5qRXpOVFUxTVRJeE1pSXNJbVp6Y0Vsa0lqb2lkSFJyYzJsdE1TSjlmU3dpWVcxdmRXNTBJanA3SW1GdGIzVnVkQ0k2SWpFeU15NDBOU0lzSW1OMWNuSmxibU41SWpvaVZGcFRJbjBzSW5SeVlXNXpZV04wYVc5dVZIbHdaU0k2ZXlKelkyVnVZWEpwYnlJNklsUlNRVTVUUmtWU0lpd2lhVzVwZEdsaGRHOXlJam9pVUVGWlJWSWlMQ0pwYm1sMGFXRjBiM0pVZVhCbElqb2lRMDlPVTFWTlJWSWlmU3dpYm05MFpTSTZJaUo5AA','2023-03-30 15:46:01'),('460f617a-cae3-4a52-9e03-e9196c0c8781','AYIDAQAAAAAAABdwHWcucGF5ZWVmc3AubXNpc2RuLjE3MDM5ODExOTAyggLXZXlKMGNtRnVjMkZqZEdsdmJrbGtJam9pTkRZd1pqWXhOMkV0WTJGbE15MDBZVFV5TFRsbE1ETXRaVGt4T1Raak1HTTROemd4SWl3aWNYVnZkR1ZKWkNJNklqYzFZbVZsTnprM0xXWmpOek10TkRVd09TMWhNMll5TFdWbU1qWmxOek5qT1RGaU1DSXNJbkJoZVdWbElqcDdJbkJoY25SNVNXUkpibVp2SWpwN0luQmhjblI1U1dSVWVYQmxJam9pVFZOSlUwUk9JaXdpY0dGeWRIbEpaR1Z1ZEdsbWFXVnlJam9pTVRjd016azRNVEU1TURJaUxDSm1jM0JKWkNJNkluQmhlV1ZsWm5Od0luMTlMQ0p3WVhsbGNpSTZleUp3WVhKMGVVbGtTVzVtYnlJNmV5SndZWEowZVVsa1ZIbHdaU0k2SWsxVFNWTkVUaUlzSW5CaGNuUjVTV1JsYm5ScFptbGxjaUk2SWpRME1USXpORFUyTnpnNUlpd2labk53U1dRaU9pSjBaWE4wYVc1bmRHOXZiR3RwZEdSbWMzQWlmU3dpY0dWeWMyOXVZV3hKYm1adklqcDdJbU52YlhCc1pYaE9ZVzFsSWpwN0ltWnBjbk4wVG1GdFpTSTZJazFoZEhNaUxDSnNZWE4wVG1GdFpTSTZJa2hoWjIxaGJpSjlMQ0prWVhSbFQyWkNhWEowYUNJNklqRTVPRE10TVRBdE1qVWlmWDBzSW1GdGIzVnVkQ0k2ZXlKaGJXOTFiblFpT2lJMk1DSXNJbU4xY25KbGJtTjVJam9pVlZORUluMHNJblJ5WVc1ellXTjBhVzl1Vkhsd1pTSTZleUp6WTJWdVlYSnBieUk2SWxSU1FVNVRSa1ZTSWl3aWFXNXBkR2xoZEc5eUlqb2lVRUZaUlZJaUxDSnBibWwwYVdGMGIzSlVlWEJsSWpvaVEwOU9VMVZOUlZJaWZYMAA','2023-03-30 15:27:52'),('462e2f50-936f-4a43-9014-1b22f87c52d8','AYIEMAAAAAAAADqYHWcudGVzdGZzcDEubXNpc2RuLjE3MDM5ODExOTAzggQGZXlKMGNtRnVjMkZqZEdsdmJrbGtJam9pTkRZeVpUSm1OVEF0T1RNMlppMDBZVFF6TFRrd01UUXRNV0l5TW1ZNE4yTTFNbVE0SWl3aWNYVnZkR1ZKWkNJNklqZGpNRGhsTmpGaUxXUXhZalV0TkdNMlpDMDVaV05rTFdObE5qWTRNbU0xWm1NeFlpSXNJbkJoZVdWbElqcDdJbkJoY25SNVNXUkpibVp2SWpwN0luQmhjblI1U1dSVWVYQmxJam9pVFZOSlUwUk9JaXdpY0dGeWRIbEpaR1Z1ZEdsbWFXVnlJam9pTVRjd016azRNVEU1TURNaUxDSm1jM0JKWkNJNkluUmxjM1JtYzNBeElpd2laWGgwWlc1emFXOXVUR2x6ZENJNmV5SmxlSFJsYm5OcGIyNGlPbHQ3SW10bGVTSTZJbUZqWTI5MWJuUlVlWEJsSWl3aWRtRnNkV1VpT2lKWFlXeHNaWFFpZlYxOWZTd2ljR1Z5YzI5dVlXeEpibVp2SWpwN0ltTnZiWEJzWlhoT1lXMWxJanA3SW1acGNuTjBUbUZ0WlNJNklsUmxjM1JtYzNBeFJtbHljM1FpTENKdGFXUmtiR1ZPWVcxbElqb2lWR1Z6ZEdaemNERk5hV1JrYkdVaUxDSnNZWE4wVG1GdFpTSTZJbFJsYzNSbWMzQXhUR0Z6ZENKOUxDSmtZWFJsVDJaQ2FYSjBhQ0k2SWpJd01UQXRNVEF0TVRBaWZYMHNJbkJoZVdWeUlqcDdJbkJoY25SNVNXUkpibVp2SWpwN0luQmhjblI1U1dSVWVYQmxJam9pVFZOSlUwUk9JaXdpY0dGeWRIbEpaR1Z1ZEdsbWFXVnlJam9pTVRjNE9URXlNems0TnpJaUxDSm1jM0JKWkNJNkluUmxjM1JtYzNBMElpd2laWGgwWlc1emFXOXVUR2x6ZENJNmV5SmxlSFJsYm5OcGIyNGlPbHQ3SW10bGVTSTZJbUZqWTI5MWJuUlVlWEJsSWl3aWRtRnNkV1VpT2lKWFlXeHNaWFFpZlYxOWZTd2libUZ0WlNJNkluUmxjM1JtYzNBMFYyRnNiR1YwUm01aGJXVWdkR1Z6ZEdaemNEUlhZV3hzWlhSTWJtRnRaU0o5TENKaGJXOTFiblFpT25zaVlXMXZkVzUwSWpvaU1UVXdJaXdpWTNWeWNtVnVZM2tpT2lKSlRsSWlmU3dpZEhKaGJuTmhZM1JwYjI1VWVYQmxJanA3SW5OalpXNWhjbWx2SWpvaVZGSkJUbE5HUlZJaUxDSnBibWwwYVdGMGIzSWlPaUpRUVZsRlVpSXNJbWx1YVhScFlYUnZjbFI1Y0dVaU9pSkRUMDVUVlUxRlVpSjlmUQA','2023-03-30 15:39:17'),('46b0dfeb-76f1-439b-b418-aae0291d75f5','AYIELgAAAAAAACasHWcudGVzdGZzcDEubXNpc2RuLjE3MDM5ODExOTAzggQEZXlKMGNtRnVjMkZqZEdsdmJrbGtJam9pTkRaaU1HUm1aV0l0TnpabU1TMDBNemxpTFdJME1UZ3RZV0ZsTURJNU1XUTNOV1kxSWl3aWNYVnZkR1ZKWkNJNkltWmtaRGRqTVRKakxXRTJabUV0TkdGa015MWhaVGxtTFRFd01HRTNOalF3WldZd1ppSXNJbkJoZVdWbElqcDdJbkJoY25SNVNXUkpibVp2SWpwN0luQmhjblI1U1dSVWVYQmxJam9pVFZOSlUwUk9JaXdpY0dGeWRIbEpaR1Z1ZEdsbWFXVnlJam9pTVRjd016azRNVEU1TURNaUxDSm1jM0JKWkNJNkluUmxjM1JtYzNBeElpd2laWGgwWlc1emFXOXVUR2x6ZENJNmV5SmxlSFJsYm5OcGIyNGlPbHQ3SW10bGVTSTZJbUZqWTI5MWJuUlVlWEJsSWl3aWRtRnNkV1VpT2lKWFlXeHNaWFFpZlYxOWZTd2ljR1Z5YzI5dVlXeEpibVp2SWpwN0ltTnZiWEJzWlhoT1lXMWxJanA3SW1acGNuTjBUbUZ0WlNJNklsUmxjM1JtYzNBeFJtbHljM1FpTENKdGFXUmtiR1ZPWVcxbElqb2lWR1Z6ZEdaemNERk5hV1JrYkdVaUxDSnNZWE4wVG1GdFpTSTZJbFJsYzNSbWMzQXhUR0Z6ZENKOUxDSmtZWFJsVDJaQ2FYSjBhQ0k2SWpJd01UQXRNVEF0TVRBaWZYMHNJbkJoZVdWeUlqcDdJbkJoY25SNVNXUkpibVp2SWpwN0luQmhjblI1U1dSVWVYQmxJam9pVFZOSlUwUk9JaXdpY0dGeWRIbEpaR1Z1ZEdsbWFXVnlJam9pTVRjNE9URXlNems0TnpJaUxDSm1jM0JKWkNJNkluUmxjM1JtYzNBMElpd2laWGgwWlc1emFXOXVUR2x6ZENJNmV5SmxlSFJsYm5OcGIyNGlPbHQ3SW10bGVTSTZJbUZqWTI5MWJuUlVlWEJsSWl3aWRtRnNkV1VpT2lKWFlXeHNaWFFpZlYxOWZTd2libUZ0WlNJNkluUmxjM1JtYzNBMFYyRnNiR1YwUm01aGJXVWdkR1Z6ZEdaemNEUlhZV3hzWlhSTWJtRnRaU0o5TENKaGJXOTFiblFpT25zaVlXMXZkVzUwSWpvaU9Ua2lMQ0pqZFhKeVpXNWplU0k2SWtsT1VpSjlMQ0owY21GdWMyRmpkR2x2YmxSNWNHVWlPbnNpYzJObGJtRnlhVzhpT2lKVVVrRk9VMFpGVWlJc0ltbHVhWFJwWVhSdmNpSTZJbEJCV1VWU0lpd2lhVzVwZEdsaGRHOXlWSGx3WlNJNklrTlBUbE5WVFVWU0luMTkA','2023-03-30 15:39:22'),('4937b5f3-d128-4364-af8d-ef465ec5e424','AYIDPAAAAAAAACcQIGcucGF5ZWVmc3AubXNpc2RuLjI3NzEzODAzOTEyLjMwggMPZXlKMGNtRnVjMkZqZEdsdmJrbGtJam9pTkRrek4ySTFaak10WkRFeU9DMDBNelkwTFdGbU9HUXRaV1kwTmpWbFl6VmxOREkwSWl3aWNYVnZkR1ZKWkNJNklqTmxZMlV6TmpnMUxXSTNOV1F0TkdKa01pMWhNV1E1TFRWbE0yTXpNREkwT0RrMFpDSXNJbkJoZVdWbElqcDdJbkJoY25SNVNXUkpibVp2SWpwN0luQmhjblI1U1dSVWVYQmxJam9pVFZOSlUwUk9JaXdpY0dGeWRIbEpaR1Z1ZEdsbWFXVnlJam9pTWpjM01UTTRNRE01TVRJaUxDSndZWEowZVZOMVlrbGtUM0pVZVhCbElqb2lNekFpTENKbWMzQkpaQ0k2SW5CaGVXVmxabk53SW4xOUxDSndZWGxsY2lJNmV5SndZWEowZVVsa1NXNW1ieUk2ZXlKd1lYSjBlVWxrVkhsd1pTSTZJazFUU1ZORVRpSXNJbkJoY25SNVNXUmxiblJwWm1sbGNpSTZJalEwTVRJek5EVTJOemc1SWl3aVpuTndTV1FpT2lKMFpYTjBhVzVuZEc5dmJHdHBkR1JtYzNBaWZTd2ljR1Z5YzI5dVlXeEpibVp2SWpwN0ltTnZiWEJzWlhoT1lXMWxJanA3SW1acGNuTjBUbUZ0WlNJNklrWnBjbk4wYm1GdFpTMVVaWE4wSWl3aWJHRnpkRTVoYldVaU9pSk1ZWE4wYm1GdFpTMVVaWE4wSW4wc0ltUmhkR1ZQWmtKcGNuUm9Jam9pTVRrNE5DMHdNUzB3TVNKOWZTd2lZVzF2ZFc1MElqcDdJbUZ0YjNWdWRDSTZJakV3TUNJc0ltTjFjbkpsYm1ONUlqb2lWVk5FSW4wc0luUnlZVzV6WVdOMGFXOXVWSGx3WlNJNmV5SnpZMlZ1WVhKcGJ5STZJbFJTUVU1VFJrVlNJaXdpYVc1cGRHbGhkRzl5SWpvaVVFRlpSVklpTENKcGJtbDBhV0YwYjNKVWVYQmxJam9pUTA5T1UxVk5SVklpZlgwAA','2023-03-30 15:26:35'),('4ad2cd29-85a4-47b2-af16-31c63d92886a','AYIEMAAAAAAAAIIUHWcudGVzdGZzcDEubXNpc2RuLjE3MDM5ODExOTAzggQGZXlKMGNtRnVjMkZqZEdsdmJrbGtJam9pTkdGa01tTmtNamt0T0RWaE5DMDBOMkl5TFdGbU1UWXRNekZqTmpOa09USTRPRFpoSWl3aWNYVnZkR1ZKWkNJNklqa3pNbVJqTlRRekxXVTFZekl0TkRJNFpTMWlabVE1TFRBNFlUZGlaV1poWldZNE9TSXNJbkJoZVdWbElqcDdJbkJoY25SNVNXUkpibVp2SWpwN0luQmhjblI1U1dSVWVYQmxJam9pVFZOSlUwUk9JaXdpY0dGeWRIbEpaR1Z1ZEdsbWFXVnlJam9pTVRjd016azRNVEU1TURNaUxDSm1jM0JKWkNJNkluUmxjM1JtYzNBeElpd2laWGgwWlc1emFXOXVUR2x6ZENJNmV5SmxlSFJsYm5OcGIyNGlPbHQ3SW10bGVTSTZJbUZqWTI5MWJuUlVlWEJsSWl3aWRtRnNkV1VpT2lKWFlXeHNaWFFpZlYxOWZTd2ljR1Z5YzI5dVlXeEpibVp2SWpwN0ltTnZiWEJzWlhoT1lXMWxJanA3SW1acGNuTjBUbUZ0WlNJNklsUmxjM1JtYzNBeFJtbHljM1FpTENKdGFXUmtiR1ZPWVcxbElqb2lWR1Z6ZEdaemNERk5hV1JrYkdVaUxDSnNZWE4wVG1GdFpTSTZJbFJsYzNSbWMzQXhUR0Z6ZENKOUxDSmtZWFJsVDJaQ2FYSjBhQ0k2SWpJd01UQXRNVEF0TVRBaWZYMHNJbkJoZVdWeUlqcDdJbkJoY25SNVNXUkpibVp2SWpwN0luQmhjblI1U1dSVWVYQmxJam9pVFZOSlUwUk9JaXdpY0dGeWRIbEpaR1Z1ZEdsbWFXVnlJam9pTVRjd016azRNVEU1TURRaUxDSm1jM0JKWkNJNkluUmxjM1JtYzNBeUlpd2laWGgwWlc1emFXOXVUR2x6ZENJNmV5SmxlSFJsYm5OcGIyNGlPbHQ3SW10bGVTSTZJbUZqWTI5MWJuUlVlWEJsSWl3aWRtRnNkV1VpT2lKWFlXeHNaWFFpZlYxOWZTd2libUZ0WlNJNkluUmxjM1JtYzNBeVYyRnNiR1YwUm01aGJXVWdkR1Z6ZEdaemNESlhZV3hzWlhSTWJtRnRaU0o5TENKaGJXOTFiblFpT25zaVlXMXZkVzUwSWpvaU16TXpJaXdpWTNWeWNtVnVZM2tpT2lKSlRsSWlmU3dpZEhKaGJuTmhZM1JwYjI1VWVYQmxJanA3SW5OalpXNWhjbWx2SWpvaVZGSkJUbE5HUlZJaUxDSnBibWwwYVdGMGIzSWlPaUpRUVZsRlVpSXNJbWx1YVhScFlYUnZjbFI1Y0dVaU9pSkRUMDVUVlUxRlVpSjlmUQA','2023-03-30 15:39:20'),('4bac4be3-4e84-48e1-930d-ad73838c4d07','AYIEMgAAH2xMehv7HWcudGVzdGZzcDIubXNpc2RuLjE3MDM5ODExOTA0ggQIZXlKMGNtRnVjMkZqZEdsdmJrbGtJam9pTkdKaFl6UmlaVE10TkdVNE5DMDBPR1V4TFRrek1HUXRZV1EzTXpnek9HTTBaREEzSWl3aWNYVnZkR1ZKWkNJNklqWXpNems1WkdJNExUSXpPV1V0TkdJeU1pMDVZVE13TFdJM1pEUTBOVEl3WVRRd05pSXNJbkJoZVdWbElqcDdJbkJoY25SNVNXUkpibVp2SWpwN0luQmhjblI1U1dSVWVYQmxJam9pVFZOSlUwUk9JaXdpY0dGeWRIbEpaR1Z1ZEdsbWFXVnlJam9pTVRjd016azRNVEU1TURRaUxDSm1jM0JKWkNJNkluUmxjM1JtYzNBeUlpd2laWGgwWlc1emFXOXVUR2x6ZENJNmV5SmxlSFJsYm5OcGIyNGlPbHQ3SW10bGVTSTZJbUZqWTI5MWJuUlVlWEJsSWl3aWRtRnNkV1VpT2lKWFlXeHNaWFFpZlYxOWZTd2ljR1Z5YzI5dVlXeEpibVp2SWpwN0ltTnZiWEJzWlhoT1lXMWxJanA3SW1acGNuTjBUbUZ0WlNJNklsUmxjM1JtYzNBeVJtbHljM1FpTENKdGFXUmtiR1ZPWVcxbElqb2lWR1Z6ZEdaemNESk5hV1JrYkdVaUxDSnNZWE4wVG1GdFpTSTZJbFJsYzNSbWMzQXlUR0Z6ZENKOUxDSmtZWFJsVDJaQ2FYSjBhQ0k2SWpJd01UQXRNVEF0TVRBaWZYMHNJbkJoZVdWeUlqcDdJbkJoY25SNVNXUkpibVp2SWpwN0luQmhjblI1U1dSVWVYQmxJam9pVFZOSlUwUk9JaXdpY0dGeWRIbEpaR1Z1ZEdsbWFXVnlJam9pTVRjNE9URXlNems0TnpJaUxDSm1jM0JKWkNJNkluUmxjM1JtYzNBMElpd2laWGgwWlc1emFXOXVUR2x6ZENJNmV5SmxlSFJsYm5OcGIyNGlPbHQ3SW10bGVTSTZJbUZqWTI5MWJuUlVlWEJsSWl3aWRtRnNkV1VpT2lKWFlXeHNaWFFpZlYxOWZTd2libUZ0WlNJNkluUmxjM1JtYzNBMFYyRnNiR1YwUm01aGJXVWdkR1Z6ZEdaemNEUlhZV3hzWlhSTWJtRnRaU0o5TENKaGJXOTFiblFpT25zaVlXMXZkVzUwSWpvaU16UXVOVFVpTENKamRYSnlaVzVqZVNJNklrbE9VaUo5TENKMGNtRnVjMkZqZEdsdmJsUjVjR1VpT25zaWMyTmxibUZ5YVc4aU9pSlVVa0ZPVTBaRlVpSXNJbWx1YVhScFlYUnZjaUk2SWxCQldVVlNJaXdpYVc1cGRHbGhkRzl5Vkhsd1pTSTZJa05QVGxOVlRVVlNJbjE5AA','2023-03-30 15:29:58'),('4d0a9f13-f599-451c-9434-ea800f649aa3','AYIEJAAAkAcPi_ACHWcudGVzdGZzcDIubXNpc2RuLjE3MDM5ODExOTA0ggP6ZXlKMGNtRnVjMkZqZEdsdmJrbGtJam9pTkdRd1lUbG1NVE10WmpVNU9TMDBOVEZqTFRrME16UXRaV0U0TURCbU5qUTVZV0V6SWl3aWNYVnZkR1ZKWkNJNkltUTRPV0V5TnpJMUxUWXhOall0TkRVM055MWhOR1l5TFdZd09ESmlaalkxT1RreVpDSXNJbkJoZVdWbElqcDdJbkJoY25SNVNXUkpibVp2SWpwN0luQmhjblI1U1dSVWVYQmxJam9pVFZOSlUwUk9JaXdpY0dGeWRIbEpaR1Z1ZEdsbWFXVnlJam9pTVRjd016azRNVEU1TURRaUxDSm1jM0JKWkNJNkluUmxjM1JtYzNBeUlpd2laWGgwWlc1emFXOXVUR2x6ZENJNmV5SmxlSFJsYm5OcGIyNGlPbHQ3SW10bGVTSTZJbUZqWTI5MWJuUlVlWEJsSWl3aWRtRnNkV1VpT2lKWFlXeHNaWFFpZlYxOWZTd2ljR1Z5YzI5dVlXeEpibVp2SWpwN0ltTnZiWEJzWlhoT1lXMWxJanA3SW1acGNuTjBUbUZ0WlNJNklsUmxjM1JtYzNBeVJtbHljM1FpTENKdGFXUmtiR1ZPWVcxbElqb2lWR1Z6ZEdaemNESk5hV1JrYkdVaUxDSnNZWE4wVG1GdFpTSTZJbFJsYzNSbWMzQXlUR0Z6ZENKOUxDSmtZWFJsVDJaQ2FYSjBhQ0k2SWpJd01UQXRNVEF0TVRBaWZYMHNJbkJoZVdWeUlqcDdJbkJoY25SNVNXUkpibVp2SWpwN0luQmhjblI1U1dSVWVYQmxJam9pVFZOSlUwUk9JaXdpY0dGeWRIbEpaR1Z1ZEdsbWFXVnlJam9pTVRjd016azRNVEU1TURNaUxDSm1jM0JKWkNJNkluUmxjM1JtYzNBeElpd2laWGgwWlc1emFXOXVUR2x6ZENJNmV5SmxlSFJsYm5OcGIyNGlPbHQ3SW10bGVTSTZJbUZqWTI5MWJuUlVlWEJsSWl3aWRtRnNkV1VpT2lKWFlXeHNaWFFpZlYxOWZTd2libUZ0WlNJNkluUmxjM1JtYzNBeFJtNWhiV1VnZEdWemRHWnpjREZNYm1GdFpTSjlMQ0poYlc5MWJuUWlPbnNpWVcxdmRXNTBJam9pTVRVNExqTTJJaXdpWTNWeWNtVnVZM2tpT2lKSlRsSWlmU3dpZEhKaGJuTmhZM1JwYjI1VWVYQmxJanA3SW5OalpXNWhjbWx2SWpvaVZGSkJUbE5HUlZJaUxDSnBibWwwYVdGMGIzSWlPaUpRUVZsRlVpSXNJbWx1YVhScFlYUnZjbFI1Y0dVaU9pSkRUMDVUVlUxRlVpSjlmUQA','2023-03-30 15:39:24'),('50197ea7-9fea-4d5a-8abc-ecfd9726d6e9','AYIDMgAAAAAAABV8LmcucGF5ZWVmc3AubXNpc2RuLnskaW5wdXRzLnBheWVlZnNwaWRlbnRpZmllcn2CAvdleUowY21GdWMyRmpkR2x2Ymtsa0lqb2lOVEF4T1RkbFlUY3RPV1psWVMwMFpEVmhMVGhoWW1NdFpXTm1aRGszTWpaa05tVTVJaXdpY1hWdmRHVkpaQ0k2SW1KaVpERTVOVFUzTFdGbVpEY3ROREppTXkxaVptVXpMVFprTlROaE4ySmtZbUZqWlNJc0luQmhlV1ZsSWpwN0luQmhjblI1U1dSSmJtWnZJanA3SW5CaGNuUjVTV1JVZVhCbElqb2lUVk5KVTBST0lpd2ljR0Z5ZEhsSlpHVnVkR2xtYVdWeUlqb2lleVJwYm5CMWRITXVjR0Y1WldWbWMzQkpaR1Z1ZEdsbWFXVnlmU0lzSW1aemNFbGtJam9pY0dGNVpXVm1jM0FpZlgwc0luQmhlV1Z5SWpwN0luQmhjblI1U1dSSmJtWnZJanA3SW5CaGNuUjVTV1JVZVhCbElqb2lUVk5KVTBST0lpd2ljR0Z5ZEhsSlpHVnVkR2xtYVdWeUlqb2lNVGN3TXprNE1URTVNRE1pTENKbWMzQkpaQ0k2SW5SbGMzUm1jM0F4SW4wc0luQmxjbk52Ym1Gc1NXNW1ieUk2ZXlKamIyMXdiR1Y0VG1GdFpTSTZleUptYVhKemRFNWhiV1VpT2lKR2FYSnpkRzVoYldVdFZHVnpkQ0lzSW14aGMzUk9ZVzFsSWpvaVRHRnpkRzVoYldVdFZHVnpkQ0o5TENKa1lYUmxUMlpDYVhKMGFDSTZJakU1T0RRdE1ERXRNREVpZlgwc0ltRnRiM1Z1ZENJNmV5SmhiVzkxYm5RaU9pSTFOU0lzSW1OMWNuSmxibU41SWpvaVZGcFRJbjBzSW5SeVlXNXpZV04wYVc5dVZIbHdaU0k2ZXlKelkyVnVZWEpwYnlJNklsUlNRVTVUUmtWU0lpd2lhVzVwZEdsaGRHOXlJam9pVUVGWlJWSWlMQ0pwYm1sMGFXRjBiM0pVZVhCbElqb2lRMDlPVTFWTlJWSWlmWDAA','2023-03-30 15:38:53'),('50391b00-978f-45ea-a075-7af309e161b8','AYIECgAAAAAAACJUHWcudGVzdGZzcDEubXNpc2RuLjI3NzEzODEzOTE0ggPgZXlKMGNtRnVjMkZqZEdsdmJrbGtJam9pTlRBek9URmlNREF0T1RjNFppMDBOV1ZoTFdFd056VXROMkZtTXpBNVpURTJNV0k0SWl3aWNYVnZkR1ZKWkNJNklqSmpNakl4WkdZeExUa3hNR1V0TkRGa1ppMWhNak15TFRka01qQTVZalE0TWpReE55SXNJbkJoZVdWbElqcDdJbkJoY25SNVNXUkpibVp2SWpwN0luQmhjblI1U1dSVWVYQmxJam9pVFZOSlUwUk9JaXdpY0dGeWRIbEpaR1Z1ZEdsbWFXVnlJam9pTWpjM01UTTRNVE01TVRRaUxDSm1jM0JKWkNJNkluUmxjM1JtYzNBeElpd2laWGgwWlc1emFXOXVUR2x6ZENJNmV5SmxlSFJsYm5OcGIyNGlPbHQ3SW10bGVTSTZJbUZqWTI5MWJuUlVlWEJsSWl3aWRtRnNkV1VpT2lKQ1lXNXJJbjFkZlgwc0luQmxjbk52Ym1Gc1NXNW1ieUk2ZXlKamIyMXdiR1Y0VG1GdFpTSTZleUptYVhKemRFNWhiV1VpT2lKMFpYTjBabk53TVVKaGJtdEdibUZ0WlNJc0lteGhjM1JPWVcxbElqb2lkR1Z6ZEdaemNERkNZVzVyVEc1aGJXVWlmU3dpWkdGMFpVOW1RbWx5ZEdnaU9pSXhPVGcxTFRBMUxURXpJbjE5TENKd1lYbGxjaUk2ZXlKd1lYSjBlVWxrU1c1bWJ5STZleUp3WVhKMGVVbGtWSGx3WlNJNklrMVRTVk5FVGlJc0luQmhjblI1U1dSbGJuUnBabWxsY2lJNklqSTNOekV6T0RFek9URTFJaXdpWm5Od1NXUWlPaUowWlhOMFpuTndNaUlzSW1WNGRHVnVjMmx2Ymt4cGMzUWlPbnNpWlhoMFpXNXphVzl1SWpwYmV5SnJaWGtpT2lKaFkyTnZkVzUwVkhsd1pTSXNJblpoYkhWbElqb2lRbUZ1YXlKOVhYMTlMQ0p1WVcxbElqb2lkR1Z6ZEdaemNESkNZVzVyUm01aGJXVWdkR1Z6ZEdaemNESkNZVzVyYm1GdFpTSjlMQ0poYlc5MWJuUWlPbnNpWVcxdmRXNTBJam9pT0RjdU9EZ2lMQ0pqZFhKeVpXNWplU0k2SWtsT1VpSjlMQ0owY21GdWMyRmpkR2x2YmxSNWNHVWlPbnNpYzJObGJtRnlhVzhpT2lKVVVrRk9VMFpGVWlJc0ltbHVhWFJwWVhSdmNpSTZJbEJCV1VWU0lpd2lhVzVwZEdsaGRHOXlWSGx3WlNJNklrTlBUbE5WVFVWU0luMTkA','2023-03-30 15:29:56'),('512d6da5-2acc-41b3-abae-1efc34351654','AYIELgAAAAAAABXgHWcudGVzdGZzcDEubXNpc2RuLjE3MDM5ODExOTAzggQEZXlKMGNtRnVjMkZqZEdsdmJrbGtJam9pTlRFeVpEWmtZVFV0TW1Gall5MDBNV0l6TFdGaVlXVXRNV1ZtWXpNME16VXhOalUwSWl3aWNYVnZkR1ZKWkNJNklqWXlObU5tWVdNMUxUaGhZbVF0TkdWa01TMWlaak5qTFRNMk9EVmtabUpoWVRJM05DSXNJbkJoZVdWbElqcDdJbkJoY25SNVNXUkpibVp2SWpwN0luQmhjblI1U1dSVWVYQmxJam9pVFZOSlUwUk9JaXdpY0dGeWRIbEpaR1Z1ZEdsbWFXVnlJam9pTVRjd016azRNVEU1TURNaUxDSm1jM0JKWkNJNkluUmxjM1JtYzNBeElpd2laWGgwWlc1emFXOXVUR2x6ZENJNmV5SmxlSFJsYm5OcGIyNGlPbHQ3SW10bGVTSTZJbUZqWTI5MWJuUlVlWEJsSWl3aWRtRnNkV1VpT2lKWFlXeHNaWFFpZlYxOWZTd2ljR1Z5YzI5dVlXeEpibVp2SWpwN0ltTnZiWEJzWlhoT1lXMWxJanA3SW1acGNuTjBUbUZ0WlNJNklsUmxjM1JtYzNBeFJtbHljM1FpTENKdGFXUmtiR1ZPWVcxbElqb2lWR1Z6ZEdaemNERk5hV1JrYkdVaUxDSnNZWE4wVG1GdFpTSTZJbFJsYzNSbWMzQXhUR0Z6ZENKOUxDSmtZWFJsVDJaQ2FYSjBhQ0k2SWpJd01UQXRNVEF0TVRBaWZYMHNJbkJoZVdWeUlqcDdJbkJoY25SNVNXUkpibVp2SWpwN0luQmhjblI1U1dSVWVYQmxJam9pVFZOSlUwUk9JaXdpY0dGeWRIbEpaR1Z1ZEdsbWFXVnlJam9pTVRjNE9URXlNems0TnpNaUxDSm1jM0JKWkNJNkluUmxjM1JtYzNBeklpd2laWGgwWlc1emFXOXVUR2x6ZENJNmV5SmxlSFJsYm5OcGIyNGlPbHQ3SW10bGVTSTZJbUZqWTI5MWJuUlVlWEJsSWl3aWRtRnNkV1VpT2lKWFlXeHNaWFFpZlYxOWZTd2libUZ0WlNJNkluUmxjM1JtYzNBelYyRnNiR1YwUm01aGJXVWdkR1Z6ZEdaemNETlhZV3hzWlhSTWJtRnRaU0o5TENKaGJXOTFiblFpT25zaVlXMXZkVzUwSWpvaU5UWWlMQ0pqZFhKeVpXNWplU0k2SWtsT1VpSjlMQ0owY21GdWMyRmpkR2x2YmxSNWNHVWlPbnNpYzJObGJtRnlhVzhpT2lKVVVrRk9VMFpGVWlJc0ltbHVhWFJwWVhSdmNpSTZJbEJCV1VWU0lpd2lhVzVwZEdsaGRHOXlWSGx3WlNJNklrTlBUbE5WVFVWU0luMTkA','2023-03-30 15:39:21'),('518491da-fe7d-4300-8517-20f8957fe3b5','AYIELgAAAAAAACasHWcudGVzdGZzcDEubXNpc2RuLjE3MDM5ODExOTAzggQEZXlKMGNtRnVjMkZqZEdsdmJrbGtJam9pTlRFNE5Ea3haR0V0Wm1VM1pDMDBNekF3TFRnMU1UY3RNakJtT0RrMU4yWmxNMkkxSWl3aWNYVnZkR1ZKWkNJNkltUmhNRGczWVRFMUxUUmlZV1l0TkRObVpDMWlOemxqTFRObFptWXpaRFUzWm1abU9TSXNJbkJoZVdWbElqcDdJbkJoY25SNVNXUkpibVp2SWpwN0luQmhjblI1U1dSVWVYQmxJam9pVFZOSlUwUk9JaXdpY0dGeWRIbEpaR1Z1ZEdsbWFXVnlJam9pTVRjd016azRNVEU1TURNaUxDSm1jM0JKWkNJNkluUmxjM1JtYzNBeElpd2laWGgwWlc1emFXOXVUR2x6ZENJNmV5SmxlSFJsYm5OcGIyNGlPbHQ3SW10bGVTSTZJbUZqWTI5MWJuUlVlWEJsSWl3aWRtRnNkV1VpT2lKWFlXeHNaWFFpZlYxOWZTd2ljR1Z5YzI5dVlXeEpibVp2SWpwN0ltTnZiWEJzWlhoT1lXMWxJanA3SW1acGNuTjBUbUZ0WlNJNklsUmxjM1JtYzNBeFJtbHljM1FpTENKdGFXUmtiR1ZPWVcxbElqb2lWR1Z6ZEdaemNERk5hV1JrYkdVaUxDSnNZWE4wVG1GdFpTSTZJbFJsYzNSbWMzQXhUR0Z6ZENKOUxDSmtZWFJsVDJaQ2FYSjBhQ0k2SWpJd01UQXRNVEF0TVRBaWZYMHNJbkJoZVdWeUlqcDdJbkJoY25SNVNXUkpibVp2SWpwN0luQmhjblI1U1dSVWVYQmxJam9pVFZOSlUwUk9JaXdpY0dGeWRIbEpaR1Z1ZEdsbWFXVnlJam9pTVRjNE9URXlNems0TnpJaUxDSm1jM0JKWkNJNkluUmxjM1JtYzNBMElpd2laWGgwWlc1emFXOXVUR2x6ZENJNmV5SmxlSFJsYm5OcGIyNGlPbHQ3SW10bGVTSTZJbUZqWTI5MWJuUlVlWEJsSWl3aWRtRnNkV1VpT2lKWFlXeHNaWFFpZlYxOWZTd2libUZ0WlNJNkluUmxjM1JtYzNBMFYyRnNiR1YwUm01aGJXVWdkR1Z6ZEdaemNEUlhZV3hzWlhSTWJtRnRaU0o5TENKaGJXOTFiblFpT25zaVlXMXZkVzUwSWpvaU9Ua2lMQ0pqZFhKeVpXNWplU0k2SWtsT1VpSjlMQ0owY21GdWMyRmpkR2x2YmxSNWNHVWlPbnNpYzJObGJtRnlhVzhpT2lKVVVrRk9VMFpGVWlJc0ltbHVhWFJwWVhSdmNpSTZJbEJCV1VWU0lpd2lhVzVwZEdsaGRHOXlWSGx3WlNJNklrTlBUbE5WVFVWU0luMTkA','2023-03-30 15:30:02'),('531ced4b-38ce-40e6-88e6-5cac9bbaea25','AYIDBQAAAAAAACcQJGcucGF5ZWVmc3AubXNpc2RuLnt7cmVjZWl2ZXJtc2lzZG59fYIC1GV5SjBjbUZ1YzJGamRHbHZia2xrSWpvaVptVXhNREU0Wm1NdE1EaGxZeTAwWWpJM0xUbGpZalF0TnpjMk9URTFNR00zT1dKaklpd2ljWFZ2ZEdWSlpDSTZJbVpsTVRBeE9HWmpMVEE0WldNdE5HSXlOeTA1WTJJMExUYzNOamt4TlRCak56bGlZeUlzSW5CaGVXVmxJanA3SW5CaGNuUjVTV1JKYm1adklqcDdJbkJoY25SNVNXUlVlWEJsSWpvaVRWTkpVMFJPSWl3aWNHRnlkSGxKWkdWdWRHbG1hV1Z5SWpvaWUzdHlaV05sYVhabGNrMVRTVk5FVG4xOUlpd2labk53U1dRaU9pSndZWGxsWldaemNDSjlmU3dpY0dGNVpYSWlPbnNpY0dGeWRIbEpaRWx1Wm04aU9uc2ljR0Z5ZEhsSlpGUjVjR1VpT2lKTlUwbFRSRTRpTENKd1lYSjBlVWxrWlc1MGFXWnBaWElpT2lJeU56Y3hNemd3TXprd05TSXNJbVp6Y0Vsa0lqb2ljR0Y1WlhKbWMzQWlmU3dpY0dWeWMyOXVZV3hKYm1adklqcDdJbU52YlhCc1pYaE9ZVzFsSWpwN0ltWnBjbk4wVG1GdFpTSTZJazFoZEhNaUxDSnNZWE4wVG1GdFpTSTZJa2hoWjIxaGJpSjlMQ0prWVhSbFQyWkNhWEowYUNJNklqRTVPRE10TVRBdE1qVWlmWDBzSW1GdGIzVnVkQ0k2ZXlKaGJXOTFiblFpT2lJeE1EQWlMQ0pqZFhKeVpXNWplU0k2SWxWVFJDSjlMQ0owY21GdWMyRmpkR2x2YmxSNWNHVWlPbnNpYzJObGJtRnlhVzhpT2lKVVVrRk9VMFpGVWlJc0ltbHVhWFJwWVhSdmNpSTZJbEJCV1VWU0lpd2lhVzVwZEdsaGRHOXlWSGx3WlNJNklrTlBUbE5WVFVWU0luMTkA','2023-03-30 15:28:11'),('5327fb39-5b70-4108-bd19-2004d647c70b','AYICfAAAAAAAATRsG2cudHRrc2ltMi5tc2lzZG4uNDU2MTAwMDAwMYICVGV5SjBjbUZ1YzJGamRHbHZia2xrSWpvaU5UTXlOMlppTXprdE5XSTNNQzAwTVRBNExXSmtNVGt0TWpBd05HUTJORGRqTnpCaUlpd2ljWFZ2ZEdWSlpDSTZJalV6TWpkbVlqTTVMVFZpTnpBdE5ERXdPQzFpWkRFNUxUSXdNRFJrTmpRM1l6Y3dZaUlzSW5CaGVXVmxJanA3SW5CaGNuUjVTV1JKYm1adklqcDdJbkJoY25SNVNXUlVlWEJsSWpvaVRWTkpVMFJPSWl3aWNHRnlkSGxKWkdWdWRHbG1hV1Z5SWpvaU5EVTJNVEF3TURBd01TSXNJbVp6Y0Vsa0lqb2lkSFJyYzJsdE1pSjlmU3dpY0dGNVpYSWlPbnNpY0dGeWRIbEpaRWx1Wm04aU9uc2ljR0Z5ZEhsSlpGUjVjR1VpT2lKTlUwbFRSRTRpTENKd1lYSjBlVWxrWlc1MGFXWnBaWElpT2lJeE5qRXpOVFUxTVRJeE1pSXNJbVp6Y0Vsa0lqb2lkSFJyYzJsdE1TSjlmU3dpWVcxdmRXNTBJanA3SW1GdGIzVnVkQ0k2SWpjNE9TNDFOaUlzSW1OMWNuSmxibU41SWpvaVZGcFRJbjBzSW5SeVlXNXpZV04wYVc5dVZIbHdaU0k2ZXlKelkyVnVZWEpwYnlJNklsUlNRVTVUUmtWU0lpd2lhVzVwZEdsaGRHOXlJam9pVUVGWlJWSWlMQ0pwYm1sMGFXRjBiM0pVZVhCbElqb2lRMDlPVTFWTlJWSWlmU3dpYm05MFpTSTZJaUo5AA','2023-03-30 15:46:22'),('5455852f-b907-4b0b-9ac4-1080a9f3627b','AYIDCAADYkhk5I__HWcucGF5ZWVmc3AubXNpc2RuLjE3MDM5ODExOTAyggLeZXlKMGNtRnVjMkZqZEdsdmJrbGtJam9pTlRRMU5UZzFNbVl0WWprd055MDBZakJpTFRsaFl6UXRNVEE0TUdFNVpqTTJNamRpSWl3aWNYVnZkR1ZKWkNJNklqZ3hNekpsWkRKaUxUTmxabVl0TkdGaVl5MDRZalV3TFRjeE9XSmlabVV4WVdFeE5DSXNJbkJoZVdWbElqcDdJbkJoY25SNVNXUkpibVp2SWpwN0luQmhjblI1U1dSVWVYQmxJam9pVFZOSlUwUk9JaXdpY0dGeWRIbEpaR1Z1ZEdsbWFXVnlJam9pTVRjd016azRNVEU1TURJaUxDSm1jM0JKWkNJNkluQmhlV1ZsWm5Od0luMTlMQ0p3WVhsbGNpSTZleUp3WVhKMGVVbGtTVzVtYnlJNmV5SndZWEowZVVsa1ZIbHdaU0k2SWsxVFNWTkVUaUlzSW5CaGNuUjVTV1JsYm5ScFptbGxjaUk2SWpRME1USXpORFUyTnpnNUlpd2labk53U1dRaU9pSjBaWE4wYVc1bmRHOXZiR3RwZEdSbWMzQWlmU3dpY0dWeWMyOXVZV3hKYm1adklqcDdJbU52YlhCc1pYaE9ZVzFsSWpwN0ltWnBjbk4wVG1GdFpTSTZJazFoZEhNaUxDSnNZWE4wVG1GdFpTSTZJa2hoWjIxaGJpSjlMQ0prWVhSbFQyWkNhWEowYUNJNklqRTVPRE10TVRBdE1qVWlmWDBzSW1GdGIzVnVkQ0k2ZXlKaGJXOTFiblFpT2lJNU5USTBMamc0SWl3aVkzVnljbVZ1WTNraU9pSlZVMFFpZlN3aWRISmhibk5oWTNScGIyNVVlWEJsSWpwN0luTmpaVzVoY21sdklqb2lWRkpCVGxOR1JWSWlMQ0pwYm1sMGFXRjBiM0lpT2lKUVFWbEZVaUlzSW1sdWFYUnBZWFJ2Y2xSNWNHVWlPaUpEVDA1VFZVMUZVaUo5ZlEA','2023-03-30 15:37:12'),('54d6a51d-c335-4f28-8e3e-d27dcf417b5e','AYIC9AAAAAAAABdwHWcucGF5ZWVmc3AubXNpc2RuLjIyNTU2OTk5MTI1ggLKZXlKMGNtRnVjMkZqZEdsdmJrbGtJam9pWmpRMFltUmtOV010WXpreE1DMDBZVGt3TFRoa05qa3RaR0ppWVRaaVl6aGxZVFpqSWl3aWNYVnZkR1ZKWkNJNklqVTBaRFZtTURsaUxXRTBOMlF0TkRCa05pMWhZVEEzTFdFNVkyWXpZbUl5TkRsaFpDSXNJbkJoZVdWbElqcDdJbkJoY25SNVNXUkpibVp2SWpwN0luQmhjblI1U1dSVWVYQmxJam9pVFZOSlUwUk9JaXdpY0dGeWRIbEpaR1Z1ZEdsbWFXVnlJam9pTWpJMU5UWTVPVGt4TWpVaUxDSm1jM0JKWkNJNkluQmhlV1ZsWm5Od0luMTlMQ0p3WVhsbGNpSTZleUp3WVhKMGVVbGtTVzVtYnlJNmV5SndZWEowZVVsa1ZIbHdaU0k2SWsxVFNWTkVUaUlzSW5CaGNuUjVTV1JsYm5ScFptbGxjaUk2SWpJeU5UQTNNREE0TVRneElpd2labk53U1dRaU9pSndZWGxsY21aemNDSjlMQ0p3WlhKemIyNWhiRWx1Wm04aU9uc2lZMjl0Y0d4bGVFNWhiV1VpT25zaVptbHljM1JPWVcxbElqb2lUV0YwY3lJc0lteGhjM1JPWVcxbElqb2lTR0ZuYldGdUluMHNJbVJoZEdWUFprSnBjblJvSWpvaU1UazRNeTB4TUMweU5TSjlmU3dpWVcxdmRXNTBJanA3SW1GdGIzVnVkQ0k2SWpZd0lpd2lZM1Z5Y21WdVkza2lPaUpWVTBRaWZTd2lkSEpoYm5OaFkzUnBiMjVVZVhCbElqcDdJbk5qWlc1aGNtbHZJam9pVkZKQlRsTkdSVklpTENKcGJtbDBhV0YwYjNJaU9pSlFRVmxGVWlJc0ltbHVhWFJwWVhSdmNsUjVjR1VpT2lKRFQwNVRWVTFGVWlKOWZRAA','2023-03-30 15:39:49'),('552bee22-e78c-418a-a8bd-100b51e74ce6','AYIDGQAAAAAAACcQHWcucGF5ZWVmc3AubXNpc2RuLjE3MDM5ODExOTAyggLvZXlKMGNtRnVjMkZqZEdsdmJrbGtJam9pTlRVeVltVmxNakl0WlRjNFl5MDBNVGhoTFdFNFltUXRNVEF3WWpVeFpUYzBZMlUySWl3aWNYVnZkR1ZKWkNJNklqSXdNbU00TkRnMkxUSTBZVGt0TkdZd09TMDVabUZsTFRBMU1EZGpOak0wTkdJeU1pSXNJbkJoZVdWbElqcDdJbkJoY25SNVNXUkpibVp2SWpwN0luQmhjblI1U1dSVWVYQmxJam9pVFZOSlUwUk9JaXdpY0dGeWRIbEpaR1Z1ZEdsbWFXVnlJam9pTVRjd016azRNVEU1TURJaUxDSm1jM0JKWkNJNkluQmhlV1ZsWm5Od0luMTlMQ0p3WVhsbGNpSTZleUp3WVhKMGVVbGtTVzVtYnlJNmV5SndZWEowZVVsa1ZIbHdaU0k2SWsxVFNWTkVUaUlzSW5CaGNuUjVTV1JsYm5ScFptbGxjaUk2SWpRME1USXpORFUyTnpnNUlpd2labk53U1dRaU9pSjBaWE4wYVc1bmRHOXZiR3RwZEdSbWMzQWlmU3dpY0dWeWMyOXVZV3hKYm1adklqcDdJbU52YlhCc1pYaE9ZVzFsSWpwN0ltWnBjbk4wVG1GdFpTSTZJa1pwY25OMGJtRnRaUzFVWlhOMElpd2liR0Z6ZEU1aGJXVWlPaUpNWVhOMGJtRnRaUzFVWlhOMEluMHNJbVJoZEdWUFprSnBjblJvSWpvaU1UazROQzB3TVMwd01TSjlmU3dpWVcxdmRXNTBJanA3SW1GdGIzVnVkQ0k2SWpFd01DSXNJbU4xY25KbGJtTjVJam9pVlZORUluMHNJblJ5WVc1ellXTjBhVzl1Vkhsd1pTSTZleUp6WTJWdVlYSnBieUk2SWxSU1FVNVRSa1ZTSWl3aWFXNXBkR2xoZEc5eUlqb2lVRUZaUlZJaUxDSnBibWwwYVdGMGIzSlVlWEJsSWpvaVEwOU9VMVZOUlZJaWZYMAA','2023-03-30 15:36:30'),('56359c15-466f-4f62-9809-67e44c2b9804','AYIDGQAAAAAAACcQHWcucGF5ZWVmc3AubXNpc2RuLjI3NzEzODAzOTEyggLvZXlKMGNtRnVjMkZqZEdsdmJrbGtJam9pTlRZek5UbGpNVFV0TkRZMlppMDBaall5TFRrNE1Ea3ROamRsTkRSak1tSTVPREEwSWl3aWNYVnZkR1ZKWkNJNkltVmtZVFZsTUdVMUxUZGhPVFV0TkRsa1lpMDRORFF3TFdGalpEQm1ZV0ptT0RZeU55SXNJbkJoZVdWbElqcDdJbkJoY25SNVNXUkpibVp2SWpwN0luQmhjblI1U1dSVWVYQmxJam9pVFZOSlUwUk9JaXdpY0dGeWRIbEpaR1Z1ZEdsbWFXVnlJam9pTWpjM01UTTRNRE01TVRJaUxDSm1jM0JKWkNJNkluQmhlV1ZsWm5Od0luMTlMQ0p3WVhsbGNpSTZleUp3WVhKMGVVbGtTVzVtYnlJNmV5SndZWEowZVVsa1ZIbHdaU0k2SWsxVFNWTkVUaUlzSW5CaGNuUjVTV1JsYm5ScFptbGxjaUk2SWpRME1USXpORFUyTnpnNUlpd2labk53U1dRaU9pSjBaWE4wYVc1bmRHOXZiR3RwZEdSbWMzQWlmU3dpY0dWeWMyOXVZV3hKYm1adklqcDdJbU52YlhCc1pYaE9ZVzFsSWpwN0ltWnBjbk4wVG1GdFpTSTZJa1pwY25OMGJtRnRaUzFVWlhOMElpd2liR0Z6ZEU1aGJXVWlPaUpNWVhOMGJtRnRaUzFVWlhOMEluMHNJbVJoZEdWUFprSnBjblJvSWpvaU1UazROQzB3TVMwd01TSjlmU3dpWVcxdmRXNTBJanA3SW1GdGIzVnVkQ0k2SWpFd01DSXNJbU4xY25KbGJtTjVJam9pVlZORUluMHNJblJ5WVc1ellXTjBhVzl1Vkhsd1pTSTZleUp6WTJWdVlYSnBieUk2SWxSU1FVNVRSa1ZTSWl3aWFXNXBkR2xoZEc5eUlqb2lVRUZaUlZJaUxDSnBibWwwYVdGMGIzSlVlWEJsSWpvaVEwOU9VMVZOUlZJaWZYMAA','2023-03-30 15:26:40'),('5756a3c3-fe05-4f4c-8af2-c5f1cb4057f3','AYIDIAAAAAAAACfYIGcudHRrcGF5ZWVmc3AubXNpc2RuLjQ0MTIzNDU2Nzg5ggLzZXlKMGNtRnVjMkZqZEdsdmJrbGtJam9pTlRjMU5tRXpZek10Wm1Vd05TMDBaalJqTFRoaFpqSXRZelZtTVdOaU5EQTFOMll6SWl3aWNYVnZkR1ZKWkNJNklqUmxNek01TURVNUxXRTFaVGN0TkRFME5TMWhOMlJoTFdJNFpUUm1OakZtTkRoaVppSXNJbkJoZVdWbElqcDdJbkJoY25SNVNXUkpibVp2SWpwN0luQmhjblI1U1dSVWVYQmxJam9pVFZOSlUwUk9JaXdpY0dGeWRIbEpaR1Z1ZEdsbWFXVnlJam9pTkRReE1qTTBOVFkzT0RraUxDSm1jM0JKWkNJNkluUjBhM0JoZVdWbFpuTndJbjE5TENKd1lYbGxjaUk2ZXlKd1lYSjBlVWxrU1c1bWJ5STZleUp3WVhKMGVVbGtWSGx3WlNJNklrMVRTVk5FVGlJc0luQmhjblI1U1dSbGJuUnBabWxsY2lJNklqUTBNVEl6TkRVMk56ZzVJaXdpWm5Od1NXUWlPaUowWlhOMGFXNW5kRzl2Ykd0cGRHUm1jM0FpZlN3aWNHVnljMjl1WVd4SmJtWnZJanA3SW1OdmJYQnNaWGhPWVcxbElqcDdJbVpwY25OMFRtRnRaU0k2SWtacGNuTjBibUZ0WlMxVVpYTjBJaXdpYkdGemRFNWhiV1VpT2lKTVlYTjBibUZ0WlMxVVpYTjBJbjBzSW1SaGRHVlBaa0pwY25Sb0lqb2lNVGs0TkMwd01TMHdNU0o5ZlN3aVlXMXZkVzUwSWpwN0ltTjFjbkpsYm1ONUlqb2lWVk5FSWl3aVlXMXZkVzUwSWpvaU1UQXlJbjBzSW5SeVlXNXpZV04wYVc5dVZIbHdaU0k2ZXlKelkyVnVZWEpwYnlJNklsUlNRVTVUUmtWU0lpd2lhVzVwZEdsaGRHOXlJam9pVUVGWlJWSWlMQ0pwYm1sMGFXRjBiM0pVZVhCbElqb2lRMDlPVTFWTlJWSWlmWDAA','2023-03-30 15:37:52'),('58e5fba7-b782-4f5f-b6f5-03dc7dff8f00','AYIDaAAAAAAAACcQG2cudHRrc2ltMy5tc2lzZG4uNTY3MTAwMDAwNIIDQGV5SjBjbUZ1YzJGamRHbHZia2xrSWpvaU5UaGxOV1ppWVRjdFlqYzRNaTAwWmpWbUxXSTJaalV0TUROa1l6ZGtabVk0WmpBd0lpd2ljWFZ2ZEdWSlpDSTZJalU0WlRWbVltRTNMV0kzT0RJdE5HWTFaaTFpTm1ZMUxUQXpaR00zWkdabU9HWXdNQ0lzSW5CaGVXVmxJanA3SW5CaGNuUjVTV1JKYm1adklqcDdJbkJoY25SNVNXUlVlWEJsSWpvaVRWTkpVMFJPSWl3aWNHRnlkSGxKWkdWdWRHbG1hV1Z5SWpvaU5UWTNNVEF3TURBd05DSXNJbVp6Y0Vsa0lqb2lkSFJyYzJsdE15SjlMQ0p3WlhKemIyNWhiRWx1Wm04aU9uc2lZMjl0Y0d4bGVFNWhiV1VpT25zaVptbHljM1JPWVcxbElqb2lVbVZqWldsMlpYSkdhWEp6ZENJc0ltMXBaR1JzWlU1aGJXVWlPaUpTWldObGFYWmxjazFwWkdSc1pTSXNJbXhoYzNST1lXMWxJam9pVW1WalpXbDJaWEpNWVhOMEluMHNJbVJoZEdWUFprSnBjblJvSWpvaU1UazROQzB3TVMwd01TSjlMQ0p1WVcxbElqb2lVbVZqWldsMlpYSkdhWEp6ZENCU1pXTmxhWFpsY2t4aGMzUWlmU3dpY0dGNVpYSWlPbnNpY0dGeWRIbEpaRWx1Wm04aU9uc2ljR0Z5ZEhsSlpGUjVjR1VpT2lKTlUwbFRSRTRpTENKd1lYSjBlVWxrWlc1MGFXWnBaWElpT2lJeE5qRXpOVFUxTVRJeE1pSXNJbVp6Y0Vsa0lqb2lkSFJyYzJsdE1TSjlmU3dpWVcxdmRXNTBJanA3SW1GdGIzVnVkQ0k2SWpFd01DSXNJbU4xY25KbGJtTjVJam9pVkZwVEluMHNJblJ5WVc1ellXTjBhVzl1Vkhsd1pTSTZleUp6WTJWdVlYSnBieUk2SWxSU1FVNVRSa1ZTSWl3aWFXNXBkR2xoZEc5eUlqb2lVRUZaUlZJaUxDSnBibWwwYVdGMGIzSlVlWEJsSWpvaVEwOU9VMVZOUlZJaWZTd2libTkwWlNJNklpSjkA','2023-03-30 15:44:17'),('59b9605b-36c1-41c1-8db2-6fa7fd4e07ad','AYIDaAAAAAAAACcQG2cudHRrc2ltMi5tc2lzZG4uNDU2MTAwMDAwNYIDQGV5SjBjbUZ1YzJGamRHbHZia2xrSWpvaU5UbGlPVFl3TldJdE16WmpNUzAwTVdNeExUaGtZakl0Tm1aaE4yWmtOR1V3TjJGa0lpd2ljWFZ2ZEdWSlpDSTZJalU1WWprMk1EVmlMVE0yWXpFdE5ERmpNUzA0WkdJeUxUWm1ZVGRtWkRSbE1EZGhaQ0lzSW5CaGVXVmxJanA3SW5CaGNuUjVTV1JKYm1adklqcDdJbkJoY25SNVNXUlVlWEJsSWpvaVRWTkpVMFJPSWl3aWNHRnlkSGxKWkdWdWRHbG1hV1Z5SWpvaU5EVTJNVEF3TURBd05TSXNJbVp6Y0Vsa0lqb2lkSFJyYzJsdE1pSjlMQ0p3WlhKemIyNWhiRWx1Wm04aU9uc2lZMjl0Y0d4bGVFNWhiV1VpT25zaVptbHljM1JPWVcxbElqb2lVbVZqWldsMlpYSkdhWEp6ZENJc0ltMXBaR1JzWlU1aGJXVWlPaUpTWldObGFYWmxjazFwWkdSc1pTSXNJbXhoYzNST1lXMWxJam9pVW1WalpXbDJaWEpNWVhOMEluMHNJbVJoZEdWUFprSnBjblJvSWpvaU1UazROQzB3TVMwd01TSjlMQ0p1WVcxbElqb2lVbVZqWldsMlpYSkdhWEp6ZENCU1pXTmxhWFpsY2t4aGMzUWlmU3dpY0dGNVpYSWlPbnNpY0dGeWRIbEpaRWx1Wm04aU9uc2ljR0Z5ZEhsSlpGUjVjR1VpT2lKTlUwbFRSRTRpTENKd1lYSjBlVWxrWlc1MGFXWnBaWElpT2lJeE5qRXpOVFUxTVRJeE1pSXNJbVp6Y0Vsa0lqb2lkSFJyYzJsdE1TSjlmU3dpWVcxdmRXNTBJanA3SW1GdGIzVnVkQ0k2SWpFd01DSXNJbU4xY25KbGJtTjVJam9pVkZwVEluMHNJblJ5WVc1ellXTjBhVzl1Vkhsd1pTSTZleUp6WTJWdVlYSnBieUk2SWxSU1FVNVRSa1ZTSWl3aWFXNXBkR2xoZEc5eUlqb2lVRUZaUlZJaUxDSnBibWwwYVdGMGIzSlVlWEJsSWpvaVEwOU9VMVZOUlZJaWZTd2libTkwWlNJNklpSjkA','2023-03-30 15:44:09'),('5a362d31-b7e1-4a7d-9996-697238f06337','AYIC9AAAAAAAABdwHWcucGF5ZWVmc3AubXNpc2RuLjIyNTU2OTk5MTI1ggLKZXlKMGNtRnVjMkZqZEdsdmJrbGtJam9pWmpRMFltUmtOV010WXpreE1DMDBZVGt3TFRoa05qa3RaR0ppWVRaaVl6aGxZVFpqSWl3aWNYVnZkR1ZKWkNJNklqVTBaRFZtTURsaUxXRTBOMlF0TkRCa05pMWhZVEEzTFdFNVkyWXpZbUl5TkRsaFpDSXNJbkJoZVdWbElqcDdJbkJoY25SNVNXUkpibVp2SWpwN0luQmhjblI1U1dSVWVYQmxJam9pVFZOSlUwUk9JaXdpY0dGeWRIbEpaR1Z1ZEdsbWFXVnlJam9pTWpJMU5UWTVPVGt4TWpVaUxDSm1jM0JKWkNJNkluQmhlV1ZsWm5Od0luMTlMQ0p3WVhsbGNpSTZleUp3WVhKMGVVbGtTVzVtYnlJNmV5SndZWEowZVVsa1ZIbHdaU0k2SWsxVFNWTkVUaUlzSW5CaGNuUjVTV1JsYm5ScFptbGxjaUk2SWpJeU5UQTNNREE0TVRneElpd2labk53U1dRaU9pSndZWGxsY21aemNDSjlMQ0p3WlhKemIyNWhiRWx1Wm04aU9uc2lZMjl0Y0d4bGVFNWhiV1VpT25zaVptbHljM1JPWVcxbElqb2lUV0YwY3lJc0lteGhjM1JPWVcxbElqb2lTR0ZuYldGdUluMHNJbVJoZEdWUFprSnBjblJvSWpvaU1UazRNeTB4TUMweU5TSjlmU3dpWVcxdmRXNTBJanA3SW1GdGIzVnVkQ0k2SWpZd0lpd2lZM1Z5Y21WdVkza2lPaUpWVTBRaWZTd2lkSEpoYm5OaFkzUnBiMjVVZVhCbElqcDdJbk5qWlc1aGNtbHZJam9pVkZKQlRsTkdSVklpTENKcGJtbDBhV0YwYjNJaU9pSlFRVmxGVWlJc0ltbHVhWFJwWVhSdmNsUjVjR1VpT2lKRFQwNVRWVTFGVWlKOWZRAA','2023-03-30 15:40:14'),('5b11c771-a089-4cc9-ba18-a78dc18303b5','AYIEDQAAkAcPi_ACHWcudGVzdGZzcDQubXNpc2RuLjE3ODkxMjM5ODcyggPjZXlKMGNtRnVjMkZqZEdsdmJrbGtJam9pTldJeE1XTTNOekV0WVRBNE9TMDBZMk01TFdKaE1UZ3RZVGM0WkdNeE9ETXdNMkkxSWl3aWNYVnZkR1ZKWkNJNkltSTNORGRrWXpReUxXRXdZelV0TkRBd1lTMDRabVl3TFRrM00ySTBNV1ZqTkRNMFl5SXNJbkJoZVdWbElqcDdJbkJoY25SNVNXUkpibVp2SWpwN0luQmhjblI1U1dSVWVYQmxJam9pVFZOSlUwUk9JaXdpY0dGeWRIbEpaR1Z1ZEdsbWFXVnlJam9pTVRjNE9URXlNems0TnpJaUxDSm1jM0JKWkNJNkluUmxjM1JtYzNBMElpd2laWGgwWlc1emFXOXVUR2x6ZENJNmV5SmxlSFJsYm5OcGIyNGlPbHQ3SW10bGVTSTZJbUZqWTI5MWJuUlVlWEJsSWl3aWRtRnNkV1VpT2lKWFlXeHNaWFFpZlYxOWZTd2ljR1Z5YzI5dVlXeEpibVp2SWpwN0ltTnZiWEJzWlhoT1lXMWxJanA3SW1acGNuTjBUbUZ0WlNJNkluUmxjM1JtYzNBMFYyRnNiR1YwUm01aGJXVWlMQ0pzWVhOMFRtRnRaU0k2SW5SbGMzUm1jM0EwVjJGc2JHVjBURzVoYldVaWZTd2laR0YwWlU5bVFtbHlkR2dpT2lJeE9UZzFMVEExTFRFekluMTlMQ0p3WVhsbGNpSTZleUp3WVhKMGVVbGtTVzVtYnlJNmV5SndZWEowZVVsa1ZIbHdaU0k2SWsxVFNWTkVUaUlzSW5CaGNuUjVTV1JsYm5ScFptbGxjaUk2SWpFM01ETTVPREV4T1RBeklpd2labk53U1dRaU9pSjBaWE4wWm5Od01TSXNJbVY0ZEdWdWMybHZia3hwYzNRaU9uc2laWGgwWlc1emFXOXVJanBiZXlKclpYa2lPaUpoWTJOdmRXNTBWSGx3WlNJc0luWmhiSFZsSWpvaVYyRnNiR1YwSW4xZGZYMHNJbTVoYldVaU9pSjBaWE4wWm5Od01VWnVZVzFsSUhSbGMzUm1jM0F4VEc1aGJXVWlmU3dpWVcxdmRXNTBJanA3SW1GdGIzVnVkQ0k2SWpFMU9DNHpOaUlzSW1OMWNuSmxibU41SWpvaVNVNVNJbjBzSW5SeVlXNXpZV04wYVc5dVZIbHdaU0k2ZXlKelkyVnVZWEpwYnlJNklsUlNRVTVUUmtWU0lpd2lhVzVwZEdsaGRHOXlJam9pVUVGWlJWSWlMQ0pwYm1sMGFXRjBiM0pVZVhCbElqb2lRMDlPVTFWTlJWSWlmWDAA','2023-03-30 15:39:16'),('5b218178-f76a-4a4b-ab81-8ee69ff50ac1','AYIDbAAAAAAAAQkzG2cudHRrc2ltMy5tc2lzZG4uNTY3MTAwMDAwMoIDRGV5SjBjbUZ1YzJGamRHbHZia2xrSWpvaU5XSXlNVGd4TnpndFpqYzJZUzAwWVRSaUxXRmlPREV0T0dWbE5qbG1aalV3WVdNeElpd2ljWFZ2ZEdWSlpDSTZJalZpTWpFNE1UYzRMV1kzTm1FdE5HRTBZaTFoWWpneExUaGxaVFk1Wm1ZMU1HRmpNU0lzSW5CaGVXVmxJanA3SW5CaGNuUjVTV1JKYm1adklqcDdJbkJoY25SNVNXUlVlWEJsSWpvaVRWTkpVMFJPSWl3aWNHRnlkSGxKWkdWdWRHbG1hV1Z5SWpvaU5UWTNNVEF3TURBd01pSXNJbVp6Y0Vsa0lqb2lkSFJyYzJsdE15SjlMQ0p3WlhKemIyNWhiRWx1Wm04aU9uc2lZMjl0Y0d4bGVFNWhiV1VpT25zaVptbHljM1JPWVcxbElqb2lVbVZqWldsMlpYSkdhWEp6ZENJc0ltMXBaR1JzWlU1aGJXVWlPaUpTWldObGFYWmxjazFwWkdSc1pTSXNJbXhoYzNST1lXMWxJam9pVW1WalpXbDJaWEpNWVhOMEluMHNJbVJoZEdWUFprSnBjblJvSWpvaU1UazROQzB3TVMwd01TSjlMQ0p1WVcxbElqb2lVbVZqWldsMlpYSkdhWEp6ZENCU1pXTmxhWFpsY2t4aGMzUWlmU3dpY0dGNVpYSWlPbnNpY0dGeWRIbEpaRWx1Wm04aU9uc2ljR0Z5ZEhsSlpGUjVjR1VpT2lKTlUwbFRSRTRpTENKd1lYSjBlVWxrWlc1MGFXWnBaWElpT2lJeE5qRXpOVFUxTVRJeE1pSXNJbVp6Y0Vsa0lqb2lkSFJyYzJsdE1TSjlmU3dpWVcxdmRXNTBJanA3SW1GdGIzVnVkQ0k2SWpZM09DNDVNU0lzSW1OMWNuSmxibU41SWpvaVZGcFRJbjBzSW5SeVlXNXpZV04wYVc5dVZIbHdaU0k2ZXlKelkyVnVZWEpwYnlJNklsUlNRVTVUUmtWU0lpd2lhVzVwZEdsaGRHOXlJam9pVUVGWlJWSWlMQ0pwYm1sMGFXRjBiM0pVZVhCbElqb2lRMDlPVTFWTlJWSWlmU3dpYm05MFpTSTZJaUo5AA','2023-03-30 15:44:14'),('5ce60bd7-dcd2-49c5-bf56-47c3cd27a9a7','AYIDGQAAAAAAACcQHWcucGF5ZWVmc3AubXNpc2RuLjI3NzEzODAzOTEyggLvZXlKMGNtRnVjMkZqZEdsdmJrbGtJam9pTldObE5qQmlaRGN0WkdOa01pMDBPV00xTFdKbU5UWXRORGRqTTJOa01qZGhPV0UzSWl3aWNYVnZkR1ZKWkNJNkltRXdZalZsTmpFd0xUYzFaamd0TkdNeU15MDRZak14TFRZd1kyTTFNREE0WTJFMVlTSXNJbkJoZVdWbElqcDdJbkJoY25SNVNXUkpibVp2SWpwN0luQmhjblI1U1dSVWVYQmxJam9pVFZOSlUwUk9JaXdpY0dGeWRIbEpaR1Z1ZEdsbWFXVnlJam9pTWpjM01UTTRNRE01TVRJaUxDSm1jM0JKWkNJNkluQmhlV1ZsWm5Od0luMTlMQ0p3WVhsbGNpSTZleUp3WVhKMGVVbGtTVzVtYnlJNmV5SndZWEowZVVsa1ZIbHdaU0k2SWsxVFNWTkVUaUlzSW5CaGNuUjVTV1JsYm5ScFptbGxjaUk2SWpRME1USXpORFUyTnpnNUlpd2labk53U1dRaU9pSjBaWE4wYVc1bmRHOXZiR3RwZEdSbWMzQWlmU3dpY0dWeWMyOXVZV3hKYm1adklqcDdJbU52YlhCc1pYaE9ZVzFsSWpwN0ltWnBjbk4wVG1GdFpTSTZJa1pwY25OMGJtRnRaUzFVWlhOMElpd2liR0Z6ZEU1aGJXVWlPaUpNWVhOMGJtRnRaUzFVWlhOMEluMHNJbVJoZEdWUFprSnBjblJvSWpvaU1UazROQzB3TVMwd01TSjlmU3dpWVcxdmRXNTBJanA3SW1GdGIzVnVkQ0k2SWpFd01DSXNJbU4xY25KbGJtTjVJam9pVlZORUluMHNJblJ5WVc1ellXTjBhVzl1Vkhsd1pTSTZleUp6WTJWdVlYSnBieUk2SWxSU1FVNVRSa1ZTSWl3aWFXNXBkR2xoZEc5eUlqb2lVRUZaUlZJaUxDSnBibWwwYVdGMGIzSlVlWEJsSWpvaVEwOU9VMVZOUlZJaWZYMAA','2023-03-30 15:36:08'),('5d36d2e4-e176-4e3a-9855-d1e0269de893','AYIECgAAAAAAACLEHWcudGVzdGZzcDIubXNpc2RuLjI3NzEzODEzOTE1ggPgZXlKMGNtRnVjMkZqZEdsdmJrbGtJam9pTldRek5tUXlaVFF0WlRFM05pMDBaVE5oTFRrNE5UVXRaREZsTURJMk9XUmxPRGt6SWl3aWNYVnZkR1ZKWkNJNklqZ3haREZoTkdSaExXTXpZall0TkRFMVpDMWhNelE0TFRobVpEVXpPVEZqWXpnMVlpSXNJbkJoZVdWbElqcDdJbkJoY25SNVNXUkpibVp2SWpwN0luQmhjblI1U1dSVWVYQmxJam9pVFZOSlUwUk9JaXdpY0dGeWRIbEpaR1Z1ZEdsbWFXVnlJam9pTWpjM01UTTRNVE01TVRVaUxDSm1jM0JKWkNJNkluUmxjM1JtYzNBeUlpd2laWGgwWlc1emFXOXVUR2x6ZENJNmV5SmxlSFJsYm5OcGIyNGlPbHQ3SW10bGVTSTZJbUZqWTI5MWJuUlVlWEJsSWl3aWRtRnNkV1VpT2lKQ1lXNXJJbjFkZlgwc0luQmxjbk52Ym1Gc1NXNW1ieUk2ZXlKamIyMXdiR1Y0VG1GdFpTSTZleUptYVhKemRFNWhiV1VpT2lKMFpYTjBabk53TWtKaGJtdEdibUZ0WlNJc0lteGhjM1JPWVcxbElqb2lkR1Z6ZEdaemNESlhZV3hzWlhSTWJtRnRaU0o5TENKa1lYUmxUMlpDYVhKMGFDSTZJakU1T0RVdE1EVXRNVE1pZlgwc0luQmhlV1Z5SWpwN0luQmhjblI1U1dSSmJtWnZJanA3SW5CaGNuUjVTV1JVZVhCbElqb2lUVk5KVTBST0lpd2ljR0Z5ZEhsSlpHVnVkR2xtYVdWeUlqb2lNamMzTVRNNE1UTTVNVFFpTENKbWMzQkpaQ0k2SW5SbGMzUm1jM0F4SWl3aVpYaDBaVzV6YVc5dVRHbHpkQ0k2ZXlKbGVIUmxibk5wYjI0aU9sdDdJbXRsZVNJNkltRmpZMjkxYm5SVWVYQmxJaXdpZG1Gc2RXVWlPaUpDWVc1ckluMWRmWDBzSW01aGJXVWlPaUowWlhOMFpuTndNVUpoYm10R2JtRnRaU0IwWlhOMFpuTndNVUpoYm10TWJtRnRaU0o5TENKaGJXOTFiblFpT25zaVlXMXZkVzUwSWpvaU9Ea2lMQ0pqZFhKeVpXNWplU0k2SWtsT1VpSjlMQ0owY21GdWMyRmpkR2x2YmxSNWNHVWlPbnNpYzJObGJtRnlhVzhpT2lKVVVrRk9VMFpGVWlJc0ltbHVhWFJwWVhSdmNpSTZJbEJCV1VWU0lpd2lhVzVwZEdsaGRHOXlWSGx3WlNJNklrTlBUbE5WVFVWU0luMTkA','2023-03-30 15:30:01'),('5dfd57d0-fca1-4ba7-86e4-9e401528e23a','AYIELgAAAAAAAAXcHWcudGVzdGZzcDEubXNpc2RuLjE3MDM5ODExOTAzggQEZXlKMGNtRnVjMkZqZEdsdmJrbGtJam9pTldSbVpEVTNaREF0Wm1OaE1TMDBZbUUzTFRnMlpUUXRPV1UwTURFMU1qaGxNak5oSWl3aWNYVnZkR1ZKWkNJNklqbGtNVEkwTnpsaExXVXlORFV0TkdFM09TMDVaalpqTFdWaVpXTmxZalJqWkRRNE15SXNJbkJoZVdWbElqcDdJbkJoY25SNVNXUkpibVp2SWpwN0luQmhjblI1U1dSVWVYQmxJam9pVFZOSlUwUk9JaXdpY0dGeWRIbEpaR1Z1ZEdsbWFXVnlJam9pTVRjd016azRNVEU1TURNaUxDSm1jM0JKWkNJNkluUmxjM1JtYzNBeElpd2laWGgwWlc1emFXOXVUR2x6ZENJNmV5SmxlSFJsYm5OcGIyNGlPbHQ3SW10bGVTSTZJbUZqWTI5MWJuUlVlWEJsSWl3aWRtRnNkV1VpT2lKWFlXeHNaWFFpZlYxOWZTd2ljR1Z5YzI5dVlXeEpibVp2SWpwN0ltTnZiWEJzWlhoT1lXMWxJanA3SW1acGNuTjBUbUZ0WlNJNklsUmxjM1JtYzNBeFJtbHljM1FpTENKdGFXUmtiR1ZPWVcxbElqb2lWR1Z6ZEdaemNERk5hV1JrYkdVaUxDSnNZWE4wVG1GdFpTSTZJbFJsYzNSbWMzQXhUR0Z6ZENKOUxDSmtZWFJsVDJaQ2FYSjBhQ0k2SWpJd01UQXRNVEF0TVRBaWZYMHNJbkJoZVdWeUlqcDdJbkJoY25SNVNXUkpibVp2SWpwN0luQmhjblI1U1dSVWVYQmxJam9pVFZOSlUwUk9JaXdpY0dGeWRIbEpaR1Z1ZEdsbWFXVnlJam9pTVRjNE9URXlNems0TnpNaUxDSm1jM0JKWkNJNkluUmxjM1JtYzNBeklpd2laWGgwWlc1emFXOXVUR2x6ZENJNmV5SmxlSFJsYm5OcGIyNGlPbHQ3SW10bGVTSTZJbUZqWTI5MWJuUlVlWEJsSWl3aWRtRnNkV1VpT2lKWFlXeHNaWFFpZlYxOWZTd2libUZ0WlNJNkluUmxjM1JtYzNBelYyRnNiR1YwUm01aGJXVWdkR1Z6ZEdaemNETlhZV3hzWlhSTWJtRnRaU0o5TENKaGJXOTFiblFpT25zaVlXMXZkVzUwSWpvaU1UVWlMQ0pqZFhKeVpXNWplU0k2SWtsT1VpSjlMQ0owY21GdWMyRmpkR2x2YmxSNWNHVWlPbnNpYzJObGJtRnlhVzhpT2lKVVVrRk9VMFpGVWlJc0ltbHVhWFJwWVhSdmNpSTZJbEJCV1VWU0lpd2lhVzVwZEdsaGRHOXlWSGx3WlNJNklrTlBUbE5WVFVWU0luMTkA','2023-03-30 15:39:24'),('5e3b5e6f-dcc4-471d-a82f-5b5bb767944b','AYIEMAAAAAAAATPQHWcudGVzdGZzcDIubXNpc2RuLjE3MDM5ODExOTA0ggQGZXlKMGNtRnVjMkZqZEdsdmJrbGtJam9pTldVellqVmxObVl0WkdOak5DMDBOekZrTFdFNE1tWXROV0kxWW1JM05qYzVORFJpSWl3aWNYVnZkR1ZKWkNJNklqVmxNVEExWXpSbUxUUTJNV0l0TkdNM05TMDRNelF3TFRjeFpqaGxOekk1TVdVNVppSXNJbkJoZVdWbElqcDdJbkJoY25SNVNXUkpibVp2SWpwN0luQmhjblI1U1dSVWVYQmxJam9pVFZOSlUwUk9JaXdpY0dGeWRIbEpaR1Z1ZEdsbWFXVnlJam9pTVRjd016azRNVEU1TURRaUxDSm1jM0JKWkNJNkluUmxjM1JtYzNBeUlpd2laWGgwWlc1emFXOXVUR2x6ZENJNmV5SmxlSFJsYm5OcGIyNGlPbHQ3SW10bGVTSTZJbUZqWTI5MWJuUlVlWEJsSWl3aWRtRnNkV1VpT2lKWFlXeHNaWFFpZlYxOWZTd2ljR1Z5YzI5dVlXeEpibVp2SWpwN0ltTnZiWEJzWlhoT1lXMWxJanA3SW1acGNuTjBUbUZ0WlNJNklsUmxjM1JtYzNBeVJtbHljM1FpTENKdGFXUmtiR1ZPWVcxbElqb2lWR1Z6ZEdaemNESk5hV1JrYkdVaUxDSnNZWE4wVG1GdFpTSTZJbFJsYzNSbWMzQXlUR0Z6ZENKOUxDSmtZWFJsVDJaQ2FYSjBhQ0k2SWpJd01UQXRNVEF0TVRBaWZYMHNJbkJoZVdWeUlqcDdJbkJoY25SNVNXUkpibVp2SWpwN0luQmhjblI1U1dSVWVYQmxJam9pVFZOSlUwUk9JaXdpY0dGeWRIbEpaR1Z1ZEdsbWFXVnlJam9pTVRjNE9URXlNems0TnpNaUxDSm1jM0JKWkNJNkluUmxjM1JtYzNBeklpd2laWGgwWlc1emFXOXVUR2x6ZENJNmV5SmxlSFJsYm5OcGIyNGlPbHQ3SW10bGVTSTZJbUZqWTI5MWJuUlVlWEJsSWl3aWRtRnNkV1VpT2lKWFlXeHNaWFFpZlYxOWZTd2libUZ0WlNJNkluUmxjM1JtYzNBelYyRnNiR1YwUm01aGJXVWdkR1Z6ZEdaemNETlhZV3hzWlhSTWJtRnRaU0o5TENKaGJXOTFiblFpT25zaVlXMXZkVzUwSWpvaU56ZzRJaXdpWTNWeWNtVnVZM2tpT2lKSlRsSWlmU3dpZEhKaGJuTmhZM1JwYjI1VWVYQmxJanA3SW5OalpXNWhjbWx2SWpvaVZGSkJUbE5HUlZJaUxDSnBibWwwYVdGMGIzSWlPaUpRUVZsRlVpSXNJbWx1YVhScFlYUnZjbFI1Y0dVaU9pSkRUMDVUVlUxRlVpSjlmUQA','2023-03-30 15:39:19'),('5e927a09-8a11-4405-ac05-05549d9c80d9','AYIDaAAAAAAAACcQG2cudHRrc2ltMy5tc2lzZG4uNTY3MTAwMDAwM4IDQGV5SjBjbUZ1YzJGamRHbHZia2xrSWpvaU5XVTVNamRoTURrdE9HRXhNUzAwTkRBMUxXRmpNRFV0TURVMU5EbGtPV000TUdRNUlpd2ljWFZ2ZEdWSlpDSTZJalZsT1RJM1lUQTVMVGhoTVRFdE5EUXdOUzFoWXpBMUxUQTFOVFE1WkRsak9EQmtPU0lzSW5CaGVXVmxJanA3SW5CaGNuUjVTV1JKYm1adklqcDdJbkJoY25SNVNXUlVlWEJsSWpvaVRWTkpVMFJPSWl3aWNHRnlkSGxKWkdWdWRHbG1hV1Z5SWpvaU5UWTNNVEF3TURBd015SXNJbVp6Y0Vsa0lqb2lkSFJyYzJsdE15SjlMQ0p3WlhKemIyNWhiRWx1Wm04aU9uc2lZMjl0Y0d4bGVFNWhiV1VpT25zaVptbHljM1JPWVcxbElqb2lVbVZqWldsMlpYSkdhWEp6ZENJc0ltMXBaR1JzWlU1aGJXVWlPaUpTWldObGFYWmxjazFwWkdSc1pTSXNJbXhoYzNST1lXMWxJam9pVW1WalpXbDJaWEpNWVhOMEluMHNJbVJoZEdWUFprSnBjblJvSWpvaU1UazROQzB3TVMwd01TSjlMQ0p1WVcxbElqb2lVbVZqWldsMlpYSkdhWEp6ZENCU1pXTmxhWFpsY2t4aGMzUWlmU3dpY0dGNVpYSWlPbnNpY0dGeWRIbEpaRWx1Wm04aU9uc2ljR0Z5ZEhsSlpGUjVjR1VpT2lKTlUwbFRSRTRpTENKd1lYSjBlVWxrWlc1MGFXWnBaWElpT2lJeE5qRXpOVFUxTVRJeE1pSXNJbVp6Y0Vsa0lqb2lkSFJyYzJsdE1TSjlmU3dpWVcxdmRXNTBJanA3SW1GdGIzVnVkQ0k2SWpFd01DSXNJbU4xY25KbGJtTjVJam9pVkZwVEluMHNJblJ5WVc1ellXTjBhVzl1Vkhsd1pTSTZleUp6WTJWdVlYSnBieUk2SWxSU1FVNVRSa1ZTSWl3aWFXNXBkR2xoZEc5eUlqb2lVRUZaUlZJaUxDSnBibWwwYVdGMGIzSlVlWEJsSWpvaVEwOU9VMVZOUlZJaWZTd2libTkwWlNJNklpSjkA','2023-03-30 15:44:16'),('5ee10494-d9c3-474a-82e1-02fdb19b181b','AYIENAAAAAAAAFJ7HWcudGVzdGZzcDIubXNpc2RuLjE3MDM5ODExOTA0ggQKZXlKMGNtRnVjMkZqZEdsdmJrbGtJam9pTldWbE1UQTBPVFF0WkRsak15MDBOelJoTFRneVpURXRNREptWkdJeE9XSXhPREZpSWl3aWNYVnZkR1ZKWkNJNklqQXdPR1k1WmpobExUVTBNbVF0TkdObU5TMDRabUkyTFdRNVpUVTBNbU00TlRJNE9DSXNJbkJoZVdWbElqcDdJbkJoY25SNVNXUkpibVp2SWpwN0luQmhjblI1U1dSVWVYQmxJam9pVFZOSlUwUk9JaXdpY0dGeWRIbEpaR1Z1ZEdsbWFXVnlJam9pTVRjd016azRNVEU1TURRaUxDSm1jM0JKWkNJNkluUmxjM1JtYzNBeUlpd2laWGgwWlc1emFXOXVUR2x6ZENJNmV5SmxlSFJsYm5OcGIyNGlPbHQ3SW10bGVTSTZJbUZqWTI5MWJuUlVlWEJsSWl3aWRtRnNkV1VpT2lKWFlXeHNaWFFpZlYxOWZTd2ljR1Z5YzI5dVlXeEpibVp2SWpwN0ltTnZiWEJzWlhoT1lXMWxJanA3SW1acGNuTjBUbUZ0WlNJNklsUmxjM1JtYzNBeVJtbHljM1FpTENKdGFXUmtiR1ZPWVcxbElqb2lWR1Z6ZEdaemNESk5hV1JrYkdVaUxDSnNZWE4wVG1GdFpTSTZJbFJsYzNSbWMzQXlUR0Z6ZENKOUxDSmtZWFJsVDJaQ2FYSjBhQ0k2SWpJd01UQXRNVEF0TVRBaWZYMHNJbkJoZVdWeUlqcDdJbkJoY25SNVNXUkpibVp2SWpwN0luQmhjblI1U1dSVWVYQmxJam9pVFZOSlUwUk9JaXdpY0dGeWRIbEpaR1Z1ZEdsbWFXVnlJam9pTVRjNE9URXlNems0TnpNaUxDSm1jM0JKWkNJNkluUmxjM1JtYzNBeklpd2laWGgwWlc1emFXOXVUR2x6ZENJNmV5SmxlSFJsYm5OcGIyNGlPbHQ3SW10bGVTSTZJbUZqWTI5MWJuUlVlWEJsSWl3aWRtRnNkV1VpT2lKWFlXeHNaWFFpZlYxOWZTd2libUZ0WlNJNkluUmxjM1JtYzNBelYyRnNiR1YwUm01aGJXVWdkR1Z6ZEdaemNETlhZV3hzWlhSTWJtRnRaU0o5TENKaGJXOTFiblFpT25zaVlXMXZkVzUwSWpvaU1qRXhMakUxSWl3aVkzVnljbVZ1WTNraU9pSkpUbElpZlN3aWRISmhibk5oWTNScGIyNVVlWEJsSWpwN0luTmpaVzVoY21sdklqb2lWRkpCVGxOR1JWSWlMQ0pwYm1sMGFXRjBiM0lpT2lKUVFWbEZVaUlzSW1sdWFYUnBZWFJ2Y2xSNWNHVWlPaUpEVDA1VFZVMUZVaUo5ZlEA','2023-03-30 15:39:28'),('5f05b931-3bb8-456f-ae90-e0409574f236','AYIELgAAAAAAAAXcHWcudGVzdGZzcDEubXNpc2RuLjE3MDM5ODExOTAzggQEZXlKMGNtRnVjMkZqZEdsdmJrbGtJam9pTldZd05XSTVNekV0TTJKaU9DMDBOVFptTFdGbE9UQXRaVEEwTURrMU56Um1Nak0ySWl3aWNYVnZkR1ZKWkNJNkltUmhNMlUyTURFMkxXWXpNRGt0TkRSalpDMDVNamN3TFdVME9EbGpObU5sTVRNMll5SXNJbkJoZVdWbElqcDdJbkJoY25SNVNXUkpibVp2SWpwN0luQmhjblI1U1dSVWVYQmxJam9pVFZOSlUwUk9JaXdpY0dGeWRIbEpaR1Z1ZEdsbWFXVnlJam9pTVRjd016azRNVEU1TURNaUxDSm1jM0JKWkNJNkluUmxjM1JtYzNBeElpd2laWGgwWlc1emFXOXVUR2x6ZENJNmV5SmxlSFJsYm5OcGIyNGlPbHQ3SW10bGVTSTZJbUZqWTI5MWJuUlVlWEJsSWl3aWRtRnNkV1VpT2lKWFlXeHNaWFFpZlYxOWZTd2ljR1Z5YzI5dVlXeEpibVp2SWpwN0ltTnZiWEJzWlhoT1lXMWxJanA3SW1acGNuTjBUbUZ0WlNJNklsUmxjM1JtYzNBeFJtbHljM1FpTENKdGFXUmtiR1ZPWVcxbElqb2lWR1Z6ZEdaemNERk5hV1JrYkdVaUxDSnNZWE4wVG1GdFpTSTZJbFJsYzNSbWMzQXhUR0Z6ZENKOUxDSmtZWFJsVDJaQ2FYSjBhQ0k2SWpJd01UQXRNVEF0TVRBaWZYMHNJbkJoZVdWeUlqcDdJbkJoY25SNVNXUkpibVp2SWpwN0luQmhjblI1U1dSVWVYQmxJam9pVFZOSlUwUk9JaXdpY0dGeWRIbEpaR1Z1ZEdsbWFXVnlJam9pTVRjNE9URXlNems0TnpNaUxDSm1jM0JKWkNJNkluUmxjM1JtYzNBeklpd2laWGgwWlc1emFXOXVUR2x6ZENJNmV5SmxlSFJsYm5OcGIyNGlPbHQ3SW10bGVTSTZJbUZqWTI5MWJuUlVlWEJsSWl3aWRtRnNkV1VpT2lKWFlXeHNaWFFpZlYxOWZTd2libUZ0WlNJNkluUmxjM1JtYzNBelYyRnNiR1YwUm01aGJXVWdkR1Z6ZEdaemNETlhZV3hzWlhSTWJtRnRaU0o5TENKaGJXOTFiblFpT25zaVlXMXZkVzUwSWpvaU1UVWlMQ0pqZFhKeVpXNWplU0k2SWtsT1VpSjlMQ0owY21GdWMyRmpkR2x2YmxSNWNHVWlPbnNpYzJObGJtRnlhVzhpT2lKVVVrRk9VMFpGVWlJc0ltbHVhWFJwWVhSdmNpSTZJbEJCV1VWU0lpd2lhVzVwZEdsaGRHOXlWSGx3WlNJNklrTlBUbE5WVFVWU0luMTkA','2023-03-30 15:29:41'),('5fd04775-916d-4a2c-9c4e-e5004c7b4d46','AYIEFwAAAAAAACcQHGcucGF5ZWVmc3AubXNpc2RuLjIyMjQ0NDg4ODiCA-5leUowY21GdWMyRmpkR2x2Ymtsa0lqb2lOV1prTURRM056VXRPVEUyWkMwMFlUSmpMVGxqTkdVdFpUVXdNRFJqTjJJMFpEUTJJaXdpY1hWdmRHVkpaQ0k2SW1Rd1ltVmxaRGsyTFRFMFkyTXRORFptWVMxaU1qTmxMV1JpWXprMk1tSXlNVFkyTVNJc0luQmhlV1ZsSWpwN0luQmhjblI1U1dSSmJtWnZJanA3SW5CaGNuUjVTV1JVZVhCbElqb2lUVk5KVTBST0lpd2ljR0Z5ZEhsSlpHVnVkR2xtYVdWeUlqb2lNakl5TkRRME9EZzRPQ0lzSW1aemNFbGtJam9pY0dGNVpXVm1jM0FpZlN3aWNHVnljMjl1WVd4SmJtWnZJanA3SW1OdmJYQnNaWGhPWVcxbElqcDdJbVpwY25OMFRtRnRaU0k2SXVHQWdPR0FzZUdBck9HQWhPR0F1dUdBdU9HQWtlR0FnT0dBdXVHQWhlR0F0aUlzSW0xcFpHUnNaVTVoYldVaU9pTGhnS0hoZ0xIaGdLemhnSVRoZ0xvaUxDSnNZWE4wVG1GdFpTSTZJdUdBa3VHQXNlR0FxLUdBdXVHQW51R0FsT0dBdWVHQWtPR0FyT0dBa2VHQXZlR0FsT0dBdWlKOUxDSmtZWFJsVDJaQ2FYSjBhQ0k2SWpFNU9UQXRNREV0TURFaWZYMHNJbkJoZVdWeUlqcDdJbkJoY25SNVNXUkpibVp2SWpwN0luQmhjblI1U1dSVWVYQmxJam9pVFZOSlUwUk9JaXdpY0dGeWRIbEpaR1Z1ZEdsbWFXVnlJam9pTkRReE1qTTBOVFkzT0RraUxDSm1jM0JKWkNJNkluUmxjM1JwYm1kMGIyOXNhMmwwWkdaemNDSjlMQ0p3WlhKemIyNWhiRWx1Wm04aU9uc2lZMjl0Y0d4bGVFNWhiV1VpT25zaVptbHljM1JPWVcxbElqb2lSbWx5YzNSdVlXMWxMVlJsYzNRaUxDSnNZWE4wVG1GdFpTSTZJa3hoYzNSdVlXMWxMVlJsYzNRaWZTd2laR0YwWlU5bVFtbHlkR2dpT2lJeE9UZzBMVEF4TFRBeEluMTlMQ0poYlc5MWJuUWlPbnNpWVcxdmRXNTBJam9pTVRBd0lpd2lZM1Z5Y21WdVkza2lPaUpWVTBRaWZTd2lkSEpoYm5OaFkzUnBiMjVVZVhCbElqcDdJbk5qWlc1aGNtbHZJam9pVkZKQlRsTkdSVklpTENKcGJtbDBhV0YwYjNJaU9pSlFRVmxGVWlJc0ltbHVhWFJwWVhSdmNsUjVjR1VpT2lKRFQwNVRWVTFGVWlKOWZRAA','2023-03-30 15:26:38'),('60314569-070f-4936-9be0-946e578edf00','AYIDbAAAAAAAAQkzG2cudHRrc2ltMy5tc2lzZG4uNTY3MTAwMDAwMYIDRGV5SjBjbUZ1YzJGamRHbHZia2xrSWpvaU5qQXpNVFExTmprdE1EY3daaTAwT1RNMkxUbGlaVEF0T1RRMlpUVTNPR1ZrWmpBd0lpd2ljWFZ2ZEdWSlpDSTZJall3TXpFME5UWTVMVEEzTUdZdE5Ea3pOaTA1WW1Vd0xUazBObVUxTnpobFpHWXdNQ0lzSW5CaGVXVmxJanA3SW5CaGNuUjVTV1JKYm1adklqcDdJbkJoY25SNVNXUlVlWEJsSWpvaVRWTkpVMFJPSWl3aWNHRnlkSGxKWkdWdWRHbG1hV1Z5SWpvaU5UWTNNVEF3TURBd01TSXNJbVp6Y0Vsa0lqb2lkSFJyYzJsdE15SjlMQ0p3WlhKemIyNWhiRWx1Wm04aU9uc2lZMjl0Y0d4bGVFNWhiV1VpT25zaVptbHljM1JPWVcxbElqb2lVbVZqWldsMlpYSkdhWEp6ZENJc0ltMXBaR1JzWlU1aGJXVWlPaUpTWldObGFYWmxjazFwWkdSc1pTSXNJbXhoYzNST1lXMWxJam9pVW1WalpXbDJaWEpNWVhOMEluMHNJbVJoZEdWUFprSnBjblJvSWpvaU1UazROQzB3TVMwd01TSjlMQ0p1WVcxbElqb2lVbVZqWldsMlpYSkdhWEp6ZENCU1pXTmxhWFpsY2t4aGMzUWlmU3dpY0dGNVpYSWlPbnNpY0dGeWRIbEpaRWx1Wm04aU9uc2ljR0Z5ZEhsSlpGUjVjR1VpT2lKTlUwbFRSRTRpTENKd1lYSjBlVWxrWlc1MGFXWnBaWElpT2lJeE5qRXpOVFUxTVRJeE1pSXNJbVp6Y0Vsa0lqb2lkSFJyYzJsdE1TSjlmU3dpWVcxdmRXNTBJanA3SW1GdGIzVnVkQ0k2SWpZM09DNDVNU0lzSW1OMWNuSmxibU41SWpvaVZGcFRJbjBzSW5SeVlXNXpZV04wYVc5dVZIbHdaU0k2ZXlKelkyVnVZWEpwYnlJNklsUlNRVTVUUmtWU0lpd2lhVzVwZEdsaGRHOXlJam9pVUVGWlJWSWlMQ0pwYm1sMGFXRjBiM0pVZVhCbElqb2lRMDlPVTFWTlJWSWlmU3dpYm05MFpTSTZJaUo5AA','2023-03-30 15:44:14'),('60acf797-c287-493a-9c26-56c51c795d7d','AYIEJAAAAAAAAFJ7HWcudGVzdGZzcDIubXNpc2RuLjE3MDM5ODExOTA0ggP6ZXlKMGNtRnVjMkZqZEdsdmJrbGtJam9pTmpCaFkyWTNPVGN0WXpJNE55MDBPVE5oTFRsak1qWXROVFpqTlRGak56azFaRGRrSWl3aWNYVnZkR1ZKWkNJNklqUXdNalJqTURoa0xUZ3lOVFV0TkRoa09DMWhORGxtTFRZeU5XWmhPV1JqWXpReU1pSXNJbkJoZVdWbElqcDdJbkJoY25SNVNXUkpibVp2SWpwN0luQmhjblI1U1dSVWVYQmxJam9pVFZOSlUwUk9JaXdpY0dGeWRIbEpaR1Z1ZEdsbWFXVnlJam9pTVRjd016azRNVEU1TURRaUxDSm1jM0JKWkNJNkluUmxjM1JtYzNBeUlpd2laWGgwWlc1emFXOXVUR2x6ZENJNmV5SmxlSFJsYm5OcGIyNGlPbHQ3SW10bGVTSTZJbUZqWTI5MWJuUlVlWEJsSWl3aWRtRnNkV1VpT2lKWFlXeHNaWFFpZlYxOWZTd2ljR1Z5YzI5dVlXeEpibVp2SWpwN0ltTnZiWEJzWlhoT1lXMWxJanA3SW1acGNuTjBUbUZ0WlNJNklsUmxjM1JtYzNBeVJtbHljM1FpTENKdGFXUmtiR1ZPWVcxbElqb2lWR1Z6ZEdaemNESk5hV1JrYkdVaUxDSnNZWE4wVG1GdFpTSTZJbFJsYzNSbWMzQXlUR0Z6ZENKOUxDSmtZWFJsVDJaQ2FYSjBhQ0k2SWpJd01UQXRNVEF0TVRBaWZYMHNJbkJoZVdWeUlqcDdJbkJoY25SNVNXUkpibVp2SWpwN0luQmhjblI1U1dSVWVYQmxJam9pVFZOSlUwUk9JaXdpY0dGeWRIbEpaR1Z1ZEdsbWFXVnlJam9pTVRjd016azRNVEU1TURNaUxDSm1jM0JKWkNJNkluUmxjM1JtYzNBeElpd2laWGgwWlc1emFXOXVUR2x6ZENJNmV5SmxlSFJsYm5OcGIyNGlPbHQ3SW10bGVTSTZJbUZqWTI5MWJuUlVlWEJsSWl3aWRtRnNkV1VpT2lKWFlXeHNaWFFpZlYxOWZTd2libUZ0WlNJNkluUmxjM1JtYzNBeFJtNWhiV1VnZEdWemRHWnpjREZNYm1GdFpTSjlMQ0poYlc5MWJuUWlPbnNpWVcxdmRXNTBJam9pTWpFeExqRTFJaXdpWTNWeWNtVnVZM2tpT2lKSlRsSWlmU3dpZEhKaGJuTmhZM1JwYjI1VWVYQmxJanA3SW5OalpXNWhjbWx2SWpvaVZGSkJUbE5HUlZJaUxDSnBibWwwYVdGMGIzSWlPaUpRUVZsRlVpSXNJbWx1YVhScFlYUnZjbFI1Y0dVaU9pSkRUMDVUVlUxRlVpSjlmUQA','2023-03-30 15:30:04'),('6237c1ed-6f0f-49b4-878b-70d4a24a665c','AYIELgAAAAAAAAXcHWcudGVzdGZzcDEubXNpc2RuLjE3MDM5ODExOTAzggQEZXlKMGNtRnVjMkZqZEdsdmJrbGtJam9pTmpJek4yTXhaV1F0Tm1Zd1ppMDBPV0kwTFRnM09HSXROekJrTkdFeU5HRTJOalZqSWl3aWNYVnZkR1ZKWkNJNklqazVaREEzTm1Vd0xUZ3lZVFl0TkRWaE1pMWhZVGsxTFRaak9HVXlZekkxTURZeE5TSXNJbkJoZVdWbElqcDdJbkJoY25SNVNXUkpibVp2SWpwN0luQmhjblI1U1dSVWVYQmxJam9pVFZOSlUwUk9JaXdpY0dGeWRIbEpaR1Z1ZEdsbWFXVnlJam9pTVRjd016azRNVEU1TURNaUxDSm1jM0JKWkNJNkluUmxjM1JtYzNBeElpd2laWGgwWlc1emFXOXVUR2x6ZENJNmV5SmxlSFJsYm5OcGIyNGlPbHQ3SW10bGVTSTZJbUZqWTI5MWJuUlVlWEJsSWl3aWRtRnNkV1VpT2lKWFlXeHNaWFFpZlYxOWZTd2ljR1Z5YzI5dVlXeEpibVp2SWpwN0ltTnZiWEJzWlhoT1lXMWxJanA3SW1acGNuTjBUbUZ0WlNJNklsUmxjM1JtYzNBeFJtbHljM1FpTENKdGFXUmtiR1ZPWVcxbElqb2lWR1Z6ZEdaemNERk5hV1JrYkdVaUxDSnNZWE4wVG1GdFpTSTZJbFJsYzNSbWMzQXhUR0Z6ZENKOUxDSmtZWFJsVDJaQ2FYSjBhQ0k2SWpJd01UQXRNVEF0TVRBaWZYMHNJbkJoZVdWeUlqcDdJbkJoY25SNVNXUkpibVp2SWpwN0luQmhjblI1U1dSVWVYQmxJam9pVFZOSlUwUk9JaXdpY0dGeWRIbEpaR1Z1ZEdsbWFXVnlJam9pTVRjNE9URXlNems0TnpNaUxDSm1jM0JKWkNJNkluUmxjM1JtYzNBeklpd2laWGgwWlc1emFXOXVUR2x6ZENJNmV5SmxlSFJsYm5OcGIyNGlPbHQ3SW10bGVTSTZJbUZqWTI5MWJuUlVlWEJsSWl3aWRtRnNkV1VpT2lKWFlXeHNaWFFpZlYxOWZTd2libUZ0WlNJNkluUmxjM1JtYzNBelYyRnNiR1YwUm01aGJXVWdkR1Z6ZEdaemNETlhZV3hzWlhSTWJtRnRaU0o5TENKaGJXOTFiblFpT25zaVlXMXZkVzUwSWpvaU1UVWlMQ0pqZFhKeVpXNWplU0k2SWtsT1VpSjlMQ0owY21GdWMyRmpkR2x2YmxSNWNHVWlPbnNpYzJObGJtRnlhVzhpT2lKVVVrRk9VMFpGVWlJc0ltbHVhWFJwWVhSdmNpSTZJbEJCV1VWU0lpd2lhVzVwZEdsaGRHOXlWSGx3WlNJNklrTlBUbE5WVFVWU0luMTkA','2023-03-30 15:29:55'),('6293bfd3-87dc-47fa-8a08-73a35accaa3d','AYIEIgAAAAAAAAiYHWcudGVzdGZzcDIubXNpc2RuLjE3MDM5ODExOTA0ggP4ZXlKMGNtRnVjMkZqZEdsdmJrbGtJam9pTmpJNU0ySm1aRE10T0Rka1l5MDBOMlpoTFRoaE1EZ3ROek5oTXpWaFkyTmhZVE5rSWl3aWNYVnZkR1ZKWkNJNklqRmlNR1kzT0dReExXVmlaVEl0TkRoa01TMDVOV000TFRVeE16RXlaVE14TUdFME9DSXNJbkJoZVdWbElqcDdJbkJoY25SNVNXUkpibVp2SWpwN0luQmhjblI1U1dSVWVYQmxJam9pVFZOSlUwUk9JaXdpY0dGeWRIbEpaR1Z1ZEdsbWFXVnlJam9pTVRjd016azRNVEU1TURRaUxDSm1jM0JKWkNJNkluUmxjM1JtYzNBeUlpd2laWGgwWlc1emFXOXVUR2x6ZENJNmV5SmxlSFJsYm5OcGIyNGlPbHQ3SW10bGVTSTZJbUZqWTI5MWJuUlVlWEJsSWl3aWRtRnNkV1VpT2lKQ1lXNXJJbjFkZlgwc0luQmxjbk52Ym1Gc1NXNW1ieUk2ZXlKamIyMXdiR1Y0VG1GdFpTSTZleUptYVhKemRFNWhiV1VpT2lKVVpYTjBabk53TWtacGNuTjBJaXdpYldsa1pHeGxUbUZ0WlNJNklsUmxjM1JtYzNBeVRXbGtaR3hsSWl3aWJHRnpkRTVoYldVaU9pSlVaWE4wWm5Od01reGhjM1FpZlN3aVpHRjBaVTltUW1seWRHZ2lPaUl5TURFd0xURXdMVEV3SW4xOUxDSndZWGxsY2lJNmV5SndZWEowZVVsa1NXNW1ieUk2ZXlKd1lYSjBlVWxrVkhsd1pTSTZJazFUU1ZORVRpSXNJbkJoY25SNVNXUmxiblJwWm1sbGNpSTZJakUzT0RreE1qTTVPRGN6SWl3aVpuTndTV1FpT2lKMFpYTjBabk53TXlJc0ltVjRkR1Z1YzJsdmJreHBjM1FpT25zaVpYaDBaVzV6YVc5dUlqcGJleUpyWlhraU9pSmhZMk52ZFc1MFZIbHdaU0lzSW5aaGJIVmxJam9pUW1GdWF5SjlYWDE5TENKdVlXMWxJam9pZEdWemRHWnpjRE5DWVc1clJtNWhiV1VnZEdWemRHWnpjRE5DWVc1cmJtRnRaU0o5TENKaGJXOTFiblFpT25zaVlXMXZkVzUwSWpvaU1qSWlMQ0pqZFhKeVpXNWplU0k2SWtsT1VpSjlMQ0owY21GdWMyRmpkR2x2YmxSNWNHVWlPbnNpYzJObGJtRnlhVzhpT2lKVVVrRk9VMFpGVWlJc0ltbHVhWFJwWVhSdmNpSTZJbEJCV1VWU0lpd2lhVzVwZEdsaGRHOXlWSGx3WlNJNklrTlBUbE5WVFVWU0luMTkA','2023-03-30 15:29:58'),('6331d0a3-1560-4013-b612-88288a9692fa','AYICfAAAAAAAATRsG2cudHRrc2ltMy5tc2lzZG4uNTY3MTAwMDAwMYICVGV5SjBjbUZ1YzJGamRHbHZia2xrSWpvaU5qTXpNV1F3WVRNdE1UVTJNQzAwTURFekxXSTJNVEl0T0RneU9EaGhPVFk1TW1aaElpd2ljWFZ2ZEdWSlpDSTZJall6TXpGa01HRXpMVEUxTmpBdE5EQXhNeTFpTmpFeUxUZzRNamc0WVRrMk9USm1ZU0lzSW5CaGVXVmxJanA3SW5CaGNuUjVTV1JKYm1adklqcDdJbkJoY25SNVNXUlVlWEJsSWpvaVRWTkpVMFJPSWl3aWNHRnlkSGxKWkdWdWRHbG1hV1Z5SWpvaU5UWTNNVEF3TURBd01TSXNJbVp6Y0Vsa0lqb2lkSFJyYzJsdE15SjlmU3dpY0dGNVpYSWlPbnNpY0dGeWRIbEpaRWx1Wm04aU9uc2ljR0Z5ZEhsSlpGUjVjR1VpT2lKTlUwbFRSRTRpTENKd1lYSjBlVWxrWlc1MGFXWnBaWElpT2lJeE5qRXpOVFUxTVRJeE1pSXNJbVp6Y0Vsa0lqb2lkSFJyYzJsdE1TSjlmU3dpWVcxdmRXNTBJanA3SW1GdGIzVnVkQ0k2SWpjNE9TNDFOaUlzSW1OMWNuSmxibU41SWpvaVZGcFRJbjBzSW5SeVlXNXpZV04wYVc5dVZIbHdaU0k2ZXlKelkyVnVZWEpwYnlJNklsUlNRVTVUUmtWU0lpd2lhVzVwZEdsaGRHOXlJam9pVUVGWlJWSWlMQ0pwYm1sMGFXRjBiM0pVZVhCbElqb2lRMDlPVTFWTlJWSWlmU3dpYm05MFpTSTZJaUo5AA','2023-03-30 15:46:22'),('63fb34db-fff8-4627-97e5-cc99b2eefeee','AYIEMgAAAAAAAAV9HWcudGVzdGZzcDEubXNpc2RuLjE3MDM5ODExOTAzggQIZXlKMGNtRnVjMkZqZEdsdmJrbGtJam9pTmpObVlqTTBaR0l0Wm1abU9DMDBOakkzTFRrM1pUVXRZMk01T1dJeVpXVm1aV1ZsSWl3aWNYVnZkR1ZKWkNJNkltWXdNR0kwTmpoaExXTXhaV1l0TkRWak1DMDVZelpsTFRZd05tUTRaamcwTWpZek5pSXNJbkJoZVdWbElqcDdJbkJoY25SNVNXUkpibVp2SWpwN0luQmhjblI1U1dSVWVYQmxJam9pVFZOSlUwUk9JaXdpY0dGeWRIbEpaR1Z1ZEdsbWFXVnlJam9pTVRjd016azRNVEU1TURNaUxDSm1jM0JKWkNJNkluUmxjM1JtYzNBeElpd2laWGgwWlc1emFXOXVUR2x6ZENJNmV5SmxlSFJsYm5OcGIyNGlPbHQ3SW10bGVTSTZJbUZqWTI5MWJuUlVlWEJsSWl3aWRtRnNkV1VpT2lKWFlXeHNaWFFpZlYxOWZTd2ljR1Z5YzI5dVlXeEpibVp2SWpwN0ltTnZiWEJzWlhoT1lXMWxJanA3SW1acGNuTjBUbUZ0WlNJNklsUmxjM1JtYzNBeFJtbHljM1FpTENKdGFXUmtiR1ZPWVcxbElqb2lWR1Z6ZEdaemNERk5hV1JrYkdVaUxDSnNZWE4wVG1GdFpTSTZJbFJsYzNSbWMzQXhUR0Z6ZENKOUxDSmtZWFJsVDJaQ2FYSjBhQ0k2SWpJd01UQXRNVEF0TVRBaWZYMHNJbkJoZVdWeUlqcDdJbkJoY25SNVNXUkpibVp2SWpwN0luQmhjblI1U1dSVWVYQmxJam9pVFZOSlUwUk9JaXdpY0dGeWRIbEpaR1Z1ZEdsbWFXVnlJam9pTVRjd016azRNVEU1TURRaUxDSm1jM0JKWkNJNkluUmxjM1JtYzNBeUlpd2laWGgwWlc1emFXOXVUR2x6ZENJNmV5SmxlSFJsYm5OcGIyNGlPbHQ3SW10bGVTSTZJbUZqWTI5MWJuUlVlWEJsSWl3aWRtRnNkV1VpT2lKWFlXeHNaWFFpZlYxOWZTd2libUZ0WlNJNkluUmxjM1JtYzNBeVYyRnNiR1YwUm01aGJXVWdkR1Z6ZEdaemNESlhZV3hzWlhSTWJtRnRaU0o5TENKaGJXOTFiblFpT25zaVlXMXZkVzUwSWpvaU1UUXVNRFVpTENKamRYSnlaVzVqZVNJNklrbE9VaUo5TENKMGNtRnVjMkZqZEdsdmJsUjVjR1VpT25zaWMyTmxibUZ5YVc4aU9pSlVVa0ZPVTBaRlVpSXNJbWx1YVhScFlYUnZjaUk2SWxCQldVVlNJaXdpYVc1cGRHbGhkRzl5Vkhsd1pTSTZJa05QVGxOVlRVVlNJbjE5AA','2023-03-30 15:29:48'),('6656ecf8-0b08-4e4c-b30c-c09017e0919e','AYIDCgAAAAAAAAnEHWcucGF5ZXJmc3AubXNpc2RuLjE3MDM5ODExOTAxggLgZXlKMGNtRnVjMkZqZEdsdmJrbGtJam9pTmpZMU5tVmpaamd0TUdJd09DMDBaVFJqTFdJek1HTXRZekE1TURFM1pUQTVNVGxsSWl3aWNYVnZkR1ZKWkNJNkltUTNNams1TXpneExXTmxOREF0TkdVeFlTMWhOekJpTFRSaFptVm1ZemRsWkRFNU15SXNJbkJoZVdWbElqcDdJbkJoY25SNVNXUkpibVp2SWpwN0luQmhjblI1U1dSVWVYQmxJam9pVFZOSlUwUk9JaXdpY0dGeWRIbEpaR1Z1ZEdsbWFXVnlJam9pTVRjd016azRNVEU1TURFaUxDSm1jM0JKWkNJNkluQmhlV1Z5Wm5Od0luMTlMQ0p3WVhsbGNpSTZleUp3WVhKMGVVbGtTVzVtYnlJNmV5SndZWEowZVVsa1ZIbHdaU0k2SWsxVFNWTkVUaUlzSW5CaGNuUjVTV1JsYm5ScFptbGxjaUk2SWpFM01ETTVPREV4T1RBeUlpd2labk53U1dRaU9pSndZWGxsWldaemNDSjlMQ0p3WlhKemIyNWhiRWx1Wm04aU9uc2lZMjl0Y0d4bGVFNWhiV1VpT25zaVptbHljM1JPWVcxbElqb2lSbWx5YzNSdVlXMWxMVlJsYzNRaUxDSnNZWE4wVG1GdFpTSTZJa3hoYzNSdVlXMWxMVlJsYzNRaWZTd2laR0YwWlU5bVFtbHlkR2dpT2lJeE9UZzBMVEF4TFRBeEluMTlMQ0poYlc5MWJuUWlPbnNpWVcxdmRXNTBJam9pTWpVaUxDSmpkWEp5Wlc1amVTSTZJbFJhVXlKOUxDSjBjbUZ1YzJGamRHbHZibFI1Y0dVaU9uc2ljMk5sYm1GeWFXOGlPaUpVVWtGT1UwWkZVaUlzSW1sdWFYUnBZWFJ2Y2lJNklsQkJXVVZTSWl3aWFXNXBkR2xoZEc5eVZIbHdaU0k2SWtOUFRsTlZUVVZTSW4xOQA','2023-03-30 15:38:54'),('67a569d2-30d1-40b3-8bf0-0df8596cce3b','AYIDIAAAAAAAACd0IGcudHRrcGF5ZWVmc3AubXNpc2RuLjQ0MTIzNDU2Nzg5ggLzZXlKMGNtRnVjMkZqZEdsdmJrbGtJam9pTmpkaE5UWTVaREl0TXpCa01TMDBNR0l6TFRoaVpqQXRNR1JtT0RVNU5tTmpaVE5pSWl3aWNYVnZkR1ZKWkNJNkltSTBaREJoWW1abExUazJZemd0TkdFM1lpMDRNVGxrTFRsbE56QmhPR00xTlRSbVlTSXNJbkJoZVdWbElqcDdJbkJoY25SNVNXUkpibVp2SWpwN0luQmhjblI1U1dSVWVYQmxJam9pVFZOSlUwUk9JaXdpY0dGeWRIbEpaR1Z1ZEdsbWFXVnlJam9pTkRReE1qTTBOVFkzT0RraUxDSm1jM0JKWkNJNkluUjBhM0JoZVdWbFpuTndJbjE5TENKd1lYbGxjaUk2ZXlKd1lYSjBlVWxrU1c1bWJ5STZleUp3WVhKMGVVbGtWSGx3WlNJNklrMVRTVk5FVGlJc0luQmhjblI1U1dSbGJuUnBabWxsY2lJNklqUTBNVEl6TkRVMk56ZzVJaXdpWm5Od1NXUWlPaUowWlhOMGFXNW5kRzl2Ykd0cGRHUm1jM0FpZlN3aWNHVnljMjl1WVd4SmJtWnZJanA3SW1OdmJYQnNaWGhPWVcxbElqcDdJbVpwY25OMFRtRnRaU0k2SWtacGNuTjBibUZ0WlMxVVpYTjBJaXdpYkdGemRFNWhiV1VpT2lKTVlYTjBibUZ0WlMxVVpYTjBJbjBzSW1SaGRHVlBaa0pwY25Sb0lqb2lNVGs0TkMwd01TMHdNU0o5ZlN3aVlXMXZkVzUwSWpwN0ltTjFjbkpsYm1ONUlqb2lWVk5FSWl3aVlXMXZkVzUwSWpvaU1UQXhJbjBzSW5SeVlXNXpZV04wYVc5dVZIbHdaU0k2ZXlKelkyVnVZWEpwYnlJNklsUlNRVTVUUmtWU0lpd2lhVzVwZEdsaGRHOXlJam9pVUVGWlJWSWlMQ0pwYm1sMGFXRjBiM0pVZVhCbElqb2lRMDlPVTFWTlJWSWlmWDAA','2023-03-30 15:27:56'),('69723912-5d85-4b1e-98cb-b5d9dc5ca3a9','AYIDMgAAAAAAABV8LmcucGF5ZWVmc3AubXNpc2RuLnskaW5wdXRzLnBheWVlZnNwaWRlbnRpZmllcn2CAvdleUowY21GdWMyRmpkR2x2Ymtsa0lqb2lOamszTWpNNU1USXROV1E0TlMwMFlqRmxMVGs0WTJJdFlqVmtPV1JqTldOaE0yRTVJaXdpY1hWdmRHVkpaQ0k2SW1Rd1pUY3pNVGRoTFRaalpUZ3ROR1ZsT0MxaE9USTVMVFZqTkRBelpHRXdNMk0wWWlJc0luQmhlV1ZsSWpwN0luQmhjblI1U1dSSmJtWnZJanA3SW5CaGNuUjVTV1JVZVhCbElqb2lUVk5KVTBST0lpd2ljR0Z5ZEhsSlpHVnVkR2xtYVdWeUlqb2lleVJwYm5CMWRITXVjR0Y1WldWbWMzQkpaR1Z1ZEdsbWFXVnlmU0lzSW1aemNFbGtJam9pY0dGNVpXVm1jM0FpZlgwc0luQmhlV1Z5SWpwN0luQmhjblI1U1dSSmJtWnZJanA3SW5CaGNuUjVTV1JVZVhCbElqb2lUVk5KVTBST0lpd2ljR0Z5ZEhsSlpHVnVkR2xtYVdWeUlqb2lNVGN3TXprNE1URTVNRE1pTENKbWMzQkpaQ0k2SW5SbGMzUm1jM0F4SW4wc0luQmxjbk52Ym1Gc1NXNW1ieUk2ZXlKamIyMXdiR1Y0VG1GdFpTSTZleUptYVhKemRFNWhiV1VpT2lKR2FYSnpkRzVoYldVdFZHVnpkQ0lzSW14aGMzUk9ZVzFsSWpvaVRHRnpkRzVoYldVdFZHVnpkQ0o5TENKa1lYUmxUMlpDYVhKMGFDSTZJakU1T0RRdE1ERXRNREVpZlgwc0ltRnRiM1Z1ZENJNmV5SmhiVzkxYm5RaU9pSTFOU0lzSW1OMWNuSmxibU41SWpvaVZGcFRJbjBzSW5SeVlXNXpZV04wYVc5dVZIbHdaU0k2ZXlKelkyVnVZWEpwYnlJNklsUlNRVTVUUmtWU0lpd2lhVzVwZEdsaGRHOXlJam9pVUVGWlJWSWlMQ0pwYm1sMGFXRjBiM0pVZVhCbElqb2lRMDlPVTFWTlJWSWlmWDAA','2023-03-30 15:38:01'),('6a5d152b-7305-49c4-ba2f-83bb3615f9df','AYIEDQAAkAcPi_ACHWcudGVzdGZzcDQubXNpc2RuLjE3ODkxMjM5ODcyggPjZXlKMGNtRnVjMkZqZEdsdmJrbGtJam9pTm1FMVpERTFNbUl0TnpNd05TMDBPV00wTFdKaE1tWXRPRE5pWWpNMk1UVm1PV1JtSWl3aWNYVnZkR1ZKWkNJNklqSmtNbU5tTURNMkxUWTBPVGd0TkRBNE55MDVZVFpoTFdVNE5UVm1aR1JsWldReVpDSXNJbkJoZVdWbElqcDdJbkJoY25SNVNXUkpibVp2SWpwN0luQmhjblI1U1dSVWVYQmxJam9pVFZOSlUwUk9JaXdpY0dGeWRIbEpaR1Z1ZEdsbWFXVnlJam9pTVRjNE9URXlNems0TnpJaUxDSm1jM0JKWkNJNkluUmxjM1JtYzNBMElpd2laWGgwWlc1emFXOXVUR2x6ZENJNmV5SmxlSFJsYm5OcGIyNGlPbHQ3SW10bGVTSTZJbUZqWTI5MWJuUlVlWEJsSWl3aWRtRnNkV1VpT2lKWFlXeHNaWFFpZlYxOWZTd2ljR1Z5YzI5dVlXeEpibVp2SWpwN0ltTnZiWEJzWlhoT1lXMWxJanA3SW1acGNuTjBUbUZ0WlNJNkluUmxjM1JtYzNBMFYyRnNiR1YwUm01aGJXVWlMQ0pzWVhOMFRtRnRaU0k2SW5SbGMzUm1jM0EwVjJGc2JHVjBURzVoYldVaWZTd2laR0YwWlU5bVFtbHlkR2dpT2lJeE9UZzFMVEExTFRFekluMTlMQ0p3WVhsbGNpSTZleUp3WVhKMGVVbGtTVzVtYnlJNmV5SndZWEowZVVsa1ZIbHdaU0k2SWsxVFNWTkVUaUlzSW5CaGNuUjVTV1JsYm5ScFptbGxjaUk2SWpFM01ETTVPREV4T1RBeklpd2labk53U1dRaU9pSjBaWE4wWm5Od01TSXNJbVY0ZEdWdWMybHZia3hwYzNRaU9uc2laWGgwWlc1emFXOXVJanBiZXlKclpYa2lPaUpoWTJOdmRXNTBWSGx3WlNJc0luWmhiSFZsSWpvaVYyRnNiR1YwSW4xZGZYMHNJbTVoYldVaU9pSjBaWE4wWm5Od01VWnVZVzFsSUhSbGMzUm1jM0F4VEc1aGJXVWlmU3dpWVcxdmRXNTBJanA3SW1GdGIzVnVkQ0k2SWpFMU9DNHpOaUlzSW1OMWNuSmxibU41SWpvaVNVNVNJbjBzSW5SeVlXNXpZV04wYVc5dVZIbHdaU0k2ZXlKelkyVnVZWEpwYnlJNklsUlNRVTVUUmtWU0lpd2lhVzVwZEdsaGRHOXlJam9pVUVGWlJWSWlMQ0pwYm1sMGFXRjBiM0pVZVhCbElqb2lRMDlPVTFWTlJWSWlmWDAA','2023-03-30 15:39:13'),('6a6b96cf-a52c-4dc4-ad3f-2583e6721df0','AYIEMAAAAAAAACr4HWcudGVzdGZzcDEubXNpc2RuLjE3MDM5ODExOTAzggQGZXlKMGNtRnVjMkZqZEdsdmJrbGtJam9pTm1FMllqazJZMll0WVRVeVl5MDBaR00wTFdGa00yWXRNalU0TTJVMk56SXhaR1l3SWl3aWNYVnZkR1ZKWkNJNklqQTFPVFUxTVdZNUxUQmpNRFl0TkRGbE9TMDVaamN5TFdSbVpUYzRNekEyTWpJeFpDSXNJbkJoZVdWbElqcDdJbkJoY25SNVNXUkpibVp2SWpwN0luQmhjblI1U1dSVWVYQmxJam9pVFZOSlUwUk9JaXdpY0dGeWRIbEpaR1Z1ZEdsbWFXVnlJam9pTVRjd016azRNVEU1TURNaUxDSm1jM0JKWkNJNkluUmxjM1JtYzNBeElpd2laWGgwWlc1emFXOXVUR2x6ZENJNmV5SmxlSFJsYm5OcGIyNGlPbHQ3SW10bGVTSTZJbUZqWTI5MWJuUlVlWEJsSWl3aWRtRnNkV1VpT2lKWFlXeHNaWFFpZlYxOWZTd2ljR1Z5YzI5dVlXeEpibVp2SWpwN0ltTnZiWEJzWlhoT1lXMWxJanA3SW1acGNuTjBUbUZ0WlNJNklsUmxjM1JtYzNBeFJtbHljM1FpTENKdGFXUmtiR1ZPWVcxbElqb2lWR1Z6ZEdaemNERk5hV1JrYkdVaUxDSnNZWE4wVG1GdFpTSTZJbFJsYzNSbWMzQXhUR0Z6ZENKOUxDSmtZWFJsVDJaQ2FYSjBhQ0k2SWpJd01UQXRNVEF0TVRBaWZYMHNJbkJoZVdWeUlqcDdJbkJoY25SNVNXUkpibVp2SWpwN0luQmhjblI1U1dSVWVYQmxJam9pVFZOSlUwUk9JaXdpY0dGeWRIbEpaR1Z1ZEdsbWFXVnlJam9pTVRjd016azRNVEU1TURRaUxDSm1jM0JKWkNJNkluUmxjM1JtYzNBeUlpd2laWGgwWlc1emFXOXVUR2x6ZENJNmV5SmxlSFJsYm5OcGIyNGlPbHQ3SW10bGVTSTZJbUZqWTI5MWJuUlVlWEJsSWl3aWRtRnNkV1VpT2lKWFlXeHNaWFFpZlYxOWZTd2libUZ0WlNJNkluUmxjM1JtYzNBeVYyRnNiR1YwUm01aGJXVWdkR1Z6ZEdaemNESlhZV3hzWlhSTWJtRnRaU0o5TENKaGJXOTFiblFpT25zaVlXMXZkVzUwSWpvaU1URXdJaXdpWTNWeWNtVnVZM2tpT2lKSlRsSWlmU3dpZEhKaGJuTmhZM1JwYjI1VWVYQmxJanA3SW5OalpXNWhjbWx2SWpvaVZGSkJUbE5HUlZJaUxDSnBibWwwYVdGMGIzSWlPaUpRUVZsRlVpSXNJbWx1YVhScFlYUnZjbFI1Y0dVaU9pSkRUMDVUVlUxRlVpSjlmUQA','2023-03-30 15:30:03'),('6b59e34c-3fb8-4b71-b5b0-05c30fd60323','AYIDCgAAAAAAAAfQHWcucGF5ZXJmc3AubXNpc2RuLjE3MDM5ODExOTAxggLgZXlKMGNtRnVjMkZqZEdsdmJrbGtJam9pTm1JMU9XVXpOR010TTJaaU9DMDBZamN4TFdJMVlqQXRNRFZqTXpCbVpEWXdNekl6SWl3aWNYVnZkR1ZKWkNJNklqaGxZV000TldZNUxUTTBabVV0TkdaaU9TMWlOamhpTFRBNU16RTFNR0kzTWpOaVpTSXNJbkJoZVdWbElqcDdJbkJoY25SNVNXUkpibVp2SWpwN0luQmhjblI1U1dSVWVYQmxJam9pVFZOSlUwUk9JaXdpY0dGeWRIbEpaR1Z1ZEdsbWFXVnlJam9pTVRjd016azRNVEU1TURFaUxDSm1jM0JKWkNJNkluQmhlV1Z5Wm5Od0luMTlMQ0p3WVhsbGNpSTZleUp3WVhKMGVVbGtTVzVtYnlJNmV5SndZWEowZVVsa1ZIbHdaU0k2SWsxVFNWTkVUaUlzSW5CaGNuUjVTV1JsYm5ScFptbGxjaUk2SWpFM01ETTVPREV4T1RBMElpd2labk53U1dRaU9pSjBaWE4wWm5Od01pSjlMQ0p3WlhKemIyNWhiRWx1Wm04aU9uc2lZMjl0Y0d4bGVFNWhiV1VpT25zaVptbHljM1JPWVcxbElqb2lSbWx5YzNSdVlXMWxMVlJsYzNRaUxDSnNZWE4wVG1GdFpTSTZJa3hoYzNSdVlXMWxMVlJsYzNRaWZTd2laR0YwWlU5bVFtbHlkR2dpT2lJeE9UZzBMVEF4TFRBeEluMTlMQ0poYlc5MWJuUWlPbnNpWVcxdmRXNTBJam9pTWpBaUxDSmpkWEp5Wlc1amVTSTZJbFJhVXlKOUxDSjBjbUZ1YzJGamRHbHZibFI1Y0dVaU9uc2ljMk5sYm1GeWFXOGlPaUpVVWtGT1UwWkZVaUlzSW1sdWFYUnBZWFJ2Y2lJNklsQkJXVVZTSWl3aWFXNXBkR2xoZEc5eVZIbHdaU0k2SWtOUFRsTlZUVVZTSW4xOQA','2023-03-30 15:28:31'),('6d020054-19a5-47f6-89b4-301750e72829','AYIDIAAAAAAAACfYIGcudHRrcGF5ZWVmc3AubXNpc2RuLjQ0MTIzNDU2Nzg5ggLzZXlKMGNtRnVjMkZqZEdsdmJrbGtJam9pTm1Rd01qQXdOVFF0TVRsaE5TMDBOMlkyTFRnNVlqUXRNekF4TnpVd1pUY3lPREk1SWl3aWNYVnZkR1ZKWkNJNkltTm1abUkwTWpObUxXVTVPR1F0TkdRMVlTMDVNamsyTFRsaE9XUm1aRFl5TlRnd015SXNJbkJoZVdWbElqcDdJbkJoY25SNVNXUkpibVp2SWpwN0luQmhjblI1U1dSVWVYQmxJam9pVFZOSlUwUk9JaXdpY0dGeWRIbEpaR1Z1ZEdsbWFXVnlJam9pTkRReE1qTTBOVFkzT0RraUxDSm1jM0JKWkNJNkluUjBhM0JoZVdWbFpuTndJbjE5TENKd1lYbGxjaUk2ZXlKd1lYSjBlVWxrU1c1bWJ5STZleUp3WVhKMGVVbGtWSGx3WlNJNklrMVRTVk5FVGlJc0luQmhjblI1U1dSbGJuUnBabWxsY2lJNklqUTBNVEl6TkRVMk56ZzVJaXdpWm5Od1NXUWlPaUowWlhOMGFXNW5kRzl2Ykd0cGRHUm1jM0FpZlN3aWNHVnljMjl1WVd4SmJtWnZJanA3SW1OdmJYQnNaWGhPWVcxbElqcDdJbVpwY25OMFRtRnRaU0k2SWtacGNuTjBibUZ0WlMxVVpYTjBJaXdpYkdGemRFNWhiV1VpT2lKTVlYTjBibUZ0WlMxVVpYTjBJbjBzSW1SaGRHVlBaa0pwY25Sb0lqb2lNVGs0TkMwd01TMHdNU0o5ZlN3aVlXMXZkVzUwSWpwN0ltTjFjbkpsYm1ONUlqb2lWVk5FSWl3aVlXMXZkVzUwSWpvaU1UQXlJbjBzSW5SeVlXNXpZV04wYVc5dVZIbHdaU0k2ZXlKelkyVnVZWEpwYnlJNklsUlNRVTVUUmtWU0lpd2lhVzVwZEdsaGRHOXlJam9pVUVGWlJWSWlMQ0pwYm1sMGFXRjBiM0pVZVhCbElqb2lRMDlPVTFWTlJWSWlmWDAA','2023-03-30 15:28:21'),('6e81bc72-60a3-4442-b4f6-75676880d155','AYIDCgAAAAAAAAnEHWcucGF5ZXJmc3AubXNpc2RuLjE3MDM5ODExOTAxggLgZXlKMGNtRnVjMkZqZEdsdmJrbGtJam9pTm1VNE1XSmpOekl0TmpCaE15MDBORFF5TFdJMFpqWXROelUyTnpZNE9EQmtNVFUxSWl3aWNYVnZkR1ZKWkNJNklqaGlOV0UwWldVMkxUSXlOVEF0TkRaaVpTMWhNemcxTFdFd05UUXhZV1V3WmpZMFlTSXNJbkJoZVdWbElqcDdJbkJoY25SNVNXUkpibVp2SWpwN0luQmhjblI1U1dSVWVYQmxJam9pVFZOSlUwUk9JaXdpY0dGeWRIbEpaR1Z1ZEdsbWFXVnlJam9pTVRjd016azRNVEU1TURFaUxDSm1jM0JKWkNJNkluQmhlV1Z5Wm5Od0luMTlMQ0p3WVhsbGNpSTZleUp3WVhKMGVVbGtTVzVtYnlJNmV5SndZWEowZVVsa1ZIbHdaU0k2SWsxVFNWTkVUaUlzSW5CaGNuUjVTV1JsYm5ScFptbGxjaUk2SWpFM01ETTVPREV4T1RBeUlpd2labk53U1dRaU9pSndZWGxsWldaemNDSjlMQ0p3WlhKemIyNWhiRWx1Wm04aU9uc2lZMjl0Y0d4bGVFNWhiV1VpT25zaVptbHljM1JPWVcxbElqb2lSbWx5YzNSdVlXMWxMVlJsYzNRaUxDSnNZWE4wVG1GdFpTSTZJa3hoYzNSdVlXMWxMVlJsYzNRaWZTd2laR0YwWlU5bVFtbHlkR2dpT2lJeE9UZzBMVEF4TFRBeEluMTlMQ0poYlc5MWJuUWlPbnNpWVcxdmRXNTBJam9pTWpVaUxDSmpkWEp5Wlc1amVTSTZJbFZUUkNKOUxDSjBjbUZ1YzJGamRHbHZibFI1Y0dVaU9uc2ljMk5sYm1GeWFXOGlPaUpVVWtGT1UwWkZVaUlzSW1sdWFYUnBZWFJ2Y2lJNklsQkJXVVZTSWl3aWFXNXBkR2xoZEc5eVZIbHdaU0k2SWtOUFRsTlZUVVZTSW4xOQA','2023-03-30 15:29:04'),('6efc8f7c-b755-43ac-9f4f-fe515b318607','AYIC9AAAAAAAABdwHWcucGF5ZWVmc3AubXNpc2RuLjIyNTU2OTk5MTI1ggLKZXlKMGNtRnVjMkZqZEdsdmJrbGtJam9pWmpRMFltUmtOV010WXpreE1DMDBZVGt3TFRoa05qa3RaR0ppWVRaaVl6aGxZVFpqSWl3aWNYVnZkR1ZKWkNJNklqVTBaRFZtTURsaUxXRTBOMlF0TkRCa05pMWhZVEEzTFdFNVkyWXpZbUl5TkRsaFpDSXNJbkJoZVdWbElqcDdJbkJoY25SNVNXUkpibVp2SWpwN0luQmhjblI1U1dSVWVYQmxJam9pVFZOSlUwUk9JaXdpY0dGeWRIbEpaR1Z1ZEdsbWFXVnlJam9pTWpJMU5UWTVPVGt4TWpVaUxDSm1jM0JKWkNJNkluQmhlV1ZsWm5Od0luMTlMQ0p3WVhsbGNpSTZleUp3WVhKMGVVbGtTVzVtYnlJNmV5SndZWEowZVVsa1ZIbHdaU0k2SWsxVFNWTkVUaUlzSW5CaGNuUjVTV1JsYm5ScFptbGxjaUk2SWpJeU5UQTNNREE0TVRneElpd2labk53U1dRaU9pSndZWGxsY21aemNDSjlMQ0p3WlhKemIyNWhiRWx1Wm04aU9uc2lZMjl0Y0d4bGVFNWhiV1VpT25zaVptbHljM1JPWVcxbElqb2lUV0YwY3lJc0lteGhjM1JPWVcxbElqb2lTR0ZuYldGdUluMHNJbVJoZEdWUFprSnBjblJvSWpvaU1UazRNeTB4TUMweU5TSjlmU3dpWVcxdmRXNTBJanA3SW1GdGIzVnVkQ0k2SWpZd0lpd2lZM1Z5Y21WdVkza2lPaUpWVTBRaWZTd2lkSEpoYm5OaFkzUnBiMjVVZVhCbElqcDdJbk5qWlc1aGNtbHZJam9pVkZKQlRsTkdSVklpTENKcGJtbDBhV0YwYjNJaU9pSlFRVmxGVWlJc0ltbHVhWFJwWVhSdmNsUjVjR1VpT2lKRFQwNVRWVTFGVWlKOWZRAA','2023-03-30 15:41:56'),('71ebf773-a20d-4389-9545-045c48817548','AYIEMAAAAAAAADqYHWcudGVzdGZzcDEubXNpc2RuLjE3MDM5ODExOTAzggQGZXlKMGNtRnVjMkZqZEdsdmJrbGtJam9pTnpGbFltWTNOek10WVRJd1pDMDBNemc1TFRrMU5EVXRNRFExWXpRNE9ERTNOVFE0SWl3aWNYVnZkR1ZKWkNJNklqTTBaRFZoTWpJMkxUY3hZVFl0TkdGallTMWlPREUzTFdOa09XSmxaVEZtT0RCallpSXNJbkJoZVdWbElqcDdJbkJoY25SNVNXUkpibVp2SWpwN0luQmhjblI1U1dSVWVYQmxJam9pVFZOSlUwUk9JaXdpY0dGeWRIbEpaR1Z1ZEdsbWFXVnlJam9pTVRjd016azRNVEU1TURNaUxDSm1jM0JKWkNJNkluUmxjM1JtYzNBeElpd2laWGgwWlc1emFXOXVUR2x6ZENJNmV5SmxlSFJsYm5OcGIyNGlPbHQ3SW10bGVTSTZJbUZqWTI5MWJuUlVlWEJsSWl3aWRtRnNkV1VpT2lKWFlXeHNaWFFpZlYxOWZTd2ljR1Z5YzI5dVlXeEpibVp2SWpwN0ltTnZiWEJzWlhoT1lXMWxJanA3SW1acGNuTjBUbUZ0WlNJNklsUmxjM1JtYzNBeFJtbHljM1FpTENKdGFXUmtiR1ZPWVcxbElqb2lWR1Z6ZEdaemNERk5hV1JrYkdVaUxDSnNZWE4wVG1GdFpTSTZJbFJsYzNSbWMzQXhUR0Z6ZENKOUxDSmtZWFJsVDJaQ2FYSjBhQ0k2SWpJd01UQXRNVEF0TVRBaWZYMHNJbkJoZVdWeUlqcDdJbkJoY25SNVNXUkpibVp2SWpwN0luQmhjblI1U1dSVWVYQmxJam9pVFZOSlUwUk9JaXdpY0dGeWRIbEpaR1Z1ZEdsbWFXVnlJam9pTVRjd016azRNVEU1TURRaUxDSm1jM0JKWkNJNkluUmxjM1JtYzNBeUlpd2laWGgwWlc1emFXOXVUR2x6ZENJNmV5SmxlSFJsYm5OcGIyNGlPbHQ3SW10bGVTSTZJbUZqWTI5MWJuUlVlWEJsSWl3aWRtRnNkV1VpT2lKWFlXeHNaWFFpZlYxOWZTd2libUZ0WlNJNkluUmxjM1JtYzNBeVYyRnNiR1YwUm01aGJXVWdkR1Z6ZEdaemNESlhZV3hzWlhSTWJtRnRaU0o5TENKaGJXOTFiblFpT25zaVlXMXZkVzUwSWpvaU1UVXdJaXdpWTNWeWNtVnVZM2tpT2lKSlRsSWlmU3dpZEhKaGJuTmhZM1JwYjI1VWVYQmxJanA3SW5OalpXNWhjbWx2SWpvaVZGSkJUbE5HUlZJaUxDSnBibWwwYVdGMGIzSWlPaUpRUVZsRlVpSXNJbWx1YVhScFlYUnZjbFI1Y0dVaU9pSkRUMDVUVlUxRlVpSjlmUQA','2023-03-30 15:39:26'),('71faba9a-55ab-484b-9819-1ee49f53c6d6','AYIDCgAAAAAAABdwHWcudGVzdGZzcDIubXNpc2RuLjE3MDM5ODExOTA0ggLgZXlKMGNtRnVjMkZqZEdsdmJrbGtJam9pTnpGbVlXSmhPV0V0TlRWaFlpMDBPRFJpTFRrNE1Ua3RNV1ZsTkRsbU5UTmpObVEySWl3aWNYVnZkR1ZKWkNJNkltSTRaV014TVRGbExUYzNOV0V0TkdOaVpDMWhPRGN3TFRkbFpEa3laR05qTlRFMk15SXNJbkJoZVdWbElqcDdJbkJoY25SNVNXUkpibVp2SWpwN0luQmhjblI1U1dSVWVYQmxJam9pVFZOSlUwUk9JaXdpY0dGeWRIbEpaR1Z1ZEdsbWFXVnlJam9pTVRjd016azRNVEU1TURRaUxDSm1jM0JKWkNJNkluUmxjM1JtYzNBeUluMTlMQ0p3WVhsbGNpSTZleUp3WVhKMGVVbGtTVzVtYnlJNmV5SndZWEowZVVsa1ZIbHdaU0k2SWsxVFNWTkVUaUlzSW5CaGNuUjVTV1JsYm5ScFptbGxjaUk2SWpFM01ETTVPREV4T1RBeklpd2labk53U1dRaU9pSjBaWE4wWm5Od01TSjlMQ0p3WlhKemIyNWhiRWx1Wm04aU9uc2lZMjl0Y0d4bGVFNWhiV1VpT25zaVptbHljM1JPWVcxbElqb2lSbWx5YzNSdVlXMWxMVlJsYzNRaUxDSnNZWE4wVG1GdFpTSTZJa3hoYzNSdVlXMWxMVlJsYzNRaWZTd2laR0YwWlU5bVFtbHlkR2dpT2lJeE9UZzBMVEF4TFRBeEluMTlMQ0poYlc5MWJuUWlPbnNpWVcxdmRXNTBJam9pTmpBaUxDSmpkWEp5Wlc1amVTSTZJbFZUUkNKOUxDSjBjbUZ1YzJGamRHbHZibFI1Y0dVaU9uc2ljMk5sYm1GeWFXOGlPaUpVVWtGT1UwWkZVaUlzSW1sdWFYUnBZWFJ2Y2lJNklsQkJXVVZTSWl3aWFXNXBkR2xoZEc5eVZIbHdaU0k2SWtOUFRsTlZUVVZTSW4xOQA','2023-03-30 15:38:01'),('72448f40-e07f-4dbc-b959-baa15269a18b','AYIEJAAAkAcPi_ACHWcudGVzdGZzcDIubXNpc2RuLjE3MDM5ODExOTA0ggP6ZXlKMGNtRnVjMkZqZEdsdmJrbGtJam9pTnpJME5EaG1OREF0WlRBM1ppMDBaR0pqTFdJNU5Ua3RZbUZoTVRVeU5qbGhNVGhpSWl3aWNYVnZkR1ZKWkNJNklqQmpNR00yWTJVMUxXWXhPREV0TkRreVl5MDROelF5TFRKaE5tTXhaRGcwTXpreE5TSXNJbkJoZVdWbElqcDdJbkJoY25SNVNXUkpibVp2SWpwN0luQmhjblI1U1dSVWVYQmxJam9pVFZOSlUwUk9JaXdpY0dGeWRIbEpaR1Z1ZEdsbWFXVnlJam9pTVRjd016azRNVEU1TURRaUxDSm1jM0JKWkNJNkluUmxjM1JtYzNBeUlpd2laWGgwWlc1emFXOXVUR2x6ZENJNmV5SmxlSFJsYm5OcGIyNGlPbHQ3SW10bGVTSTZJbUZqWTI5MWJuUlVlWEJsSWl3aWRtRnNkV1VpT2lKWFlXeHNaWFFpZlYxOWZTd2ljR1Z5YzI5dVlXeEpibVp2SWpwN0ltTnZiWEJzWlhoT1lXMWxJanA3SW1acGNuTjBUbUZ0WlNJNklsUmxjM1JtYzNBeVJtbHljM1FpTENKdGFXUmtiR1ZPWVcxbElqb2lWR1Z6ZEdaemNESk5hV1JrYkdVaUxDSnNZWE4wVG1GdFpTSTZJbFJsYzNSbWMzQXlUR0Z6ZENKOUxDSmtZWFJsVDJaQ2FYSjBhQ0k2SWpJd01UQXRNVEF0TVRBaWZYMHNJbkJoZVdWeUlqcDdJbkJoY25SNVNXUkpibVp2SWpwN0luQmhjblI1U1dSVWVYQmxJam9pVFZOSlUwUk9JaXdpY0dGeWRIbEpaR1Z1ZEdsbWFXVnlJam9pTVRjd016azRNVEU1TURNaUxDSm1jM0JKWkNJNkluUmxjM1JtYzNBeElpd2laWGgwWlc1emFXOXVUR2x6ZENJNmV5SmxlSFJsYm5OcGIyNGlPbHQ3SW10bGVTSTZJbUZqWTI5MWJuUlVlWEJsSWl3aWRtRnNkV1VpT2lKWFlXeHNaWFFpZlYxOWZTd2libUZ0WlNJNkluUmxjM1JtYzNBeFJtNWhiV1VnZEdWemRHWnpjREZNYm1GdFpTSjlMQ0poYlc5MWJuUWlPbnNpWVcxdmRXNTBJam9pTVRVNExqTTJJaXdpWTNWeWNtVnVZM2tpT2lKSlRsSWlmU3dpZEhKaGJuTmhZM1JwYjI1VWVYQmxJanA3SW5OalpXNWhjbWx2SWpvaVZGSkJUbE5HUlZJaUxDSnBibWwwYVdGMGIzSWlPaUpRUVZsRlVpSXNJbWx1YVhScFlYUnZjbFI1Y0dVaU9pSkRUMDVUVlUxRlVpSjlmUQA','2023-03-30 15:30:03'),('73600c2a-177c-4c2f-b3cc-192ae0c5ebac','AYIDaAAAAAAAACcQG2cudHRrc2ltMi5tc2lzZG4uNDU2MTAwMDAwMoIDQGV5SjBjbUZ1YzJGamRHbHZia2xrSWpvaU56TTJNREJqTW1FdE1UYzNZeTAwWXpKbUxXSXpZMk10TVRreVlXVXdZelZsWW1Gaklpd2ljWFZ2ZEdWSlpDSTZJamN6TmpBd1l6SmhMVEUzTjJNdE5HTXlaaTFpTTJOakxURTVNbUZsTUdNMVpXSmhZeUlzSW5CaGVXVmxJanA3SW5CaGNuUjVTV1JKYm1adklqcDdJbkJoY25SNVNXUlVlWEJsSWpvaVRWTkpVMFJPSWl3aWNHRnlkSGxKWkdWdWRHbG1hV1Z5SWpvaU5EVTJNVEF3TURBd01pSXNJbVp6Y0Vsa0lqb2lkSFJyYzJsdE1pSjlMQ0p3WlhKemIyNWhiRWx1Wm04aU9uc2lZMjl0Y0d4bGVFNWhiV1VpT25zaVptbHljM1JPWVcxbElqb2lVbVZqWldsMlpYSkdhWEp6ZENJc0ltMXBaR1JzWlU1aGJXVWlPaUpTWldObGFYWmxjazFwWkdSc1pTSXNJbXhoYzNST1lXMWxJam9pVW1WalpXbDJaWEpNWVhOMEluMHNJbVJoZEdWUFprSnBjblJvSWpvaU1UazROQzB3TVMwd01TSjlMQ0p1WVcxbElqb2lVbVZqWldsMlpYSkdhWEp6ZENCU1pXTmxhWFpsY2t4aGMzUWlmU3dpY0dGNVpYSWlPbnNpY0dGeWRIbEpaRWx1Wm04aU9uc2ljR0Z5ZEhsSlpGUjVjR1VpT2lKTlUwbFRSRTRpTENKd1lYSjBlVWxrWlc1MGFXWnBaWElpT2lJeE5qRXpOVFUxTVRJeE1pSXNJbVp6Y0Vsa0lqb2lkSFJyYzJsdE1TSjlmU3dpWVcxdmRXNTBJanA3SW1GdGIzVnVkQ0k2SWpFd01DSXNJbU4xY25KbGJtTjVJam9pVkZwVEluMHNJblJ5WVc1ellXTjBhVzl1Vkhsd1pTSTZleUp6WTJWdVlYSnBieUk2SWxSU1FVNVRSa1ZTSWl3aWFXNXBkR2xoZEc5eUlqb2lVRUZaUlZJaUxDSnBibWwwYVdGMGIzSlVlWEJsSWpvaVEwOU9VMVZOUlZJaWZTd2libTkwWlNJNklpSjkA','2023-03-30 15:44:09'),('75cb1b78-a0b1-436a-b86e-d74405826220','AYIC9AAAAAAAABdwHWcucGF5ZWVmc3AubXNpc2RuLjIyNTU2OTk5MTI1ggLKZXlKMGNtRnVjMkZqZEdsdmJrbGtJam9pWmpRMFltUmtOV010WXpreE1DMDBZVGt3TFRoa05qa3RaR0ppWVRaaVl6aGxZVFpqSWl3aWNYVnZkR1ZKWkNJNklqVTBaRFZtTURsaUxXRTBOMlF0TkRCa05pMWhZVEEzTFdFNVkyWXpZbUl5TkRsaFpDSXNJbkJoZVdWbElqcDdJbkJoY25SNVNXUkpibVp2SWpwN0luQmhjblI1U1dSVWVYQmxJam9pVFZOSlUwUk9JaXdpY0dGeWRIbEpaR1Z1ZEdsbWFXVnlJam9pTWpJMU5UWTVPVGt4TWpVaUxDSm1jM0JKWkNJNkluQmhlV1ZsWm5Od0luMTlMQ0p3WVhsbGNpSTZleUp3WVhKMGVVbGtTVzVtYnlJNmV5SndZWEowZVVsa1ZIbHdaU0k2SWsxVFNWTkVUaUlzSW5CaGNuUjVTV1JsYm5ScFptbGxjaUk2SWpJeU5UQTNNREE0TVRneElpd2labk53U1dRaU9pSndZWGxsY21aemNDSjlMQ0p3WlhKemIyNWhiRWx1Wm04aU9uc2lZMjl0Y0d4bGVFNWhiV1VpT25zaVptbHljM1JPWVcxbElqb2lUV0YwY3lJc0lteGhjM1JPWVcxbElqb2lTR0ZuYldGdUluMHNJbVJoZEdWUFprSnBjblJvSWpvaU1UazRNeTB4TUMweU5TSjlmU3dpWVcxdmRXNTBJanA3SW1GdGIzVnVkQ0k2SWpZd0lpd2lZM1Z5Y21WdVkza2lPaUpWVTBRaWZTd2lkSEpoYm5OaFkzUnBiMjVVZVhCbElqcDdJbk5qWlc1aGNtbHZJam9pVkZKQlRsTkdSVklpTENKcGJtbDBhV0YwYjNJaU9pSlFRVmxGVWlJc0ltbHVhWFJwWVhSdmNsUjVjR1VpT2lKRFQwNVRWVTFGVWlKOWZRAA','2023-03-30 15:39:52'),('774eb290-7f66-449d-8373-a7c324dc672c','AYIC9AAAAAAAABdwHWcucGF5ZWVmc3AubXNpc2RuLjIyNTU2OTk5MTI1ggLKZXlKMGNtRnVjMkZqZEdsdmJrbGtJam9pWmpRMFltUmtOV010WXpreE1DMDBZVGt3TFRoa05qa3RaR0ppWVRaaVl6aGxZVFpqSWl3aWNYVnZkR1ZKWkNJNklqVTBaRFZtTURsaUxXRTBOMlF0TkRCa05pMWhZVEEzTFdFNVkyWXpZbUl5TkRsaFpDSXNJbkJoZVdWbElqcDdJbkJoY25SNVNXUkpibVp2SWpwN0luQmhjblI1U1dSVWVYQmxJam9pVFZOSlUwUk9JaXdpY0dGeWRIbEpaR1Z1ZEdsbWFXVnlJam9pTWpJMU5UWTVPVGt4TWpVaUxDSm1jM0JKWkNJNkluQmhlV1ZsWm5Od0luMTlMQ0p3WVhsbGNpSTZleUp3WVhKMGVVbGtTVzVtYnlJNmV5SndZWEowZVVsa1ZIbHdaU0k2SWsxVFNWTkVUaUlzSW5CaGNuUjVTV1JsYm5ScFptbGxjaUk2SWpJeU5UQTNNREE0TVRneElpd2labk53U1dRaU9pSndZWGxsY21aemNDSjlMQ0p3WlhKemIyNWhiRWx1Wm04aU9uc2lZMjl0Y0d4bGVFNWhiV1VpT25zaVptbHljM1JPWVcxbElqb2lUV0YwY3lJc0lteGhjM1JPWVcxbElqb2lTR0ZuYldGdUluMHNJbVJoZEdWUFprSnBjblJvSWpvaU1UazRNeTB4TUMweU5TSjlmU3dpWVcxdmRXNTBJanA3SW1GdGIzVnVkQ0k2SWpZd0lpd2lZM1Z5Y21WdVkza2lPaUpWVTBRaWZTd2lkSEpoYm5OaFkzUnBiMjVVZVhCbElqcDdJbk5qWlc1aGNtbHZJam9pVkZKQlRsTkdSVklpTENKcGJtbDBhV0YwYjNJaU9pSlFRVmxGVWlJc0ltbHVhWFJwWVhSdmNsUjVjR1VpT2lKRFQwNVRWVTFGVWlKOWZRAA','2023-03-30 15:39:47'),('79e2f4d6-7dee-411c-8630-5ed50abc70f5','AYIDCgAAAAAAABdwHWcudGVzdGZzcDIubXNpc2RuLjE3MDM5ODExOTA0ggLgZXlKMGNtRnVjMkZqZEdsdmJrbGtJam9pTnpsbE1tWTBaRFl0TjJSbFpTMDBNVEZqTFRnMk16QXROV1ZrTlRCaFltTTNNR1kxSWl3aWNYVnZkR1ZKWkNJNklqZzFaalkwWXpJeExUazJOV1l0TkRkbFl5MDVORFl5TFRKaU1tWTNOemc1WXpGalppSXNJbkJoZVdWbElqcDdJbkJoY25SNVNXUkpibVp2SWpwN0luQmhjblI1U1dSVWVYQmxJam9pVFZOSlUwUk9JaXdpY0dGeWRIbEpaR1Z1ZEdsbWFXVnlJam9pTVRjd016azRNVEU1TURRaUxDSm1jM0JKWkNJNkluUmxjM1JtYzNBeUluMTlMQ0p3WVhsbGNpSTZleUp3WVhKMGVVbGtTVzVtYnlJNmV5SndZWEowZVVsa1ZIbHdaU0k2SWsxVFNWTkVUaUlzSW5CaGNuUjVTV1JsYm5ScFptbGxjaUk2SWpFM01ETTVPREV4T1RBeklpd2labk53U1dRaU9pSjBaWE4wWm5Od01TSjlMQ0p3WlhKemIyNWhiRWx1Wm04aU9uc2lZMjl0Y0d4bGVFNWhiV1VpT25zaVptbHljM1JPWVcxbElqb2lSbWx5YzNSdVlXMWxMVlJsYzNRaUxDSnNZWE4wVG1GdFpTSTZJa3hoYzNSdVlXMWxMVlJsYzNRaWZTd2laR0YwWlU5bVFtbHlkR2dpT2lJeE9UZzBMVEF4TFRBeEluMTlMQ0poYlc5MWJuUWlPbnNpWVcxdmRXNTBJam9pTmpBaUxDSmpkWEp5Wlc1amVTSTZJbFZUUkNKOUxDSjBjbUZ1YzJGamRHbHZibFI1Y0dVaU9uc2ljMk5sYm1GeWFXOGlPaUpVVWtGT1UwWkZVaUlzSW1sdWFYUnBZWFJ2Y2lJNklsQkJXVVZTSWl3aWFXNXBkR2xoZEc5eVZIbHdaU0k2SWtOUFRsTlZUVVZTSW4xOQA','2023-03-30 15:29:03'),('7b76c0f2-451d-46f9-96cf-5023d1fe45e5','AYIDBQAAAAAAACcQJGcucGF5ZWVmc3AubXNpc2RuLnt7cmVjZWl2ZXJtc2lzZG59fYIC1GV5SjBjbUZ1YzJGamRHbHZia2xrSWpvaVptVXhNREU0Wm1NdE1EaGxZeTAwWWpJM0xUbGpZalF0TnpjMk9URTFNR00zT1dKaklpd2ljWFZ2ZEdWSlpDSTZJbVpsTVRBeE9HWmpMVEE0WldNdE5HSXlOeTA1WTJJMExUYzNOamt4TlRCak56bGlZeUlzSW5CaGVXVmxJanA3SW5CaGNuUjVTV1JKYm1adklqcDdJbkJoY25SNVNXUlVlWEJsSWpvaVRWTkpVMFJPSWl3aWNHRnlkSGxKWkdWdWRHbG1hV1Z5SWpvaWUzdHlaV05sYVhabGNrMVRTVk5FVG4xOUlpd2labk53U1dRaU9pSndZWGxsWldaemNDSjlmU3dpY0dGNVpYSWlPbnNpY0dGeWRIbEpaRWx1Wm04aU9uc2ljR0Z5ZEhsSlpGUjVjR1VpT2lKTlUwbFRSRTRpTENKd1lYSjBlVWxrWlc1MGFXWnBaWElpT2lJeU56Y3hNemd3TXprd05TSXNJbVp6Y0Vsa0lqb2ljR0Y1WlhKbWMzQWlmU3dpY0dWeWMyOXVZV3hKYm1adklqcDdJbU52YlhCc1pYaE9ZVzFsSWpwN0ltWnBjbk4wVG1GdFpTSTZJazFoZEhNaUxDSnNZWE4wVG1GdFpTSTZJa2hoWjIxaGJpSjlMQ0prWVhSbFQyWkNhWEowYUNJNklqRTVPRE10TVRBdE1qVWlmWDBzSW1GdGIzVnVkQ0k2ZXlKaGJXOTFiblFpT2lJeE1EQWlMQ0pqZFhKeVpXNWplU0k2SWxWVFJDSjlMQ0owY21GdWMyRmpkR2x2YmxSNWNHVWlPbnNpYzJObGJtRnlhVzhpT2lKVVVrRk9VMFpGVWlJc0ltbHVhWFJwWVhSdmNpSTZJbEJCV1VWU0lpd2lhVzVwZEdsaGRHOXlWSGx3WlNJNklrTlBUbE5WVFVWU0luMTkA','2023-03-30 15:26:40'),('7c1168a5-a75e-4220-9a3f-b211f9b9fdef','AYIDaAAAAAAAACcQG2cudHRrc2ltMy5tc2lzZG4uNTY3MTAwMDAwM4IDQGV5SjBjbUZ1YzJGamRHbHZia2xrSWpvaU4yTXhNVFk0WVRVdFlUYzFaUzAwTWpJd0xUbGhNMll0WWpJeE1XWTVZamxtWkdWbUlpd2ljWFZ2ZEdWSlpDSTZJamRqTVRFMk9HRTFMV0UzTldVdE5ESXlNQzA1WVRObUxXSXlNVEZtT1dJNVptUmxaaUlzSW5CaGVXVmxJanA3SW5CaGNuUjVTV1JKYm1adklqcDdJbkJoY25SNVNXUlVlWEJsSWpvaVRWTkpVMFJPSWl3aWNHRnlkSGxKWkdWdWRHbG1hV1Z5SWpvaU5UWTNNVEF3TURBd015SXNJbVp6Y0Vsa0lqb2lkSFJyYzJsdE15SjlMQ0p3WlhKemIyNWhiRWx1Wm04aU9uc2lZMjl0Y0d4bGVFNWhiV1VpT25zaVptbHljM1JPWVcxbElqb2lVbVZqWldsMlpYSkdhWEp6ZENJc0ltMXBaR1JzWlU1aGJXVWlPaUpTWldObGFYWmxjazFwWkdSc1pTSXNJbXhoYzNST1lXMWxJam9pVW1WalpXbDJaWEpNWVhOMEluMHNJbVJoZEdWUFprSnBjblJvSWpvaU1UazROQzB3TVMwd01TSjlMQ0p1WVcxbElqb2lVbVZqWldsMlpYSkdhWEp6ZENCU1pXTmxhWFpsY2t4aGMzUWlmU3dpY0dGNVpYSWlPbnNpY0dGeWRIbEpaRWx1Wm04aU9uc2ljR0Z5ZEhsSlpGUjVjR1VpT2lKTlUwbFRSRTRpTENKd1lYSjBlVWxrWlc1MGFXWnBaWElpT2lJeE5qRXpOVFUxTVRJeE1pSXNJbVp6Y0Vsa0lqb2lkSFJyYzJsdE1TSjlmU3dpWVcxdmRXNTBJanA3SW1GdGIzVnVkQ0k2SWpFd01DSXNJbU4xY25KbGJtTjVJam9pVkZwVEluMHNJblJ5WVc1ellXTjBhVzl1Vkhsd1pTSTZleUp6WTJWdVlYSnBieUk2SWxSU1FVNVRSa1ZTSWl3aWFXNXBkR2xoZEc5eUlqb2lVRUZaUlZJaUxDSnBibWwwYVdGMGIzSlVlWEJsSWpvaVEwOU9VMVZOUlZJaWZTd2libTkwWlNJNklpSjkA','2023-03-30 15:44:12'),('7c76a08f-2bf5-4f0b-8f64-21da732e4495','AYIC9AAAAAAAABdwHWcucGF5ZWVmc3AubXNpc2RuLjIyNTU2OTk5MTI1ggLKZXlKMGNtRnVjMkZqZEdsdmJrbGtJam9pWmpRMFltUmtOV010WXpreE1DMDBZVGt3TFRoa05qa3RaR0ppWVRaaVl6aGxZVFpqSWl3aWNYVnZkR1ZKWkNJNklqVTBaRFZtTURsaUxXRTBOMlF0TkRCa05pMWhZVEEzTFdFNVkyWXpZbUl5TkRsaFpDSXNJbkJoZVdWbElqcDdJbkJoY25SNVNXUkpibVp2SWpwN0luQmhjblI1U1dSVWVYQmxJam9pVFZOSlUwUk9JaXdpY0dGeWRIbEpaR1Z1ZEdsbWFXVnlJam9pTWpJMU5UWTVPVGt4TWpVaUxDSm1jM0JKWkNJNkluQmhlV1ZsWm5Od0luMTlMQ0p3WVhsbGNpSTZleUp3WVhKMGVVbGtTVzVtYnlJNmV5SndZWEowZVVsa1ZIbHdaU0k2SWsxVFNWTkVUaUlzSW5CaGNuUjVTV1JsYm5ScFptbGxjaUk2SWpJeU5UQTNNREE0TVRneElpd2labk53U1dRaU9pSndZWGxsY21aemNDSjlMQ0p3WlhKemIyNWhiRWx1Wm04aU9uc2lZMjl0Y0d4bGVFNWhiV1VpT25zaVptbHljM1JPWVcxbElqb2lUV0YwY3lJc0lteGhjM1JPWVcxbElqb2lTR0ZuYldGdUluMHNJbVJoZEdWUFprSnBjblJvSWpvaU1UazRNeTB4TUMweU5TSjlmU3dpWVcxdmRXNTBJanA3SW1GdGIzVnVkQ0k2SWpZd0lpd2lZM1Z5Y21WdVkza2lPaUpWVTBRaWZTd2lkSEpoYm5OaFkzUnBiMjVVZVhCbElqcDdJbk5qWlc1aGNtbHZJam9pVkZKQlRsTkdSVklpTENKcGJtbDBhV0YwYjNJaU9pSlFRVmxGVWlJc0ltbHVhWFJwWVhSdmNsUjVjR1VpT2lKRFQwNVRWVTFGVWlKOWZRAA','2023-03-30 15:41:29'),('7cce03ba-0984-4a6c-9143-7510c6554339','AYIDCgAAAAAAAAfQHWcucGF5ZXJmc3AubXNpc2RuLjE3MDM5ODExOTAxggLgZXlKMGNtRnVjMkZqZEdsdmJrbGtJam9pTjJOalpUQXpZbUV0TURrNE5DMDBZVFpqTFRreE5ETXROelV4TUdNMk5UVTBNek01SWl3aWNYVnZkR1ZKWkNJNkltWTROVFJsTkRReExUY3pZbUV0TkdGbE1pMDVNV05oTFRnME1tWXdabVkwTnpNd1pTSXNJbkJoZVdWbElqcDdJbkJoY25SNVNXUkpibVp2SWpwN0luQmhjblI1U1dSVWVYQmxJam9pVFZOSlUwUk9JaXdpY0dGeWRIbEpaR1Z1ZEdsbWFXVnlJam9pTVRjd016azRNVEU1TURFaUxDSm1jM0JKWkNJNkluQmhlV1Z5Wm5Od0luMTlMQ0p3WVhsbGNpSTZleUp3WVhKMGVVbGtTVzVtYnlJNmV5SndZWEowZVVsa1ZIbHdaU0k2SWsxVFNWTkVUaUlzSW5CaGNuUjVTV1JsYm5ScFptbGxjaUk2SWpFM01ETTVPREV4T1RBMElpd2labk53U1dRaU9pSjBaWE4wWm5Od01pSjlMQ0p3WlhKemIyNWhiRWx1Wm04aU9uc2lZMjl0Y0d4bGVFNWhiV1VpT25zaVptbHljM1JPWVcxbElqb2lSbWx5YzNSdVlXMWxMVlJsYzNRaUxDSnNZWE4wVG1GdFpTSTZJa3hoYzNSdVlXMWxMVlJsYzNRaWZTd2laR0YwWlU5bVFtbHlkR2dpT2lJeE9UZzBMVEF4TFRBeEluMTlMQ0poYlc5MWJuUWlPbnNpWVcxdmRXNTBJam9pTWpBaUxDSmpkWEp5Wlc1amVTSTZJbFZUUkNKOUxDSjBjbUZ1YzJGamRHbHZibFI1Y0dVaU9uc2ljMk5sYm1GeWFXOGlPaUpVVWtGT1UwWkZVaUlzSW1sdWFYUnBZWFJ2Y2lJNklsQkJXVVZTSWl3aWFXNXBkR2xoZEc5eVZIbHdaU0k2SWtOUFRsTlZUVVZTSW4xOQA','2023-03-30 15:29:03'),('829be5f9-3b8a-4854-b7f8-d09b5b5e3e3f','AYIEMAAAAAAAADqYHWcudGVzdGZzcDEubXNpc2RuLjE3MDM5ODExOTAzggQGZXlKMGNtRnVjMkZqZEdsdmJrbGtJam9pT0RJNVltVTFaamt0TTJJNFlTMDBPRFUwTFdJM1pqZ3RaREE1WWpWaU5XVXpaVE5tSWl3aWNYVnZkR1ZKWkNJNklqZzBPR1ZoT0RneExXTTFZemt0TkRWa01TMDRPREkxTFdVeVpHRm1aVGd3WXpFM05TSXNJbkJoZVdWbElqcDdJbkJoY25SNVNXUkpibVp2SWpwN0luQmhjblI1U1dSVWVYQmxJam9pVFZOSlUwUk9JaXdpY0dGeWRIbEpaR1Z1ZEdsbWFXVnlJam9pTVRjd016azRNVEU1TURNaUxDSm1jM0JKWkNJNkluUmxjM1JtYzNBeElpd2laWGgwWlc1emFXOXVUR2x6ZENJNmV5SmxlSFJsYm5OcGIyNGlPbHQ3SW10bGVTSTZJbUZqWTI5MWJuUlVlWEJsSWl3aWRtRnNkV1VpT2lKWFlXeHNaWFFpZlYxOWZTd2ljR1Z5YzI5dVlXeEpibVp2SWpwN0ltTnZiWEJzWlhoT1lXMWxJanA3SW1acGNuTjBUbUZ0WlNJNklsUmxjM1JtYzNBeFJtbHljM1FpTENKdGFXUmtiR1ZPWVcxbElqb2lWR1Z6ZEdaemNERk5hV1JrYkdVaUxDSnNZWE4wVG1GdFpTSTZJbFJsYzNSbWMzQXhUR0Z6ZENKOUxDSmtZWFJsVDJaQ2FYSjBhQ0k2SWpJd01UQXRNVEF0TVRBaWZYMHNJbkJoZVdWeUlqcDdJbkJoY25SNVNXUkpibVp2SWpwN0luQmhjblI1U1dSVWVYQmxJam9pVFZOSlUwUk9JaXdpY0dGeWRIbEpaR1Z1ZEdsbWFXVnlJam9pTVRjNE9URXlNems0TnpJaUxDSm1jM0JKWkNJNkluUmxjM1JtYzNBMElpd2laWGgwWlc1emFXOXVUR2x6ZENJNmV5SmxlSFJsYm5OcGIyNGlPbHQ3SW10bGVTSTZJbUZqWTI5MWJuUlVlWEJsSWl3aWRtRnNkV1VpT2lKWFlXeHNaWFFpZlYxOWZTd2libUZ0WlNJNkluUmxjM1JtYzNBMFYyRnNiR1YwUm01aGJXVWdkR1Z6ZEdaemNEUlhZV3hzWlhSTWJtRnRaU0o5TENKaGJXOTFiblFpT25zaVlXMXZkVzUwSWpvaU1UVXdJaXdpWTNWeWNtVnVZM2tpT2lKSlRsSWlmU3dpZEhKaGJuTmhZM1JwYjI1VWVYQmxJanA3SW5OalpXNWhjbWx2SWpvaVZGSkJUbE5HUlZJaUxDSnBibWwwYVdGMGIzSWlPaUpRUVZsRlVpSXNJbWx1YVhScFlYUnZjbFI1Y0dVaU9pSkRUMDVUVlUxRlVpSjlmUQA','2023-03-30 15:39:14'),('829d07f3-7785-4052-958e-44c53564d423','AYICfAAAAAAAATRsG2cudHRrc2ltMy5tc2lzZG4uNTY3MTAwMDAwMoICVGV5SjBjbUZ1YzJGamRHbHZia2xrSWpvaU9ESTVaREEzWmpNdE56YzROUzAwTURVeUxUazFPR1V0TkRSak5UTTFOalJrTkRJeklpd2ljWFZ2ZEdWSlpDSTZJamd5T1dRd04yWXpMVGMzT0RVdE5EQTFNaTA1TlRobExUUTBZelV6TlRZMFpEUXlNeUlzSW5CaGVXVmxJanA3SW5CaGNuUjVTV1JKYm1adklqcDdJbkJoY25SNVNXUlVlWEJsSWpvaVRWTkpVMFJPSWl3aWNHRnlkSGxKWkdWdWRHbG1hV1Z5SWpvaU5UWTNNVEF3TURBd01pSXNJbVp6Y0Vsa0lqb2lkSFJyYzJsdE15SjlmU3dpY0dGNVpYSWlPbnNpY0dGeWRIbEpaRWx1Wm04aU9uc2ljR0Z5ZEhsSlpGUjVjR1VpT2lKTlUwbFRSRTRpTENKd1lYSjBlVWxrWlc1MGFXWnBaWElpT2lJeE5qRXpOVFUxTVRJeE1pSXNJbVp6Y0Vsa0lqb2lkSFJyYzJsdE1TSjlmU3dpWVcxdmRXNTBJanA3SW1GdGIzVnVkQ0k2SWpjNE9TNDFOaUlzSW1OMWNuSmxibU41SWpvaVZGcFRJbjBzSW5SeVlXNXpZV04wYVc5dVZIbHdaU0k2ZXlKelkyVnVZWEpwYnlJNklsUlNRVTVUUmtWU0lpd2lhVzVwZEdsaGRHOXlJam9pVUVGWlJWSWlMQ0pwYm1sMGFXRjBiM0pVZVhCbElqb2lRMDlPVTFWTlJWSWlmU3dpYm05MFpTSTZJaUo5AA','2023-03-30 15:46:22'),('8347f975-a9ac-4226-aef0-1268fe4f3df7','AYIDCgAAAAAAAA2sHWcudGVzdGZzcDEubXNpc2RuLjE3MDM5ODExOTAzggLgZXlKMGNtRnVjMkZqZEdsdmJrbGtJam9pT0RNME4yWTVOelV0WVRsaFl5MDBNakkyTFdGbFpqQXRNVEkyT0dabE5HWXpaR1kzSWl3aWNYVnZkR1ZKWkNJNklqaGxaVEU1WWpZNUxUUXdZV1F0TkRVMllTMDROR0pqTFRrMU1tWTNZV0ZqWVRJMk15SXNJbkJoZVdWbElqcDdJbkJoY25SNVNXUkpibVp2SWpwN0luQmhjblI1U1dSVWVYQmxJam9pVFZOSlUwUk9JaXdpY0dGeWRIbEpaR1Z1ZEdsbWFXVnlJam9pTVRjd016azRNVEU1TURNaUxDSm1jM0JKWkNJNkluUmxjM1JtYzNBeEluMTlMQ0p3WVhsbGNpSTZleUp3WVhKMGVVbGtTVzVtYnlJNmV5SndZWEowZVVsa1ZIbHdaU0k2SWsxVFNWTkVUaUlzSW5CaGNuUjVTV1JsYm5ScFptbGxjaUk2SWpFM01ETTVPREV4T1RBeElpd2labk53U1dRaU9pSndZWGxsY21aemNDSjlMQ0p3WlhKemIyNWhiRWx1Wm04aU9uc2lZMjl0Y0d4bGVFNWhiV1VpT25zaVptbHljM1JPWVcxbElqb2lSbWx5YzNSdVlXMWxMVlJsYzNRaUxDSnNZWE4wVG1GdFpTSTZJa3hoYzNSdVlXMWxMVlJsYzNRaWZTd2laR0YwWlU5bVFtbHlkR2dpT2lJeE9UZzBMVEF4TFRBeEluMTlMQ0poYlc5MWJuUWlPbnNpWVcxdmRXNTBJam9pTXpVaUxDSmpkWEp5Wlc1amVTSTZJbFZUUkNKOUxDSjBjbUZ1YzJGamRHbHZibFI1Y0dVaU9uc2ljMk5sYm1GeWFXOGlPaUpVVWtGT1UwWkZVaUlzSW1sdWFYUnBZWFJ2Y2lJNklsQkJXVVZTSWl3aWFXNXBkR2xoZEc5eVZIbHdaU0k2SWtOUFRsTlZUVVZTSW4xOQA','2023-03-30 15:29:03'),('83fd482b-25b1-4377-9a8b-d5d3add98f86','AYIENAAAAAAAAFJ7HWcudGVzdGZzcDEubXNpc2RuLjE3MDM5ODExOTAzggQKZXlKMGNtRnVjMkZqZEdsdmJrbGtJam9pT0RObVpEUTRNbUl0TWpWaU1TMDBNemMzTFRsaE9HSXRaRFZrTTJGa1pEazRaamcySWl3aWNYVnZkR1ZKWkNJNklqTTBORGt6WWpZNExXSXpPV0l0TkRJeFlpMDVPR1UzTFRCaU9EUmtOamsxTlRkak5pSXNJbkJoZVdWbElqcDdJbkJoY25SNVNXUkpibVp2SWpwN0luQmhjblI1U1dSVWVYQmxJam9pVFZOSlUwUk9JaXdpY0dGeWRIbEpaR1Z1ZEdsbWFXVnlJam9pTVRjd016azRNVEU1TURNaUxDSm1jM0JKWkNJNkluUmxjM1JtYzNBeElpd2laWGgwWlc1emFXOXVUR2x6ZENJNmV5SmxlSFJsYm5OcGIyNGlPbHQ3SW10bGVTSTZJbUZqWTI5MWJuUlVlWEJsSWl3aWRtRnNkV1VpT2lKWFlXeHNaWFFpZlYxOWZTd2ljR1Z5YzI5dVlXeEpibVp2SWpwN0ltTnZiWEJzWlhoT1lXMWxJanA3SW1acGNuTjBUbUZ0WlNJNklsUmxjM1JtYzNBeFJtbHljM1FpTENKdGFXUmtiR1ZPWVcxbElqb2lWR1Z6ZEdaemNERk5hV1JrYkdVaUxDSnNZWE4wVG1GdFpTSTZJbFJsYzNSbWMzQXhUR0Z6ZENKOUxDSmtZWFJsVDJaQ2FYSjBhQ0k2SWpJd01UQXRNVEF0TVRBaWZYMHNJbkJoZVdWeUlqcDdJbkJoY25SNVNXUkpibVp2SWpwN0luQmhjblI1U1dSVWVYQmxJam9pVFZOSlUwUk9JaXdpY0dGeWRIbEpaR1Z1ZEdsbWFXVnlJam9pTVRjd016azRNVEU1TURRaUxDSm1jM0JKWkNJNkluUmxjM1JtYzNBeUlpd2laWGgwWlc1emFXOXVUR2x6ZENJNmV5SmxlSFJsYm5OcGIyNGlPbHQ3SW10bGVTSTZJbUZqWTI5MWJuUlVlWEJsSWl3aWRtRnNkV1VpT2lKWFlXeHNaWFFpZlYxOWZTd2libUZ0WlNJNkluUmxjM1JtYzNBeVYyRnNiR1YwUm01aGJXVWdkR1Z6ZEdaemNESlhZV3hzWlhSTWJtRnRaU0o5TENKaGJXOTFiblFpT25zaVlXMXZkVzUwSWpvaU1qRXhMakUxSWl3aVkzVnljbVZ1WTNraU9pSkpUbElpZlN3aWRISmhibk5oWTNScGIyNVVlWEJsSWpwN0luTmpaVzVoY21sdklqb2lWRkpCVGxOR1JWSWlMQ0pwYm1sMGFXRjBiM0lpT2lKUVFWbEZVaUlzSW1sdWFYUnBZWFJ2Y2xSNWNHVWlPaUpEVDA1VFZVMUZVaUo5ZlEA','2023-03-30 15:29:56'),('8549314c-3c58-47f3-b889-685d18e7d017','AYIDMgAAAAAAAA2sLmcudGVzdGZzcDIubXNpc2RuLnskaW5wdXRzLnBheWVlZnNwaWRlbnRpZmllcn2CAvdleUowY21GdWMyRmpkR2x2Ymtsa0lqb2lPRFUwT1RNeE5HTXRNMk0xT0MwME4yWXpMV0k0T0RrdE5qZzFaREU0WlRka01ERTNJaXdpY1hWdmRHVkpaQ0k2SWpnME16SmtPVEV3TFRsbFlqUXROREF3WXkwNE1qRTVMV1UyWWpreE0yTmtOREZtTWlJc0luQmhlV1ZsSWpwN0luQmhjblI1U1dSSmJtWnZJanA3SW5CaGNuUjVTV1JVZVhCbElqb2lUVk5KVTBST0lpd2ljR0Z5ZEhsSlpHVnVkR2xtYVdWeUlqb2lleVJwYm5CMWRITXVjR0Y1WldWbWMzQkpaR1Z1ZEdsbWFXVnlmU0lzSW1aemNFbGtJam9pZEdWemRHWnpjRElpZlgwc0luQmhlV1Z5SWpwN0luQmhjblI1U1dSSmJtWnZJanA3SW5CaGNuUjVTV1JVZVhCbElqb2lUVk5KVTBST0lpd2ljR0Z5ZEhsSlpHVnVkR2xtYVdWeUlqb2lNVGN3TXprNE1URTVNRElpTENKbWMzQkpaQ0k2SW5CaGVXVmxabk53SW4wc0luQmxjbk52Ym1Gc1NXNW1ieUk2ZXlKamIyMXdiR1Y0VG1GdFpTSTZleUptYVhKemRFNWhiV1VpT2lKR2FYSnpkRzVoYldVdFZHVnpkQ0lzSW14aGMzUk9ZVzFsSWpvaVRHRnpkRzVoYldVdFZHVnpkQ0o5TENKa1lYUmxUMlpDYVhKMGFDSTZJakU1T0RRdE1ERXRNREVpZlgwc0ltRnRiM1Z1ZENJNmV5SmhiVzkxYm5RaU9pSXpOU0lzSW1OMWNuSmxibU41SWpvaVZWTkVJbjBzSW5SeVlXNXpZV04wYVc5dVZIbHdaU0k2ZXlKelkyVnVZWEpwYnlJNklsUlNRVTVUUmtWU0lpd2lhVzVwZEdsaGRHOXlJam9pVUVGWlJWSWlMQ0pwYm1sMGFXRjBiM0pVZVhCbElqb2lRMDlPVTFWTlJWSWlmWDAA','2023-03-30 15:38:34'),('854e6422-bdec-401f-b5d3-8ca139bb5ba9','AYIELgAAAAAAAAiYHWcudGVzdGZzcDEubXNpc2RuLjE3MDM5ODExOTAzggQEZXlKMGNtRnVjMkZqZEdsdmJrbGtJam9pT0RVMFpUWTBNakl0WW1SbFl5MDBNREZtTFdJMVpETXRPR05oTVRNNVltSTFZbUU1SWl3aWNYVnZkR1ZKWkNJNkltSXdZemhoTkdSakxXRXdZemN0TkRjek9DMDVNamxsTFRrME56WTNNamc1TXpVNVppSXNJbkJoZVdWbElqcDdJbkJoY25SNVNXUkpibVp2SWpwN0luQmhjblI1U1dSVWVYQmxJam9pVFZOSlUwUk9JaXdpY0dGeWRIbEpaR1Z1ZEdsbWFXVnlJam9pTVRjd016azRNVEU1TURNaUxDSm1jM0JKWkNJNkluUmxjM1JtYzNBeElpd2laWGgwWlc1emFXOXVUR2x6ZENJNmV5SmxlSFJsYm5OcGIyNGlPbHQ3SW10bGVTSTZJbUZqWTI5MWJuUlVlWEJsSWl3aWRtRnNkV1VpT2lKWFlXeHNaWFFpZlYxOWZTd2ljR1Z5YzI5dVlXeEpibVp2SWpwN0ltTnZiWEJzWlhoT1lXMWxJanA3SW1acGNuTjBUbUZ0WlNJNklsUmxjM1JtYzNBeFJtbHljM1FpTENKdGFXUmtiR1ZPWVcxbElqb2lWR1Z6ZEdaemNERk5hV1JrYkdVaUxDSnNZWE4wVG1GdFpTSTZJbFJsYzNSbWMzQXhUR0Z6ZENKOUxDSmtZWFJsVDJaQ2FYSjBhQ0k2SWpJd01UQXRNVEF0TVRBaWZYMHNJbkJoZVdWeUlqcDdJbkJoY25SNVNXUkpibVp2SWpwN0luQmhjblI1U1dSVWVYQmxJam9pVFZOSlUwUk9JaXdpY0dGeWRIbEpaR1Z1ZEdsbWFXVnlJam9pTVRjNE9URXlNems0TnpNaUxDSm1jM0JKWkNJNkluUmxjM1JtYzNBeklpd2laWGgwWlc1emFXOXVUR2x6ZENJNmV5SmxlSFJsYm5OcGIyNGlPbHQ3SW10bGVTSTZJbUZqWTI5MWJuUlVlWEJsSWl3aWRtRnNkV1VpT2lKWFlXeHNaWFFpZlYxOWZTd2libUZ0WlNJNkluUmxjM1JtYzNBelYyRnNiR1YwUm01aGJXVWdkR1Z6ZEdaemNETlhZV3hzWlhSTWJtRnRaU0o5TENKaGJXOTFiblFpT25zaVlXMXZkVzUwSWpvaU1qSWlMQ0pqZFhKeVpXNWplU0k2SWtsT1VpSjlMQ0owY21GdWMyRmpkR2x2YmxSNWNHVWlPbnNpYzJObGJtRnlhVzhpT2lKVVVrRk9VMFpGVWlJc0ltbHVhWFJwWVhSdmNpSTZJbEJCV1VWU0lpd2lhVzVwZEdsaGRHOXlWSGx3WlNJNklrTlBUbE5WVFVWU0luMTkA','2023-03-30 15:39:20'),('866b84c5-15a6-4e6e-9167-c4f11b7a8d3c','AYIDCgAAAAAAAAfQHWcucGF5ZXJmc3AubXNpc2RuLjE3MDM5ODExOTAxggLgZXlKMGNtRnVjMkZqZEdsdmJrbGtJam9pT0RZMllqZzBZelV0TVRWaE5pMDBaVFpsTFRreE5qY3RZelJtTVRGaU4yRTRaRE5qSWl3aWNYVnZkR1ZKWkNJNklqWXpZVE5sWldJeExXVmhOR1F0TkdZeU1pMDVNbVkzTFdJM05XRTJabVl4WmpGalppSXNJbkJoZVdWbElqcDdJbkJoY25SNVNXUkpibVp2SWpwN0luQmhjblI1U1dSVWVYQmxJam9pVFZOSlUwUk9JaXdpY0dGeWRIbEpaR1Z1ZEdsbWFXVnlJam9pTVRjd016azRNVEU1TURFaUxDSm1jM0JKWkNJNkluQmhlV1Z5Wm5Od0luMTlMQ0p3WVhsbGNpSTZleUp3WVhKMGVVbGtTVzVtYnlJNmV5SndZWEowZVVsa1ZIbHdaU0k2SWsxVFNWTkVUaUlzSW5CaGNuUjVTV1JsYm5ScFptbGxjaUk2SWpFM01ETTVPREV4T1RBMElpd2labk53U1dRaU9pSjBaWE4wWm5Od01pSjlMQ0p3WlhKemIyNWhiRWx1Wm04aU9uc2lZMjl0Y0d4bGVFNWhiV1VpT25zaVptbHljM1JPWVcxbElqb2lSbWx5YzNSdVlXMWxMVlJsYzNRaUxDSnNZWE4wVG1GdFpTSTZJa3hoYzNSdVlXMWxMVlJsYzNRaWZTd2laR0YwWlU5bVFtbHlkR2dpT2lJeE9UZzBMVEF4TFRBeEluMTlMQ0poYlc5MWJuUWlPbnNpWVcxdmRXNTBJam9pTWpBaUxDSmpkWEp5Wlc1amVTSTZJbFJhVXlKOUxDSjBjbUZ1YzJGamRHbHZibFI1Y0dVaU9uc2ljMk5sYm1GeWFXOGlPaUpVVWtGT1UwWkZVaUlzSW1sdWFYUnBZWFJ2Y2lJNklsQkJXVVZTSWl3aWFXNXBkR2xoZEc5eVZIbHdaU0k2SWtOUFRsTlZUVVZTSW4xOQA','2023-03-30 15:38:02'),('86ad02eb-3af9-4c3c-9226-9b95a9ffd304','AYIDCgAAAAAAAAfQHWcucGF5ZXJmc3AubXNpc2RuLjE3MDM5ODExOTAxggLgZXlKMGNtRnVjMkZqZEdsdmJrbGtJam9pT0RaaFpEQXlaV0l0TTJGbU9TMDBZek5qTFRreU1qWXRPV0k1TldFNVptWmtNekEwSWl3aWNYVnZkR1ZKWkNJNklqTmtPREEwWTJNNExUQmhOV1F0TkRBd05pMDRZalZpTFdNd05tWTNNV1F4TURobE15SXNJbkJoZVdWbElqcDdJbkJoY25SNVNXUkpibVp2SWpwN0luQmhjblI1U1dSVWVYQmxJam9pVFZOSlUwUk9JaXdpY0dGeWRIbEpaR1Z1ZEdsbWFXVnlJam9pTVRjd016azRNVEU1TURFaUxDSm1jM0JKWkNJNkluQmhlV1Z5Wm5Od0luMTlMQ0p3WVhsbGNpSTZleUp3WVhKMGVVbGtTVzVtYnlJNmV5SndZWEowZVVsa1ZIbHdaU0k2SWsxVFNWTkVUaUlzSW5CaGNuUjVTV1JsYm5ScFptbGxjaUk2SWpFM01ETTVPREV4T1RBMElpd2labk53U1dRaU9pSjBaWE4wWm5Od01pSjlMQ0p3WlhKemIyNWhiRWx1Wm04aU9uc2lZMjl0Y0d4bGVFNWhiV1VpT25zaVptbHljM1JPWVcxbElqb2lSbWx5YzNSdVlXMWxMVlJsYzNRaUxDSnNZWE4wVG1GdFpTSTZJa3hoYzNSdVlXMWxMVlJsYzNRaWZTd2laR0YwWlU5bVFtbHlkR2dpT2lJeE9UZzBMVEF4TFRBeEluMTlMQ0poYlc5MWJuUWlPbnNpWVcxdmRXNTBJam9pTWpBaUxDSmpkWEp5Wlc1amVTSTZJbFJhVXlKOUxDSjBjbUZ1YzJGamRHbHZibFI1Y0dVaU9uc2ljMk5sYm1GeWFXOGlPaUpVVWtGT1UwWkZVaUlzSW1sdWFYUnBZWFJ2Y2lJNklsQkJXVVZTSWl3aWFXNXBkR2xoZEc5eVZIbHdaU0k2SWtOUFRsTlZUVVZTSW4xOQA','2023-03-30 15:38:53'),('877f158c-c3d1-4666-9b54-9db2d43f89fe','AYIEMgAAAAAAAAWNHWcudGVzdGZzcDEubXNpc2RuLjE3MDM5ODExOTAzggQIZXlKMGNtRnVjMkZqZEdsdmJrbGtJam9pT0RjM1pqRTFPR010WXpOa01TMDBOalkyTFRsaU5UUXRPV1JpTW1RME0yWTRPV1psSWl3aWNYVnZkR1ZKWkNJNklqRXlOekkyWVRRM0xXWm1NV0l0TkRZek5DMDROamRpTFRVNE9UY3lOMlprTURVeFpTSXNJbkJoZVdWbElqcDdJbkJoY25SNVNXUkpibVp2SWpwN0luQmhjblI1U1dSVWVYQmxJam9pVFZOSlUwUk9JaXdpY0dGeWRIbEpaR1Z1ZEdsbWFXVnlJam9pTVRjd016azRNVEU1TURNaUxDSm1jM0JKWkNJNkluUmxjM1JtYzNBeElpd2laWGgwWlc1emFXOXVUR2x6ZENJNmV5SmxlSFJsYm5OcGIyNGlPbHQ3SW10bGVTSTZJbUZqWTI5MWJuUlVlWEJsSWl3aWRtRnNkV1VpT2lKWFlXeHNaWFFpZlYxOWZTd2ljR1Z5YzI5dVlXeEpibVp2SWpwN0ltTnZiWEJzWlhoT1lXMWxJanA3SW1acGNuTjBUbUZ0WlNJNklsUmxjM1JtYzNBeFJtbHljM1FpTENKdGFXUmtiR1ZPWVcxbElqb2lWR1Z6ZEdaemNERk5hV1JrYkdVaUxDSnNZWE4wVG1GdFpTSTZJbFJsYzNSbWMzQXhUR0Z6ZENKOUxDSmtZWFJsVDJaQ2FYSjBhQ0k2SWpJd01UQXRNVEF0TVRBaWZYMHNJbkJoZVdWeUlqcDdJbkJoY25SNVNXUkpibVp2SWpwN0luQmhjblI1U1dSVWVYQmxJam9pVFZOSlUwUk9JaXdpY0dGeWRIbEpaR1Z1ZEdsbWFXVnlJam9pTVRjNE9URXlNems0TnpNaUxDSm1jM0JKWkNJNkluUmxjM1JtYzNBeklpd2laWGgwWlc1emFXOXVUR2x6ZENJNmV5SmxlSFJsYm5OcGIyNGlPbHQ3SW10bGVTSTZJbUZqWTI5MWJuUlVlWEJsSWl3aWRtRnNkV1VpT2lKWFlXeHNaWFFpZlYxOWZTd2libUZ0WlNJNkluUmxjM1JtYzNBelYyRnNiR1YwUm01aGJXVWdkR1Z6ZEdaemNETlhZV3hzWlhSTWJtRnRaU0o5TENKaGJXOTFiblFpT25zaVlXMXZkVzUwSWpvaU1UUXVNakVpTENKamRYSnlaVzVqZVNJNklrbE9VaUo5TENKMGNtRnVjMkZqZEdsdmJsUjVjR1VpT25zaWMyTmxibUZ5YVc4aU9pSlVVa0ZPVTBaRlVpSXNJbWx1YVhScFlYUnZjaUk2SWxCQldVVlNJaXdpYVc1cGRHbGhkRzl5Vkhsd1pTSTZJa05QVGxOVlRVVlNJbjE5AA','2023-03-30 15:30:05'),('8863e181-053b-433c-87f3-d33bb35cfec5','AYIDaAAAAAAAACcQG2cudHRrc2ltMi5tc2lzZG4uNDU2MTAwMDAwMYIDQGV5SjBjbUZ1YzJGamRHbHZia2xrSWpvaU9EZzJNMlV4T0RFdE1EVXpZaTAwTXpOakxUZzNaak10WkRNelltSXpOV05tWldNMUlpd2ljWFZ2ZEdWSlpDSTZJamc0TmpObE1UZ3hMVEExTTJJdE5ETXpZeTA0TjJZekxXUXpNMkppTXpWalptVmpOU0lzSW5CaGVXVmxJanA3SW5CaGNuUjVTV1JKYm1adklqcDdJbkJoY25SNVNXUlVlWEJsSWpvaVRWTkpVMFJPSWl3aWNHRnlkSGxKWkdWdWRHbG1hV1Z5SWpvaU5EVTJNVEF3TURBd01TSXNJbVp6Y0Vsa0lqb2lkSFJyYzJsdE1pSjlMQ0p3WlhKemIyNWhiRWx1Wm04aU9uc2lZMjl0Y0d4bGVFNWhiV1VpT25zaVptbHljM1JPWVcxbElqb2lVbVZqWldsMlpYSkdhWEp6ZENJc0ltMXBaR1JzWlU1aGJXVWlPaUpTWldObGFYWmxjazFwWkdSc1pTSXNJbXhoYzNST1lXMWxJam9pVW1WalpXbDJaWEpNWVhOMEluMHNJbVJoZEdWUFprSnBjblJvSWpvaU1UazROQzB3TVMwd01TSjlMQ0p1WVcxbElqb2lVbVZqWldsMlpYSkdhWEp6ZENCU1pXTmxhWFpsY2t4aGMzUWlmU3dpY0dGNVpYSWlPbnNpY0dGeWRIbEpaRWx1Wm04aU9uc2ljR0Z5ZEhsSlpGUjVjR1VpT2lKTlUwbFRSRTRpTENKd1lYSjBlVWxrWlc1MGFXWnBaWElpT2lJeE5qRXpOVFUxTVRJeE1pSXNJbVp6Y0Vsa0lqb2lkSFJyYzJsdE1TSjlmU3dpWVcxdmRXNTBJanA3SW1GdGIzVnVkQ0k2SWpFd01DSXNJbU4xY25KbGJtTjVJam9pVkZwVEluMHNJblJ5WVc1ellXTjBhVzl1Vkhsd1pTSTZleUp6WTJWdVlYSnBieUk2SWxSU1FVNVRSa1ZTSWl3aWFXNXBkR2xoZEc5eUlqb2lVRUZaUlZJaUxDSnBibWwwYVdGMGIzSlVlWEJsSWpvaVEwOU9VMVZOUlZJaWZTd2libTkwWlNJNklpSjkA','2023-03-30 15:44:17'),('89267d45-aa8e-44c1-8565-44e4d85984fc','AYIEMgAAAAAAAAWNHWcudGVzdGZzcDEubXNpc2RuLjE3MDM5ODExOTAzggQIZXlKMGNtRnVjMkZqZEdsdmJrbGtJam9pT0RreU5qZGtORFV0WVdFNFpTMDBOR014TFRnMU5qVXRORFJsTkdRNE5UazROR1pqSWl3aWNYVnZkR1ZKWkNJNkltRTBObVl4TVRKbUxXWmxZMll0TkRobU9TMWlNV0k0TFRZNVl6aGpNR1JqT1dRMk55SXNJbkJoZVdWbElqcDdJbkJoY25SNVNXUkpibVp2SWpwN0luQmhjblI1U1dSVWVYQmxJam9pVFZOSlUwUk9JaXdpY0dGeWRIbEpaR1Z1ZEdsbWFXVnlJam9pTVRjd016azRNVEU1TURNaUxDSm1jM0JKWkNJNkluUmxjM1JtYzNBeElpd2laWGgwWlc1emFXOXVUR2x6ZENJNmV5SmxlSFJsYm5OcGIyNGlPbHQ3SW10bGVTSTZJbUZqWTI5MWJuUlVlWEJsSWl3aWRtRnNkV1VpT2lKWFlXeHNaWFFpZlYxOWZTd2ljR1Z5YzI5dVlXeEpibVp2SWpwN0ltTnZiWEJzWlhoT1lXMWxJanA3SW1acGNuTjBUbUZ0WlNJNklsUmxjM1JtYzNBeFJtbHljM1FpTENKdGFXUmtiR1ZPWVcxbElqb2lWR1Z6ZEdaemNERk5hV1JrYkdVaUxDSnNZWE4wVG1GdFpTSTZJbFJsYzNSbWMzQXhUR0Z6ZENKOUxDSmtZWFJsVDJaQ2FYSjBhQ0k2SWpJd01UQXRNVEF0TVRBaWZYMHNJbkJoZVdWeUlqcDdJbkJoY25SNVNXUkpibVp2SWpwN0luQmhjblI1U1dSVWVYQmxJam9pVFZOSlUwUk9JaXdpY0dGeWRIbEpaR1Z1ZEdsbWFXVnlJam9pTVRjNE9URXlNems0TnpNaUxDSm1jM0JKWkNJNkluUmxjM1JtYzNBeklpd2laWGgwWlc1emFXOXVUR2x6ZENJNmV5SmxlSFJsYm5OcGIyNGlPbHQ3SW10bGVTSTZJbUZqWTI5MWJuUlVlWEJsSWl3aWRtRnNkV1VpT2lKWFlXeHNaWFFpZlYxOWZTd2libUZ0WlNJNkluUmxjM1JtYzNBelYyRnNiR1YwUm01aGJXVWdkR1Z6ZEdaemNETlhZV3hzWlhSTWJtRnRaU0o5TENKaGJXOTFiblFpT25zaVlXMXZkVzUwSWpvaU1UUXVNakVpTENKamRYSnlaVzVqZVNJNklrbE9VaUo5TENKMGNtRnVjMkZqZEdsdmJsUjVjR1VpT25zaWMyTmxibUZ5YVc4aU9pSlVVa0ZPVTBaRlVpSXNJbWx1YVhScFlYUnZjaUk2SWxCQldVVlNJaXdpYVc1cGRHbGhkRzl5Vkhsd1pTSTZJa05QVGxOVlRVVlNJbjE5AA','2023-03-30 15:39:28'),('892a613d-e5a2-41df-ba53-3837e0fa6778','AYIDaAAAAAAAACcQG2cudHRrc2ltMi5tc2lzZG4uNDU2MTAwMDAwM4IDQGV5SjBjbUZ1YzJGamRHbHZia2xrSWpvaU9Ea3lZVFl4TTJRdFpUVmhNaTAwTVdSbUxXSmhOVE10TXpnek4yVXdabUUyTnpjNElpd2ljWFZ2ZEdWSlpDSTZJamc1TW1FMk1UTmtMV1UxWVRJdE5ERmtaaTFpWVRVekxUTTRNemRsTUdaaE5qYzNPQ0lzSW5CaGVXVmxJanA3SW5CaGNuUjVTV1JKYm1adklqcDdJbkJoY25SNVNXUlVlWEJsSWpvaVRWTkpVMFJPSWl3aWNHRnlkSGxKWkdWdWRHbG1hV1Z5SWpvaU5EVTJNVEF3TURBd015SXNJbVp6Y0Vsa0lqb2lkSFJyYzJsdE1pSjlMQ0p3WlhKemIyNWhiRWx1Wm04aU9uc2lZMjl0Y0d4bGVFNWhiV1VpT25zaVptbHljM1JPWVcxbElqb2lVbVZqWldsMlpYSkdhWEp6ZENJc0ltMXBaR1JzWlU1aGJXVWlPaUpTWldObGFYWmxjazFwWkdSc1pTSXNJbXhoYzNST1lXMWxJam9pVW1WalpXbDJaWEpNWVhOMEluMHNJbVJoZEdWUFprSnBjblJvSWpvaU1UazROQzB3TVMwd01TSjlMQ0p1WVcxbElqb2lVbVZqWldsMlpYSkdhWEp6ZENCU1pXTmxhWFpsY2t4aGMzUWlmU3dpY0dGNVpYSWlPbnNpY0dGeWRIbEpaRWx1Wm04aU9uc2ljR0Z5ZEhsSlpGUjVjR1VpT2lKTlUwbFRSRTRpTENKd1lYSjBlVWxrWlc1MGFXWnBaWElpT2lJeE5qRXpOVFUxTVRJeE1pSXNJbVp6Y0Vsa0lqb2lkSFJyYzJsdE1TSjlmU3dpWVcxdmRXNTBJanA3SW1GdGIzVnVkQ0k2SWpFd01DSXNJbU4xY25KbGJtTjVJam9pVkZwVEluMHNJblJ5WVc1ellXTjBhVzl1Vkhsd1pTSTZleUp6WTJWdVlYSnBieUk2SWxSU1FVNVRSa1ZTSWl3aWFXNXBkR2xoZEc5eUlqb2lVRUZaUlZJaUxDSnBibWwwYVdGMGIzSlVlWEJsSWpvaVEwOU9VMVZOUlZJaWZTd2libTkwWlNJNklpSjkA','2023-03-30 15:44:09'),('89b26770-15bb-4d83-8972-21aa52d680c2','AYIDBQAAAAAAACcQJGcucGF5ZWVmc3AubXNpc2RuLnt7cmVjZWl2ZXJtc2lzZG59fYIC1GV5SjBjbUZ1YzJGamRHbHZia2xrSWpvaVptVXhNREU0Wm1NdE1EaGxZeTAwWWpJM0xUbGpZalF0TnpjMk9URTFNR00zT1dKaklpd2ljWFZ2ZEdWSlpDSTZJbVpsTVRBeE9HWmpMVEE0WldNdE5HSXlOeTA1WTJJMExUYzNOamt4TlRCak56bGlZeUlzSW5CaGVXVmxJanA3SW5CaGNuUjVTV1JKYm1adklqcDdJbkJoY25SNVNXUlVlWEJsSWpvaVRWTkpVMFJPSWl3aWNHRnlkSGxKWkdWdWRHbG1hV1Z5SWpvaWUzdHlaV05sYVhabGNrMVRTVk5FVG4xOUlpd2labk53U1dRaU9pSndZWGxsWldaemNDSjlmU3dpY0dGNVpYSWlPbnNpY0dGeWRIbEpaRWx1Wm04aU9uc2ljR0Z5ZEhsSlpGUjVjR1VpT2lKTlUwbFRSRTRpTENKd1lYSjBlVWxrWlc1MGFXWnBaWElpT2lJeU56Y3hNemd3TXprd05TSXNJbVp6Y0Vsa0lqb2ljR0Y1WlhKbWMzQWlmU3dpY0dWeWMyOXVZV3hKYm1adklqcDdJbU52YlhCc1pYaE9ZVzFsSWpwN0ltWnBjbk4wVG1GdFpTSTZJazFoZEhNaUxDSnNZWE4wVG1GdFpTSTZJa2hoWjIxaGJpSjlMQ0prWVhSbFQyWkNhWEowYUNJNklqRTVPRE10TVRBdE1qVWlmWDBzSW1GdGIzVnVkQ0k2ZXlKaGJXOTFiblFpT2lJeE1EQWlMQ0pqZFhKeVpXNWplU0k2SWxWVFJDSjlMQ0owY21GdWMyRmpkR2x2YmxSNWNHVWlPbnNpYzJObGJtRnlhVzhpT2lKVVVrRk9VMFpGVWlJc0ltbHVhWFJwWVhSdmNpSTZJbEJCV1VWU0lpd2lhVzVwZEdsaGRHOXlWSGx3WlNJNklrTlBUbE5WVFVWU0luMTkA','2023-03-30 15:37:08'),('8d381525-4fcd-48b7-b5b9-0b0535f5ec2a','AYIC9AAAAAAAABdwHWcucGF5ZWVmc3AubXNpc2RuLjIyNTU2OTk5MTI1ggLKZXlKMGNtRnVjMkZqZEdsdmJrbGtJam9pWmpRMFltUmtOV010WXpreE1DMDBZVGt3TFRoa05qa3RaR0ppWVRaaVl6aGxZVFpqSWl3aWNYVnZkR1ZKWkNJNklqVTBaRFZtTURsaUxXRTBOMlF0TkRCa05pMWhZVEEzTFdFNVkyWXpZbUl5TkRsaFpDSXNJbkJoZVdWbElqcDdJbkJoY25SNVNXUkpibVp2SWpwN0luQmhjblI1U1dSVWVYQmxJam9pVFZOSlUwUk9JaXdpY0dGeWRIbEpaR1Z1ZEdsbWFXVnlJam9pTWpJMU5UWTVPVGt4TWpVaUxDSm1jM0JKWkNJNkluQmhlV1ZsWm5Od0luMTlMQ0p3WVhsbGNpSTZleUp3WVhKMGVVbGtTVzVtYnlJNmV5SndZWEowZVVsa1ZIbHdaU0k2SWsxVFNWTkVUaUlzSW5CaGNuUjVTV1JsYm5ScFptbGxjaUk2SWpJeU5UQTNNREE0TVRneElpd2labk53U1dRaU9pSndZWGxsY21aemNDSjlMQ0p3WlhKemIyNWhiRWx1Wm04aU9uc2lZMjl0Y0d4bGVFNWhiV1VpT25zaVptbHljM1JPWVcxbElqb2lUV0YwY3lJc0lteGhjM1JPWVcxbElqb2lTR0ZuYldGdUluMHNJbVJoZEdWUFprSnBjblJvSWpvaU1UazRNeTB4TUMweU5TSjlmU3dpWVcxdmRXNTBJanA3SW1GdGIzVnVkQ0k2SWpZd0lpd2lZM1Z5Y21WdVkza2lPaUpWVTBRaWZTd2lkSEpoYm5OaFkzUnBiMjVVZVhCbElqcDdJbk5qWlc1aGNtbHZJam9pVkZKQlRsTkdSVklpTENKcGJtbDBhV0YwYjNJaU9pSlFRVmxGVWlJc0ltbHVhWFJwWVhSdmNsUjVjR1VpT2lKRFQwNVRWVTFGVWlKOWZRAA','2023-03-30 15:39:48'),('8dae85fa-f4a4-4534-9206-b20e61d64e73','AYIDaAAAAAAAACcQG2cudHRrc2ltMi5tc2lzZG4uNDU2MTAwMDAwNIIDQGV5SjBjbUZ1YzJGamRHbHZia2xrSWpvaU9HUmhaVGcxWm1FdFpqUmhOQzAwTlRNMExUa3lNRFl0WWpJd1pUWXhaRFkwWlRjeklpd2ljWFZ2ZEdWSlpDSTZJamhrWVdVNE5XWmhMV1kwWVRRdE5EVXpOQzA1TWpBMkxXSXlNR1UyTVdRMk5HVTNNeUlzSW5CaGVXVmxJanA3SW5CaGNuUjVTV1JKYm1adklqcDdJbkJoY25SNVNXUlVlWEJsSWpvaVRWTkpVMFJPSWl3aWNHRnlkSGxKWkdWdWRHbG1hV1Z5SWpvaU5EVTJNVEF3TURBd05DSXNJbVp6Y0Vsa0lqb2lkSFJyYzJsdE1pSjlMQ0p3WlhKemIyNWhiRWx1Wm04aU9uc2lZMjl0Y0d4bGVFNWhiV1VpT25zaVptbHljM1JPWVcxbElqb2lVbVZqWldsMlpYSkdhWEp6ZENJc0ltMXBaR1JzWlU1aGJXVWlPaUpTWldObGFYWmxjazFwWkdSc1pTSXNJbXhoYzNST1lXMWxJam9pVW1WalpXbDJaWEpNWVhOMEluMHNJbVJoZEdWUFprSnBjblJvSWpvaU1UazROQzB3TVMwd01TSjlMQ0p1WVcxbElqb2lVbVZqWldsMlpYSkdhWEp6ZENCU1pXTmxhWFpsY2t4aGMzUWlmU3dpY0dGNVpYSWlPbnNpY0dGeWRIbEpaRWx1Wm04aU9uc2ljR0Z5ZEhsSlpGUjVjR1VpT2lKTlUwbFRSRTRpTENKd1lYSjBlVWxrWlc1MGFXWnBaWElpT2lJeE5qRXpOVFUxTVRJeE1pSXNJbVp6Y0Vsa0lqb2lkSFJyYzJsdE1TSjlmU3dpWVcxdmRXNTBJanA3SW1GdGIzVnVkQ0k2SWpFd01DSXNJbU4xY25KbGJtTjVJam9pVkZwVEluMHNJblJ5WVc1ellXTjBhVzl1Vkhsd1pTSTZleUp6WTJWdVlYSnBieUk2SWxSU1FVNVRSa1ZTSWl3aWFXNXBkR2xoZEc5eUlqb2lVRUZaUlZJaUxDSnBibWwwYVdGMGIzSlVlWEJsSWpvaVEwOU9VMVZOUlZJaWZTd2libTkwWlNJNklpSjkA','2023-03-30 15:44:17'),('8f835e31-8b83-426e-9938-5ffbd157f750','AYIEMAAAAAAAADqYHWcudGVzdGZzcDEubXNpc2RuLjE3MDM5ODExOTAzggQGZXlKMGNtRnVjMkZqZEdsdmJrbGtJam9pT0dZNE16VmxNekV0T0dJNE15MDBNalpsTFRrNU16Z3ROV1ptWW1ReE5UZG1OelV3SWl3aWNYVnZkR1ZKWkNJNklqTmxNR1EzTURjeExURmtOREl0TkdVeFlTMWlaR0UyTFRnM01XWmpaVEkyTURRNU1pSXNJbkJoZVdWbElqcDdJbkJoY25SNVNXUkpibVp2SWpwN0luQmhjblI1U1dSVWVYQmxJam9pVFZOSlUwUk9JaXdpY0dGeWRIbEpaR1Z1ZEdsbWFXVnlJam9pTVRjd016azRNVEU1TURNaUxDSm1jM0JKWkNJNkluUmxjM1JtYzNBeElpd2laWGgwWlc1emFXOXVUR2x6ZENJNmV5SmxlSFJsYm5OcGIyNGlPbHQ3SW10bGVTSTZJbUZqWTI5MWJuUlVlWEJsSWl3aWRtRnNkV1VpT2lKWFlXeHNaWFFpZlYxOWZTd2ljR1Z5YzI5dVlXeEpibVp2SWpwN0ltTnZiWEJzWlhoT1lXMWxJanA3SW1acGNuTjBUbUZ0WlNJNklsUmxjM1JtYzNBeFJtbHljM1FpTENKdGFXUmtiR1ZPWVcxbElqb2lWR1Z6ZEdaemNERk5hV1JrYkdVaUxDSnNZWE4wVG1GdFpTSTZJbFJsYzNSbWMzQXhUR0Z6ZENKOUxDSmtZWFJsVDJaQ2FYSjBhQ0k2SWpJd01UQXRNVEF0TVRBaWZYMHNJbkJoZVdWeUlqcDdJbkJoY25SNVNXUkpibVp2SWpwN0luQmhjblI1U1dSVWVYQmxJam9pVFZOSlUwUk9JaXdpY0dGeWRIbEpaR1Z1ZEdsbWFXVnlJam9pTVRjNE9URXlNems0TnpJaUxDSm1jM0JKWkNJNkluUmxjM1JtYzNBMElpd2laWGgwWlc1emFXOXVUR2x6ZENJNmV5SmxlSFJsYm5OcGIyNGlPbHQ3SW10bGVTSTZJbUZqWTI5MWJuUlVlWEJsSWl3aWRtRnNkV1VpT2lKWFlXeHNaWFFpZlYxOWZTd2libUZ0WlNJNkluUmxjM1JtYzNBMFYyRnNiR1YwUm01aGJXVWdkR1Z6ZEdaemNEUlhZV3hzWlhSTWJtRnRaU0o5TENKaGJXOTFiblFpT25zaVlXMXZkVzUwSWpvaU1UVXdJaXdpWTNWeWNtVnVZM2tpT2lKSlRsSWlmU3dpZEhKaGJuTmhZM1JwYjI1VWVYQmxJanA3SW5OalpXNWhjbWx2SWpvaVZGSkJUbE5HUlZJaUxDSnBibWwwYVdGMGIzSWlPaUpRUVZsRlVpSXNJbWx1YVhScFlYUnZjbFI1Y0dVaU9pSkRUMDVUVlUxRlVpSjlmUQA','2023-03-30 15:29:49'),('8faf2aa7-9982-4ea4-bea3-8fc5533584f4','AYIEMgAAAAAAAAWNHWcudGVzdGZzcDEubXNpc2RuLjE3MDM5ODExOTAzggQIZXlKMGNtRnVjMkZqZEdsdmJrbGtJam9pT0daaFpqSmhZVGN0T1RrNE1pMDBaV0UwTFdKbFlUTXRPR1pqTlRVek16VTROR1kwSWl3aWNYVnZkR1ZKWkNJNkltUXdPVFkzWkdZeUxXWXhOalV0TkRZeU9TMDROVFl3TFdZMU9HRm1Oelk1TWpneFl5SXNJbkJoZVdWbElqcDdJbkJoY25SNVNXUkpibVp2SWpwN0luQmhjblI1U1dSVWVYQmxJam9pVFZOSlUwUk9JaXdpY0dGeWRIbEpaR1Z1ZEdsbWFXVnlJam9pTVRjd016azRNVEU1TURNaUxDSm1jM0JKWkNJNkluUmxjM1JtYzNBeElpd2laWGgwWlc1emFXOXVUR2x6ZENJNmV5SmxlSFJsYm5OcGIyNGlPbHQ3SW10bGVTSTZJbUZqWTI5MWJuUlVlWEJsSWl3aWRtRnNkV1VpT2lKWFlXeHNaWFFpZlYxOWZTd2ljR1Z5YzI5dVlXeEpibVp2SWpwN0ltTnZiWEJzWlhoT1lXMWxJanA3SW1acGNuTjBUbUZ0WlNJNklsUmxjM1JtYzNBeFJtbHljM1FpTENKdGFXUmtiR1ZPWVcxbElqb2lWR1Z6ZEdaemNERk5hV1JrYkdVaUxDSnNZWE4wVG1GdFpTSTZJbFJsYzNSbWMzQXhUR0Z6ZENKOUxDSmtZWFJsVDJaQ2FYSjBhQ0k2SWpJd01UQXRNVEF0TVRBaWZYMHNJbkJoZVdWeUlqcDdJbkJoY25SNVNXUkpibVp2SWpwN0luQmhjblI1U1dSVWVYQmxJam9pVFZOSlUwUk9JaXdpY0dGeWRIbEpaR1Z1ZEdsbWFXVnlJam9pTVRjNE9URXlNems0TnpNaUxDSm1jM0JKWkNJNkluUmxjM1JtYzNBeklpd2laWGgwWlc1emFXOXVUR2x6ZENJNmV5SmxlSFJsYm5OcGIyNGlPbHQ3SW10bGVTSTZJbUZqWTI5MWJuUlVlWEJsSWl3aWRtRnNkV1VpT2lKWFlXeHNaWFFpZlYxOWZTd2libUZ0WlNJNkluUmxjM1JtYzNBelYyRnNiR1YwUm01aGJXVWdkR1Z6ZEdaemNETlhZV3hzWlhSTWJtRnRaU0o5TENKaGJXOTFiblFpT25zaVlXMXZkVzUwSWpvaU1UUXVNakVpTENKamRYSnlaVzVqZVNJNklrbE9VaUo5TENKMGNtRnVjMkZqZEdsdmJsUjVjR1VpT25zaWMyTmxibUZ5YVc4aU9pSlVVa0ZPVTBaRlVpSXNJbWx1YVhScFlYUnZjaUk2SWxCQldVVlNJaXdpYVc1cGRHbGhkRzl5Vkhsd1pTSTZJa05QVGxOVlRVVlNJbjE5AA','2023-03-30 15:30:08'),('93af34a1-9b05-40ee-8f32-83b3369cc4ef','AYIDMgAAAAAAABV8LmcucGF5ZWVmc3AubXNpc2RuLnskaW5wdXRzLnBheWVlZnNwaWRlbnRpZmllcn2CAvdleUowY21GdWMyRmpkR2x2Ymtsa0lqb2lPVE5oWmpNMFlURXRPV0l3TlMwME1HVmxMVGhtTXpJdE9ETmlNek0yT1dOak5HVm1JaXdpY1hWdmRHVkpaQ0k2SW1abU9EUmhOelEyTFdRNU1XVXRORFV5WlMwNE5EUmxMVFl3WVRNeE9UWmhOVEkwTlNJc0luQmhlV1ZsSWpwN0luQmhjblI1U1dSSmJtWnZJanA3SW5CaGNuUjVTV1JVZVhCbElqb2lUVk5KVTBST0lpd2ljR0Z5ZEhsSlpHVnVkR2xtYVdWeUlqb2lleVJwYm5CMWRITXVjR0Y1WldWbWMzQkpaR1Z1ZEdsbWFXVnlmU0lzSW1aemNFbGtJam9pY0dGNVpXVm1jM0FpZlgwc0luQmhlV1Z5SWpwN0luQmhjblI1U1dSSmJtWnZJanA3SW5CaGNuUjVTV1JVZVhCbElqb2lUVk5KVTBST0lpd2ljR0Z5ZEhsSlpHVnVkR2xtYVdWeUlqb2lNVGN3TXprNE1URTVNRE1pTENKbWMzQkpaQ0k2SW5SbGMzUm1jM0F4SW4wc0luQmxjbk52Ym1Gc1NXNW1ieUk2ZXlKamIyMXdiR1Y0VG1GdFpTSTZleUptYVhKemRFNWhiV1VpT2lKR2FYSnpkRzVoYldVdFZHVnpkQ0lzSW14aGMzUk9ZVzFsSWpvaVRHRnpkRzVoYldVdFZHVnpkQ0o5TENKa1lYUmxUMlpDYVhKMGFDSTZJakU1T0RRdE1ERXRNREVpZlgwc0ltRnRiM1Z1ZENJNmV5SmhiVzkxYm5RaU9pSTFOU0lzSW1OMWNuSmxibU41SWpvaVZGcFRJbjBzSW5SeVlXNXpZV04wYVc5dVZIbHdaU0k2ZXlKelkyVnVZWEpwYnlJNklsUlNRVTVUUmtWU0lpd2lhVzVwZEdsaGRHOXlJam9pVUVGWlJWSWlMQ0pwYm1sMGFXRjBiM0pVZVhCbElqb2lRMDlPVTFWTlJWSWlmWDAA','2023-03-30 15:29:22'),('94b4e893-a4d9-4e58-843f-0e278ceeeacd','AYIDbAAAAAAAAQkzG2cudHRrc2ltMi5tc2lzZG4uNDU2MTAwMDAwMoIDRGV5SjBjbUZ1YzJGamRHbHZia2xrSWpvaU9UUmlOR1U0T1RNdFlUUmtPUzAwWlRVNExUZzBNMll0TUdVeU56aGpaV1ZsWVdOa0lpd2ljWFZ2ZEdWSlpDSTZJamswWWpSbE9Ea3pMV0UwWkRrdE5HVTFPQzA0TkRObUxUQmxNamM0WTJWbFpXRmpaQ0lzSW5CaGVXVmxJanA3SW5CaGNuUjVTV1JKYm1adklqcDdJbkJoY25SNVNXUlVlWEJsSWpvaVRWTkpVMFJPSWl3aWNHRnlkSGxKWkdWdWRHbG1hV1Z5SWpvaU5EVTJNVEF3TURBd01pSXNJbVp6Y0Vsa0lqb2lkSFJyYzJsdE1pSjlMQ0p3WlhKemIyNWhiRWx1Wm04aU9uc2lZMjl0Y0d4bGVFNWhiV1VpT25zaVptbHljM1JPWVcxbElqb2lVbVZqWldsMlpYSkdhWEp6ZENJc0ltMXBaR1JzWlU1aGJXVWlPaUpTWldObGFYWmxjazFwWkdSc1pTSXNJbXhoYzNST1lXMWxJam9pVW1WalpXbDJaWEpNWVhOMEluMHNJbVJoZEdWUFprSnBjblJvSWpvaU1UazROQzB3TVMwd01TSjlMQ0p1WVcxbElqb2lVbVZqWldsMlpYSkdhWEp6ZENCU1pXTmxhWFpsY2t4aGMzUWlmU3dpY0dGNVpYSWlPbnNpY0dGeWRIbEpaRWx1Wm04aU9uc2ljR0Z5ZEhsSlpGUjVjR1VpT2lKTlUwbFRSRTRpTENKd1lYSjBlVWxrWlc1MGFXWnBaWElpT2lJeE5qRXpOVFUxTVRJeE1pSXNJbVp6Y0Vsa0lqb2lkSFJyYzJsdE1TSjlmU3dpWVcxdmRXNTBJanA3SW1GdGIzVnVkQ0k2SWpZM09DNDVNU0lzSW1OMWNuSmxibU41SWpvaVZGcFRJbjBzSW5SeVlXNXpZV04wYVc5dVZIbHdaU0k2ZXlKelkyVnVZWEpwYnlJNklsUlNRVTVUUmtWU0lpd2lhVzVwZEdsaGRHOXlJam9pVUVGWlJWSWlMQ0pwYm1sMGFXRjBiM0pVZVhCbElqb2lRMDlPVTFWTlJWSWlmU3dpYm05MFpTSTZJaUo5AA','2023-03-30 15:44:14'),('95d27c2a-3ca3-4ac7-9436-8157075aaeb5','AYIDBAAAAAAACDyYHWcucGF5ZWVmc3AubXNpc2RuLjE3MDM5ODExOTAyggLaZXlKMGNtRnVjMkZqZEdsdmJrbGtJam9pT1RWa01qZGpNbUV0TTJOaE15MDBZV00zTFRrME16WXRPREUxTnpBM05XRmhaV0kxSWl3aWNYVnZkR1ZKWkNJNklqUTBOMlpqTnpsbExUTTFNV1F0TkRreE1DMDVPR1pqTFdZellUSm1ZV013TmpBNU1DSXNJbkJoZVdWbElqcDdJbkJoY25SNVNXUkpibVp2SWpwN0luQmhjblI1U1dSVWVYQmxJam9pVFZOSlUwUk9JaXdpY0dGeWRIbEpaR1Z1ZEdsbWFXVnlJam9pTVRjd016azRNVEU1TURJaUxDSm1jM0JKWkNJNkluQmhlV1ZsWm5Od0luMTlMQ0p3WVhsbGNpSTZleUp3WVhKMGVVbGtTVzVtYnlJNmV5SndZWEowZVVsa1ZIbHdaU0k2SWsxVFNWTkVUaUlzSW5CaGNuUjVTV1JsYm5ScFptbGxjaUk2SWpRME1USXpORFUyTnpnNUlpd2labk53U1dRaU9pSjBaWE4wYVc1bmRHOXZiR3RwZEdSbWMzQWlmU3dpY0dWeWMyOXVZV3hKYm1adklqcDdJbU52YlhCc1pYaE9ZVzFsSWpwN0ltWnBjbk4wVG1GdFpTSTZJazFoZEhNaUxDSnNZWE4wVG1GdFpTSTZJa2hoWjIxaGJpSjlMQ0prWVhSbFQyWkNhWEowYUNJNklqRTVPRE10TVRBdE1qVWlmWDBzSW1GdGIzVnVkQ0k2ZXlKaGJXOTFiblFpT2lJMU16azRJaXdpWTNWeWNtVnVZM2tpT2lKVlUwUWlmU3dpZEhKaGJuTmhZM1JwYjI1VWVYQmxJanA3SW5OalpXNWhjbWx2SWpvaVZGSkJUbE5HUlZJaUxDSnBibWwwYVdGMGIzSWlPaUpRUVZsRlVpSXNJbWx1YVhScFlYUnZjbFI1Y0dVaU9pSkRUMDVUVlUxRlVpSjlmUQA','2023-03-30 15:27:40'),('960b9b0f-d05d-48f3-97e2-02d9002a8033','AYIC9AAAAAAAABdwHWcucGF5ZWVmc3AubXNpc2RuLjIyNTU2OTk5MTI1ggLKZXlKMGNtRnVjMkZqZEdsdmJrbGtJam9pWmpRMFltUmtOV010WXpreE1DMDBZVGt3TFRoa05qa3RaR0ppWVRaaVl6aGxZVFpqSWl3aWNYVnZkR1ZKWkNJNklqVTBaRFZtTURsaUxXRTBOMlF0TkRCa05pMWhZVEEzTFdFNVkyWXpZbUl5TkRsaFpDSXNJbkJoZVdWbElqcDdJbkJoY25SNVNXUkpibVp2SWpwN0luQmhjblI1U1dSVWVYQmxJam9pVFZOSlUwUk9JaXdpY0dGeWRIbEpaR1Z1ZEdsbWFXVnlJam9pTWpJMU5UWTVPVGt4TWpVaUxDSm1jM0JKWkNJNkluQmhlV1ZsWm5Od0luMTlMQ0p3WVhsbGNpSTZleUp3WVhKMGVVbGtTVzVtYnlJNmV5SndZWEowZVVsa1ZIbHdaU0k2SWsxVFNWTkVUaUlzSW5CaGNuUjVTV1JsYm5ScFptbGxjaUk2SWpJeU5UQTNNREE0TVRneElpd2labk53U1dRaU9pSndZWGxsY21aemNDSjlMQ0p3WlhKemIyNWhiRWx1Wm04aU9uc2lZMjl0Y0d4bGVFNWhiV1VpT25zaVptbHljM1JPWVcxbElqb2lUV0YwY3lJc0lteGhjM1JPWVcxbElqb2lTR0ZuYldGdUluMHNJbVJoZEdWUFprSnBjblJvSWpvaU1UazRNeTB4TUMweU5TSjlmU3dpWVcxdmRXNTBJanA3SW1GdGIzVnVkQ0k2SWpZd0lpd2lZM1Z5Y21WdVkza2lPaUpWVTBRaWZTd2lkSEpoYm5OaFkzUnBiMjVVZVhCbElqcDdJbk5qWlc1aGNtbHZJam9pVkZKQlRsTkdSVklpTENKcGJtbDBhV0YwYjNJaU9pSlFRVmxGVWlJc0ltbHVhWFJwWVhSdmNsUjVjR1VpT2lKRFQwNVRWVTFGVWlKOWZRAA','2023-03-30 15:40:14'),('96cc34c6-c41f-498b-910c-bda050357e2d','AYIDCgAAAAAAABdwHWcudGVzdGZzcDIubXNpc2RuLjE3MDM5ODExOTA0ggLgZXlKMGNtRnVjMkZqZEdsdmJrbGtJam9pT1Raall6TTBZell0WXpReFppMDBPVGhpTFRreE1HTXRZbVJoTURVd016VTNaVEprSWl3aWNYVnZkR1ZKWkNJNklqZzFNelF5TkRNekxUVmlOVFF0TkdVNFpDMDRZMlptTFRrNU5qWmhNR0ppWVdFNFppSXNJbkJoZVdWbElqcDdJbkJoY25SNVNXUkpibVp2SWpwN0luQmhjblI1U1dSVWVYQmxJam9pVFZOSlUwUk9JaXdpY0dGeWRIbEpaR1Z1ZEdsbWFXVnlJam9pTVRjd016azRNVEU1TURRaUxDSm1jM0JKWkNJNkluUmxjM1JtYzNBeUluMTlMQ0p3WVhsbGNpSTZleUp3WVhKMGVVbGtTVzVtYnlJNmV5SndZWEowZVVsa1ZIbHdaU0k2SWsxVFNWTkVUaUlzSW5CaGNuUjVTV1JsYm5ScFptbGxjaUk2SWpFM01ETTVPREV4T1RBeklpd2labk53U1dRaU9pSjBaWE4wWm5Od01TSjlMQ0p3WlhKemIyNWhiRWx1Wm04aU9uc2lZMjl0Y0d4bGVFNWhiV1VpT25zaVptbHljM1JPWVcxbElqb2lSbWx5YzNSdVlXMWxMVlJsYzNRaUxDSnNZWE4wVG1GdFpTSTZJa3hoYzNSdVlXMWxMVlJsYzNRaWZTd2laR0YwWlU5bVFtbHlkR2dpT2lJeE9UZzBMVEF4TFRBeEluMTlMQ0poYlc5MWJuUWlPbnNpWVcxdmRXNTBJam9pTmpBaUxDSmpkWEp5Wlc1amVTSTZJbFZUUkNKOUxDSjBjbUZ1YzJGamRHbHZibFI1Y0dVaU9uc2ljMk5sYm1GeWFXOGlPaUpVVWtGT1UwWkZVaUlzSW1sdWFYUnBZWFJ2Y2lJNklsQkJXVVZTSWl3aWFXNXBkR2xoZEc5eVZIbHdaU0k2SWtOUFRsTlZUVVZTSW4xOQA','2023-03-30 15:28:30'),('9780feab-9d9c-4455-8cd0-8f88bfbc955c','AYIELgAAAAAAABXgHWcudGVzdGZzcDEubXNpc2RuLjE3MDM5ODExOTAzggQEZXlKMGNtRnVjMkZqZEdsdmJrbGtJam9pT1RjNE1HWmxZV0l0T1dRNVl5MDBORFUxTFRoalpEQXRPR1k0T0dKbVltTTVOVFZqSWl3aWNYVnZkR1ZKWkNJNklqWTJNRFl4WVRaa0xXWTRaamd0TkRSalpTMDVNbVpqTFRNMllqTXpNVFE1TTJKalpTSXNJbkJoZVdWbElqcDdJbkJoY25SNVNXUkpibVp2SWpwN0luQmhjblI1U1dSVWVYQmxJam9pVFZOSlUwUk9JaXdpY0dGeWRIbEpaR1Z1ZEdsbWFXVnlJam9pTVRjd016azRNVEU1TURNaUxDSm1jM0JKWkNJNkluUmxjM1JtYzNBeElpd2laWGgwWlc1emFXOXVUR2x6ZENJNmV5SmxlSFJsYm5OcGIyNGlPbHQ3SW10bGVTSTZJbUZqWTI5MWJuUlVlWEJsSWl3aWRtRnNkV1VpT2lKWFlXeHNaWFFpZlYxOWZTd2ljR1Z5YzI5dVlXeEpibVp2SWpwN0ltTnZiWEJzWlhoT1lXMWxJanA3SW1acGNuTjBUbUZ0WlNJNklsUmxjM1JtYzNBeFJtbHljM1FpTENKdGFXUmtiR1ZPWVcxbElqb2lWR1Z6ZEdaemNERk5hV1JrYkdVaUxDSnNZWE4wVG1GdFpTSTZJbFJsYzNSbWMzQXhUR0Z6ZENKOUxDSmtZWFJsVDJaQ2FYSjBhQ0k2SWpJd01UQXRNVEF0TVRBaWZYMHNJbkJoZVdWeUlqcDdJbkJoY25SNVNXUkpibVp2SWpwN0luQmhjblI1U1dSVWVYQmxJam9pVFZOSlUwUk9JaXdpY0dGeWRIbEpaR1Z1ZEdsbWFXVnlJam9pTVRjNE9URXlNems0TnpNaUxDSm1jM0JKWkNJNkluUmxjM1JtYzNBeklpd2laWGgwWlc1emFXOXVUR2x6ZENJNmV5SmxlSFJsYm5OcGIyNGlPbHQ3SW10bGVTSTZJbUZqWTI5MWJuUlVlWEJsSWl3aWRtRnNkV1VpT2lKWFlXeHNaWFFpZlYxOWZTd2libUZ0WlNJNkluUmxjM1JtYzNBelYyRnNiR1YwUm01aGJXVWdkR1Z6ZEdaemNETlhZV3hzWlhSTWJtRnRaU0o5TENKaGJXOTFiblFpT25zaVlXMXZkVzUwSWpvaU5UWWlMQ0pqZFhKeVpXNWplU0k2SWtsT1VpSjlMQ0owY21GdWMyRmpkR2x2YmxSNWNHVWlPbnNpYzJObGJtRnlhVzhpT2lKVVVrRk9VMFpGVWlJc0ltbHVhWFJwWVhSdmNpSTZJbEJCV1VWU0lpd2lhVzVwZEdsaGRHOXlWSGx3WlNJNklrTlBUbE5WVFVWU0luMTkA','2023-03-30 15:30:00'),('97c3fd11-6d47-4ad1-804e-a9805f0009b0','AYIDMgAAAAAAAA2sLmcudGVzdGZzcDIubXNpc2RuLnskaW5wdXRzLnBheWVlZnNwaWRlbnRpZmllcn2CAvdleUowY21GdWMyRmpkR2x2Ymtsa0lqb2lPVGRqTTJaa01URXRObVEwTnkwMFlXUXhMVGd3TkdVdFlUazRNRFZtTURBd09XSXdJaXdpY1hWdmRHVkpaQ0k2SWpBMU1qY3paV1UzTFdabU5qQXRORFprTmkwNE1XUTNMV1F5WWpVNU9XVXpZV1ZrT1NJc0luQmhlV1ZsSWpwN0luQmhjblI1U1dSSmJtWnZJanA3SW5CaGNuUjVTV1JVZVhCbElqb2lUVk5KVTBST0lpd2ljR0Z5ZEhsSlpHVnVkR2xtYVdWeUlqb2lleVJwYm5CMWRITXVjR0Y1WldWbWMzQkpaR1Z1ZEdsbWFXVnlmU0lzSW1aemNFbGtJam9pZEdWemRHWnpjRElpZlgwc0luQmhlV1Z5SWpwN0luQmhjblI1U1dSSmJtWnZJanA3SW5CaGNuUjVTV1JVZVhCbElqb2lUVk5KVTBST0lpd2ljR0Z5ZEhsSlpHVnVkR2xtYVdWeUlqb2lNVGN3TXprNE1URTVNRElpTENKbWMzQkpaQ0k2SW5CaGVXVmxabk53SW4wc0luQmxjbk52Ym1Gc1NXNW1ieUk2ZXlKamIyMXdiR1Y0VG1GdFpTSTZleUptYVhKemRFNWhiV1VpT2lKR2FYSnpkRzVoYldVdFZHVnpkQ0lzSW14aGMzUk9ZVzFsSWpvaVRHRnpkRzVoYldVdFZHVnpkQ0o5TENKa1lYUmxUMlpDYVhKMGFDSTZJakU1T0RRdE1ERXRNREVpZlgwc0ltRnRiM1Z1ZENJNmV5SmhiVzkxYm5RaU9pSXpOU0lzSW1OMWNuSmxibU41SWpvaVZGcFRJbjBzSW5SeVlXNXpZV04wYVc5dVZIbHdaU0k2ZXlKelkyVnVZWEpwYnlJNklsUlNRVTVUUmtWU0lpd2lhVzVwZEdsaGRHOXlJam9pVUVGWlJWSWlMQ0pwYm1sMGFXRjBiM0pVZVhCbElqb2lRMDlPVTFWTlJWSWlmWDAA','2023-03-30 15:38:54'),('9828a375-633b-4b19-aac9-1b3add577a3c','AYIC9AAAAAAAABdwHWcucGF5ZWVmc3AubXNpc2RuLjIyNTU2OTk5MTI1ggLKZXlKMGNtRnVjMkZqZEdsdmJrbGtJam9pWmpRMFltUmtOV010WXpreE1DMDBZVGt3TFRoa05qa3RaR0ppWVRaaVl6aGxZVFpqSWl3aWNYVnZkR1ZKWkNJNklqVTBaRFZtTURsaUxXRTBOMlF0TkRCa05pMWhZVEEzTFdFNVkyWXpZbUl5TkRsaFpDSXNJbkJoZVdWbElqcDdJbkJoY25SNVNXUkpibVp2SWpwN0luQmhjblI1U1dSVWVYQmxJam9pVFZOSlUwUk9JaXdpY0dGeWRIbEpaR1Z1ZEdsbWFXVnlJam9pTWpJMU5UWTVPVGt4TWpVaUxDSm1jM0JKWkNJNkluQmhlV1ZsWm5Od0luMTlMQ0p3WVhsbGNpSTZleUp3WVhKMGVVbGtTVzVtYnlJNmV5SndZWEowZVVsa1ZIbHdaU0k2SWsxVFNWTkVUaUlzSW5CaGNuUjVTV1JsYm5ScFptbGxjaUk2SWpJeU5UQTNNREE0TVRneElpd2labk53U1dRaU9pSndZWGxsY21aemNDSjlMQ0p3WlhKemIyNWhiRWx1Wm04aU9uc2lZMjl0Y0d4bGVFNWhiV1VpT25zaVptbHljM1JPWVcxbElqb2lUV0YwY3lJc0lteGhjM1JPWVcxbElqb2lTR0ZuYldGdUluMHNJbVJoZEdWUFprSnBjblJvSWpvaU1UazRNeTB4TUMweU5TSjlmU3dpWVcxdmRXNTBJanA3SW1GdGIzVnVkQ0k2SWpZd0lpd2lZM1Z5Y21WdVkza2lPaUpWVTBRaWZTd2lkSEpoYm5OaFkzUnBiMjVVZVhCbElqcDdJbk5qWlc1aGNtbHZJam9pVkZKQlRsTkdSVklpTENKcGJtbDBhV0YwYjNJaU9pSlFRVmxGVWlJc0ltbHVhWFJwWVhSdmNsUjVjR1VpT2lKRFQwNVRWVTFGVWlKOWZRAA','2023-03-30 15:39:46'),('98d18fc2-9069-4197-a52f-26ab8b9319cd','AYIDWAAAAAAAAAPoHWcudGVzdGZzcDEubXNpc2RuLjE3MDM5ODExOTAzggMuZXlKMGNtRnVjMkZqZEdsdmJrbGtJam9pT1Roa01UaG1Zekl0T1RBMk9TMDBNVGszTFdFMU1tWXRNalpoWWpoaU9UTXhPV05rSWl3aWNYVnZkR1ZKWkNJNklqVTJNelEzTm1Oa0xUbGlZVFl0TkRGaE5DMWhOV1EyTFdVelpHUm1PVEZtTURJM1lpSXNJbkJoZVdWbElqcDdJbkJoY25SNVNXUkpibVp2SWpwN0luQmhjblI1U1dSVWVYQmxJam9pVFZOSlUwUk9JaXdpY0dGeWRIbEpaR1Z1ZEdsbWFXVnlJam9pTVRjd016azRNVEU1TURNaUxDSm1jM0JKWkNJNkluUmxjM1JtYzNBeEluMHNJbkJsY25OdmJtRnNTVzVtYnlJNmV5SmpiMjF3YkdWNFRtRnRaU0k2ZXlKbWFYSnpkRTVoYldVaU9pSlVaWE4wWm5Od01VWnBjbk4wSWl3aWJXbGtaR3hsVG1GdFpTSTZJbFJsYzNSbWMzQXhUV2xrWkd4bElpd2liR0Z6ZEU1aGJXVWlPaUpVWlhOMFpuTndNVXhoYzNRaWZTd2laR0YwWlU5bVFtbHlkR2dpT2lJeU1ERXdMVEV3TFRFd0luMTlMQ0p3WVhsbGNpSTZleUp3WVhKMGVVbGtTVzVtYnlJNmV5SndZWEowZVVsa1ZIbHdaU0k2SWsxVFNWTkVUaUlzSW5CaGNuUjVTV1JsYm5ScFptbGxjaUk2SWpFM01ETTVPREV4T1RBMElpd2labk53U1dRaU9pSjBaWE4wWm5Od01pSjlMQ0p1WVcxbElqb2lVR0Y1WlhKR2FYSnpkQ0JRWVhsbGNreGhjM1FpZlN3aVlXMXZkVzUwSWpwN0ltRnRiM1Z1ZENJNklqRXdJaXdpWTNWeWNtVnVZM2tpT2lKVlUwUWlmU3dpZEhKaGJuTmhZM1JwYjI1VWVYQmxJanA3SW5OalpXNWhjbWx2SWpvaVZGSkJUbE5HUlZJaUxDSnBibWwwYVdGMGIzSWlPaUpRUVZsRlVpSXNJbWx1YVhScFlYUnZjbFI1Y0dVaU9pSkRUMDVUVlUxRlVpSjlmUQA','2023-03-30 15:37:26'),('9be682aa-ec53-493b-96ed-6479e69807a8','AYIDGQAAAAAAACcQHWcucGF5ZWVmc3AubXNpc2RuLjE3MDM5ODExOTAyggLvZXlKMGNtRnVjMkZqZEdsdmJrbGtJam9pT1dKbE5qZ3lZV0V0WldNMU15MDBPVE5pTFRrMlpXUXROalEzT1dVMk9UZ3dOMkU0SWl3aWNYVnZkR1ZKWkNJNkltRXhPRFF5TldFMkxXRTRNelF0TkRjM05DMWlZemswTFRoalptRTRNelZpTnpjNU9TSXNJbkJoZVdWbElqcDdJbkJoY25SNVNXUkpibVp2SWpwN0luQmhjblI1U1dSVWVYQmxJam9pVFZOSlUwUk9JaXdpY0dGeWRIbEpaR1Z1ZEdsbWFXVnlJam9pTVRjd016azRNVEU1TURJaUxDSm1jM0JKWkNJNkluQmhlV1ZsWm5Od0luMTlMQ0p3WVhsbGNpSTZleUp3WVhKMGVVbGtTVzVtYnlJNmV5SndZWEowZVVsa1ZIbHdaU0k2SWsxVFNWTkVUaUlzSW5CaGNuUjVTV1JsYm5ScFptbGxjaUk2SWpRME1USXpORFUyTnpnNUlpd2labk53U1dRaU9pSjBaWE4wYVc1bmRHOXZiR3RwZEdSbWMzQWlmU3dpY0dWeWMyOXVZV3hKYm1adklqcDdJbU52YlhCc1pYaE9ZVzFsSWpwN0ltWnBjbk4wVG1GdFpTSTZJa1pwY25OMGJtRnRaUzFVWlhOMElpd2liR0Z6ZEU1aGJXVWlPaUpNWVhOMGJtRnRaUzFVWlhOMEluMHNJbVJoZEdWUFprSnBjblJvSWpvaU1UazROQzB3TVMwd01TSjlmU3dpWVcxdmRXNTBJanA3SW1GdGIzVnVkQ0k2SWpFd01DSXNJbU4xY25KbGJtTjVJam9pVlZORUluMHNJblJ5WVc1ellXTjBhVzl1Vkhsd1pTSTZleUp6WTJWdVlYSnBieUk2SWxSU1FVNVRSa1ZTSWl3aWFXNXBkR2xoZEc5eUlqb2lVRUZaUlZJaUxDSnBibWwwYVdGMGIzSlVlWEJsSWpvaVEwOU9VMVZOUlZJaWZYMAA','2023-03-30 15:26:58'),('9c256cfb-a2ce-4af3-9640-33caf4b39fc6','AYIDGQAAAAAAACcQHWcucGF5ZWVmc3AubXNpc2RuLjE3MDM5ODExOTAyggLvZXlKMGNtRnVjMkZqZEdsdmJrbGtJam9pT1dNeU5UWmpabUl0WVRKalpTMDBZV1l6TFRrMk5EQXRNek5qWVdZMFlqTTVabU0ySWl3aWNYVnZkR1ZKWkNJNkltWTRObU5tWXpjeExXWTRPV1F0TkRrM09TMDRaREEzTFdJek0yWmhZbUkzWTJZNU1TSXNJbkJoZVdWbElqcDdJbkJoY25SNVNXUkpibVp2SWpwN0luQmhjblI1U1dSVWVYQmxJam9pVFZOSlUwUk9JaXdpY0dGeWRIbEpaR1Z1ZEdsbWFXVnlJam9pTVRjd016azRNVEU1TURJaUxDSm1jM0JKWkNJNkluQmhlV1ZsWm5Od0luMTlMQ0p3WVhsbGNpSTZleUp3WVhKMGVVbGtTVzVtYnlJNmV5SndZWEowZVVsa1ZIbHdaU0k2SWsxVFNWTkVUaUlzSW5CaGNuUjVTV1JsYm5ScFptbGxjaUk2SWpRME1USXpORFUyTnpnNUlpd2labk53U1dRaU9pSjBaWE4wYVc1bmRHOXZiR3RwZEdSbWMzQWlmU3dpY0dWeWMyOXVZV3hKYm1adklqcDdJbU52YlhCc1pYaE9ZVzFsSWpwN0ltWnBjbk4wVG1GdFpTSTZJa1pwY25OMGJtRnRaUzFVWlhOMElpd2liR0Z6ZEU1aGJXVWlPaUpNWVhOMGJtRnRaUzFVWlhOMEluMHNJbVJoZEdWUFprSnBjblJvSWpvaU1UazROQzB3TVMwd01TSjlmU3dpWVcxdmRXNTBJanA3SW1GdGIzVnVkQ0k2SWpFd01DSXNJbU4xY25KbGJtTjVJam9pVlZORUluMHNJblJ5WVc1ellXTjBhVzl1Vkhsd1pTSTZleUp6WTJWdVlYSnBieUk2SWxSU1FVNVRSa1ZTSWl3aWFXNXBkR2xoZEc5eUlqb2lVRUZaUlZJaUxDSnBibWwwYVdGMGIzSlVlWEJsSWpvaVEwOU9VMVZOUlZJaWZYMAA','2023-03-30 15:27:00'),('9c3e87e0-b766-4ed6-865c-7f5e0bbecc96','AYIC9AAAAAAAABdwHWcucGF5ZWVmc3AubXNpc2RuLjIyNTU2OTk5MTI1ggLKZXlKMGNtRnVjMkZqZEdsdmJrbGtJam9pWmpRMFltUmtOV010WXpreE1DMDBZVGt3TFRoa05qa3RaR0ppWVRaaVl6aGxZVFpqSWl3aWNYVnZkR1ZKWkNJNklqVTBaRFZtTURsaUxXRTBOMlF0TkRCa05pMWhZVEEzTFdFNVkyWXpZbUl5TkRsaFpDSXNJbkJoZVdWbElqcDdJbkJoY25SNVNXUkpibVp2SWpwN0luQmhjblI1U1dSVWVYQmxJam9pVFZOSlUwUk9JaXdpY0dGeWRIbEpaR1Z1ZEdsbWFXVnlJam9pTWpJMU5UWTVPVGt4TWpVaUxDSm1jM0JKWkNJNkluQmhlV1ZsWm5Od0luMTlMQ0p3WVhsbGNpSTZleUp3WVhKMGVVbGtTVzVtYnlJNmV5SndZWEowZVVsa1ZIbHdaU0k2SWsxVFNWTkVUaUlzSW5CaGNuUjVTV1JsYm5ScFptbGxjaUk2SWpJeU5UQTNNREE0TVRneElpd2labk53U1dRaU9pSndZWGxsY21aemNDSjlMQ0p3WlhKemIyNWhiRWx1Wm04aU9uc2lZMjl0Y0d4bGVFNWhiV1VpT25zaVptbHljM1JPWVcxbElqb2lUV0YwY3lJc0lteGhjM1JPWVcxbElqb2lTR0ZuYldGdUluMHNJbVJoZEdWUFprSnBjblJvSWpvaU1UazRNeTB4TUMweU5TSjlmU3dpWVcxdmRXNTBJanA3SW1GdGIzVnVkQ0k2SWpZd0lpd2lZM1Z5Y21WdVkza2lPaUpWVTBRaWZTd2lkSEpoYm5OaFkzUnBiMjVVZVhCbElqcDdJbk5qWlc1aGNtbHZJam9pVkZKQlRsTkdSVklpTENKcGJtbDBhV0YwYjNJaU9pSlFRVmxGVWlJc0ltbHVhWFJwWVhSdmNsUjVjR1VpT2lKRFQwNVRWVTFGVWlKOWZRAA','2023-03-30 15:39:52'),('9c47ba06-8d93-4f25-a42b-57953a7727e2','AYIENAAAAAAAAFJ3HWcudGVzdGZzcDEubXNpc2RuLjE3MDM5ODExOTAzggQKZXlKMGNtRnVjMkZqZEdsdmJrbGtJam9pT1dNME4ySmhNRFl0T0dRNU15MDBaakkxTFdFME1tSXROVGM1TlROaE56Y3lOMlV5SWl3aWNYVnZkR1ZKWkNJNkltUmtabUk1WW1FeExUZzFNell0Tkdaak5pMWlNR001TFRFNE1UWTRabVUxTkRBME15SXNJbkJoZVdWbElqcDdJbkJoY25SNVNXUkpibVp2SWpwN0luQmhjblI1U1dSVWVYQmxJam9pVFZOSlUwUk9JaXdpY0dGeWRIbEpaR1Z1ZEdsbWFXVnlJam9pTVRjd016azRNVEU1TURNaUxDSm1jM0JKWkNJNkluUmxjM1JtYzNBeElpd2laWGgwWlc1emFXOXVUR2x6ZENJNmV5SmxlSFJsYm5OcGIyNGlPbHQ3SW10bGVTSTZJbUZqWTI5MWJuUlVlWEJsSWl3aWRtRnNkV1VpT2lKWFlXeHNaWFFpZlYxOWZTd2ljR1Z5YzI5dVlXeEpibVp2SWpwN0ltTnZiWEJzWlhoT1lXMWxJanA3SW1acGNuTjBUbUZ0WlNJNklsUmxjM1JtYzNBeFJtbHljM1FpTENKdGFXUmtiR1ZPWVcxbElqb2lWR1Z6ZEdaemNERk5hV1JrYkdVaUxDSnNZWE4wVG1GdFpTSTZJbFJsYzNSbWMzQXhUR0Z6ZENKOUxDSmtZWFJsVDJaQ2FYSjBhQ0k2SWpJd01UQXRNVEF0TVRBaWZYMHNJbkJoZVdWeUlqcDdJbkJoY25SNVNXUkpibVp2SWpwN0luQmhjblI1U1dSVWVYQmxJam9pVFZOSlUwUk9JaXdpY0dGeWRIbEpaR1Z1ZEdsbWFXVnlJam9pTVRjd016azRNVEU1TURRaUxDSm1jM0JKWkNJNkluUmxjM1JtYzNBeUlpd2laWGgwWlc1emFXOXVUR2x6ZENJNmV5SmxlSFJsYm5OcGIyNGlPbHQ3SW10bGVTSTZJbUZqWTI5MWJuUlVlWEJsSWl3aWRtRnNkV1VpT2lKWFlXeHNaWFFpZlYxOWZTd2libUZ0WlNJNkluUmxjM1JtYzNBeVYyRnNiR1YwUm01aGJXVWdkR1Z6ZEdaemNESlhZV3hzWlhSTWJtRnRaU0o5TENKaGJXOTFiblFpT25zaVlXMXZkVzUwSWpvaU1qRXhMakV4SWl3aVkzVnljbVZ1WTNraU9pSkpUbElpZlN3aWRISmhibk5oWTNScGIyNVVlWEJsSWpwN0luTmpaVzVoY21sdklqb2lWRkpCVGxOR1JWSWlMQ0pwYm1sMGFXRjBiM0lpT2lKUVFWbEZVaUlzSW1sdWFYUnBZWFJ2Y2xSNWNHVWlPaUpEVDA1VFZVMUZVaUo5ZlEA','2023-03-30 15:39:13'),('9d033cde-1c26-4dd7-88d9-297162236910','AYIC9AAAAAAAABdwHWcucGF5ZWVmc3AubXNpc2RuLjIyNTU2OTk5MTI1ggLKZXlKMGNtRnVjMkZqZEdsdmJrbGtJam9pWmpRMFltUmtOV010WXpreE1DMDBZVGt3TFRoa05qa3RaR0ppWVRaaVl6aGxZVFpqSWl3aWNYVnZkR1ZKWkNJNklqVTBaRFZtTURsaUxXRTBOMlF0TkRCa05pMWhZVEEzTFdFNVkyWXpZbUl5TkRsaFpDSXNJbkJoZVdWbElqcDdJbkJoY25SNVNXUkpibVp2SWpwN0luQmhjblI1U1dSVWVYQmxJam9pVFZOSlUwUk9JaXdpY0dGeWRIbEpaR1Z1ZEdsbWFXVnlJam9pTWpJMU5UWTVPVGt4TWpVaUxDSm1jM0JKWkNJNkluQmhlV1ZsWm5Od0luMTlMQ0p3WVhsbGNpSTZleUp3WVhKMGVVbGtTVzVtYnlJNmV5SndZWEowZVVsa1ZIbHdaU0k2SWsxVFNWTkVUaUlzSW5CaGNuUjVTV1JsYm5ScFptbGxjaUk2SWpJeU5UQTNNREE0TVRneElpd2labk53U1dRaU9pSndZWGxsY21aemNDSjlMQ0p3WlhKemIyNWhiRWx1Wm04aU9uc2lZMjl0Y0d4bGVFNWhiV1VpT25zaVptbHljM1JPWVcxbElqb2lUV0YwY3lJc0lteGhjM1JPWVcxbElqb2lTR0ZuYldGdUluMHNJbVJoZEdWUFprSnBjblJvSWpvaU1UazRNeTB4TUMweU5TSjlmU3dpWVcxdmRXNTBJanA3SW1GdGIzVnVkQ0k2SWpZd0lpd2lZM1Z5Y21WdVkza2lPaUpWVTBRaWZTd2lkSEpoYm5OaFkzUnBiMjVVZVhCbElqcDdJbk5qWlc1aGNtbHZJam9pVkZKQlRsTkdSVklpTENKcGJtbDBhV0YwYjNJaU9pSlFRVmxGVWlJc0ltbHVhWFJwWVhSdmNsUjVjR1VpT2lKRFQwNVRWVTFGVWlKOWZRAA','2023-03-30 15:39:48'),('9db2b4bf-209e-4504-a01b-b9025edf7bf4','AYIDBQAAAAAAACcQJGcucGF5ZWVmc3AubXNpc2RuLnt7cmVjZWl2ZXJtc2lzZG59fYIC1GV5SjBjbUZ1YzJGamRHbHZia2xrSWpvaVptVXhNREU0Wm1NdE1EaGxZeTAwWWpJM0xUbGpZalF0TnpjMk9URTFNR00zT1dKaklpd2ljWFZ2ZEdWSlpDSTZJbVpsTVRBeE9HWmpMVEE0WldNdE5HSXlOeTA1WTJJMExUYzNOamt4TlRCak56bGlZeUlzSW5CaGVXVmxJanA3SW5CaGNuUjVTV1JKYm1adklqcDdJbkJoY25SNVNXUlVlWEJsSWpvaVRWTkpVMFJPSWl3aWNHRnlkSGxKWkdWdWRHbG1hV1Z5SWpvaWUzdHlaV05sYVhabGNrMVRTVk5FVG4xOUlpd2labk53U1dRaU9pSndZWGxsWldaemNDSjlmU3dpY0dGNVpYSWlPbnNpY0dGeWRIbEpaRWx1Wm04aU9uc2ljR0Z5ZEhsSlpGUjVjR1VpT2lKTlUwbFRSRTRpTENKd1lYSjBlVWxrWlc1MGFXWnBaWElpT2lJeU56Y3hNemd3TXprd05TSXNJbVp6Y0Vsa0lqb2ljR0Y1WlhKbWMzQWlmU3dpY0dWeWMyOXVZV3hKYm1adklqcDdJbU52YlhCc1pYaE9ZVzFsSWpwN0ltWnBjbk4wVG1GdFpTSTZJazFoZEhNaUxDSnNZWE4wVG1GdFpTSTZJa2hoWjIxaGJpSjlMQ0prWVhSbFQyWkNhWEowYUNJNklqRTVPRE10TVRBdE1qVWlmWDBzSW1GdGIzVnVkQ0k2ZXlKaGJXOTFiblFpT2lJeE1EQWlMQ0pqZFhKeVpXNWplU0k2SWxWVFJDSjlMQ0owY21GdWMyRmpkR2x2YmxSNWNHVWlPbnNpYzJObGJtRnlhVzhpT2lKVVVrRk9VMFpGVWlJc0ltbHVhWFJwWVhSdmNpSTZJbEJCV1VWU0lpd2lhVzVwZEdsaGRHOXlWSGx3WlNJNklrTlBUbE5WVFVWU0luMTkA','2023-03-30 15:27:35'),('9ee476bf-d4dc-4415-92ac-189ea74f75ef','AYIDDAAAAAAAACcQHWcudGVzdGZzcDIubXNpc2RuLjE3MDM5ODExOTA0ggLiZXlKMGNtRnVjMkZqZEdsdmJrbGtJam9pT1dWbE5EYzJZbVl0WkRSa1l5MDBOREUxTFRreVlXTXRNVGc1WldFM05HWTNOV1ZtSWl3aWNYVnZkR1ZKWkNJNklqQXpZemRrWkRKakxUWXdObVl0TkRjek1DMWlZelZqTFRZNE1tSTNaRFV4WmpKbU9DSXNJbkJoZVdWbElqcDdJbkJoY25SNVNXUkpibVp2SWpwN0luQmhjblI1U1dSVWVYQmxJam9pVFZOSlUwUk9JaXdpY0dGeWRIbEpaR1Z1ZEdsbWFXVnlJam9pTVRjd016azRNVEU1TURRaUxDSm1jM0JKWkNJNkluUmxjM1JtYzNBeUluMTlMQ0p3WVhsbGNpSTZleUp3WVhKMGVVbGtTVzVtYnlJNmV5SndZWEowZVVsa1ZIbHdaU0k2SWsxVFNWTkVUaUlzSW5CaGNuUjVTV1JsYm5ScFptbGxjaUk2SWpFM01ETTVPREV4T1RBeklpd2labk53U1dRaU9pSjBaWE4wWm5Od01TSjlMQ0p3WlhKemIyNWhiRWx1Wm04aU9uc2lZMjl0Y0d4bGVFNWhiV1VpT25zaVptbHljM1JPWVcxbElqb2lSbWx5YzNSdVlXMWxMVlJsYzNRaUxDSnNZWE4wVG1GdFpTSTZJa3hoYzNSdVlXMWxMVlJsYzNRaWZTd2laR0YwWlU5bVFtbHlkR2dpT2lJeE9UZzBMVEF4TFRBeEluMTlMQ0poYlc5MWJuUWlPbnNpWVcxdmRXNTBJam9pTVRBd0lpd2lZM1Z5Y21WdVkza2lPaUpWVTBRaWZTd2lkSEpoYm5OaFkzUnBiMjVVZVhCbElqcDdJbk5qWlc1aGNtbHZJam9pVkZKQlRsTkdSVklpTENKcGJtbDBhV0YwYjNJaU9pSlFRVmxGVWlJc0ltbHVhWFJwWVhSdmNsUjVjR1VpT2lKRFQwNVRWVTFGVWlKOWZRAA','2023-03-30 15:27:39'),('9ff2ceb6-22ab-4db0-8623-82833769028c','AYIDDAAAAAAAACcQHWcudGVzdGZzcDIubXNpc2RuLjE3MDM5ODExOTA0ggLiZXlKMGNtRnVjMkZqZEdsdmJrbGtJam9pT1dabU1tTmxZall0TWpKaFlpMDBaR0l3TFRnMk1qTXRPREk0TXpNM05qa3dNamhqSWl3aWNYVnZkR1ZKWkNJNklqWmtOVFJqWm1SbUxXWXdNRGd0TkdVeFlTMWlPR1ptTFRRelpUTXhOekZtWmpReU9TSXNJbkJoZVdWbElqcDdJbkJoY25SNVNXUkpibVp2SWpwN0luQmhjblI1U1dSVWVYQmxJam9pVFZOSlUwUk9JaXdpY0dGeWRIbEpaR1Z1ZEdsbWFXVnlJam9pTVRjd016azRNVEU1TURRaUxDSm1jM0JKWkNJNkluUmxjM1JtYzNBeUluMTlMQ0p3WVhsbGNpSTZleUp3WVhKMGVVbGtTVzVtYnlJNmV5SndZWEowZVVsa1ZIbHdaU0k2SWsxVFNWTkVUaUlzSW5CaGNuUjVTV1JsYm5ScFptbGxjaUk2SWpFM01ETTVPREV4T1RBeklpd2labk53U1dRaU9pSjBaWE4wWm5Od01TSjlMQ0p3WlhKemIyNWhiRWx1Wm04aU9uc2lZMjl0Y0d4bGVFNWhiV1VpT25zaVptbHljM1JPWVcxbElqb2lSbWx5YzNSdVlXMWxMVlJsYzNRaUxDSnNZWE4wVG1GdFpTSTZJa3hoYzNSdVlXMWxMVlJsYzNRaWZTd2laR0YwWlU5bVFtbHlkR2dpT2lJeE9UZzBMVEF4TFRBeEluMTlMQ0poYlc5MWJuUWlPbnNpWVcxdmRXNTBJam9pTVRBd0lpd2lZM1Z5Y21WdVkza2lPaUpWVTBRaWZTd2lkSEpoYm5OaFkzUnBiMjVVZVhCbElqcDdJbk5qWlc1aGNtbHZJam9pVkZKQlRsTkdSVklpTENKcGJtbDBhV0YwYjNJaU9pSlFRVmxGVWlJc0ltbHVhWFJwWVhSdmNsUjVjR1VpT2lKRFQwNVRWVTFGVWlKOWZRAA','2023-03-30 15:27:38'),('a01f0624-00f2-4052-88aa-c358853b2472','AYIDaAAAAAAAACcQG2cudHRrc2ltMy5tc2lzZG4uNTY3MTAwMDAwNYIDQGV5SjBjbUZ1YzJGamRHbHZia2xrSWpvaVlUQXhaakEyTWpRdE1EQm1NaTAwTURVeUxUZzRZV0V0WXpNMU9EZzFNMkl5TkRjeUlpd2ljWFZ2ZEdWSlpDSTZJbUV3TVdZd05qSTBMVEF3WmpJdE5EQTFNaTA0T0dGaExXTXpOVGc0TlROaU1qUTNNaUlzSW5CaGVXVmxJanA3SW5CaGNuUjVTV1JKYm1adklqcDdJbkJoY25SNVNXUlVlWEJsSWpvaVRWTkpVMFJPSWl3aWNHRnlkSGxKWkdWdWRHbG1hV1Z5SWpvaU5UWTNNVEF3TURBd05TSXNJbVp6Y0Vsa0lqb2lkSFJyYzJsdE15SjlMQ0p3WlhKemIyNWhiRWx1Wm04aU9uc2lZMjl0Y0d4bGVFNWhiV1VpT25zaVptbHljM1JPWVcxbElqb2lVbVZqWldsMlpYSkdhWEp6ZENJc0ltMXBaR1JzWlU1aGJXVWlPaUpTWldObGFYWmxjazFwWkdSc1pTSXNJbXhoYzNST1lXMWxJam9pVW1WalpXbDJaWEpNWVhOMEluMHNJbVJoZEdWUFprSnBjblJvSWpvaU1UazROQzB3TVMwd01TSjlMQ0p1WVcxbElqb2lVbVZqWldsMlpYSkdhWEp6ZENCU1pXTmxhWFpsY2t4aGMzUWlmU3dpY0dGNVpYSWlPbnNpY0dGeWRIbEpaRWx1Wm04aU9uc2ljR0Z5ZEhsSlpGUjVjR1VpT2lKTlUwbFRSRTRpTENKd1lYSjBlVWxrWlc1MGFXWnBaWElpT2lJeE5qRXpOVFUxTVRJeE1pSXNJbVp6Y0Vsa0lqb2lkSFJyYzJsdE1TSjlmU3dpWVcxdmRXNTBJanA3SW1GdGIzVnVkQ0k2SWpFd01DSXNJbU4xY25KbGJtTjVJam9pVkZwVEluMHNJblJ5WVc1ellXTjBhVzl1Vkhsd1pTSTZleUp6WTJWdVlYSnBieUk2SWxSU1FVNVRSa1ZTSWl3aWFXNXBkR2xoZEc5eUlqb2lVRUZaUlZJaUxDSnBibWwwYVdGMGIzSlVlWEJsSWpvaVEwOU9VMVZOUlZJaWZTd2libTkwWlNJNklpSjkA','2023-03-30 15:44:12'),('a0d25aaa-ffb7-4d10-b291-1e413af79f26','AYIDBQAAAAAAACcQJGcucGF5ZWVmc3AubXNpc2RuLnt7cmVjZWl2ZXJtc2lzZG59fYIC1GV5SjBjbUZ1YzJGamRHbHZia2xrSWpvaVptVXhNREU0Wm1NdE1EaGxZeTAwWWpJM0xUbGpZalF0TnpjMk9URTFNR00zT1dKaklpd2ljWFZ2ZEdWSlpDSTZJbVpsTVRBeE9HWmpMVEE0WldNdE5HSXlOeTA1WTJJMExUYzNOamt4TlRCak56bGlZeUlzSW5CaGVXVmxJanA3SW5CaGNuUjVTV1JKYm1adklqcDdJbkJoY25SNVNXUlVlWEJsSWpvaVRWTkpVMFJPSWl3aWNHRnlkSGxKWkdWdWRHbG1hV1Z5SWpvaWUzdHlaV05sYVhabGNrMVRTVk5FVG4xOUlpd2labk53U1dRaU9pSndZWGxsWldaemNDSjlmU3dpY0dGNVpYSWlPbnNpY0dGeWRIbEpaRWx1Wm04aU9uc2ljR0Z5ZEhsSlpGUjVjR1VpT2lKTlUwbFRSRTRpTENKd1lYSjBlVWxrWlc1MGFXWnBaWElpT2lJeU56Y3hNemd3TXprd05TSXNJbVp6Y0Vsa0lqb2ljR0Y1WlhKbWMzQWlmU3dpY0dWeWMyOXVZV3hKYm1adklqcDdJbU52YlhCc1pYaE9ZVzFsSWpwN0ltWnBjbk4wVG1GdFpTSTZJazFoZEhNaUxDSnNZWE4wVG1GdFpTSTZJa2hoWjIxaGJpSjlMQ0prWVhSbFQyWkNhWEowYUNJNklqRTVPRE10TVRBdE1qVWlmWDBzSW1GdGIzVnVkQ0k2ZXlKaGJXOTFiblFpT2lJeE1EQWlMQ0pqZFhKeVpXNWplU0k2SWxWVFJDSjlMQ0owY21GdWMyRmpkR2x2YmxSNWNHVWlPbnNpYzJObGJtRnlhVzhpT2lKVVVrRk9VMFpGVWlJc0ltbHVhWFJwWVhSdmNpSTZJbEJCV1VWU0lpd2lhVzVwZEdsaGRHOXlWSGx3WlNJNklrTlBUbE5WVFVWU0luMTkA','2023-03-30 15:27:31'),('a1af1ee3-6e7a-470b-ba12-6084e444b7aa','AYIEGAAAAAAAABGUHWcudGVzdGZzcDQubXNpc2RuLjE3ODkxMjM5ODcyggPuZXlKMGNtRnVjMkZqZEdsdmJrbGtJam9pWVRGaFpqRmxaVE10Tm1VM1lTMDBOekJpTFdKaE1USXROakE0TkdVME5EUmlOMkZoSWl3aWNYVnZkR1ZKWkNJNklqRmhOakpoWWpSaExXWTBPRFl0TkRNelpTMDRNelZtTFdKalpUbGpOMkkwWW1RM09DSXNJbkJoZVdWbElqcDdJbkJoY25SNVNXUkpibVp2SWpwN0luQmhjblI1U1dSVWVYQmxJam9pVFZOSlUwUk9JaXdpY0dGeWRIbEpaR1Z1ZEdsbWFXVnlJam9pTVRjNE9URXlNems0TnpJaUxDSm1jM0JKWkNJNkluUmxjM1JtYzNBMElpd2laWGgwWlc1emFXOXVUR2x6ZENJNmV5SmxlSFJsYm5OcGIyNGlPbHQ3SW10bGVTSTZJbUZqWTI5MWJuUlVlWEJsSWl3aWRtRnNkV1VpT2lKWFlXeHNaWFFpZlYxOWZTd2ljR1Z5YzI5dVlXeEpibVp2SWpwN0ltTnZiWEJzWlhoT1lXMWxJanA3SW1acGNuTjBUbUZ0WlNJNkluUmxjM1JtYzNBMFYyRnNiR1YwUm01aGJXVWlMQ0pzWVhOMFRtRnRaU0k2SW5SbGMzUm1jM0EwVjJGc2JHVjBURzVoYldVaWZTd2laR0YwWlU5bVFtbHlkR2dpT2lJeE9UZzFMVEExTFRFekluMTlMQ0p3WVhsbGNpSTZleUp3WVhKMGVVbGtTVzVtYnlJNmV5SndZWEowZVVsa1ZIbHdaU0k2SWsxVFNWTkVUaUlzSW5CaGNuUjVTV1JsYm5ScFptbGxjaUk2SWpFM09Ea3hNak01T0Rjeklpd2labk53U1dRaU9pSjBaWE4wWm5Od015SXNJbVY0ZEdWdWMybHZia3hwYzNRaU9uc2laWGgwWlc1emFXOXVJanBiZXlKclpYa2lPaUpoWTJOdmRXNTBWSGx3WlNJc0luWmhiSFZsSWpvaVYyRnNiR1YwSW4xZGZYMHNJbTVoYldVaU9pSjBaWE4wWm5Od00xZGhiR3hsZEVadVlXMWxJSFJsYzNSbWMzQXpWMkZzYkdWMFRHNWhiV1VpZlN3aVlXMXZkVzUwSWpwN0ltRnRiM1Z1ZENJNklqUTFJaXdpWTNWeWNtVnVZM2tpT2lKSlRsSWlmU3dpZEhKaGJuTmhZM1JwYjI1VWVYQmxJanA3SW5OalpXNWhjbWx2SWpvaVZGSkJUbE5HUlZJaUxDSnBibWwwYVdGMGIzSWlPaUpRUVZsRlVpSXNJbWx1YVhScFlYUnZjbFI1Y0dVaU9pSkRUMDVUVlUxRlVpSjlmUQA','2023-03-30 15:39:18'),('a2158d3d-6c3c-4b09-8a11-71bd6b8e8954','AYIDCgAAAAAAAAfQHWcucGF5ZXJmc3AubXNpc2RuLjE3MDM5ODExOTAxggLgZXlKMGNtRnVjMkZqZEdsdmJrbGtJam9pWVRJeE5UaGtNMlF0Tm1Nell5MDBZakE1TFRoaE1URXROekZpWkRaaU9HVTRPVFUwSWl3aWNYVnZkR1ZKWkNJNklqbGpZMlppT1RNMUxXVTVOMlF0TkRKaE5pMWlaamxqTFdSbVpEUmtaamt3T0RWak5TSXNJbkJoZVdWbElqcDdJbkJoY25SNVNXUkpibVp2SWpwN0luQmhjblI1U1dSVWVYQmxJam9pVFZOSlUwUk9JaXdpY0dGeWRIbEpaR1Z1ZEdsbWFXVnlJam9pTVRjd016azRNVEU1TURFaUxDSm1jM0JKWkNJNkluQmhlV1Z5Wm5Od0luMTlMQ0p3WVhsbGNpSTZleUp3WVhKMGVVbGtTVzVtYnlJNmV5SndZWEowZVVsa1ZIbHdaU0k2SWsxVFNWTkVUaUlzSW5CaGNuUjVTV1JsYm5ScFptbGxjaUk2SWpFM01ETTVPREV4T1RBMElpd2labk53U1dRaU9pSjBaWE4wWm5Od01pSjlMQ0p3WlhKemIyNWhiRWx1Wm04aU9uc2lZMjl0Y0d4bGVFNWhiV1VpT25zaVptbHljM1JPWVcxbElqb2lSbWx5YzNSdVlXMWxMVlJsYzNRaUxDSnNZWE4wVG1GdFpTSTZJa3hoYzNSdVlXMWxMVlJsYzNRaWZTd2laR0YwWlU5bVFtbHlkR2dpT2lJeE9UZzBMVEF4TFRBeEluMTlMQ0poYlc5MWJuUWlPbnNpWVcxdmRXNTBJam9pTWpBaUxDSmpkWEp5Wlc1amVTSTZJbFJhVXlKOUxDSjBjbUZ1YzJGamRHbHZibFI1Y0dVaU9uc2ljMk5sYm1GeWFXOGlPaUpVVWtGT1UwWkZVaUlzSW1sdWFYUnBZWFJ2Y2lJNklsQkJXVVZTSWl3aWFXNXBkR2xoZEc5eVZIbHdaU0k2SWtOUFRsTlZUVVZTSW4xOQA','2023-03-30 15:29:23'),('a276a63b-fa23-4bfd-bab8-e0ba1b244bba','AYIDBQAAAAAAACcQJGcucGF5ZWVmc3AubXNpc2RuLnt7cmVjZWl2ZXJtc2lzZG59fYIC1GV5SjBjbUZ1YzJGamRHbHZia2xrSWpvaVptVXhNREU0Wm1NdE1EaGxZeTAwWWpJM0xUbGpZalF0TnpjMk9URTFNR00zT1dKaklpd2ljWFZ2ZEdWSlpDSTZJbVpsTVRBeE9HWmpMVEE0WldNdE5HSXlOeTA1WTJJMExUYzNOamt4TlRCak56bGlZeUlzSW5CaGVXVmxJanA3SW5CaGNuUjVTV1JKYm1adklqcDdJbkJoY25SNVNXUlVlWEJsSWpvaVRWTkpVMFJPSWl3aWNHRnlkSGxKWkdWdWRHbG1hV1Z5SWpvaWUzdHlaV05sYVhabGNrMVRTVk5FVG4xOUlpd2labk53U1dRaU9pSndZWGxsWldaemNDSjlmU3dpY0dGNVpYSWlPbnNpY0dGeWRIbEpaRWx1Wm04aU9uc2ljR0Z5ZEhsSlpGUjVjR1VpT2lKTlUwbFRSRTRpTENKd1lYSjBlVWxrWlc1MGFXWnBaWElpT2lJeU56Y3hNemd3TXprd05TSXNJbVp6Y0Vsa0lqb2ljR0Y1WlhKbWMzQWlmU3dpY0dWeWMyOXVZV3hKYm1adklqcDdJbU52YlhCc1pYaE9ZVzFsSWpwN0ltWnBjbk4wVG1GdFpTSTZJazFoZEhNaUxDSnNZWE4wVG1GdFpTSTZJa2hoWjIxaGJpSjlMQ0prWVhSbFQyWkNhWEowYUNJNklqRTVPRE10TVRBdE1qVWlmWDBzSW1GdGIzVnVkQ0k2ZXlKaGJXOTFiblFpT2lJeE1EQWlMQ0pqZFhKeVpXNWplU0k2SWxWVFJDSjlMQ0owY21GdWMyRmpkR2x2YmxSNWNHVWlPbnNpYzJObGJtRnlhVzhpT2lKVVVrRk9VMFpGVWlJc0ltbHVhWFJwWVhSdmNpSTZJbEJCV1VWU0lpd2lhVzVwZEdsaGRHOXlWSGx3WlNJNklrTlBUbE5WVFVWU0luMTkA','2023-03-30 15:37:02'),('a3b22780-d781-43c7-bf27-3f5d6d9de214','AYIDCgAAAAAAAA2sHWcudGVzdGZzcDEubXNpc2RuLjE3MDM5ODExOTAzggLgZXlKMGNtRnVjMkZqZEdsdmJrbGtJam9pWVROaU1qSTNPREF0WkRjNE1TMDBNMk0zTFdKbU1qY3RNMlkxWkRaa09XUmxNakUwSWl3aWNYVnZkR1ZKWkNJNklqRmlaVGRpWWpoaExXUTFZMlF0TkRRNU5TMWlNalk1TFRJeE9XTmtNbUkyT0RGaE5DSXNJbkJoZVdWbElqcDdJbkJoY25SNVNXUkpibVp2SWpwN0luQmhjblI1U1dSVWVYQmxJam9pVFZOSlUwUk9JaXdpY0dGeWRIbEpaR1Z1ZEdsbWFXVnlJam9pTVRjd016azRNVEU1TURNaUxDSm1jM0JKWkNJNkluUmxjM1JtYzNBeEluMTlMQ0p3WVhsbGNpSTZleUp3WVhKMGVVbGtTVzVtYnlJNmV5SndZWEowZVVsa1ZIbHdaU0k2SWsxVFNWTkVUaUlzSW5CaGNuUjVTV1JsYm5ScFptbGxjaUk2SWpFM01ETTVPREV4T1RBeElpd2labk53U1dRaU9pSndZWGxsY21aemNDSjlMQ0p3WlhKemIyNWhiRWx1Wm04aU9uc2lZMjl0Y0d4bGVFNWhiV1VpT25zaVptbHljM1JPWVcxbElqb2lSbWx5YzNSdVlXMWxMVlJsYzNRaUxDSnNZWE4wVG1GdFpTSTZJa3hoYzNSdVlXMWxMVlJsYzNRaWZTd2laR0YwWlU5bVFtbHlkR2dpT2lJeE9UZzBMVEF4TFRBeEluMTlMQ0poYlc5MWJuUWlPbnNpWVcxdmRXNTBJam9pTXpVaUxDSmpkWEp5Wlc1amVTSTZJbFZUUkNKOUxDSjBjbUZ1YzJGamRHbHZibFI1Y0dVaU9uc2ljMk5sYm1GeWFXOGlPaUpVVWtGT1UwWkZVaUlzSW1sdWFYUnBZWFJ2Y2lJNklsQkJXVVZTSWl3aWFXNXBkR2xoZEc5eVZIbHdaU0k2SWtOUFRsTlZUVVZTSW4xOQA','2023-03-30 15:38:01'),('a3dbb28e-ab25-4b74-ac3e-e4a95a4bbe1a','AYIDIAAAAAAAACg8IGcudHRrcGF5ZWVmc3AubXNpc2RuLjQ0MTIzNDU2Nzg5ggLzZXlKMGNtRnVjMkZqZEdsdmJrbGtJam9pWVROa1ltSXlPR1V0WVdJeU5TMDBZamMwTFdGak0yVXRaVFJoT1RWaE5HSmlaVEZoSWl3aWNYVnZkR1ZKWkNJNkltRXlaVEJrTm1KakxUWTVOelV0TkdJek9DMWlZMk5pTFRFeE16VTFabVU0TnpVMlppSXNJbkJoZVdWbElqcDdJbkJoY25SNVNXUkpibVp2SWpwN0luQmhjblI1U1dSVWVYQmxJam9pVFZOSlUwUk9JaXdpY0dGeWRIbEpaR1Z1ZEdsbWFXVnlJam9pTkRReE1qTTBOVFkzT0RraUxDSm1jM0JKWkNJNkluUjBhM0JoZVdWbFpuTndJbjE5TENKd1lYbGxjaUk2ZXlKd1lYSjBlVWxrU1c1bWJ5STZleUp3WVhKMGVVbGtWSGx3WlNJNklrMVRTVk5FVGlJc0luQmhjblI1U1dSbGJuUnBabWxsY2lJNklqUTBNVEl6TkRVMk56ZzVJaXdpWm5Od1NXUWlPaUowWlhOMGFXNW5kRzl2Ykd0cGRHUm1jM0FpZlN3aWNHVnljMjl1WVd4SmJtWnZJanA3SW1OdmJYQnNaWGhPWVcxbElqcDdJbVpwY25OMFRtRnRaU0k2SWtacGNuTjBibUZ0WlMxVVpYTjBJaXdpYkdGemRFNWhiV1VpT2lKTVlYTjBibUZ0WlMxVVpYTjBJbjBzSW1SaGRHVlBaa0pwY25Sb0lqb2lNVGs0TkMwd01TMHdNU0o5ZlN3aVlXMXZkVzUwSWpwN0ltTjFjbkpsYm1ONUlqb2lWVk5FSWl3aVlXMXZkVzUwSWpvaU1UQXpJbjBzSW5SeVlXNXpZV04wYVc5dVZIbHdaU0k2ZXlKelkyVnVZWEpwYnlJNklsUlNRVTVUUmtWU0lpd2lhVzVwZEdsaGRHOXlJam9pVUVGWlJWSWlMQ0pwYm1sMGFXRjBiM0pVZVhCbElqb2lRMDlPVTFWTlJWSWlmWDAA','2023-03-30 15:27:57'),('a5d4ee2f-b2d7-46ca-a8d6-d56fff0fac5b','AYIDTAAAAAAAAAPoHWcucGF5ZWVmc3AubXNpc2RuLjE3MDM5ODExOTAyggMiZXlKMGNtRnVjMkZqZEdsdmJrbGtJam9pWVRWa05HVmxNbVl0WWpKa055MDBObU5oTFdFNFpEWXRaRFUyWm1abU1HWmhZelZpSWl3aWNYVnZkR1ZKWkNJNkltRmxPVFEzTWpoa0xUaGtNMlF0TkRNME5pMWlOall3TFdZM09ETmxPV1UwWTJZMU5TSXNJbkJoZVdWbElqcDdJbkJoY25SNVNXUkpibVp2SWpwN0luQmhjblI1U1dSVWVYQmxJam9pVFZOSlUwUk9JaXdpY0dGeWRIbEpaR1Z1ZEdsbWFXVnlJam9pTVRjd016azRNVEU1TURJaUxDSm1jM0JKWkNJNkluQmhlV1ZsWm5Od0luMHNJbkJsY25OdmJtRnNTVzVtYnlJNmV5SmpiMjF3YkdWNFRtRnRaU0k2ZXlKbWFYSnpkRTVoYldVaU9pSlFZWGxsWlVacGNuTjBJaXdpYldsa1pHeGxUbUZ0WlNJNklsQmhlV1ZsVFdsa1pHeGxJaXdpYkdGemRFNWhiV1VpT2lKUVlYbGxaVXhoYzNRaWZTd2laR0YwWlU5bVFtbHlkR2dpT2lJeU1ERXdMVEV3TFRFd0luMTlMQ0p3WVhsbGNpSTZleUp3WVhKMGVVbGtTVzVtYnlJNmV5SndZWEowZVVsa1ZIbHdaU0k2SWsxVFNWTkVUaUlzSW5CaGNuUjVTV1JsYm5ScFptbGxjaUk2SWpFM01ETTVPREV4T1RBeElpd2labk53U1dRaU9pSndZWGxsY21aemNDSjlMQ0p1WVcxbElqb2lVR0Y1WlhKR2FYSnpkQ0JRWVhsbGNreGhjM1FpZlN3aVlXMXZkVzUwSWpwN0ltRnRiM1Z1ZENJNklqRXdJaXdpWTNWeWNtVnVZM2tpT2lKVlUwUWlmU3dpZEhKaGJuTmhZM1JwYjI1VWVYQmxJanA3SW5OalpXNWhjbWx2SWpvaVZGSkJUbE5HUlZJaUxDSnBibWwwYVdGMGIzSWlPaUpRUVZsRlVpSXNJbWx1YVhScFlYUnZjbFI1Y0dVaU9pSkRUMDVUVlUxRlVpSjlmUQA','2023-03-30 15:37:25'),('a6557169-a9cc-434d-aa97-84a72991348c','AYIEMgAAAAAAAAWNHWcudGVzdGZzcDEubXNpc2RuLjE3MDM5ODExOTAzggQIZXlKMGNtRnVjMkZqZEdsdmJrbGtJam9pWVRZMU5UY3hOamt0WVRsall5MDBNelJrTFdGaE9UY3RPRFJoTnpJNU9URXpORGhqSWl3aWNYVnZkR1ZKWkNJNklqRTRNekU1Tm1NM0xUTTBObVF0TkROallTMWlZVGd4TFRNMk1XUm1NRE0yWVdSaE5pSXNJbkJoZVdWbElqcDdJbkJoY25SNVNXUkpibVp2SWpwN0luQmhjblI1U1dSVWVYQmxJam9pVFZOSlUwUk9JaXdpY0dGeWRIbEpaR1Z1ZEdsbWFXVnlJam9pTVRjd016azRNVEU1TURNaUxDSm1jM0JKWkNJNkluUmxjM1JtYzNBeElpd2laWGgwWlc1emFXOXVUR2x6ZENJNmV5SmxlSFJsYm5OcGIyNGlPbHQ3SW10bGVTSTZJbUZqWTI5MWJuUlVlWEJsSWl3aWRtRnNkV1VpT2lKWFlXeHNaWFFpZlYxOWZTd2ljR1Z5YzI5dVlXeEpibVp2SWpwN0ltTnZiWEJzWlhoT1lXMWxJanA3SW1acGNuTjBUbUZ0WlNJNklsUmxjM1JtYzNBeFJtbHljM1FpTENKdGFXUmtiR1ZPWVcxbElqb2lWR1Z6ZEdaemNERk5hV1JrYkdVaUxDSnNZWE4wVG1GdFpTSTZJbFJsYzNSbWMzQXhUR0Z6ZENKOUxDSmtZWFJsVDJaQ2FYSjBhQ0k2SWpJd01UQXRNVEF0TVRBaWZYMHNJbkJoZVdWeUlqcDdJbkJoY25SNVNXUkpibVp2SWpwN0luQmhjblI1U1dSVWVYQmxJam9pVFZOSlUwUk9JaXdpY0dGeWRIbEpaR1Z1ZEdsbWFXVnlJam9pTVRjNE9URXlNems0TnpNaUxDSm1jM0JKWkNJNkluUmxjM1JtYzNBeklpd2laWGgwWlc1emFXOXVUR2x6ZENJNmV5SmxlSFJsYm5OcGIyNGlPbHQ3SW10bGVTSTZJbUZqWTI5MWJuUlVlWEJsSWl3aWRtRnNkV1VpT2lKWFlXeHNaWFFpZlYxOWZTd2libUZ0WlNJNkluUmxjM1JtYzNBelYyRnNiR1YwUm01aGJXVWdkR1Z6ZEdaemNETlhZV3hzWlhSTWJtRnRaU0o5TENKaGJXOTFiblFpT25zaVlXMXZkVzUwSWpvaU1UUXVNakVpTENKamRYSnlaVzVqZVNJNklrbE9VaUo5TENKMGNtRnVjMkZqZEdsdmJsUjVjR1VpT25zaWMyTmxibUZ5YVc4aU9pSlVVa0ZPVTBaRlVpSXNJbWx1YVhScFlYUnZjaUk2SWxCQldVVlNJaXdpYVc1cGRHbGhkRzl5Vkhsd1pTSTZJa05QVGxOVlRVVlNJbjE5AA','2023-03-30 15:30:02'),('a6609fd8-48d6-4b38-b9ec-dd28be340ae9','AYIDGQAAAAAAACcQHWcucGF5ZWVmc3AubXNpc2RuLjI3NzEzODAzOTEyggLvZXlKMGNtRnVjMkZqZEdsdmJrbGtJam9pWVRZMk1EbG1aRGd0TkRoa05pMDBZak00TFdJNVpXTXRaR1F5T0dKbE16UXdZV1U1SWl3aWNYVnZkR1ZKWkNJNklqRmxaVEZqTXpJd0xUY3pPVEl0TkdZNE9TMWlPR1kwTFRrMU1EazNZbUpqTjJWak5pSXNJbkJoZVdWbElqcDdJbkJoY25SNVNXUkpibVp2SWpwN0luQmhjblI1U1dSVWVYQmxJam9pVFZOSlUwUk9JaXdpY0dGeWRIbEpaR1Z1ZEdsbWFXVnlJam9pTWpjM01UTTRNRE01TVRJaUxDSm1jM0JKWkNJNkluQmhlV1ZsWm5Od0luMTlMQ0p3WVhsbGNpSTZleUp3WVhKMGVVbGtTVzVtYnlJNmV5SndZWEowZVVsa1ZIbHdaU0k2SWsxVFNWTkVUaUlzSW5CaGNuUjVTV1JsYm5ScFptbGxjaUk2SWpRME1USXpORFUyTnpnNUlpd2labk53U1dRaU9pSjBaWE4wYVc1bmRHOXZiR3RwZEdSbWMzQWlmU3dpY0dWeWMyOXVZV3hKYm1adklqcDdJbU52YlhCc1pYaE9ZVzFsSWpwN0ltWnBjbk4wVG1GdFpTSTZJa1pwY25OMGJtRnRaUzFVWlhOMElpd2liR0Z6ZEU1aGJXVWlPaUpNWVhOMGJtRnRaUzFVWlhOMEluMHNJbVJoZEdWUFprSnBjblJvSWpvaU1UazROQzB3TVMwd01TSjlmU3dpWVcxdmRXNTBJanA3SW1GdGIzVnVkQ0k2SWpFd01DSXNJbU4xY25KbGJtTjVJam9pVlZORUluMHNJblJ5WVc1ellXTjBhVzl1Vkhsd1pTSTZleUp6WTJWdVlYSnBieUk2SWxSU1FVNVRSa1ZTSWl3aWFXNXBkR2xoZEc5eUlqb2lVRUZaUlZJaUxDSnBibWwwYVdGMGIzSlVlWEJsSWpvaVEwOU9VMVZOUlZJaWZYMAA','2023-03-30 15:26:34'),('a7ffc724-a797-479e-8b3d-5bf82621e1ba','AYIDPAAAAAAAACcQIGcucGF5ZWVmc3AubXNpc2RuLjI3NzEzODAzOTEyLjMwggMPZXlKMGNtRnVjMkZqZEdsdmJrbGtJam9pWVRkbVptTTNNalF0WVRjNU55MDBOemxsTFRoaU0yUXROV0ptT0RJMk1qRmxNV0poSWl3aWNYVnZkR1ZKWkNJNklqTXlZakpsWkRFMkxUZ3hZMk10TkRObFl5MDVNRFF3TFRZellqUTNOMkU0TTJVd09TSXNJbkJoZVdWbElqcDdJbkJoY25SNVNXUkpibVp2SWpwN0luQmhjblI1U1dSVWVYQmxJam9pVFZOSlUwUk9JaXdpY0dGeWRIbEpaR1Z1ZEdsbWFXVnlJam9pTWpjM01UTTRNRE01TVRJaUxDSndZWEowZVZOMVlrbGtUM0pVZVhCbElqb2lNekFpTENKbWMzQkpaQ0k2SW5CaGVXVmxabk53SW4xOUxDSndZWGxsY2lJNmV5SndZWEowZVVsa1NXNW1ieUk2ZXlKd1lYSjBlVWxrVkhsd1pTSTZJazFUU1ZORVRpSXNJbkJoY25SNVNXUmxiblJwWm1sbGNpSTZJalEwTVRJek5EVTJOemc1SWl3aVpuTndTV1FpT2lKMFpYTjBhVzVuZEc5dmJHdHBkR1JtYzNBaWZTd2ljR1Z5YzI5dVlXeEpibVp2SWpwN0ltTnZiWEJzWlhoT1lXMWxJanA3SW1acGNuTjBUbUZ0WlNJNklrWnBjbk4wYm1GdFpTMVVaWE4wSWl3aWJHRnpkRTVoYldVaU9pSk1ZWE4wYm1GdFpTMVVaWE4wSW4wc0ltUmhkR1ZQWmtKcGNuUm9Jam9pTVRrNE5DMHdNUzB3TVNKOWZTd2lZVzF2ZFc1MElqcDdJbUZ0YjNWdWRDSTZJakV3TUNJc0ltTjFjbkpsYm1ONUlqb2lWVk5FSW4wc0luUnlZVzV6WVdOMGFXOXVWSGx3WlNJNmV5SnpZMlZ1WVhKcGJ5STZJbFJTUVU1VFJrVlNJaXdpYVc1cGRHbGhkRzl5SWpvaVVFRlpSVklpTENKcGJtbDBhV0YwYjNKVWVYQmxJam9pUTA5T1UxVk5SVklpZlgwAA','2023-03-30 15:36:09'),('a95f6dba-0727-4a7e-88e9-4cccc3322368','AYIDHgAABXgCuqH_HWcucGF5ZWVmc3AubXNpc2RuLjE3MDM5ODExOTAyggL0ZXlKMGNtRnVjMkZqZEdsdmJrbGtJam9pWVRrMVpqWmtZbUV0TURjeU55MDBZVGRsTFRnNFpUa3ROR05qWTJNek16SXlNelk0SWl3aWNYVnZkR1ZKWkNJNklqSXpZVFl5TlROaUxXUXpaamd0TkdWaVpDMDRaVFJrTFdRM01qWm1OamRqT1dNd1lTSXNJbkJoZVdWbElqcDdJbkJoY25SNVNXUkpibVp2SWpwN0luQmhjblI1U1dSVWVYQmxJam9pVFZOSlUwUk9JaXdpY0dGeWRIbEpaR1Z1ZEdsbWFXVnlJam9pTVRjd016azRNVEU1TURJaUxDSm1jM0JKWkNJNkluQmhlV1ZsWm5Od0luMTlMQ0p3WVhsbGNpSTZleUp3WVhKMGVVbGtTVzVtYnlJNmV5SndZWEowZVVsa1ZIbHdaU0k2SWsxVFNWTkVUaUlzSW5CaGNuUjVTV1JsYm5ScFptbGxjaUk2SWpRME1USXpORFUyTnpnNUlpd2labk53U1dRaU9pSjBaWE4wYVc1bmRHOXZiR3RwZEdSbWMzQWlmU3dpY0dWeWMyOXVZV3hKYm1adklqcDdJbU52YlhCc1pYaE9ZVzFsSWpwN0ltWnBjbk4wVG1GdFpTSTZJa1pwY25OMGJtRnRaUzFVWlhOMElpd2liR0Z6ZEU1aGJXVWlPaUpNWVhOMGJtRnRaUzFVWlhOMEluMHNJbVJoZEdWUFprSnBjblJvSWpvaU1UazROQzB3TVMwd01TSjlmU3dpWVcxdmRXNTBJanA3SW1GdGIzVnVkQ0k2SWpZd0xqRXlNelFpTENKamRYSnlaVzVqZVNJNklsVlRSQ0o5TENKMGNtRnVjMkZqZEdsdmJsUjVjR1VpT25zaWMyTmxibUZ5YVc4aU9pSlVVa0ZPVTBaRlVpSXNJbWx1YVhScFlYUnZjaUk2SWxCQldVVlNJaXdpYVc1cGRHbGhkRzl5Vkhsd1pTSTZJa05QVGxOVlRVVlNJbjE5AA','2023-03-30 15:28:11'),('acec0c20-c121-4ce0-a79d-413daac8632d','AYIDBQAAAAAAACcQJGcucGF5ZWVmc3AubXNpc2RuLnt7cmVjZWl2ZXJtc2lzZG59fYIC1GV5SjBjbUZ1YzJGamRHbHZia2xrSWpvaVptVXhNREU0Wm1NdE1EaGxZeTAwWWpJM0xUbGpZalF0TnpjMk9URTFNR00zT1dKaklpd2ljWFZ2ZEdWSlpDSTZJbVpsTVRBeE9HWmpMVEE0WldNdE5HSXlOeTA1WTJJMExUYzNOamt4TlRCak56bGlZeUlzSW5CaGVXVmxJanA3SW5CaGNuUjVTV1JKYm1adklqcDdJbkJoY25SNVNXUlVlWEJsSWpvaVRWTkpVMFJPSWl3aWNHRnlkSGxKWkdWdWRHbG1hV1Z5SWpvaWUzdHlaV05sYVhabGNrMVRTVk5FVG4xOUlpd2labk53U1dRaU9pSndZWGxsWldaemNDSjlmU3dpY0dGNVpYSWlPbnNpY0dGeWRIbEpaRWx1Wm04aU9uc2ljR0Z5ZEhsSlpGUjVjR1VpT2lKTlUwbFRSRTRpTENKd1lYSjBlVWxrWlc1MGFXWnBaWElpT2lJeU56Y3hNemd3TXprd05TSXNJbVp6Y0Vsa0lqb2ljR0Y1WlhKbWMzQWlmU3dpY0dWeWMyOXVZV3hKYm1adklqcDdJbU52YlhCc1pYaE9ZVzFsSWpwN0ltWnBjbk4wVG1GdFpTSTZJazFoZEhNaUxDSnNZWE4wVG1GdFpTSTZJa2hoWjIxaGJpSjlMQ0prWVhSbFQyWkNhWEowYUNJNklqRTVPRE10TVRBdE1qVWlmWDBzSW1GdGIzVnVkQ0k2ZXlKaGJXOTFiblFpT2lJeE1EQWlMQ0pqZFhKeVpXNWplU0k2SWxWVFJDSjlMQ0owY21GdWMyRmpkR2x2YmxSNWNHVWlPbnNpYzJObGJtRnlhVzhpT2lKVVVrRk9VMFpGVWlJc0ltbHVhWFJwWVhSdmNpSTZJbEJCV1VWU0lpd2lhVzVwZEdsaGRHOXlWSGx3WlNJNklrTlBUbE5WVFVWU0luMTkA','2023-03-30 15:37:05'),('ad1f51a4-f927-4d9b-94a8-e84108edc2a7','AYIDDAAAAAAAACcQHWcudGVzdGZzcDIubXNpc2RuLjE3MDM5ODExOTA0ggLiZXlKMGNtRnVjMkZqZEdsdmJrbGtJam9pWVdReFpqVXhZVFF0WmpreU55MDBaRGxpTFRrMFlUZ3RaVGcwTVRBNFpXUmpNbUUzSWl3aWNYVnZkR1ZKWkNJNkltVmhZVFkxTVdaaExUTTNabUl0TkRZNE9TMDVNRFF6TFRJd05UazVaR1kxWXpReU5DSXNJbkJoZVdWbElqcDdJbkJoY25SNVNXUkpibVp2SWpwN0luQmhjblI1U1dSVWVYQmxJam9pVFZOSlUwUk9JaXdpY0dGeWRIbEpaR1Z1ZEdsbWFXVnlJam9pTVRjd016azRNVEU1TURRaUxDSm1jM0JKWkNJNkluUmxjM1JtYzNBeUluMTlMQ0p3WVhsbGNpSTZleUp3WVhKMGVVbGtTVzVtYnlJNmV5SndZWEowZVVsa1ZIbHdaU0k2SWsxVFNWTkVUaUlzSW5CaGNuUjVTV1JsYm5ScFptbGxjaUk2SWpFM01ETTVPREV4T1RBeklpd2labk53U1dRaU9pSjBaWE4wWm5Od01TSjlMQ0p3WlhKemIyNWhiRWx1Wm04aU9uc2lZMjl0Y0d4bGVFNWhiV1VpT25zaVptbHljM1JPWVcxbElqb2lSbWx5YzNSdVlXMWxMVlJsYzNRaUxDSnNZWE4wVG1GdFpTSTZJa3hoYzNSdVlXMWxMVlJsYzNRaWZTd2laR0YwWlU5bVFtbHlkR2dpT2lJeE9UZzBMVEF4TFRBeEluMTlMQ0poYlc5MWJuUWlPbnNpWVcxdmRXNTBJam9pTVRBd0lpd2lZM1Z5Y21WdVkza2lPaUpWVTBRaWZTd2lkSEpoYm5OaFkzUnBiMjVVZVhCbElqcDdJbk5qWlc1aGNtbHZJam9pVkZKQlRsTkdSVklpTENKcGJtbDBhV0YwYjNJaU9pSlFRVmxGVWlJc0ltbHVhWFJwWVhSdmNsUjVjR1VpT2lKRFQwNVRWVTFGVWlKOWZRAA','2023-03-30 15:37:10'),('af754401-2a9d-436a-8a26-6e03bbc17eac','AYIDaAAAAAAAACcQG2cudHRrc2ltMi5tc2lzZG4uNDU2MTAwMDAwM4IDQGV5SjBjbUZ1YzJGamRHbHZia2xrSWpvaVlXWTNOVFEwTURFdE1tRTVaQzAwTXpaaExUaGhNall0Tm1Vd00ySmlZekUzWldGaklpd2ljWFZ2ZEdWSlpDSTZJbUZtTnpVME5EQXhMVEpoT1dRdE5ETTJZUzA0WVRJMkxUWmxNRE5pWW1NeE4yVmhZeUlzSW5CaGVXVmxJanA3SW5CaGNuUjVTV1JKYm1adklqcDdJbkJoY25SNVNXUlVlWEJsSWpvaVRWTkpVMFJPSWl3aWNHRnlkSGxKWkdWdWRHbG1hV1Z5SWpvaU5EVTJNVEF3TURBd015SXNJbVp6Y0Vsa0lqb2lkSFJyYzJsdE1pSjlMQ0p3WlhKemIyNWhiRWx1Wm04aU9uc2lZMjl0Y0d4bGVFNWhiV1VpT25zaVptbHljM1JPWVcxbElqb2lVbVZqWldsMlpYSkdhWEp6ZENJc0ltMXBaR1JzWlU1aGJXVWlPaUpTWldObGFYWmxjazFwWkdSc1pTSXNJbXhoYzNST1lXMWxJam9pVW1WalpXbDJaWEpNWVhOMEluMHNJbVJoZEdWUFprSnBjblJvSWpvaU1UazROQzB3TVMwd01TSjlMQ0p1WVcxbElqb2lVbVZqWldsMlpYSkdhWEp6ZENCU1pXTmxhWFpsY2t4aGMzUWlmU3dpY0dGNVpYSWlPbnNpY0dGeWRIbEpaRWx1Wm04aU9uc2ljR0Z5ZEhsSlpGUjVjR1VpT2lKTlUwbFRSRTRpTENKd1lYSjBlVWxrWlc1MGFXWnBaWElpT2lJeE5qRXpOVFUxTVRJeE1pSXNJbVp6Y0Vsa0lqb2lkSFJyYzJsdE1TSjlmU3dpWVcxdmRXNTBJanA3SW1GdGIzVnVkQ0k2SWpFd01DSXNJbU4xY25KbGJtTjVJam9pVkZwVEluMHNJblJ5WVc1ellXTjBhVzl1Vkhsd1pTSTZleUp6WTJWdVlYSnBieUk2SWxSU1FVNVRSa1ZTSWl3aWFXNXBkR2xoZEc5eUlqb2lVRUZaUlZJaUxDSnBibWwwYVdGMGIzSlVlWEJsSWpvaVEwOU9VMVZOUlZJaWZTd2libTkwWlNJNklpSjkA','2023-03-30 15:44:17'),('b1114f0a-7167-4e36-9764-23a13011fff6','AYIEDQAAAAAAAFJ7HWcudGVzdGZzcDQubXNpc2RuLjI3NzEzODEzOTE3ggPjZXlKMGNtRnVjMkZqZEdsdmJrbGtJam9pWWpFeE1UUm1NR0V0TnpFMk55MDBaVE0yTFRrM05qUXRNak5oTVRNd01URm1abVkySWl3aWNYVnZkR1ZKWkNJNklqRm1aR1ZsTURreExUQXhPRGN0TkRnMk9DMDVNamsxTFdaaE5EVmpNVFppTldOaVpDSXNJbkJoZVdWbElqcDdJbkJoY25SNVNXUkpibVp2SWpwN0luQmhjblI1U1dSVWVYQmxJam9pVFZOSlUwUk9JaXdpY0dGeWRIbEpaR1Z1ZEdsbWFXVnlJam9pTWpjM01UTTRNVE01TVRjaUxDSm1jM0JKWkNJNkluUmxjM1JtYzNBMElpd2laWGgwWlc1emFXOXVUR2x6ZENJNmV5SmxlSFJsYm5OcGIyNGlPbHQ3SW10bGVTSTZJbUZqWTI5MWJuUlVlWEJsSWl3aWRtRnNkV1VpT2lKQ1lXNXJJbjFkZlgwc0luQmxjbk52Ym1Gc1NXNW1ieUk2ZXlKamIyMXdiR1Y0VG1GdFpTSTZleUptYVhKemRFNWhiV1VpT2lKMFpYTjBabk53TkVKaGJtdEdibUZ0WlNJc0lteGhjM1JPWVcxbElqb2lkR1Z6ZEdaemNEUkNZVzVyVEc1aGJXVWlmU3dpWkdGMFpVOW1RbWx5ZEdnaU9pSXhPVGcxTFRBMUxURXpJbjE5TENKd1lYbGxjaUk2ZXlKd1lYSjBlVWxrU1c1bWJ5STZleUp3WVhKMGVVbGtWSGx3WlNJNklrMVRTVk5FVGlJc0luQmhjblI1U1dSbGJuUnBabWxsY2lJNklqSTNOekV6T0RFek9URTBJaXdpWm5Od1NXUWlPaUowWlhOMFpuTndNU0lzSW1WNGRHVnVjMmx2Ymt4cGMzUWlPbnNpWlhoMFpXNXphVzl1SWpwYmV5SnJaWGtpT2lKaFkyTnZkVzUwVkhsd1pTSXNJblpoYkhWbElqb2lRbUZ1YXlKOVhYMTlMQ0p1WVcxbElqb2lkR1Z6ZEdaemNERkNZVzVyUm01aGJXVWdkR1Z6ZEdaemNERkNZVzVyVEc1aGJXVWlmU3dpWVcxdmRXNTBJanA3SW1GdGIzVnVkQ0k2SWpJeE1TNHhOU0lzSW1OMWNuSmxibU41SWpvaVNVNVNJbjBzSW5SeVlXNXpZV04wYVc5dVZIbHdaU0k2ZXlKelkyVnVZWEpwYnlJNklsUlNRVTVUUmtWU0lpd2lhVzVwZEdsaGRHOXlJam9pVUVGWlJWSWlMQ0pwYm1sMGFXRjBiM0pVZVhCbElqb2lRMDlPVTFWTlJWSWlmWDAA','2023-03-30 15:30:04'),('b1ece5f3-da11-45d4-bc8c-9496ff147664','AYIELgAAAAAAABEwHWcudGVzdGZzcDEubXNpc2RuLjE3MDM5ODExOTAzggQEZXlKMGNtRnVjMkZqZEdsdmJrbGtJam9pWWpGbFkyVTFaak10WkdFeE1TMDBOV1EwTFdKak9HTXRPVFE1Tm1abU1UUTNOalkwSWl3aWNYVnZkR1ZKWkNJNklqVXdaV1UyWW1JNUxXRXhNREl0TkRnd1pTMDRORGxoTFRNM1pXSXhZelkyWmpWbE9DSXNJbkJoZVdWbElqcDdJbkJoY25SNVNXUkpibVp2SWpwN0luQmhjblI1U1dSVWVYQmxJam9pVFZOSlUwUk9JaXdpY0dGeWRIbEpaR1Z1ZEdsbWFXVnlJam9pTVRjd016azRNVEU1TURNaUxDSm1jM0JKWkNJNkluUmxjM1JtYzNBeElpd2laWGgwWlc1emFXOXVUR2x6ZENJNmV5SmxlSFJsYm5OcGIyNGlPbHQ3SW10bGVTSTZJbUZqWTI5MWJuUlVlWEJsSWl3aWRtRnNkV1VpT2lKWFlXeHNaWFFpZlYxOWZTd2ljR1Z5YzI5dVlXeEpibVp2SWpwN0ltTnZiWEJzWlhoT1lXMWxJanA3SW1acGNuTjBUbUZ0WlNJNklsUmxjM1JtYzNBeFJtbHljM1FpTENKdGFXUmtiR1ZPWVcxbElqb2lWR1Z6ZEdaemNERk5hV1JrYkdVaUxDSnNZWE4wVG1GdFpTSTZJbFJsYzNSbWMzQXhUR0Z6ZENKOUxDSmtZWFJsVDJaQ2FYSjBhQ0k2SWpJd01UQXRNVEF0TVRBaWZYMHNJbkJoZVdWeUlqcDdJbkJoY25SNVNXUkpibVp2SWpwN0luQmhjblI1U1dSVWVYQmxJam9pVFZOSlUwUk9JaXdpY0dGeWRIbEpaR1Z1ZEdsbWFXVnlJam9pTVRjd016azRNVEU1TURRaUxDSm1jM0JKWkNJNkluUmxjM1JtYzNBeUlpd2laWGgwWlc1emFXOXVUR2x6ZENJNmV5SmxlSFJsYm5OcGIyNGlPbHQ3SW10bGVTSTZJbUZqWTI5MWJuUlVlWEJsSWl3aWRtRnNkV1VpT2lKWFlXeHNaWFFpZlYxOWZTd2libUZ0WlNJNkluUmxjM1JtYzNBeVYyRnNiR1YwUm01aGJXVWdkR1Z6ZEdaemNESlhZV3hzWlhSTWJtRnRaU0o5TENKaGJXOTFiblFpT25zaVlXMXZkVzUwSWpvaU5EUWlMQ0pqZFhKeVpXNWplU0k2SWtsT1VpSjlMQ0owY21GdWMyRmpkR2x2YmxSNWNHVWlPbnNpYzJObGJtRnlhVzhpT2lKVVVrRk9VMFpGVWlJc0ltbHVhWFJwWVhSdmNpSTZJbEJCV1VWU0lpd2lhVzVwZEdsaGRHOXlWSGx3WlNJNklrTlBUbE5WVFVWU0luMTkA','2023-03-30 15:30:01'),('b1fe01f6-4694-433b-a160-f801ef15612c','AYIDMgAAAAAAAA2sLmcudGVzdGZzcDIubXNpc2RuLnskaW5wdXRzLnBheWVlZnNwaWRlbnRpZmllcn2CAvdleUowY21GdWMyRmpkR2x2Ymtsa0lqb2lZakZtWlRBeFpqWXRORFk1TkMwME16TmlMV0V4TmpBdFpqZ3dNV1ZtTVRVMk1USmpJaXdpY1hWdmRHVkpaQ0k2SWpJMU1qVXhNVFV6TFdaak5qY3RORGc1TnkxaFlXUTBMVFZrWXpKbVlqZ3paVFkzTnlJc0luQmhlV1ZsSWpwN0luQmhjblI1U1dSSmJtWnZJanA3SW5CaGNuUjVTV1JVZVhCbElqb2lUVk5KVTBST0lpd2ljR0Z5ZEhsSlpHVnVkR2xtYVdWeUlqb2lleVJwYm5CMWRITXVjR0Y1WldWbWMzQkpaR1Z1ZEdsbWFXVnlmU0lzSW1aemNFbGtJam9pZEdWemRHWnpjRElpZlgwc0luQmhlV1Z5SWpwN0luQmhjblI1U1dSSmJtWnZJanA3SW5CaGNuUjVTV1JVZVhCbElqb2lUVk5KVTBST0lpd2ljR0Z5ZEhsSlpHVnVkR2xtYVdWeUlqb2lNVGN3TXprNE1URTVNRElpTENKbWMzQkpaQ0k2SW5CaGVXVmxabk53SW4wc0luQmxjbk52Ym1Gc1NXNW1ieUk2ZXlKamIyMXdiR1Y0VG1GdFpTSTZleUptYVhKemRFNWhiV1VpT2lKR2FYSnpkRzVoYldVdFZHVnpkQ0lzSW14aGMzUk9ZVzFsSWpvaVRHRnpkRzVoYldVdFZHVnpkQ0o5TENKa1lYUmxUMlpDYVhKMGFDSTZJakU1T0RRdE1ERXRNREVpZlgwc0ltRnRiM1Z1ZENJNmV5SmhiVzkxYm5RaU9pSXpOU0lzSW1OMWNuSmxibU41SWpvaVZWTkVJbjBzSW5SeVlXNXpZV04wYVc5dVZIbHdaU0k2ZXlKelkyVnVZWEpwYnlJNklsUlNRVTVUUmtWU0lpd2lhVzVwZEdsaGRHOXlJam9pVUVGWlJWSWlMQ0pwYm1sMGFXRjBiM0pVZVhCbElqb2lRMDlPVTFWTlJWSWlmWDAA','2023-03-30 15:29:04'),('b45f5564-c62f-4b83-aeda-951139c3e118','AYIEJAAAAAAAAFJ7HWcudGVzdGZzcDIubXNpc2RuLjE3MDM5ODExOTA0ggP6ZXlKMGNtRnVjMkZqZEdsdmJrbGtJam9pWWpRMVpqVTFOalF0WXpZeVppMDBZamd6TFdGbFpHRXRPVFV4TVRNNVl6TmxNVEU0SWl3aWNYVnZkR1ZKWkNJNklqSTNaakJrWldNeUxUVTNPRE10TkdabE55MDRaV0ptTFdabU1UWmxaVFEyWW1ReFpDSXNJbkJoZVdWbElqcDdJbkJoY25SNVNXUkpibVp2SWpwN0luQmhjblI1U1dSVWVYQmxJam9pVFZOSlUwUk9JaXdpY0dGeWRIbEpaR1Z1ZEdsbWFXVnlJam9pTVRjd016azRNVEU1TURRaUxDSm1jM0JKWkNJNkluUmxjM1JtYzNBeUlpd2laWGgwWlc1emFXOXVUR2x6ZENJNmV5SmxlSFJsYm5OcGIyNGlPbHQ3SW10bGVTSTZJbUZqWTI5MWJuUlVlWEJsSWl3aWRtRnNkV1VpT2lKWFlXeHNaWFFpZlYxOWZTd2ljR1Z5YzI5dVlXeEpibVp2SWpwN0ltTnZiWEJzWlhoT1lXMWxJanA3SW1acGNuTjBUbUZ0WlNJNklsUmxjM1JtYzNBeVJtbHljM1FpTENKdGFXUmtiR1ZPWVcxbElqb2lWR1Z6ZEdaemNESk5hV1JrYkdVaUxDSnNZWE4wVG1GdFpTSTZJbFJsYzNSbWMzQXlUR0Z6ZENKOUxDSmtZWFJsVDJaQ2FYSjBhQ0k2SWpJd01UQXRNVEF0TVRBaWZYMHNJbkJoZVdWeUlqcDdJbkJoY25SNVNXUkpibVp2SWpwN0luQmhjblI1U1dSVWVYQmxJam9pVFZOSlUwUk9JaXdpY0dGeWRIbEpaR1Z1ZEdsbWFXVnlJam9pTVRjd016azRNVEU1TURNaUxDSm1jM0JKWkNJNkluUmxjM1JtYzNBeElpd2laWGgwWlc1emFXOXVUR2x6ZENJNmV5SmxlSFJsYm5OcGIyNGlPbHQ3SW10bGVTSTZJbUZqWTI5MWJuUlVlWEJsSWl3aWRtRnNkV1VpT2lKWFlXeHNaWFFpZlYxOWZTd2libUZ0WlNJNkluUmxjM1JtYzNBeFJtNWhiV1VnZEdWemRHWnpjREZNYm1GdFpTSjlMQ0poYlc5MWJuUWlPbnNpWVcxdmRXNTBJam9pTWpFeExqRTFJaXdpWTNWeWNtVnVZM2tpT2lKSlRsSWlmU3dpZEhKaGJuTmhZM1JwYjI1VWVYQmxJanA3SW5OalpXNWhjbWx2SWpvaVZGSkJUbE5HUlZJaUxDSnBibWwwYVdGMGIzSWlPaUpRUVZsRlVpSXNJbWx1YVhScFlYUnZjbFI1Y0dVaU9pSkRUMDVUVlUxRlVpSjlmUQA','2023-03-30 15:39:25'),('b4b0b766-4cc8-4561-8c0d-5a7b803db094','AYIDCgAAAAAAAAnEHWcucGF5ZXJmc3AubXNpc2RuLjE3MDM5ODExOTAxggLgZXlKMGNtRnVjMkZqZEdsdmJrbGtJam9pWWpSaU1HSTNOall0TkdOak9DMDBOVFl4TFRoak1HUXROV0UzWWpnd00yUmlNRGswSWl3aWNYVnZkR1ZKWkNJNklqUmhPREU1TUdWakxUSmxaakl0TkRVek9TMDVPV0U0TFRKbE56ZzNNelptWW1Jd1pDSXNJbkJoZVdWbElqcDdJbkJoY25SNVNXUkpibVp2SWpwN0luQmhjblI1U1dSVWVYQmxJam9pVFZOSlUwUk9JaXdpY0dGeWRIbEpaR1Z1ZEdsbWFXVnlJam9pTVRjd016azRNVEU1TURFaUxDSm1jM0JKWkNJNkluQmhlV1Z5Wm5Od0luMTlMQ0p3WVhsbGNpSTZleUp3WVhKMGVVbGtTVzVtYnlJNmV5SndZWEowZVVsa1ZIbHdaU0k2SWsxVFNWTkVUaUlzSW5CaGNuUjVTV1JsYm5ScFptbGxjaUk2SWpFM01ETTVPREV4T1RBeUlpd2labk53U1dRaU9pSndZWGxsWldaemNDSjlMQ0p3WlhKemIyNWhiRWx1Wm04aU9uc2lZMjl0Y0d4bGVFNWhiV1VpT25zaVptbHljM1JPWVcxbElqb2lSbWx5YzNSdVlXMWxMVlJsYzNRaUxDSnNZWE4wVG1GdFpTSTZJa3hoYzNSdVlXMWxMVlJsYzNRaWZTd2laR0YwWlU5bVFtbHlkR2dpT2lJeE9UZzBMVEF4TFRBeEluMTlMQ0poYlc5MWJuUWlPbnNpWVcxdmRXNTBJam9pTWpVaUxDSmpkWEp5Wlc1amVTSTZJbFJhVXlKOUxDSjBjbUZ1YzJGamRHbHZibFI1Y0dVaU9uc2ljMk5sYm1GeWFXOGlPaUpVVWtGT1UwWkZVaUlzSW1sdWFYUnBZWFJ2Y2lJNklsQkJXVVZTSWl3aWFXNXBkR2xoZEc5eVZIbHdaU0k2SWtOUFRsTlZUVVZTSW4xOQA','2023-03-30 15:29:23'),('b553670c-0b40-4c98-aacb-9072526273a1','AYIDCQAAAAAAAAH0HWcucGF5ZWVmc3AubXNpc2RuLjE3MDM5ODExOTAyggLfZXlKMGNtRnVjMkZqZEdsdmJrbGtJam9pWWpVMU16WTNNR010TUdJME1DMDBZems0TFdGaFkySXRPVEEzTWpVeU5qSTNNMkV4SWl3aWNYVnZkR1ZKWkNJNklqTXlNRFE0TkdJd0xUWXhOMlF0TkRNMFpTMWlNMk5oTFdNM1kyRmlaRGRoTlRVMU5pSXNJbkJoZVdWbElqcDdJbkJoY25SNVNXUkpibVp2SWpwN0luQmhjblI1U1dSVWVYQmxJam9pVFZOSlUwUk9JaXdpY0dGeWRIbEpaR1Z1ZEdsbWFXVnlJam9pTVRjd016azRNVEU1TURJaUxDSm1jM0JKWkNJNkluQmhlV1ZsWm5Od0luMTlMQ0p3WVhsbGNpSTZleUp3WVhKMGVVbGtTVzVtYnlJNmV5SndZWEowZVVsa1ZIbHdaU0k2SWsxVFNWTkVUaUlzSW5CaGNuUjVTV1JsYm5ScFptbGxjaUk2SWpFM01ETTVPREV4T1RBeUlpd2labk53U1dRaU9pSndZWGxsWldaemNDSjlMQ0p3WlhKemIyNWhiRWx1Wm04aU9uc2lZMjl0Y0d4bGVFNWhiV1VpT25zaVptbHljM1JPWVcxbElqb2lSbWx5YzNSdVlXMWxMVlJsYzNRaUxDSnNZWE4wVG1GdFpTSTZJa3hoYzNSdVlXMWxMVlJsYzNRaWZTd2laR0YwWlU5bVFtbHlkR2dpT2lJeE9UZzBMVEF4TFRBeEluMTlMQ0poYlc5MWJuUWlPbnNpWVcxdmRXNTBJam9pTlNJc0ltTjFjbkpsYm1ONUlqb2lWVk5FSW4wc0luUnlZVzV6WVdOMGFXOXVWSGx3WlNJNmV5SnpZMlZ1WVhKcGJ5STZJbFJTUVU1VFJrVlNJaXdpYVc1cGRHbGhkRzl5SWpvaVVFRlpSVklpTENKcGJtbDBhV0YwYjNKVWVYQmxJam9pUTA5T1UxVk5SVklpZlgwAA','2023-03-30 15:28:22'),('b69e895e-7d7c-4ca9-a0cb-0c737728389b','AYIDMgAAAAAAAA2sLmcudGVzdGZzcDIubXNpc2RuLnskaW5wdXRzLnBheWVlZnNwaWRlbnRpZmllcn2CAvdleUowY21GdWMyRmpkR2x2Ymtsa0lqb2lZalk1WlRnNU5XVXROMlEzWXkwMFkyRTVMV0V3WTJJdE1HTTNNemMzTWpnek9EbGlJaXdpY1hWdmRHVkpaQ0k2SW1SbU5qSTBaV0V4TFRaaU1HUXROR00zWWkwNU56QmhMV1UxTnpVd1lUbGhZV1pqWWlJc0luQmhlV1ZsSWpwN0luQmhjblI1U1dSSmJtWnZJanA3SW5CaGNuUjVTV1JVZVhCbElqb2lUVk5KVTBST0lpd2ljR0Z5ZEhsSlpHVnVkR2xtYVdWeUlqb2lleVJwYm5CMWRITXVjR0Y1WldWbWMzQkpaR1Z1ZEdsbWFXVnlmU0lzSW1aemNFbGtJam9pZEdWemRHWnpjRElpZlgwc0luQmhlV1Z5SWpwN0luQmhjblI1U1dSSmJtWnZJanA3SW5CaGNuUjVTV1JVZVhCbElqb2lUVk5KVTBST0lpd2ljR0Z5ZEhsSlpHVnVkR2xtYVdWeUlqb2lNVGN3TXprNE1URTVNRElpTENKbWMzQkpaQ0k2SW5CaGVXVmxabk53SW4wc0luQmxjbk52Ym1Gc1NXNW1ieUk2ZXlKamIyMXdiR1Y0VG1GdFpTSTZleUptYVhKemRFNWhiV1VpT2lKR2FYSnpkRzVoYldVdFZHVnpkQ0lzSW14aGMzUk9ZVzFsSWpvaVRHRnpkRzVoYldVdFZHVnpkQ0o5TENKa1lYUmxUMlpDYVhKMGFDSTZJakU1T0RRdE1ERXRNREVpZlgwc0ltRnRiM1Z1ZENJNmV5SmhiVzkxYm5RaU9pSXpOU0lzSW1OMWNuSmxibU41SWpvaVZWTkVJbjBzSW5SeVlXNXpZV04wYVc5dVZIbHdaU0k2ZXlKelkyVnVZWEpwYnlJNklsUlNRVTVUUmtWU0lpd2lhVzVwZEdsaGRHOXlJam9pVUVGWlJWSWlMQ0pwYm1sMGFXRjBiM0pVZVhCbElqb2lRMDlPVTFWTlJWSWlmWDAA','2023-03-30 15:38:02'),('b69f0fba-0932-4b72-b2ea-a8bf86a2a13b','AYIDCQAAAAAAAAH0HWcucGF5ZWVmc3AubXNpc2RuLjE3MDM5ODExOTAyggLfZXlKMGNtRnVjMkZqZEdsdmJrbGtJam9pWWpZNVpqQm1ZbUV0TURrek1pMDBZamN5TFdJeVpXRXRZVGhpWmpnMllUSmhNVE5pSWl3aWNYVnZkR1ZKWkNJNkltUTBNRGN3TVRaakxXTmxPRFV0TkdJME1pMDVaRFkyTFdGaFltUmlZamsyTURRMk1DSXNJbkJoZVdWbElqcDdJbkJoY25SNVNXUkpibVp2SWpwN0luQmhjblI1U1dSVWVYQmxJam9pVFZOSlUwUk9JaXdpY0dGeWRIbEpaR1Z1ZEdsbWFXVnlJam9pTVRjd016azRNVEU1TURJaUxDSm1jM0JKWkNJNkluQmhlV1ZsWm5Od0luMTlMQ0p3WVhsbGNpSTZleUp3WVhKMGVVbGtTVzVtYnlJNmV5SndZWEowZVVsa1ZIbHdaU0k2SWsxVFNWTkVUaUlzSW5CaGNuUjVTV1JsYm5ScFptbGxjaUk2SWpFM01ETTVPREV4T1RBeUlpd2labk53U1dRaU9pSndZWGxsWldaemNDSjlMQ0p3WlhKemIyNWhiRWx1Wm04aU9uc2lZMjl0Y0d4bGVFNWhiV1VpT25zaVptbHljM1JPWVcxbElqb2lSbWx5YzNSdVlXMWxMVlJsYzNRaUxDSnNZWE4wVG1GdFpTSTZJa3hoYzNSdVlXMWxMVlJsYzNRaWZTd2laR0YwWlU5bVFtbHlkR2dpT2lJeE9UZzBMVEF4TFRBeEluMTlMQ0poYlc5MWJuUWlPbnNpWVcxdmRXNTBJam9pTlNJc0ltTjFjbkpsYm1ONUlqb2lWVk5FSW4wc0luUnlZVzV6WVdOMGFXOXVWSGx3WlNJNmV5SnpZMlZ1WVhKcGJ5STZJbFJTUVU1VFJrVlNJaXdpYVc1cGRHbGhkRzl5SWpvaVVFRlpSVklpTENKcGJtbDBhV0YwYjNKVWVYQmxJam9pUTA5T1UxVk5SVklpZlgwAA','2023-03-30 15:37:54'),('b7c384f3-da04-40b3-86d4-68dc5cbb15c2','AYIDCgAAAAAAAAnEHWcucGF5ZXJmc3AubXNpc2RuLjE3MDM5ODExOTAxggLgZXlKMGNtRnVjMkZqZEdsdmJrbGtJam9pWWpkak16ZzBaak10WkdFd05DMDBNR0l6TFRnMlpEUXROamhrWXpWalltSXhOV015SWl3aWNYVnZkR1ZKWkNJNklqWXlaR1F6WkRReUxXVmlabUl0TkdRek1TMWhZVEEyTFdSaE56UTRZVGhpTmpnNFlTSXNJbkJoZVdWbElqcDdJbkJoY25SNVNXUkpibVp2SWpwN0luQmhjblI1U1dSVWVYQmxJam9pVFZOSlUwUk9JaXdpY0dGeWRIbEpaR1Z1ZEdsbWFXVnlJam9pTVRjd016azRNVEU1TURFaUxDSm1jM0JKWkNJNkluQmhlV1Z5Wm5Od0luMTlMQ0p3WVhsbGNpSTZleUp3WVhKMGVVbGtTVzVtYnlJNmV5SndZWEowZVVsa1ZIbHdaU0k2SWsxVFNWTkVUaUlzSW5CaGNuUjVTV1JsYm5ScFptbGxjaUk2SWpFM01ETTVPREV4T1RBeUlpd2labk53U1dRaU9pSndZWGxsWldaemNDSjlMQ0p3WlhKemIyNWhiRWx1Wm04aU9uc2lZMjl0Y0d4bGVFNWhiV1VpT25zaVptbHljM1JPWVcxbElqb2lSbWx5YzNSdVlXMWxMVlJsYzNRaUxDSnNZWE4wVG1GdFpTSTZJa3hoYzNSdVlXMWxMVlJsYzNRaWZTd2laR0YwWlU5bVFtbHlkR2dpT2lJeE9UZzBMVEF4TFRBeEluMTlMQ0poYlc5MWJuUWlPbnNpWVcxdmRXNTBJam9pTWpVaUxDSmpkWEp5Wlc1amVTSTZJbFJhVXlKOUxDSjBjbUZ1YzJGamRHbHZibFI1Y0dVaU9uc2ljMk5sYm1GeWFXOGlPaUpVVWtGT1UwWkZVaUlzSW1sdWFYUnBZWFJ2Y2lJNklsQkJXVVZTSWl3aWFXNXBkR2xoZEc5eVZIbHdaU0k2SWtOUFRsTlZUVVZTSW4xOQA','2023-03-30 15:38:02'),('b982159d-3b69-41a2-8408-ffac8434bb89','AYIECgAAAAAAACJUHWcudGVzdGZzcDEubXNpc2RuLjI3NzEzODEzOTE0ggPgZXlKMGNtRnVjMkZqZEdsdmJrbGtJam9pWWprNE1qRTFPV1F0TTJJMk9TMDBNV0V5TFRnME1EZ3RabVpoWXpnME16UmlZamc1SWl3aWNYVnZkR1ZKWkNJNklqTm1ZVEUwTUdJNUxXWTBObUl0TkRSaU9DMDVZV1F3TFRoaE5UTTRPVFEwWlRjek55SXNJbkJoZVdWbElqcDdJbkJoY25SNVNXUkpibVp2SWpwN0luQmhjblI1U1dSVWVYQmxJam9pVFZOSlUwUk9JaXdpY0dGeWRIbEpaR1Z1ZEdsbWFXVnlJam9pTWpjM01UTTRNVE01TVRRaUxDSm1jM0JKWkNJNkluUmxjM1JtYzNBeElpd2laWGgwWlc1emFXOXVUR2x6ZENJNmV5SmxlSFJsYm5OcGIyNGlPbHQ3SW10bGVTSTZJbUZqWTI5MWJuUlVlWEJsSWl3aWRtRnNkV1VpT2lKQ1lXNXJJbjFkZlgwc0luQmxjbk52Ym1Gc1NXNW1ieUk2ZXlKamIyMXdiR1Y0VG1GdFpTSTZleUptYVhKemRFNWhiV1VpT2lKMFpYTjBabk53TVVKaGJtdEdibUZ0WlNJc0lteGhjM1JPWVcxbElqb2lkR1Z6ZEdaemNERkNZVzVyVEc1aGJXVWlmU3dpWkdGMFpVOW1RbWx5ZEdnaU9pSXhPVGcxTFRBMUxURXpJbjE5TENKd1lYbGxjaUk2ZXlKd1lYSjBlVWxrU1c1bWJ5STZleUp3WVhKMGVVbGtWSGx3WlNJNklrMVRTVk5FVGlJc0luQmhjblI1U1dSbGJuUnBabWxsY2lJNklqSTNOekV6T0RFek9URTFJaXdpWm5Od1NXUWlPaUowWlhOMFpuTndNaUlzSW1WNGRHVnVjMmx2Ymt4cGMzUWlPbnNpWlhoMFpXNXphVzl1SWpwYmV5SnJaWGtpT2lKaFkyTnZkVzUwVkhsd1pTSXNJblpoYkhWbElqb2lRbUZ1YXlKOVhYMTlMQ0p1WVcxbElqb2lkR1Z6ZEdaemNESkNZVzVyUm01aGJXVWdkR1Z6ZEdaemNESkNZVzVyYm1GdFpTSjlMQ0poYlc5MWJuUWlPbnNpWVcxdmRXNTBJam9pT0RjdU9EZ2lMQ0pqZFhKeVpXNWplU0k2SWtsT1VpSjlMQ0owY21GdWMyRmpkR2x2YmxSNWNHVWlPbnNpYzJObGJtRnlhVzhpT2lKVVVrRk9VMFpGVWlJc0ltbHVhWFJwWVhSdmNpSTZJbEJCV1VWU0lpd2lhVzVwZEdsaGRHOXlWSGx3WlNJNklrTlBUbE5WVFVWU0luMTkA','2023-03-30 15:29:42'),('b9c8f3fe-1246-4c67-8bdb-83c54ef7819e','AYIDaAAAAAAAACcQG2cudHRrc2ltMi5tc2lzZG4uNDU2MTAwMDAwMoIDQGV5SjBjbUZ1YzJGamRHbHZia2xrSWpvaVlqbGpPR1l6Wm1VdE1USTBOaTAwWXpZM0xUaGlaR0l0T0ROak5UUmxaamM0TVRsbElpd2ljWFZ2ZEdWSlpDSTZJbUk1WXpobU0yWmxMVEV5TkRZdE5HTTJOeTA0WW1SaUxUZ3pZelUwWldZM09ERTVaU0lzSW5CaGVXVmxJanA3SW5CaGNuUjVTV1JKYm1adklqcDdJbkJoY25SNVNXUlVlWEJsSWpvaVRWTkpVMFJPSWl3aWNHRnlkSGxKWkdWdWRHbG1hV1Z5SWpvaU5EVTJNVEF3TURBd01pSXNJbVp6Y0Vsa0lqb2lkSFJyYzJsdE1pSjlMQ0p3WlhKemIyNWhiRWx1Wm04aU9uc2lZMjl0Y0d4bGVFNWhiV1VpT25zaVptbHljM1JPWVcxbElqb2lVbVZqWldsMlpYSkdhWEp6ZENJc0ltMXBaR1JzWlU1aGJXVWlPaUpTWldObGFYWmxjazFwWkdSc1pTSXNJbXhoYzNST1lXMWxJam9pVW1WalpXbDJaWEpNWVhOMEluMHNJbVJoZEdWUFprSnBjblJvSWpvaU1UazROQzB3TVMwd01TSjlMQ0p1WVcxbElqb2lVbVZqWldsMlpYSkdhWEp6ZENCU1pXTmxhWFpsY2t4aGMzUWlmU3dpY0dGNVpYSWlPbnNpY0dGeWRIbEpaRWx1Wm04aU9uc2ljR0Z5ZEhsSlpGUjVjR1VpT2lKTlUwbFRSRTRpTENKd1lYSjBlVWxrWlc1MGFXWnBaWElpT2lJeE5qRXpOVFUxTVRJeE1pSXNJbVp6Y0Vsa0lqb2lkSFJyYzJsdE1TSjlmU3dpWVcxdmRXNTBJanA3SW1GdGIzVnVkQ0k2SWpFd01DSXNJbU4xY25KbGJtTjVJam9pVkZwVEluMHNJblJ5WVc1ellXTjBhVzl1Vkhsd1pTSTZleUp6WTJWdVlYSnBieUk2SWxSU1FVNVRSa1ZTSWl3aWFXNXBkR2xoZEc5eUlqb2lVRUZaUlZJaUxDSnBibWwwYVdGMGIzSlVlWEJsSWpvaVEwOU9VMVZOUlZJaWZTd2libTkwWlNJNklpSjkA','2023-03-30 15:44:12'),('bbd9cd38-c7f2-4364-854d-376868795515','AYIEGAAAAAAAAAXcHWcudGVzdGZzcDMubXNpc2RuLjE3ODkxMjM5ODczggPuZXlKMGNtRnVjMkZqZEdsdmJrbGtJam9pWW1Ka09XTmtNemd0WXpkbU1pMDBNelkwTFRnMU5HUXRNemMyT0RZNE56azFOVEUxSWl3aWNYVnZkR1ZKWkNJNklqVTVPV05pTkRReUxUZzNZekV0TkRjNE9DMWhNRE5pTFdVMlltVmpOMkU0TXpNMU9DSXNJbkJoZVdWbElqcDdJbkJoY25SNVNXUkpibVp2SWpwN0luQmhjblI1U1dSVWVYQmxJam9pVFZOSlUwUk9JaXdpY0dGeWRIbEpaR1Z1ZEdsbWFXVnlJam9pTVRjNE9URXlNems0TnpNaUxDSm1jM0JKWkNJNkluUmxjM1JtYzNBeklpd2laWGgwWlc1emFXOXVUR2x6ZENJNmV5SmxlSFJsYm5OcGIyNGlPbHQ3SW10bGVTSTZJbUZqWTI5MWJuUlVlWEJsSWl3aWRtRnNkV1VpT2lKWFlXeHNaWFFpZlYxOWZTd2ljR1Z5YzI5dVlXeEpibVp2SWpwN0ltTnZiWEJzWlhoT1lXMWxJanA3SW1acGNuTjBUbUZ0WlNJNkluUmxjM1JtYzNBelYyRnNiR1YwUm01aGJXVWlMQ0pzWVhOMFRtRnRaU0k2SW5SbGMzUm1jM0F6VjJGc2JHVjBURzVoYldVaWZTd2laR0YwWlU5bVFtbHlkR2dpT2lJeE9UZzFMVEExTFRFekluMTlMQ0p3WVhsbGNpSTZleUp3WVhKMGVVbGtTVzVtYnlJNmV5SndZWEowZVVsa1ZIbHdaU0k2SWsxVFNWTkVUaUlzSW5CaGNuUjVTV1JsYm5ScFptbGxjaUk2SWpFM01ETTVPREV4T1RBMElpd2labk53U1dRaU9pSjBaWE4wWm5Od01pSXNJbVY0ZEdWdWMybHZia3hwYzNRaU9uc2laWGgwWlc1emFXOXVJanBiZXlKclpYa2lPaUpoWTJOdmRXNTBWSGx3WlNJc0luWmhiSFZsSWpvaVYyRnNiR1YwSW4xZGZYMHNJbTVoYldVaU9pSjBaWE4wWm5Od01sZGhiR3hsZEVadVlXMWxJSFJsYzNSbWMzQXlWMkZzYkdWMFRHNWhiV1VpZlN3aVlXMXZkVzUwSWpwN0ltRnRiM1Z1ZENJNklqRTFJaXdpWTNWeWNtVnVZM2tpT2lKSlRsSWlmU3dpZEhKaGJuTmhZM1JwYjI1VWVYQmxJanA3SW5OalpXNWhjbWx2SWpvaVZGSkJUbE5HUlZJaUxDSnBibWwwYVdGMGIzSWlPaUpRUVZsRlVpSXNJbWx1YVhScFlYUnZjbFI1Y0dVaU9pSkRUMDVUVlUxRlVpSjlmUQA','2023-03-30 15:30:06'),('c3af2351-692a-437f-97f8-8c5bc6bef5bd','AYIC9AAAAAAAABdwHWcucGF5ZWVmc3AubXNpc2RuLjIyNTU2OTk5MTI1ggLKZXlKMGNtRnVjMkZqZEdsdmJrbGtJam9pWmpRMFltUmtOV010WXpreE1DMDBZVGt3TFRoa05qa3RaR0ppWVRaaVl6aGxZVFpqSWl3aWNYVnZkR1ZKWkNJNklqVTBaRFZtTURsaUxXRTBOMlF0TkRCa05pMWhZVEEzTFdFNVkyWXpZbUl5TkRsaFpDSXNJbkJoZVdWbElqcDdJbkJoY25SNVNXUkpibVp2SWpwN0luQmhjblI1U1dSVWVYQmxJam9pVFZOSlUwUk9JaXdpY0dGeWRIbEpaR1Z1ZEdsbWFXVnlJam9pTWpJMU5UWTVPVGt4TWpVaUxDSm1jM0JKWkNJNkluQmhlV1ZsWm5Od0luMTlMQ0p3WVhsbGNpSTZleUp3WVhKMGVVbGtTVzVtYnlJNmV5SndZWEowZVVsa1ZIbHdaU0k2SWsxVFNWTkVUaUlzSW5CaGNuUjVTV1JsYm5ScFptbGxjaUk2SWpJeU5UQTNNREE0TVRneElpd2labk53U1dRaU9pSndZWGxsY21aemNDSjlMQ0p3WlhKemIyNWhiRWx1Wm04aU9uc2lZMjl0Y0d4bGVFNWhiV1VpT25zaVptbHljM1JPWVcxbElqb2lUV0YwY3lJc0lteGhjM1JPWVcxbElqb2lTR0ZuYldGdUluMHNJbVJoZEdWUFprSnBjblJvSWpvaU1UazRNeTB4TUMweU5TSjlmU3dpWVcxdmRXNTBJanA3SW1GdGIzVnVkQ0k2SWpZd0lpd2lZM1Z5Y21WdVkza2lPaUpWVTBRaWZTd2lkSEpoYm5OaFkzUnBiMjVVZVhCbElqcDdJbk5qWlc1aGNtbHZJam9pVkZKQlRsTkdSVklpTENKcGJtbDBhV0YwYjNJaU9pSlFRVmxGVWlJc0ltbHVhWFJwWVhSdmNsUjVjR1VpT2lKRFQwNVRWVTFGVWlKOWZRAA','2023-03-30 15:39:50'),('c53a13ae-ed33-4db9-8ab7-ef3717d81674','AYIDaAAAAAAAACcQG2cudHRrc2ltMy5tc2lzZG4uNTY3MTAwMDAwMYIDQGV5SjBjbUZ1YzJGamRHbHZia2xrSWpvaVl6VXpZVEV6WVdVdFpXUXpNeTAwWkdJNUxUaGhZamN0WldZek56RTNaRGd4TmpjMElpd2ljWFZ2ZEdWSlpDSTZJbU0xTTJFeE0yRmxMV1ZrTXpNdE5HUmlPUzA0WVdJM0xXVm1NemN4TjJRNE1UWTNOQ0lzSW5CaGVXVmxJanA3SW5CaGNuUjVTV1JKYm1adklqcDdJbkJoY25SNVNXUlVlWEJsSWpvaVRWTkpVMFJPSWl3aWNHRnlkSGxKWkdWdWRHbG1hV1Z5SWpvaU5UWTNNVEF3TURBd01TSXNJbVp6Y0Vsa0lqb2lkSFJyYzJsdE15SjlMQ0p3WlhKemIyNWhiRWx1Wm04aU9uc2lZMjl0Y0d4bGVFNWhiV1VpT25zaVptbHljM1JPWVcxbElqb2lVbVZqWldsMlpYSkdhWEp6ZENJc0ltMXBaR1JzWlU1aGJXVWlPaUpTWldObGFYWmxjazFwWkdSc1pTSXNJbXhoYzNST1lXMWxJam9pVW1WalpXbDJaWEpNWVhOMEluMHNJbVJoZEdWUFprSnBjblJvSWpvaU1UazROQzB3TVMwd01TSjlMQ0p1WVcxbElqb2lVbVZqWldsMlpYSkdhWEp6ZENCU1pXTmxhWFpsY2t4aGMzUWlmU3dpY0dGNVpYSWlPbnNpY0dGeWRIbEpaRWx1Wm04aU9uc2ljR0Z5ZEhsSlpGUjVjR1VpT2lKTlUwbFRSRTRpTENKd1lYSjBlVWxrWlc1MGFXWnBaWElpT2lJeE5qRXpOVFUxTVRJeE1pSXNJbVp6Y0Vsa0lqb2lkSFJyYzJsdE1TSjlmU3dpWVcxdmRXNTBJanA3SW1GdGIzVnVkQ0k2SWpFd01DSXNJbU4xY25KbGJtTjVJam9pVkZwVEluMHNJblJ5WVc1ellXTjBhVzl1Vkhsd1pTSTZleUp6WTJWdVlYSnBieUk2SWxSU1FVNVRSa1ZTSWl3aWFXNXBkR2xoZEc5eUlqb2lVRUZaUlZJaUxDSnBibWwwYVdGMGIzSlVlWEJsSWpvaVEwOU9VMVZOUlZJaWZTd2libTkwWlNJNklpSjkA','2023-03-30 15:44:09'),('c73f12f7-7304-40ad-a4dd-f9305d33c225','AYIDaAAAAAAAACcQG2cudHRrc2ltMy5tc2lzZG4uNTY3MTAwMDAwM4IDQGV5SjBjbUZ1YzJGamRHbHZia2xrSWpvaVl6Y3paakV5WmpjdE56TXdOQzAwTUdGa0xXRTBaR1F0Wmprek1EVmtNek5qTWpJMUlpd2ljWFZ2ZEdWSlpDSTZJbU0zTTJZeE1tWTNMVGN6TURRdE5EQmhaQzFoTkdSa0xXWTVNekExWkRNell6SXlOU0lzSW5CaGVXVmxJanA3SW5CaGNuUjVTV1JKYm1adklqcDdJbkJoY25SNVNXUlVlWEJsSWpvaVRWTkpVMFJPSWl3aWNHRnlkSGxKWkdWdWRHbG1hV1Z5SWpvaU5UWTNNVEF3TURBd015SXNJbVp6Y0Vsa0lqb2lkSFJyYzJsdE15SjlMQ0p3WlhKemIyNWhiRWx1Wm04aU9uc2lZMjl0Y0d4bGVFNWhiV1VpT25zaVptbHljM1JPWVcxbElqb2lVbVZqWldsMlpYSkdhWEp6ZENJc0ltMXBaR1JzWlU1aGJXVWlPaUpTWldObGFYWmxjazFwWkdSc1pTSXNJbXhoYzNST1lXMWxJam9pVW1WalpXbDJaWEpNWVhOMEluMHNJbVJoZEdWUFprSnBjblJvSWpvaU1UazROQzB3TVMwd01TSjlMQ0p1WVcxbElqb2lVbVZqWldsMlpYSkdhWEp6ZENCU1pXTmxhWFpsY2t4aGMzUWlmU3dpY0dGNVpYSWlPbnNpY0dGeWRIbEpaRWx1Wm04aU9uc2ljR0Z5ZEhsSlpGUjVjR1VpT2lKTlUwbFRSRTRpTENKd1lYSjBlVWxrWlc1MGFXWnBaWElpT2lJeE5qRXpOVFUxTVRJeE1pSXNJbVp6Y0Vsa0lqb2lkSFJyYzJsdE1TSjlmU3dpWVcxdmRXNTBJanA3SW1GdGIzVnVkQ0k2SWpFd01DSXNJbU4xY25KbGJtTjVJam9pVkZwVEluMHNJblJ5WVc1ellXTjBhVzl1Vkhsd1pTSTZleUp6WTJWdVlYSnBieUk2SWxSU1FVNVRSa1ZTSWl3aWFXNXBkR2xoZEc5eUlqb2lVRUZaUlZJaUxDSnBibWwwYVdGMGIzSlVlWEJsSWpvaVEwOU9VMVZOUlZJaWZTd2libTkwWlNJNklpSjkA','2023-03-30 15:44:09'),('c7be964a-831e-41a6-9d28-13dff96bb028','AYIEDQAAAAAAAFJ7HWcudGVzdGZzcDQubXNpc2RuLjI3NzEzODEzOTE3ggPjZXlKMGNtRnVjMkZqZEdsdmJrbGtJam9pWXpkaVpUazJOR0V0T0RNeFpTMDBNV0UyTFRsa01qZ3RNVE5rWm1ZNU5tSmlNREk0SWl3aWNYVnZkR1ZKWkNJNklqZzFPV0poTURWbExUSTJaamt0TkdKbU9DMWlPV1kzTFRSalpUQXdOR1ptTldFM09TSXNJbkJoZVdWbElqcDdJbkJoY25SNVNXUkpibVp2SWpwN0luQmhjblI1U1dSVWVYQmxJam9pVFZOSlUwUk9JaXdpY0dGeWRIbEpaR1Z1ZEdsbWFXVnlJam9pTWpjM01UTTRNVE01TVRjaUxDSm1jM0JKWkNJNkluUmxjM1JtYzNBMElpd2laWGgwWlc1emFXOXVUR2x6ZENJNmV5SmxlSFJsYm5OcGIyNGlPbHQ3SW10bGVTSTZJbUZqWTI5MWJuUlVlWEJsSWl3aWRtRnNkV1VpT2lKQ1lXNXJJbjFkZlgwc0luQmxjbk52Ym1Gc1NXNW1ieUk2ZXlKamIyMXdiR1Y0VG1GdFpTSTZleUptYVhKemRFNWhiV1VpT2lKMFpYTjBabk53TkVKaGJtdEdibUZ0WlNJc0lteGhjM1JPWVcxbElqb2lkR1Z6ZEdaemNEUkNZVzVyVEc1aGJXVWlmU3dpWkdGMFpVOW1RbWx5ZEdnaU9pSXhPVGcxTFRBMUxURXpJbjE5TENKd1lYbGxjaUk2ZXlKd1lYSjBlVWxrU1c1bWJ5STZleUp3WVhKMGVVbGtWSGx3WlNJNklrMVRTVk5FVGlJc0luQmhjblI1U1dSbGJuUnBabWxsY2lJNklqSTNOekV6T0RFek9URTBJaXdpWm5Od1NXUWlPaUowWlhOMFpuTndNU0lzSW1WNGRHVnVjMmx2Ymt4cGMzUWlPbnNpWlhoMFpXNXphVzl1SWpwYmV5SnJaWGtpT2lKaFkyTnZkVzUwVkhsd1pTSXNJblpoYkhWbElqb2lRbUZ1YXlKOVhYMTlMQ0p1WVcxbElqb2lkR1Z6ZEdaemNERkNZVzVyUm01aGJXVWdkR1Z6ZEdaemNERkNZVzVyVEc1aGJXVWlmU3dpWVcxdmRXNTBJanA3SW1GdGIzVnVkQ0k2SWpJeE1TNHhOU0lzSW1OMWNuSmxibU41SWpvaVNVNVNJbjBzSW5SeVlXNXpZV04wYVc5dVZIbHdaU0k2ZXlKelkyVnVZWEpwYnlJNklsUlNRVTVUUmtWU0lpd2lhVzVwZEdsaGRHOXlJam9pVUVGWlJWSWlMQ0pwYm1sMGFXRjBiM0pVZVhCbElqb2lRMDlPVTFWTlJWSWlmWDAA','2023-03-30 15:39:25'),('c96f869e-a5ee-40ed-8a58-c1c102b97369','AYIDBQAAAAAAACcQJGcucGF5ZWVmc3AubXNpc2RuLnt7cmVjZWl2ZXJtc2lzZG59fYIC1GV5SjBjbUZ1YzJGamRHbHZia2xrSWpvaVptVXhNREU0Wm1NdE1EaGxZeTAwWWpJM0xUbGpZalF0TnpjMk9URTFNR00zT1dKaklpd2ljWFZ2ZEdWSlpDSTZJbVpsTVRBeE9HWmpMVEE0WldNdE5HSXlOeTA1WTJJMExUYzNOamt4TlRCak56bGlZeUlzSW5CaGVXVmxJanA3SW5CaGNuUjVTV1JKYm1adklqcDdJbkJoY25SNVNXUlVlWEJsSWpvaVRWTkpVMFJPSWl3aWNHRnlkSGxKWkdWdWRHbG1hV1Z5SWpvaWUzdHlaV05sYVhabGNrMVRTVk5FVG4xOUlpd2labk53U1dRaU9pSndZWGxsWldaemNDSjlmU3dpY0dGNVpYSWlPbnNpY0dGeWRIbEpaRWx1Wm04aU9uc2ljR0Z5ZEhsSlpGUjVjR1VpT2lKTlUwbFRSRTRpTENKd1lYSjBlVWxrWlc1MGFXWnBaWElpT2lJeU56Y3hNemd3TXprd05TSXNJbVp6Y0Vsa0lqb2ljR0Y1WlhKbWMzQWlmU3dpY0dWeWMyOXVZV3hKYm1adklqcDdJbU52YlhCc1pYaE9ZVzFsSWpwN0ltWnBjbk4wVG1GdFpTSTZJazFoZEhNaUxDSnNZWE4wVG1GdFpTSTZJa2hoWjIxaGJpSjlMQ0prWVhSbFQyWkNhWEowYUNJNklqRTVPRE10TVRBdE1qVWlmWDBzSW1GdGIzVnVkQ0k2ZXlKaGJXOTFiblFpT2lJeE1EQWlMQ0pqZFhKeVpXNWplU0k2SWxWVFJDSjlMQ0owY21GdWMyRmpkR2x2YmxSNWNHVWlPbnNpYzJObGJtRnlhVzhpT2lKVVVrRk9VMFpGVWlJc0ltbHVhWFJwWVhSdmNpSTZJbEJCV1VWU0lpd2lhVzVwZEdsaGRHOXlWSGx3WlNJNklrTlBUbE5WVFVWU0luMTkA','2023-03-30 15:36:47'),('ca1caa09-db32-4ff0-8d2c-9b5557c22a40','AYIC9AAAAAAAABdwHWcucGF5ZWVmc3AubXNpc2RuLjIyNTU2OTk5MTI1ggLKZXlKMGNtRnVjMkZqZEdsdmJrbGtJam9pWmpRMFltUmtOV010WXpreE1DMDBZVGt3TFRoa05qa3RaR0ppWVRaaVl6aGxZVFpqSWl3aWNYVnZkR1ZKWkNJNklqVTBaRFZtTURsaUxXRTBOMlF0TkRCa05pMWhZVEEzTFdFNVkyWXpZbUl5TkRsaFpDSXNJbkJoZVdWbElqcDdJbkJoY25SNVNXUkpibVp2SWpwN0luQmhjblI1U1dSVWVYQmxJam9pVFZOSlUwUk9JaXdpY0dGeWRIbEpaR1Z1ZEdsbWFXVnlJam9pTWpJMU5UWTVPVGt4TWpVaUxDSm1jM0JKWkNJNkluQmhlV1ZsWm5Od0luMTlMQ0p3WVhsbGNpSTZleUp3WVhKMGVVbGtTVzVtYnlJNmV5SndZWEowZVVsa1ZIbHdaU0k2SWsxVFNWTkVUaUlzSW5CaGNuUjVTV1JsYm5ScFptbGxjaUk2SWpJeU5UQTNNREE0TVRneElpd2labk53U1dRaU9pSndZWGxsY21aemNDSjlMQ0p3WlhKemIyNWhiRWx1Wm04aU9uc2lZMjl0Y0d4bGVFNWhiV1VpT25zaVptbHljM1JPWVcxbElqb2lUV0YwY3lJc0lteGhjM1JPWVcxbElqb2lTR0ZuYldGdUluMHNJbVJoZEdWUFprSnBjblJvSWpvaU1UazRNeTB4TUMweU5TSjlmU3dpWVcxdmRXNTBJanA3SW1GdGIzVnVkQ0k2SWpZd0lpd2lZM1Z5Y21WdVkza2lPaUpWVTBRaWZTd2lkSEpoYm5OaFkzUnBiMjVVZVhCbElqcDdJbk5qWlc1aGNtbHZJam9pVkZKQlRsTkdSVklpTENKcGJtbDBhV0YwYjNJaU9pSlFRVmxGVWlJc0ltbHVhWFJwWVhSdmNsUjVjR1VpT2lKRFQwNVRWVTFGVWlKOWZRAA','2023-03-30 15:40:14'),('cd01fc33-6184-44c7-9eb3-3772ac133873','AYIENAAAAAAAAFJ7HWcudGVzdGZzcDIubXNpc2RuLjE3MDM5ODExOTA0ggQKZXlKMGNtRnVjMkZqZEdsdmJrbGtJam9pWTJRd01XWmpNek10TmpFNE5DMDBOR00zTFRsbFlqTXRNemMzTW1Gak1UTXpPRGN6SWl3aWNYVnZkR1ZKWkNJNklqRXlZamhqTldJNExUVTVZbUV0TkdRNFppMWhNRFZrTFdJeE5USmxOV1poTjJWa1lpSXNJbkJoZVdWbElqcDdJbkJoY25SNVNXUkpibVp2SWpwN0luQmhjblI1U1dSVWVYQmxJam9pVFZOSlUwUk9JaXdpY0dGeWRIbEpaR1Z1ZEdsbWFXVnlJam9pTVRjd016azRNVEU1TURRaUxDSm1jM0JKWkNJNkluUmxjM1JtYzNBeUlpd2laWGgwWlc1emFXOXVUR2x6ZENJNmV5SmxlSFJsYm5OcGIyNGlPbHQ3SW10bGVTSTZJbUZqWTI5MWJuUlVlWEJsSWl3aWRtRnNkV1VpT2lKWFlXeHNaWFFpZlYxOWZTd2ljR1Z5YzI5dVlXeEpibVp2SWpwN0ltTnZiWEJzWlhoT1lXMWxJanA3SW1acGNuTjBUbUZ0WlNJNklsUmxjM1JtYzNBeVJtbHljM1FpTENKdGFXUmtiR1ZPWVcxbElqb2lWR1Z6ZEdaemNESk5hV1JrYkdVaUxDSnNZWE4wVG1GdFpTSTZJbFJsYzNSbWMzQXlUR0Z6ZENKOUxDSmtZWFJsVDJaQ2FYSjBhQ0k2SWpJd01UQXRNVEF0TVRBaWZYMHNJbkJoZVdWeUlqcDdJbkJoY25SNVNXUkpibVp2SWpwN0luQmhjblI1U1dSVWVYQmxJam9pVFZOSlUwUk9JaXdpY0dGeWRIbEpaR1Z1ZEdsbWFXVnlJam9pTVRjNE9URXlNems0TnpNaUxDSm1jM0JKWkNJNkluUmxjM1JtYzNBeklpd2laWGgwWlc1emFXOXVUR2x6ZENJNmV5SmxlSFJsYm5OcGIyNGlPbHQ3SW10bGVTSTZJbUZqWTI5MWJuUlVlWEJsSWl3aWRtRnNkV1VpT2lKWFlXeHNaWFFpZlYxOWZTd2libUZ0WlNJNkluUmxjM1JtYzNBelYyRnNiR1YwUm01aGJXVWdkR1Z6ZEdaemNETlhZV3hzWlhSTWJtRnRaU0o5TENKaGJXOTFiblFpT25zaVlXMXZkVzUwSWpvaU1qRXhMakUxSWl3aVkzVnljbVZ1WTNraU9pSkpUbElpZlN3aWRISmhibk5oWTNScGIyNVVlWEJsSWpwN0luTmpaVzVoY21sdklqb2lWRkpCVGxOR1JWSWlMQ0pwYm1sMGFXRjBiM0lpT2lKUVFWbEZVaUlzSW1sdWFYUnBZWFJ2Y2xSNWNHVWlPaUpEVDA1VFZVMUZVaUo5ZlEA','2023-03-30 15:30:07'),('cde993c4-9987-4095-a264-cf9e85b60a2a','AYIC9AAAAAAAABdwHWcucGF5ZWVmc3AubXNpc2RuLjIyNTU2OTk5MTI1ggLKZXlKMGNtRnVjMkZqZEdsdmJrbGtJam9pWmpRMFltUmtOV010WXpreE1DMDBZVGt3TFRoa05qa3RaR0ppWVRaaVl6aGxZVFpqSWl3aWNYVnZkR1ZKWkNJNklqVTBaRFZtTURsaUxXRTBOMlF0TkRCa05pMWhZVEEzTFdFNVkyWXpZbUl5TkRsaFpDSXNJbkJoZVdWbElqcDdJbkJoY25SNVNXUkpibVp2SWpwN0luQmhjblI1U1dSVWVYQmxJam9pVFZOSlUwUk9JaXdpY0dGeWRIbEpaR1Z1ZEdsbWFXVnlJam9pTWpJMU5UWTVPVGt4TWpVaUxDSm1jM0JKWkNJNkluQmhlV1ZsWm5Od0luMTlMQ0p3WVhsbGNpSTZleUp3WVhKMGVVbGtTVzVtYnlJNmV5SndZWEowZVVsa1ZIbHdaU0k2SWsxVFNWTkVUaUlzSW5CaGNuUjVTV1JsYm5ScFptbGxjaUk2SWpJeU5UQTNNREE0TVRneElpd2labk53U1dRaU9pSndZWGxsY21aemNDSjlMQ0p3WlhKemIyNWhiRWx1Wm04aU9uc2lZMjl0Y0d4bGVFNWhiV1VpT25zaVptbHljM1JPWVcxbElqb2lUV0YwY3lJc0lteGhjM1JPWVcxbElqb2lTR0ZuYldGdUluMHNJbVJoZEdWUFprSnBjblJvSWpvaU1UazRNeTB4TUMweU5TSjlmU3dpWVcxdmRXNTBJanA3SW1GdGIzVnVkQ0k2SWpZd0lpd2lZM1Z5Y21WdVkza2lPaUpWVTBRaWZTd2lkSEpoYm5OaFkzUnBiMjVVZVhCbElqcDdJbk5qWlc1aGNtbHZJam9pVkZKQlRsTkdSVklpTENKcGJtbDBhV0YwYjNJaU9pSlFRVmxGVWlJc0ltbHVhWFJwWVhSdmNsUjVjR1VpT2lKRFQwNVRWVTFGVWlKOWZRAA','2023-03-30 15:41:16'),('ce4c160a-0fb1-4c80-acbf-d0abf2194aab','AYIDaAAAAAAAACcQG2cudHRrc2ltMy5tc2lzZG4uNTY3MTAwMDAwNIIDQGV5SjBjbUZ1YzJGamRHbHZia2xrSWpvaVkyVTBZekUyTUdFdE1HWmlNUzAwWXpnd0xXRmpZbVl0WkRCaFltWXlNVGswWVdGaUlpd2ljWFZ2ZEdWSlpDSTZJbU5sTkdNeE5qQmhMVEJtWWpFdE5HTTRNQzFoWTJKbUxXUXdZV0ptTWpFNU5HRmhZaUlzSW5CaGVXVmxJanA3SW5CaGNuUjVTV1JKYm1adklqcDdJbkJoY25SNVNXUlVlWEJsSWpvaVRWTkpVMFJPSWl3aWNHRnlkSGxKWkdWdWRHbG1hV1Z5SWpvaU5UWTNNVEF3TURBd05DSXNJbVp6Y0Vsa0lqb2lkSFJyYzJsdE15SjlMQ0p3WlhKemIyNWhiRWx1Wm04aU9uc2lZMjl0Y0d4bGVFNWhiV1VpT25zaVptbHljM1JPWVcxbElqb2lVbVZqWldsMlpYSkdhWEp6ZENJc0ltMXBaR1JzWlU1aGJXVWlPaUpTWldObGFYWmxjazFwWkdSc1pTSXNJbXhoYzNST1lXMWxJam9pVW1WalpXbDJaWEpNWVhOMEluMHNJbVJoZEdWUFprSnBjblJvSWpvaU1UazROQzB3TVMwd01TSjlMQ0p1WVcxbElqb2lVbVZqWldsMlpYSkdhWEp6ZENCU1pXTmxhWFpsY2t4aGMzUWlmU3dpY0dGNVpYSWlPbnNpY0dGeWRIbEpaRWx1Wm04aU9uc2ljR0Z5ZEhsSlpGUjVjR1VpT2lKTlUwbFRSRTRpTENKd1lYSjBlVWxrWlc1MGFXWnBaWElpT2lJeE5qRXpOVFUxTVRJeE1pSXNJbVp6Y0Vsa0lqb2lkSFJyYzJsdE1TSjlmU3dpWVcxdmRXNTBJanA3SW1GdGIzVnVkQ0k2SWpFd01DSXNJbU4xY25KbGJtTjVJam9pVkZwVEluMHNJblJ5WVc1ellXTjBhVzl1Vkhsd1pTSTZleUp6WTJWdVlYSnBieUk2SWxSU1FVNVRSa1ZTSWl3aWFXNXBkR2xoZEc5eUlqb2lVRUZaUlZJaUxDSnBibWwwYVdGMGIzSlVlWEJsSWpvaVEwOU9VMVZOUlZJaWZTd2libTkwWlNJNklpSjkA','2023-03-30 15:44:09'),('cefbc20f-0a21-465a-a9a3-f384749e0816','AYIDIAAAAAAAACg8IGcudHRrcGF5ZWVmc3AubXNpc2RuLjQ0MTIzNDU2Nzg5ggLzZXlKMGNtRnVjMkZqZEdsdmJrbGtJam9pWTJWbVltTXlNR1l0TUdFeU1TMDBOalZoTFdFNVlUTXRaak00TkRjME9XVXdPREUySWl3aWNYVnZkR1ZKWkNJNkltVXhaRGcyTUdSa0xUZzNOMlF0TkRFeFpDMDRNRFF3TFRFME9UVmlNV1JpWWpaa1ppSXNJbkJoZVdWbElqcDdJbkJoY25SNVNXUkpibVp2SWpwN0luQmhjblI1U1dSVWVYQmxJam9pVFZOSlUwUk9JaXdpY0dGeWRIbEpaR1Z1ZEdsbWFXVnlJam9pTkRReE1qTTBOVFkzT0RraUxDSm1jM0JKWkNJNkluUjBhM0JoZVdWbFpuTndJbjE5TENKd1lYbGxjaUk2ZXlKd1lYSjBlVWxrU1c1bWJ5STZleUp3WVhKMGVVbGtWSGx3WlNJNklrMVRTVk5FVGlJc0luQmhjblI1U1dSbGJuUnBabWxsY2lJNklqUTBNVEl6TkRVMk56ZzVJaXdpWm5Od1NXUWlPaUowWlhOMGFXNW5kRzl2Ykd0cGRHUm1jM0FpZlN3aWNHVnljMjl1WVd4SmJtWnZJanA3SW1OdmJYQnNaWGhPWVcxbElqcDdJbVpwY25OMFRtRnRaU0k2SWtacGNuTjBibUZ0WlMxVVpYTjBJaXdpYkdGemRFNWhiV1VpT2lKTVlYTjBibUZ0WlMxVVpYTjBJbjBzSW1SaGRHVlBaa0pwY25Sb0lqb2lNVGs0TkMwd01TMHdNU0o5ZlN3aVlXMXZkVzUwSWpwN0ltTjFjbkpsYm1ONUlqb2lWVk5FSWl3aVlXMXZkVzUwSWpvaU1UQXpJbjBzSW5SeVlXNXpZV04wYVc5dVZIbHdaU0k2ZXlKelkyVnVZWEpwYnlJNklsUlNRVTVUUmtWU0lpd2lhVzVwZEdsaGRHOXlJam9pVUVGWlJWSWlMQ0pwYm1sMGFXRjBiM0pVZVhCbElqb2lRMDlPVTFWTlJWSWlmWDAA','2023-03-30 15:37:28'),('cfbceb98-9839-4b1d-b674-7831b1a263cc','AYIDaAAAAAAAACcQG2cudHRrc2ltMi5tc2lzZG4uNDU2MTAwMDAwNIIDQGV5SjBjbUZ1YzJGamRHbHZia2xrSWpvaVkyWmlZMlZpT1RndE9UZ3pPUzAwWWpGa0xXSTJOelF0Tnpnek1XSXhZVEkyTTJOaklpd2ljWFZ2ZEdWSlpDSTZJbU5tWW1ObFlqazRMVGs0TXprdE5HSXhaQzFpTmpjMExUYzRNekZpTVdFeU5qTmpZeUlzSW5CaGVXVmxJanA3SW5CaGNuUjVTV1JKYm1adklqcDdJbkJoY25SNVNXUlVlWEJsSWpvaVRWTkpVMFJPSWl3aWNHRnlkSGxKWkdWdWRHbG1hV1Z5SWpvaU5EVTJNVEF3TURBd05DSXNJbVp6Y0Vsa0lqb2lkSFJyYzJsdE1pSjlMQ0p3WlhKemIyNWhiRWx1Wm04aU9uc2lZMjl0Y0d4bGVFNWhiV1VpT25zaVptbHljM1JPWVcxbElqb2lVbVZqWldsMlpYSkdhWEp6ZENJc0ltMXBaR1JzWlU1aGJXVWlPaUpTWldObGFYWmxjazFwWkdSc1pTSXNJbXhoYzNST1lXMWxJam9pVW1WalpXbDJaWEpNWVhOMEluMHNJbVJoZEdWUFprSnBjblJvSWpvaU1UazROQzB3TVMwd01TSjlMQ0p1WVcxbElqb2lVbVZqWldsMlpYSkdhWEp6ZENCU1pXTmxhWFpsY2t4aGMzUWlmU3dpY0dGNVpYSWlPbnNpY0dGeWRIbEpaRWx1Wm04aU9uc2ljR0Z5ZEhsSlpGUjVjR1VpT2lKTlUwbFRSRTRpTENKd1lYSjBlVWxrWlc1MGFXWnBaWElpT2lJeE5qRXpOVFUxTVRJeE1pSXNJbVp6Y0Vsa0lqb2lkSFJyYzJsdE1TSjlmU3dpWVcxdmRXNTBJanA3SW1GdGIzVnVkQ0k2SWpFd01DSXNJbU4xY25KbGJtTjVJam9pVkZwVEluMHNJblJ5WVc1ellXTjBhVzl1Vkhsd1pTSTZleUp6WTJWdVlYSnBieUk2SWxSU1FVNVRSa1ZTSWl3aWFXNXBkR2xoZEc5eUlqb2lVRUZaUlZJaUxDSnBibWwwYVdGMGIzSlVlWEJsSWpvaVEwOU9VMVZOUlZJaWZTd2libTkwWlNJNklpSjkA','2023-03-30 15:44:09'),('cfee0b72-a6a3-4712-9a6c-019c755a2d6b','AYIDwAAAAAAAACcQHWcucGF5ZWVmc3AubXNpc2RuLjk3MDM5ODE5OTk5ggOWZXlKMGNtRnVjMkZqZEdsdmJrbGtJam9pWTJabFpUQmlOekl0WVRaaE15MDBOekV5TFRsaE5tTXRNREU1WXpjMU5XRXlaRFppSWl3aWNYVnZkR1ZKWkNJNkltRTBNekV6WVRoa0xXUTNZV0V0TkdZM09DMDRNRE00TFRjM09HWXlaRE5pTldWaVppSXNJbkJoZVdWbElqcDdJbkJoY25SNVNXUkpibVp2SWpwN0luQmhjblI1U1dSVWVYQmxJam9pVFZOSlUwUk9JaXdpY0dGeWRIbEpaR1Z1ZEdsbWFXVnlJam9pT1Rjd016azRNVGs1T1RraUxDSm1jM0JKWkNJNkluQmhlV1ZsWm5Od0luMHNJbkJsY25OdmJtRnNTVzVtYnlJNmV5SmpiMjF3YkdWNFRtRnRaU0k2ZXlKbWFYSnpkRTVoYldVaU9pSlRaY09oYmlJc0ltMXBaR1JzWlU1aGJXVWlPaUpHY21GdXc2ZHZhWE1pTENKc1lYTjBUbUZ0WlNJNklrNTF3N0ZsZWlKOUxDSmtZWFJsVDJaQ2FYSjBhQ0k2SWpJd01EQXRNREV0TURFaWZYMHNJbkJoZVdWeUlqcDdJbkJoY25SNVNXUkpibVp2SWpwN0luQmhjblI1U1dSVWVYQmxJam9pVFZOSlUwUk9JaXdpY0dGeWRIbEpaR1Z1ZEdsbWFXVnlJam9pTkRReE1qTTBOVFkzT0RraUxDSm1jM0JKWkNJNkluUmxjM1JwYm1kMGIyOXNhMmwwWkdaemNDSjlMQ0p3WlhKemIyNWhiRWx1Wm04aU9uc2lZMjl0Y0d4bGVFNWhiV1VpT25zaVptbHljM1JPWVcxbElqb2lSbWx5YzNSdVlXMWxMVlJsYzNRaUxDSnNZWE4wVG1GdFpTSTZJa3hoYzNSdVlXMWxMVlJsYzNRaWZTd2laR0YwWlU5bVFtbHlkR2dpT2lJeE9UZzBMVEF4TFRBeEluMTlMQ0poYlc5MWJuUWlPbnNpWVcxdmRXNTBJam9pTVRBd0lpd2lZM1Z5Y21WdVkza2lPaUpWVTBRaWZTd2lkSEpoYm5OaFkzUnBiMjVVZVhCbElqcDdJbk5qWlc1aGNtbHZJam9pVkZKQlRsTkdSVklpTENKcGJtbDBhV0YwYjNJaU9pSlFRVmxGVWlJc0ltbHVhWFJwWVhSdmNsUjVjR1VpT2lKRFQwNVRWVTFGVWlKOWZRAA','2023-03-30 15:36:10'),('d01db26f-bc30-467d-a367-09e6345ef248','AYIDCgAAAAAAAA2sHWcudGVzdGZzcDEubXNpc2RuLjE3MDM5ODExOTAzggLgZXlKMGNtRnVjMkZqZEdsdmJrbGtJam9pWkRBeFpHSXlObVl0WW1Nek1DMDBOamRrTFdFek5qY3RNRGxsTmpNME5XVm1NalE0SWl3aWNYVnZkR1ZKWkNJNklqSmxaalZsWlROakxUVmxaREl0TkRNd1l5MDRaRFExTFRCbFpHWmlaR014TlRrM1pTSXNJbkJoZVdWbElqcDdJbkJoY25SNVNXUkpibVp2SWpwN0luQmhjblI1U1dSVWVYQmxJam9pVFZOSlUwUk9JaXdpY0dGeWRIbEpaR1Z1ZEdsbWFXVnlJam9pTVRjd016azRNVEU1TURNaUxDSm1jM0JKWkNJNkluUmxjM1JtYzNBeEluMTlMQ0p3WVhsbGNpSTZleUp3WVhKMGVVbGtTVzVtYnlJNmV5SndZWEowZVVsa1ZIbHdaU0k2SWsxVFNWTkVUaUlzSW5CaGNuUjVTV1JsYm5ScFptbGxjaUk2SWpFM01ETTVPREV4T1RBeElpd2labk53U1dRaU9pSndZWGxsY21aemNDSjlMQ0p3WlhKemIyNWhiRWx1Wm04aU9uc2lZMjl0Y0d4bGVFNWhiV1VpT25zaVptbHljM1JPWVcxbElqb2lSbWx5YzNSdVlXMWxMVlJsYzNRaUxDSnNZWE4wVG1GdFpTSTZJa3hoYzNSdVlXMWxMVlJsYzNRaWZTd2laR0YwWlU5bVFtbHlkR2dpT2lJeE9UZzBMVEF4TFRBeEluMTlMQ0poYlc5MWJuUWlPbnNpWVcxdmRXNTBJam9pTXpVaUxDSmpkWEp5Wlc1amVTSTZJbFJhVXlKOUxDSjBjbUZ1YzJGamRHbHZibFI1Y0dVaU9uc2ljMk5sYm1GeWFXOGlPaUpVVWtGT1UwWkZVaUlzSW1sdWFYUnBZWFJ2Y2lJNklsQkJXVVZTSWl3aWFXNXBkR2xoZEc5eVZIbHdaU0k2SWtOUFRsTlZUVVZTSW4xOQA','2023-03-30 15:29:22'),('d06c6752-b829-4c2a-989b-6f96956c413e','AYIDaAAAAAAAACcQG2cudHRrc2ltMy5tc2lzZG4uNTY3MTAwMDAwMoIDQGV5SjBjbUZ1YzJGamRHbHZia2xrSWpvaVpEQTJZelkzTlRJdFlqZ3lPUzAwWXpKaExUazRPV0l0Tm1ZNU5qazFObU0wTVRObElpd2ljWFZ2ZEdWSlpDSTZJbVF3Tm1NMk56VXlMV0k0TWprdE5HTXlZUzA1T0RsaUxUWm1PVFk1TlRaak5ERXpaU0lzSW5CaGVXVmxJanA3SW5CaGNuUjVTV1JKYm1adklqcDdJbkJoY25SNVNXUlVlWEJsSWpvaVRWTkpVMFJPSWl3aWNHRnlkSGxKWkdWdWRHbG1hV1Z5SWpvaU5UWTNNVEF3TURBd01pSXNJbVp6Y0Vsa0lqb2lkSFJyYzJsdE15SjlMQ0p3WlhKemIyNWhiRWx1Wm04aU9uc2lZMjl0Y0d4bGVFNWhiV1VpT25zaVptbHljM1JPWVcxbElqb2lVbVZqWldsMlpYSkdhWEp6ZENJc0ltMXBaR1JzWlU1aGJXVWlPaUpTWldObGFYWmxjazFwWkdSc1pTSXNJbXhoYzNST1lXMWxJam9pVW1WalpXbDJaWEpNWVhOMEluMHNJbVJoZEdWUFprSnBjblJvSWpvaU1UazROQzB3TVMwd01TSjlMQ0p1WVcxbElqb2lVbVZqWldsMlpYSkdhWEp6ZENCU1pXTmxhWFpsY2t4aGMzUWlmU3dpY0dGNVpYSWlPbnNpY0dGeWRIbEpaRWx1Wm04aU9uc2ljR0Z5ZEhsSlpGUjVjR1VpT2lKTlUwbFRSRTRpTENKd1lYSjBlVWxrWlc1MGFXWnBaWElpT2lJeE5qRXpOVFUxTVRJeE1pSXNJbVp6Y0Vsa0lqb2lkSFJyYzJsdE1TSjlmU3dpWVcxdmRXNTBJanA3SW1GdGIzVnVkQ0k2SWpFd01DSXNJbU4xY25KbGJtTjVJam9pVkZwVEluMHNJblJ5WVc1ellXTjBhVzl1Vkhsd1pTSTZleUp6WTJWdVlYSnBieUk2SWxSU1FVNVRSa1ZTSWl3aWFXNXBkR2xoZEc5eUlqb2lVRUZaUlZJaUxDSnBibWwwYVdGMGIzSlVlWEJsSWpvaVEwOU9VMVZOUlZJaWZTd2libTkwWlNJNklpSjkA','2023-03-30 15:44:16'),('d0d041bf-a909-4edb-9557-96fa705e8236','AYIDaAAAAAAAACcQG2cudHRrc2ltMi5tc2lzZG4uNDU2MTAwMDAwM4IDQGV5SjBjbUZ1YzJGamRHbHZia2xrSWpvaVpEQmtNRFF4WW1ZdFlUa3dPUzAwWldSaUxUazFOVGN0T1RabVlUY3dOV1U0TWpNMklpd2ljWFZ2ZEdWSlpDSTZJbVF3WkRBME1XSm1MV0U1TURrdE5HVmtZaTA1TlRVM0xUazJabUUzTURWbE9ESXpOaUlzSW5CaGVXVmxJanA3SW5CaGNuUjVTV1JKYm1adklqcDdJbkJoY25SNVNXUlVlWEJsSWpvaVRWTkpVMFJPSWl3aWNHRnlkSGxKWkdWdWRHbG1hV1Z5SWpvaU5EVTJNVEF3TURBd015SXNJbVp6Y0Vsa0lqb2lkSFJyYzJsdE1pSjlMQ0p3WlhKemIyNWhiRWx1Wm04aU9uc2lZMjl0Y0d4bGVFNWhiV1VpT25zaVptbHljM1JPWVcxbElqb2lVbVZqWldsMlpYSkdhWEp6ZENJc0ltMXBaR1JzWlU1aGJXVWlPaUpTWldObGFYWmxjazFwWkdSc1pTSXNJbXhoYzNST1lXMWxJam9pVW1WalpXbDJaWEpNWVhOMEluMHNJbVJoZEdWUFprSnBjblJvSWpvaU1UazROQzB3TVMwd01TSjlMQ0p1WVcxbElqb2lVbVZqWldsMlpYSkdhWEp6ZENCU1pXTmxhWFpsY2t4aGMzUWlmU3dpY0dGNVpYSWlPbnNpY0dGeWRIbEpaRWx1Wm04aU9uc2ljR0Z5ZEhsSlpGUjVjR1VpT2lKTlUwbFRSRTRpTENKd1lYSjBlVWxrWlc1MGFXWnBaWElpT2lJeE5qRXpOVFUxTVRJeE1pSXNJbVp6Y0Vsa0lqb2lkSFJyYzJsdE1TSjlmU3dpWVcxdmRXNTBJanA3SW1GdGIzVnVkQ0k2SWpFd01DSXNJbU4xY25KbGJtTjVJam9pVkZwVEluMHNJblJ5WVc1ellXTjBhVzl1Vkhsd1pTSTZleUp6WTJWdVlYSnBieUk2SWxSU1FVNVRSa1ZTSWl3aWFXNXBkR2xoZEc5eUlqb2lVRUZaUlZJaUxDSnBibWwwYVdGMGIzSlVlWEJsSWpvaVEwOU9VMVZOUlZJaWZTd2libTkwWlNJNklpSjkA','2023-03-30 15:44:12'),('d2825ceb-096f-4ea6-a45b-9084ae727715','AYIEMAAAAAAAAIIUHWcudGVzdGZzcDEubXNpc2RuLjE3MDM5ODExOTAzggQGZXlKMGNtRnVjMkZqZEdsdmJrbGtJam9pWkRJNE1qVmpaV0l0TURrMlppMDBaV0UyTFdFME5XSXRPVEE0TkdGbE56STNOekUxSWl3aWNYVnZkR1ZKWkNJNklqUmxPREUzTXpJMExUVmpaak10TkdSbFpTMDVNbUk1TFRFd05qTXhNVEE1TVRaaE5pSXNJbkJoZVdWbElqcDdJbkJoY25SNVNXUkpibVp2SWpwN0luQmhjblI1U1dSVWVYQmxJam9pVFZOSlUwUk9JaXdpY0dGeWRIbEpaR1Z1ZEdsbWFXVnlJam9pTVRjd016azRNVEU1TURNaUxDSm1jM0JKWkNJNkluUmxjM1JtYzNBeElpd2laWGgwWlc1emFXOXVUR2x6ZENJNmV5SmxlSFJsYm5OcGIyNGlPbHQ3SW10bGVTSTZJbUZqWTI5MWJuUlVlWEJsSWl3aWRtRnNkV1VpT2lKWFlXeHNaWFFpZlYxOWZTd2ljR1Z5YzI5dVlXeEpibVp2SWpwN0ltTnZiWEJzWlhoT1lXMWxJanA3SW1acGNuTjBUbUZ0WlNJNklsUmxjM1JtYzNBeFJtbHljM1FpTENKdGFXUmtiR1ZPWVcxbElqb2lWR1Z6ZEdaemNERk5hV1JrYkdVaUxDSnNZWE4wVG1GdFpTSTZJbFJsYzNSbWMzQXhUR0Z6ZENKOUxDSmtZWFJsVDJaQ2FYSjBhQ0k2SWpJd01UQXRNVEF0TVRBaWZYMHNJbkJoZVdWeUlqcDdJbkJoY25SNVNXUkpibVp2SWpwN0luQmhjblI1U1dSVWVYQmxJam9pVFZOSlUwUk9JaXdpY0dGeWRIbEpaR1Z1ZEdsbWFXVnlJam9pTVRjd016azRNVEU1TURRaUxDSm1jM0JKWkNJNkluUmxjM1JtYzNBeUlpd2laWGgwWlc1emFXOXVUR2x6ZENJNmV5SmxlSFJsYm5OcGIyNGlPbHQ3SW10bGVTSTZJbUZqWTI5MWJuUlVlWEJsSWl3aWRtRnNkV1VpT2lKWFlXeHNaWFFpZlYxOWZTd2libUZ0WlNJNkluUmxjM1JtYzNBeVYyRnNiR1YwUm01aGJXVWdkR1Z6ZEdaemNESlhZV3hzWlhSTWJtRnRaU0o5TENKaGJXOTFiblFpT25zaVlXMXZkVzUwSWpvaU16TXpJaXdpWTNWeWNtVnVZM2tpT2lKSlRsSWlmU3dpZEhKaGJuTmhZM1JwYjI1VWVYQmxJanA3SW5OalpXNWhjbWx2SWpvaVZGSkJUbE5HUlZJaUxDSnBibWwwYVdGMGIzSWlPaUpRUVZsRlVpSXNJbWx1YVhScFlYUnZjbFI1Y0dVaU9pSkRUMDVUVlUxRlVpSjlmUQA','2023-03-30 15:30:00'),('d37b748a-988e-42af-92e0-8af93d355191','AYIC9AAAAAAAABdwHWcucGF5ZWVmc3AubXNpc2RuLjIyNTU2OTk5MTI1ggLKZXlKMGNtRnVjMkZqZEdsdmJrbGtJam9pWmpRMFltUmtOV010WXpreE1DMDBZVGt3TFRoa05qa3RaR0ppWVRaaVl6aGxZVFpqSWl3aWNYVnZkR1ZKWkNJNklqVTBaRFZtTURsaUxXRTBOMlF0TkRCa05pMWhZVEEzTFdFNVkyWXpZbUl5TkRsaFpDSXNJbkJoZVdWbElqcDdJbkJoY25SNVNXUkpibVp2SWpwN0luQmhjblI1U1dSVWVYQmxJam9pVFZOSlUwUk9JaXdpY0dGeWRIbEpaR1Z1ZEdsbWFXVnlJam9pTWpJMU5UWTVPVGt4TWpVaUxDSm1jM0JKWkNJNkluQmhlV1ZsWm5Od0luMTlMQ0p3WVhsbGNpSTZleUp3WVhKMGVVbGtTVzVtYnlJNmV5SndZWEowZVVsa1ZIbHdaU0k2SWsxVFNWTkVUaUlzSW5CaGNuUjVTV1JsYm5ScFptbGxjaUk2SWpJeU5UQTNNREE0TVRneElpd2labk53U1dRaU9pSndZWGxsY21aemNDSjlMQ0p3WlhKemIyNWhiRWx1Wm04aU9uc2lZMjl0Y0d4bGVFNWhiV1VpT25zaVptbHljM1JPWVcxbElqb2lUV0YwY3lJc0lteGhjM1JPWVcxbElqb2lTR0ZuYldGdUluMHNJbVJoZEdWUFprSnBjblJvSWpvaU1UazRNeTB4TUMweU5TSjlmU3dpWVcxdmRXNTBJanA3SW1GdGIzVnVkQ0k2SWpZd0lpd2lZM1Z5Y21WdVkza2lPaUpWVTBRaWZTd2lkSEpoYm5OaFkzUnBiMjVVZVhCbElqcDdJbk5qWlc1aGNtbHZJam9pVkZKQlRsTkdSVklpTENKcGJtbDBhV0YwYjNJaU9pSlFRVmxGVWlJc0ltbHVhWFJwWVhSdmNsUjVjR1VpT2lKRFQwNVRWVTFGVWlKOWZRAA','2023-03-30 15:40:14'),('d4595ae6-1a3e-41ca-8ec3-56e59e3e0938','AYIDBAAAAAAABS-8HWcucGF5ZWVmc3AubXNpc2RuLjE3MDM5ODExOTAyggLaZXlKMGNtRnVjMkZqZEdsdmJrbGtJam9pWkRRMU9UVmhaVFl0TVdFelpTMDBNV05oTFRobFl6TXROVFpsTlRsbE0yVXdPVE00SWl3aWNYVnZkR1ZKWkNJNklqZzNaakl3Tm1JekxUbGhPV1l0TkRnMU15MDRaV05qTFRnMU1EQTJZelZsTURnMFlTSXNJbkJoZVdWbElqcDdJbkJoY25SNVNXUkpibVp2SWpwN0luQmhjblI1U1dSVWVYQmxJam9pVFZOSlUwUk9JaXdpY0dGeWRIbEpaR1Z1ZEdsbWFXVnlJam9pTVRjd016azRNVEU1TURJaUxDSm1jM0JKWkNJNkluQmhlV1ZsWm5Od0luMTlMQ0p3WVhsbGNpSTZleUp3WVhKMGVVbGtTVzVtYnlJNmV5SndZWEowZVVsa1ZIbHdaU0k2SWsxVFNWTkVUaUlzSW5CaGNuUjVTV1JsYm5ScFptbGxjaUk2SWpRME1USXpORFUyTnpnNUlpd2labk53U1dRaU9pSjBaWE4wYVc1bmRHOXZiR3RwZEdSbWMzQWlmU3dpY0dWeWMyOXVZV3hKYm1adklqcDdJbU52YlhCc1pYaE9ZVzFsSWpwN0ltWnBjbk4wVG1GdFpTSTZJazFoZEhNaUxDSnNZWE4wVG1GdFpTSTZJa2hoWjIxaGJpSjlMQ0prWVhSbFQyWkNhWEowYUNJNklqRTVPRE10TVRBdE1qVWlmWDBzSW1GdGIzVnVkQ0k2ZXlKaGJXOTFiblFpT2lJek16azVJaXdpWTNWeWNtVnVZM2tpT2lKVlUwUWlmU3dpZEhKaGJuTmhZM1JwYjI1VWVYQmxJanA3SW5OalpXNWhjbWx2SWpvaVZGSkJUbE5HUlZJaUxDSnBibWwwYVdGMGIzSWlPaUpRUVZsRlVpSXNJbWx1YVhScFlYUnZjbFI1Y0dVaU9pSkRUMDVUVlUxRlVpSjlmUQA','2023-03-30 15:27:41'),('d664984a-97e5-447c-aa78-79bd31109537','AYIELgAAAAAAABEwHWcudGVzdGZzcDEubXNpc2RuLjE3MDM5ODExOTAzggQEZXlKMGNtRnVjMkZqZEdsdmJrbGtJam9pWkRZMk5EazROR0V0T1RkbE5TMDBORGRqTFdGaE56Z3ROemxpWkRNeE1UQTVOVE0zSWl3aWNYVnZkR1ZKWkNJNkltVTNabUUwTnpjMkxUWmlOVE10TkRreFlpMWhNMlZsTFRjMk5HSmhaVEJoTmpRMlppSXNJbkJoZVdWbElqcDdJbkJoY25SNVNXUkpibVp2SWpwN0luQmhjblI1U1dSVWVYQmxJam9pVFZOSlUwUk9JaXdpY0dGeWRIbEpaR1Z1ZEdsbWFXVnlJam9pTVRjd016azRNVEU1TURNaUxDSm1jM0JKWkNJNkluUmxjM1JtYzNBeElpd2laWGgwWlc1emFXOXVUR2x6ZENJNmV5SmxlSFJsYm5OcGIyNGlPbHQ3SW10bGVTSTZJbUZqWTI5MWJuUlVlWEJsSWl3aWRtRnNkV1VpT2lKWFlXeHNaWFFpZlYxOWZTd2ljR1Z5YzI5dVlXeEpibVp2SWpwN0ltTnZiWEJzWlhoT1lXMWxJanA3SW1acGNuTjBUbUZ0WlNJNklsUmxjM1JtYzNBeFJtbHljM1FpTENKdGFXUmtiR1ZPWVcxbElqb2lWR1Z6ZEdaemNERk5hV1JrYkdVaUxDSnNZWE4wVG1GdFpTSTZJbFJsYzNSbWMzQXhUR0Z6ZENKOUxDSmtZWFJsVDJaQ2FYSjBhQ0k2SWpJd01UQXRNVEF0TVRBaWZYMHNJbkJoZVdWeUlqcDdJbkJoY25SNVNXUkpibVp2SWpwN0luQmhjblI1U1dSVWVYQmxJam9pVFZOSlUwUk9JaXdpY0dGeWRIbEpaR1Z1ZEdsbWFXVnlJam9pTVRjd016azRNVEU1TURRaUxDSm1jM0JKWkNJNkluUmxjM1JtYzNBeUlpd2laWGgwWlc1emFXOXVUR2x6ZENJNmV5SmxlSFJsYm5OcGIyNGlPbHQ3SW10bGVTSTZJbUZqWTI5MWJuUlVlWEJsSWl3aWRtRnNkV1VpT2lKWFlXeHNaWFFpZlYxOWZTd2libUZ0WlNJNkluUmxjM1JtYzNBeVYyRnNiR1YwUm01aGJXVWdkR1Z6ZEdaemNESlhZV3hzWlhSTWJtRnRaU0o5TENKaGJXOTFiblFpT25zaVlXMXZkVzUwSWpvaU5EUWlMQ0pqZFhKeVpXNWplU0k2SWtsT1VpSjlMQ0owY21GdWMyRmpkR2x2YmxSNWNHVWlPbnNpYzJObGJtRnlhVzhpT2lKVVVrRk9VMFpGVWlJc0ltbHVhWFJwWVhSdmNpSTZJbEJCV1VWU0lpd2lhVzVwZEdsaGRHOXlWSGx3WlNJNklrTlBUbE5WVFVWU0luMTkA','2023-03-30 15:39:21'),('da64268b-62f3-470c-a7d7-481c323ee2c6','AYIDCAAAAAAAC3vMHWcucGF5ZWVmc3AubXNpc2RuLjE3MDM5ODExOTAyggLeZXlKMGNtRnVjMkZqZEdsdmJrbGtJam9pWkdFMk5ESTJPR0l0TmpKbU15MDBOekJqTFdFM1pEY3RORGd4WXpNeU0yVmxNbU0ySWl3aWNYVnZkR1ZKWkNJNkltRXdaV0l4WkRJNExUUmpaak10TkdGbFppMWlPREJpTFRkbU5qUTFOV001WWpKaVlpSXNJbkJoZVdWbElqcDdJbkJoY25SNVNXUkpibVp2SWpwN0luQmhjblI1U1dSVWVYQmxJam9pVFZOSlUwUk9JaXdpY0dGeWRIbEpaR1Z1ZEdsbWFXVnlJam9pTVRjd016azRNVEU1TURJaUxDSm1jM0JKWkNJNkluQmhlV1ZsWm5Od0luMTlMQ0p3WVhsbGNpSTZleUp3WVhKMGVVbGtTVzVtYnlJNmV5SndZWEowZVVsa1ZIbHdaU0k2SWsxVFNWTkVUaUlzSW5CaGNuUjVTV1JsYm5ScFptbGxjaUk2SWpRME1USXpORFUyTnpnNUlpd2labk53U1dRaU9pSjBaWE4wYVc1bmRHOXZiR3RwZEdSbWMzQWlmU3dpY0dWeWMyOXVZV3hKYm1adklqcDdJbU52YlhCc1pYaE9ZVzFsSWpwN0ltWnBjbk4wVG1GdFpTSTZJazFoZEhNaUxDSnNZWE4wVG1GdFpTSTZJa2hoWjIxaGJpSjlMQ0prWVhSbFQyWkNhWEowYUNJNklqRTVPRE10TVRBdE1qVWlmWDBzSW1GdGIzVnVkQ0k2ZXlKaGJXOTFiblFpT2lJM05USTFMamc0SWl3aVkzVnljbVZ1WTNraU9pSlZVMFFpZlN3aWRISmhibk5oWTNScGIyNVVlWEJsSWpwN0luTmpaVzVoY21sdklqb2lWRkpCVGxOR1JWSWlMQ0pwYm1sMGFXRjBiM0lpT2lKUVFWbEZVaUlzSW1sdWFYUnBZWFJ2Y2xSNWNHVWlPaUpEVDA1VFZVMUZVaUo5ZlEA','2023-03-30 15:37:12'),('daed7c97-6ea8-46b7-90aa-af1f20a091d4','AYIEMgAAAAAAAAV9HWcudGVzdGZzcDEubXNpc2RuLjE3MDM5ODExOTAzggQIZXlKMGNtRnVjMkZqZEdsdmJrbGtJam9pWkdGbFpEZGpPVGN0Tm1WaE9DMDBObUkzTFRrd1lXRXRZV1l4WmpJd1lUQTVNV1EwSWl3aWNYVnZkR1ZKWkNJNklqWXhNMlF6TkdJNUxXWXdOREl0TkdFME9TMWlORFF3TFdObU56SmxOVEU0WXpjNU9TSXNJbkJoZVdWbElqcDdJbkJoY25SNVNXUkpibVp2SWpwN0luQmhjblI1U1dSVWVYQmxJam9pVFZOSlUwUk9JaXdpY0dGeWRIbEpaR1Z1ZEdsbWFXVnlJam9pTVRjd016azRNVEU1TURNaUxDSm1jM0JKWkNJNkluUmxjM1JtYzNBeElpd2laWGgwWlc1emFXOXVUR2x6ZENJNmV5SmxlSFJsYm5OcGIyNGlPbHQ3SW10bGVTSTZJbUZqWTI5MWJuUlVlWEJsSWl3aWRtRnNkV1VpT2lKWFlXeHNaWFFpZlYxOWZTd2ljR1Z5YzI5dVlXeEpibVp2SWpwN0ltTnZiWEJzWlhoT1lXMWxJanA3SW1acGNuTjBUbUZ0WlNJNklsUmxjM1JtYzNBeFJtbHljM1FpTENKdGFXUmtiR1ZPWVcxbElqb2lWR1Z6ZEdaemNERk5hV1JrYkdVaUxDSnNZWE4wVG1GdFpTSTZJbFJsYzNSbWMzQXhUR0Z6ZENKOUxDSmtZWFJsVDJaQ2FYSjBhQ0k2SWpJd01UQXRNVEF0TVRBaWZYMHNJbkJoZVdWeUlqcDdJbkJoY25SNVNXUkpibVp2SWpwN0luQmhjblI1U1dSVWVYQmxJam9pVFZOSlUwUk9JaXdpY0dGeWRIbEpaR1Z1ZEdsbWFXVnlJam9pTVRjd016azRNVEU1TURRaUxDSm1jM0JKWkNJNkluUmxjM1JtYzNBeUlpd2laWGgwWlc1emFXOXVUR2x6ZENJNmV5SmxlSFJsYm5OcGIyNGlPbHQ3SW10bGVTSTZJbUZqWTI5MWJuUlVlWEJsSWl3aWRtRnNkV1VpT2lKWFlXeHNaWFFpZlYxOWZTd2libUZ0WlNJNkluUmxjM1JtYzNBeVYyRnNiR1YwUm01aGJXVWdkR1Z6ZEdaemNESlhZV3hzWlhSTWJtRnRaU0o5TENKaGJXOTFiblFpT25zaVlXMXZkVzUwSWpvaU1UUXVNRFVpTENKamRYSnlaVzVqZVNJNklrbE9VaUo5TENKMGNtRnVjMkZqZEdsdmJsUjVjR1VpT25zaWMyTmxibUZ5YVc4aU9pSlVVa0ZPVTBaRlVpSXNJbWx1YVhScFlYUnZjaUk2SWxCQldVVlNJaXdpYVc1cGRHbGhkRzl5Vkhsd1pTSTZJa05QVGxOVlRVVlNJbjE5AA','2023-03-30 15:39:14'),('db68190b-dae8-49f0-b62c-3cac35ed4c7b','AYIDBQAAAAAAACcQJGcucGF5ZWVmc3AubXNpc2RuLnt7cmVjZWl2ZXJtc2lzZG59fYIC1GV5SjBjbUZ1YzJGamRHbHZia2xrSWpvaVptVXhNREU0Wm1NdE1EaGxZeTAwWWpJM0xUbGpZalF0TnpjMk9URTFNR00zT1dKaklpd2ljWFZ2ZEdWSlpDSTZJbVpsTVRBeE9HWmpMVEE0WldNdE5HSXlOeTA1WTJJMExUYzNOamt4TlRCak56bGlZeUlzSW5CaGVXVmxJanA3SW5CaGNuUjVTV1JKYm1adklqcDdJbkJoY25SNVNXUlVlWEJsSWpvaVRWTkpVMFJPSWl3aWNHRnlkSGxKWkdWdWRHbG1hV1Z5SWpvaWUzdHlaV05sYVhabGNrMVRTVk5FVG4xOUlpd2labk53U1dRaU9pSndZWGxsWldaemNDSjlmU3dpY0dGNVpYSWlPbnNpY0dGeWRIbEpaRWx1Wm04aU9uc2ljR0Z5ZEhsSlpGUjVjR1VpT2lKTlUwbFRSRTRpTENKd1lYSjBlVWxrWlc1MGFXWnBaWElpT2lJeU56Y3hNemd3TXprd05TSXNJbVp6Y0Vsa0lqb2ljR0Y1WlhKbWMzQWlmU3dpY0dWeWMyOXVZV3hKYm1adklqcDdJbU52YlhCc1pYaE9ZVzFsSWpwN0ltWnBjbk4wVG1GdFpTSTZJazFoZEhNaUxDSnNZWE4wVG1GdFpTSTZJa2hoWjIxaGJpSjlMQ0prWVhSbFQyWkNhWEowYUNJNklqRTVPRE10TVRBdE1qVWlmWDBzSW1GdGIzVnVkQ0k2ZXlKaGJXOTFiblFpT2lJeE1EQWlMQ0pqZFhKeVpXNWplU0k2SWxWVFJDSjlMQ0owY21GdWMyRmpkR2x2YmxSNWNHVWlPbnNpYzJObGJtRnlhVzhpT2lKVVVrRk9VMFpGVWlJc0ltbHVhWFJwWVhSdmNpSTZJbEJCV1VWU0lpd2lhVzVwZEdsaGRHOXlWSGx3WlNJNklrTlBUbE5WVFVWU0luMTkA','2023-03-30 15:37:41'),('db965979-cc75-4bbc-bdbb-6a1005141ad1','AYIDCgAAAAAAAA2sHWcudGVzdGZzcDEubXNpc2RuLjE3MDM5ODExOTAzggLgZXlKMGNtRnVjMkZqZEdsdmJrbGtJam9pWkdJNU5qVTVOemt0WTJNM05TMDBZbUpqTFdKa1ltSXRObUV4TURBMU1UUXhZV1F4SWl3aWNYVnZkR1ZKWkNJNkltSmlZbVU0T1dGakxURTVORGt0TkRBNU1TMWhNVE16TFRrd1kyTTJOamd4T0RKa01TSXNJbkJoZVdWbElqcDdJbkJoY25SNVNXUkpibVp2SWpwN0luQmhjblI1U1dSVWVYQmxJam9pVFZOSlUwUk9JaXdpY0dGeWRIbEpaR1Z1ZEdsbWFXVnlJam9pTVRjd016azRNVEU1TURNaUxDSm1jM0JKWkNJNkluUmxjM1JtYzNBeEluMTlMQ0p3WVhsbGNpSTZleUp3WVhKMGVVbGtTVzVtYnlJNmV5SndZWEowZVVsa1ZIbHdaU0k2SWsxVFNWTkVUaUlzSW5CaGNuUjVTV1JsYm5ScFptbGxjaUk2SWpFM01ETTVPREV4T1RBeElpd2labk53U1dRaU9pSndZWGxsY21aemNDSjlMQ0p3WlhKemIyNWhiRWx1Wm04aU9uc2lZMjl0Y0d4bGVFNWhiV1VpT25zaVptbHljM1JPWVcxbElqb2lSbWx5YzNSdVlXMWxMVlJsYzNRaUxDSnNZWE4wVG1GdFpTSTZJa3hoYzNSdVlXMWxMVlJsYzNRaWZTd2laR0YwWlU5bVFtbHlkR2dpT2lJeE9UZzBMVEF4TFRBeEluMTlMQ0poYlc5MWJuUWlPbnNpWVcxdmRXNTBJam9pTXpVaUxDSmpkWEp5Wlc1amVTSTZJbFZUUkNKOUxDSjBjbUZ1YzJGamRHbHZibFI1Y0dVaU9uc2ljMk5sYm1GeWFXOGlPaUpVVWtGT1UwWkZVaUlzSW1sdWFYUnBZWFJ2Y2lJNklsQkJXVVZTSWl3aWFXNXBkR2xoZEc5eVZIbHdaU0k2SWtOUFRsTlZUVVZTSW4xOQA','2023-03-30 15:28:30'),('dd816dd3-421e-426e-841c-bcfadfabb060','AYIDBQAAAAAAACcQJGcucGF5ZWVmc3AubXNpc2RuLnt7cmVjZWl2ZXJtc2lzZG59fYIC1GV5SjBjbUZ1YzJGamRHbHZia2xrSWpvaVptVXhNREU0Wm1NdE1EaGxZeTAwWWpJM0xUbGpZalF0TnpjMk9URTFNR00zT1dKaklpd2ljWFZ2ZEdWSlpDSTZJbVpsTVRBeE9HWmpMVEE0WldNdE5HSXlOeTA1WTJJMExUYzNOamt4TlRCak56bGlZeUlzSW5CaGVXVmxJanA3SW5CaGNuUjVTV1JKYm1adklqcDdJbkJoY25SNVNXUlVlWEJsSWpvaVRWTkpVMFJPSWl3aWNHRnlkSGxKWkdWdWRHbG1hV1Z5SWpvaWUzdHlaV05sYVhabGNrMVRTVk5FVG4xOUlpd2labk53U1dRaU9pSndZWGxsWldaemNDSjlmU3dpY0dGNVpYSWlPbnNpY0dGeWRIbEpaRWx1Wm04aU9uc2ljR0Z5ZEhsSlpGUjVjR1VpT2lKTlUwbFRSRTRpTENKd1lYSjBlVWxrWlc1MGFXWnBaWElpT2lJeU56Y3hNemd3TXprd05TSXNJbVp6Y0Vsa0lqb2ljR0Y1WlhKbWMzQWlmU3dpY0dWeWMyOXVZV3hKYm1adklqcDdJbU52YlhCc1pYaE9ZVzFsSWpwN0ltWnBjbk4wVG1GdFpTSTZJazFoZEhNaUxDSnNZWE4wVG1GdFpTSTZJa2hoWjIxaGJpSjlMQ0prWVhSbFQyWkNhWEowYUNJNklqRTVPRE10TVRBdE1qVWlmWDBzSW1GdGIzVnVkQ0k2ZXlKaGJXOTFiblFpT2lJeE1EQWlMQ0pqZFhKeVpXNWplU0k2SWxWVFJDSjlMQ0owY21GdWMyRmpkR2x2YmxSNWNHVWlPbnNpYzJObGJtRnlhVzhpT2lKVVVrRk9VMFpGVWlJc0ltbHVhWFJwWVhSdmNpSTZJbEJCV1VWU0lpd2lhVzVwZEdsaGRHOXlWSGx3WlNJNklrTlBUbE5WVFVWU0luMTkA','2023-03-30 15:36:45'),('dec674af-b995-45ab-8bd1-8f1ca629099c','AYIENAAAAAAAAFJ7HWcudGVzdGZzcDEubXNpc2RuLjE3MDM5ODExOTAzggQKZXlKMGNtRnVjMkZqZEdsdmJrbGtJam9pWkdWak5qYzBZV1l0WWprNU5TMDBOV0ZpTFRoaVpERXRPR1l4WTJFMk1qa3dPVGxqSWl3aWNYVnZkR1ZKWkNJNklqWTRPV0prTkRsa0xXVXdOemd0TkRWbE55MWhObVkxTFdRMFpXUmtaREl5WldOak15SXNJbkJoZVdWbElqcDdJbkJoY25SNVNXUkpibVp2SWpwN0luQmhjblI1U1dSVWVYQmxJam9pVFZOSlUwUk9JaXdpY0dGeWRIbEpaR1Z1ZEdsbWFXVnlJam9pTVRjd016azRNVEU1TURNaUxDSm1jM0JKWkNJNkluUmxjM1JtYzNBeElpd2laWGgwWlc1emFXOXVUR2x6ZENJNmV5SmxlSFJsYm5OcGIyNGlPbHQ3SW10bGVTSTZJbUZqWTI5MWJuUlVlWEJsSWl3aWRtRnNkV1VpT2lKWFlXeHNaWFFpZlYxOWZTd2ljR1Z5YzI5dVlXeEpibVp2SWpwN0ltTnZiWEJzWlhoT1lXMWxJanA3SW1acGNuTjBUbUZ0WlNJNklsUmxjM1JtYzNBeFJtbHljM1FpTENKdGFXUmtiR1ZPWVcxbElqb2lWR1Z6ZEdaemNERk5hV1JrYkdVaUxDSnNZWE4wVG1GdFpTSTZJbFJsYzNSbWMzQXhUR0Z6ZENKOUxDSmtZWFJsVDJaQ2FYSjBhQ0k2SWpJd01UQXRNVEF0TVRBaWZYMHNJbkJoZVdWeUlqcDdJbkJoY25SNVNXUkpibVp2SWpwN0luQmhjblI1U1dSVWVYQmxJam9pVFZOSlUwUk9JaXdpY0dGeWRIbEpaR1Z1ZEdsbWFXVnlJam9pTVRjd016azRNVEU1TURRaUxDSm1jM0JKWkNJNkluUmxjM1JtYzNBeUlpd2laWGgwWlc1emFXOXVUR2x6ZENJNmV5SmxlSFJsYm5OcGIyNGlPbHQ3SW10bGVTSTZJbUZqWTI5MWJuUlVlWEJsSWl3aWRtRnNkV1VpT2lKWFlXeHNaWFFpZlYxOWZTd2libUZ0WlNJNkluUmxjM1JtYzNBeVYyRnNiR1YwUm01aGJXVWdkR1Z6ZEdaemNESlhZV3hzWlhSTWJtRnRaU0o5TENKaGJXOTFiblFpT25zaVlXMXZkVzUwSWpvaU1qRXhMakUxSWl3aVkzVnljbVZ1WTNraU9pSkpUbElpZlN3aWRISmhibk5oWTNScGIyNVVlWEJsSWpwN0luTmpaVzVoY21sdklqb2lWRkpCVGxOR1JWSWlMQ0pwYm1sMGFXRjBiM0lpT2lKUVFWbEZVaUlzSW1sdWFYUnBZWFJ2Y2xSNWNHVWlPaUpEVDA1VFZVMUZVaUo5ZlEA','2023-03-30 15:39:17'),('defcbe09-31dc-4c31-9e2f-d7a35b28c018','AYIDMgAAAAAAABV8LmcucGF5ZWVmc3AubXNpc2RuLnskaW5wdXRzLnBheWVlZnNwaWRlbnRpZmllcn2CAvdleUowY21GdWMyRmpkR2x2Ymtsa0lqb2laR1ZtWTJKbE1Ea3RNekZrWXkwMFl6TXhMVGxsTW1ZdFpEZGhNelZpTWpoak1ERTRJaXdpY1hWdmRHVkpaQ0k2SW1RelptVmpPVFU0TFRreE1HWXRORGt5WmkxaE4yTTFMV05rT1RKbVpqTXhOVFUzWWlJc0luQmhlV1ZsSWpwN0luQmhjblI1U1dSSmJtWnZJanA3SW5CaGNuUjVTV1JVZVhCbElqb2lUVk5KVTBST0lpd2ljR0Z5ZEhsSlpHVnVkR2xtYVdWeUlqb2lleVJwYm5CMWRITXVjR0Y1WldWbWMzQkpaR1Z1ZEdsbWFXVnlmU0lzSW1aemNFbGtJam9pY0dGNVpXVm1jM0FpZlgwc0luQmhlV1Z5SWpwN0luQmhjblI1U1dSSmJtWnZJanA3SW5CaGNuUjVTV1JVZVhCbElqb2lUVk5KVTBST0lpd2ljR0Z5ZEhsSlpHVnVkR2xtYVdWeUlqb2lNVGN3TXprNE1URTVNRE1pTENKbWMzQkpaQ0k2SW5SbGMzUm1jM0F4SW4wc0luQmxjbk52Ym1Gc1NXNW1ieUk2ZXlKamIyMXdiR1Y0VG1GdFpTSTZleUptYVhKemRFNWhiV1VpT2lKR2FYSnpkRzVoYldVdFZHVnpkQ0lzSW14aGMzUk9ZVzFsSWpvaVRHRnpkRzVoYldVdFZHVnpkQ0o5TENKa1lYUmxUMlpDYVhKMGFDSTZJakU1T0RRdE1ERXRNREVpZlgwc0ltRnRiM1Z1ZENJNmV5SmhiVzkxYm5RaU9pSTFOU0lzSW1OMWNuSmxibU41SWpvaVZWTkVJbjBzSW5SeVlXNXpZV04wYVc5dVZIbHdaU0k2ZXlKelkyVnVZWEpwYnlJNklsUlNRVTVUUmtWU0lpd2lhVzVwZEdsaGRHOXlJam9pVUVGWlJWSWlMQ0pwYm1sMGFXRjBiM0pVZVhCbElqb2lRMDlPVTFWTlJWSWlmWDAA','2023-03-30 15:38:34'),('df132fa6-ad04-488a-9c2c-cf8300ae86a3','AYIELgAAAAAAAAXcHWcudGVzdGZzcDEubXNpc2RuLjE3MDM5ODExOTAzggQEZXlKMGNtRnVjMkZqZEdsdmJrbGtJam9pWkdZeE16Sm1ZVFl0WVdRd05DMDBPRGhoTFRsak1tTXRZMlk0TXpBd1lXVTRObUV6SWl3aWNYVnZkR1ZKWkNJNklqWm1ZamxqTWpVNUxXVXpOVFl0TkRNd1lpMWlabVF3TFRnM01tSm1aVEpsWkRobFpTSXNJbkJoZVdWbElqcDdJbkJoY25SNVNXUkpibVp2SWpwN0luQmhjblI1U1dSVWVYQmxJam9pVFZOSlUwUk9JaXdpY0dGeWRIbEpaR1Z1ZEdsbWFXVnlJam9pTVRjd016azRNVEU1TURNaUxDSm1jM0JKWkNJNkluUmxjM1JtYzNBeElpd2laWGgwWlc1emFXOXVUR2x6ZENJNmV5SmxlSFJsYm5OcGIyNGlPbHQ3SW10bGVTSTZJbUZqWTI5MWJuUlVlWEJsSWl3aWRtRnNkV1VpT2lKWFlXeHNaWFFpZlYxOWZTd2ljR1Z5YzI5dVlXeEpibVp2SWpwN0ltTnZiWEJzWlhoT1lXMWxJanA3SW1acGNuTjBUbUZ0WlNJNklsUmxjM1JtYzNBeFJtbHljM1FpTENKdGFXUmtiR1ZPWVcxbElqb2lWR1Z6ZEdaemNERk5hV1JrYkdVaUxDSnNZWE4wVG1GdFpTSTZJbFJsYzNSbWMzQXhUR0Z6ZENKOUxDSmtZWFJsVDJaQ2FYSjBhQ0k2SWpJd01UQXRNVEF0TVRBaWZYMHNJbkJoZVdWeUlqcDdJbkJoY25SNVNXUkpibVp2SWpwN0luQmhjblI1U1dSVWVYQmxJam9pVFZOSlUwUk9JaXdpY0dGeWRIbEpaR1Z1ZEdsbWFXVnlJam9pTVRjNE9URXlNems0TnpNaUxDSm1jM0JKWkNJNkluUmxjM1JtYzNBeklpd2laWGgwWlc1emFXOXVUR2x6ZENJNmV5SmxlSFJsYm5OcGIyNGlPbHQ3SW10bGVTSTZJbUZqWTI5MWJuUlVlWEJsSWl3aWRtRnNkV1VpT2lKWFlXeHNaWFFpZlYxOWZTd2libUZ0WlNJNkluUmxjM1JtYzNBelYyRnNiR1YwUm01aGJXVWdkR1Z6ZEdaemNETlhZV3hzWlhSTWJtRnRaU0o5TENKaGJXOTFiblFpT25zaVlXMXZkVzUwSWpvaU1UVWlMQ0pqZFhKeVpXNWplU0k2SWtsT1VpSjlMQ0owY21GdWMyRmpkR2x2YmxSNWNHVWlPbnNpYzJObGJtRnlhVzhpT2lKVVVrRk9VMFpGVWlJc0ltbHVhWFJwWVhSdmNpSTZJbEJCV1VWU0lpd2lhVzVwZEdsaGRHOXlWSGx3WlNJNklrTlBUbE5WVFVWU0luMTkA','2023-03-30 15:30:03'),('df884a49-92c2-4b00-abd2-2df250137b40','AYIDBQAAAAAAACcQJGcucGF5ZWVmc3AubXNpc2RuLnt7cmVjZWl2ZXJtc2lzZG59fYIC1GV5SjBjbUZ1YzJGamRHbHZia2xrSWpvaVptVXhNREU0Wm1NdE1EaGxZeTAwWWpJM0xUbGpZalF0TnpjMk9URTFNR00zT1dKaklpd2ljWFZ2ZEdWSlpDSTZJbVpsTVRBeE9HWmpMVEE0WldNdE5HSXlOeTA1WTJJMExUYzNOamt4TlRCak56bGlZeUlzSW5CaGVXVmxJanA3SW5CaGNuUjVTV1JKYm1adklqcDdJbkJoY25SNVNXUlVlWEJsSWpvaVRWTkpVMFJPSWl3aWNHRnlkSGxKWkdWdWRHbG1hV1Z5SWpvaWUzdHlaV05sYVhabGNrMVRTVk5FVG4xOUlpd2labk53U1dRaU9pSndZWGxsWldaemNDSjlmU3dpY0dGNVpYSWlPbnNpY0dGeWRIbEpaRWx1Wm04aU9uc2ljR0Z5ZEhsSlpGUjVjR1VpT2lKTlUwbFRSRTRpTENKd1lYSjBlVWxrWlc1MGFXWnBaWElpT2lJeU56Y3hNemd3TXprd05TSXNJbVp6Y0Vsa0lqb2ljR0Y1WlhKbWMzQWlmU3dpY0dWeWMyOXVZV3hKYm1adklqcDdJbU52YlhCc1pYaE9ZVzFsSWpwN0ltWnBjbk4wVG1GdFpTSTZJazFoZEhNaUxDSnNZWE4wVG1GdFpTSTZJa2hoWjIxaGJpSjlMQ0prWVhSbFQyWkNhWEowYUNJNklqRTVPRE10TVRBdE1qVWlmWDBzSW1GdGIzVnVkQ0k2ZXlKaGJXOTFiblFpT2lJeE1EQWlMQ0pqZFhKeVpXNWplU0k2SWxWVFJDSjlMQ0owY21GdWMyRmpkR2x2YmxSNWNHVWlPbnNpYzJObGJtRnlhVzhpT2lKVVVrRk9VMFpGVWlJc0ltbHVhWFJwWVhSdmNpSTZJbEJCV1VWU0lpd2lhVzVwZEdsaGRHOXlWSGx3WlNJNklrTlBUbE5WVFVWU0luMTkA','2023-03-30 15:27:17'),('dfaa70fa-2023-48e1-a677-588b0faa4c25','AYIECgAAAAAAACJUHWcudGVzdGZzcDEubXNpc2RuLjI3NzEzODEzOTE0ggPgZXlKMGNtRnVjMkZqZEdsdmJrbGtJam9pWkdaaFlUY3dabUV0TWpBeU15MDBPR1V4TFdFMk56Y3ROVGc0WWpCbVlXRTBZekkxSWl3aWNYVnZkR1ZKWkNJNklqRXdabUk1TmpZeUxUUTFNekF0TkRObE5TMWlNREk1TFRrMVlqTTVNVFV6T0RrNE9DSXNJbkJoZVdWbElqcDdJbkJoY25SNVNXUkpibVp2SWpwN0luQmhjblI1U1dSVWVYQmxJam9pVFZOSlUwUk9JaXdpY0dGeWRIbEpaR1Z1ZEdsbWFXVnlJam9pTWpjM01UTTRNVE01TVRRaUxDSm1jM0JKWkNJNkluUmxjM1JtYzNBeElpd2laWGgwWlc1emFXOXVUR2x6ZENJNmV5SmxlSFJsYm5OcGIyNGlPbHQ3SW10bGVTSTZJbUZqWTI5MWJuUlVlWEJsSWl3aWRtRnNkV1VpT2lKQ1lXNXJJbjFkZlgwc0luQmxjbk52Ym1Gc1NXNW1ieUk2ZXlKamIyMXdiR1Y0VG1GdFpTSTZleUptYVhKemRFNWhiV1VpT2lKMFpYTjBabk53TVVKaGJtdEdibUZ0WlNJc0lteGhjM1JPWVcxbElqb2lkR1Z6ZEdaemNERkNZVzVyVEc1aGJXVWlmU3dpWkdGMFpVOW1RbWx5ZEdnaU9pSXhPVGcxTFRBMUxURXpJbjE5TENKd1lYbGxjaUk2ZXlKd1lYSjBlVWxrU1c1bWJ5STZleUp3WVhKMGVVbGtWSGx3WlNJNklrMVRTVk5FVGlJc0luQmhjblI1U1dSbGJuUnBabWxsY2lJNklqSTNOekV6T0RFek9URTFJaXdpWm5Od1NXUWlPaUowWlhOMFpuTndNaUlzSW1WNGRHVnVjMmx2Ymt4cGMzUWlPbnNpWlhoMFpXNXphVzl1SWpwYmV5SnJaWGtpT2lKaFkyTnZkVzUwVkhsd1pTSXNJblpoYkhWbElqb2lRbUZ1YXlKOVhYMTlMQ0p1WVcxbElqb2lkR1Z6ZEdaemNESkNZVzVyUm01aGJXVWdkR1Z6ZEdaemNESkNZVzVyYm1GdFpTSjlMQ0poYlc5MWJuUWlPbnNpWVcxdmRXNTBJam9pT0RjdU9EZ2lMQ0pqZFhKeVpXNWplU0k2SWtsT1VpSjlMQ0owY21GdWMyRmpkR2x2YmxSNWNHVWlPbnNpYzJObGJtRnlhVzhpT2lKVVVrRk9VMFpGVWlJc0ltbHVhWFJwWVhSdmNpSTZJbEJCV1VWU0lpd2lhVzVwZEdsaGRHOXlWSGx3WlNJNklrTlBUbE5WVFVWU0luMTkA','2023-03-30 15:39:12'),('e0c20f96-897c-409a-9a17-92d0403b855b','AYICfAAAAAAAATRsG2cudHRrc2ltMi5tc2lzZG4uNDU2MTAwMDAwMYICVGV5SjBjbUZ1YzJGamRHbHZia2xrSWpvaVpUQmpNakJtT1RZdE9EazNZeTAwTURsaExUbGhNVGN0T1RKa01EUXdNMkk0TlRWaUlpd2ljWFZ2ZEdWSlpDSTZJbVV3WXpJd1pqazJMVGc1TjJNdE5EQTVZUzA1WVRFM0xUa3laREEwTUROaU9EVTFZaUlzSW5CaGVXVmxJanA3SW5CaGNuUjVTV1JKYm1adklqcDdJbkJoY25SNVNXUlVlWEJsSWpvaVRWTkpVMFJPSWl3aWNHRnlkSGxKWkdWdWRHbG1hV1Z5SWpvaU5EVTJNVEF3TURBd01TSXNJbVp6Y0Vsa0lqb2lkSFJyYzJsdE1pSjlmU3dpY0dGNVpYSWlPbnNpY0dGeWRIbEpaRWx1Wm04aU9uc2ljR0Z5ZEhsSlpGUjVjR1VpT2lKTlUwbFRSRTRpTENKd1lYSjBlVWxrWlc1MGFXWnBaWElpT2lJeE5qRXpOVFUxTVRJeE1pSXNJbVp6Y0Vsa0lqb2lkSFJyYzJsdE1TSjlmU3dpWVcxdmRXNTBJanA3SW1GdGIzVnVkQ0k2SWpjNE9TNDFOaUlzSW1OMWNuSmxibU41SWpvaVZGcFRJbjBzSW5SeVlXNXpZV04wYVc5dVZIbHdaU0k2ZXlKelkyVnVZWEpwYnlJNklsUlNRVTVUUmtWU0lpd2lhVzVwZEdsaGRHOXlJam9pVUVGWlJWSWlMQ0pwYm1sMGFXRjBiM0pVZVhCbElqb2lRMDlPVTFWTlJWSWlmU3dpYm05MFpTSTZJaUo5AA','2023-03-30 15:46:22'),('e21bb32d-1d0e-498e-bd22-11302dc3beb6','AYIECgAAAAAAACJUHWcudGVzdGZzcDEubXNpc2RuLjI3NzEzODEzOTE0ggPgZXlKMGNtRnVjMkZqZEdsdmJrbGtJam9pWlRJeFltSXpNbVF0TVdRd1pTMDBPVGhsTFdKa01qSXRNVEV6TURKa1l6TmlaV0kySWl3aWNYVnZkR1ZKWkNJNklqZzJZVEEwWWpjMkxUUmpZek10TkdNMlpTMWhOVE16TFRrM1lUY3lOR05rTkRneVppSXNJbkJoZVdWbElqcDdJbkJoY25SNVNXUkpibVp2SWpwN0luQmhjblI1U1dSVWVYQmxJam9pVFZOSlUwUk9JaXdpY0dGeWRIbEpaR1Z1ZEdsbWFXVnlJam9pTWpjM01UTTRNVE01TVRRaUxDSm1jM0JKWkNJNkluUmxjM1JtYzNBeElpd2laWGgwWlc1emFXOXVUR2x6ZENJNmV5SmxlSFJsYm5OcGIyNGlPbHQ3SW10bGVTSTZJbUZqWTI5MWJuUlVlWEJsSWl3aWRtRnNkV1VpT2lKQ1lXNXJJbjFkZlgwc0luQmxjbk52Ym1Gc1NXNW1ieUk2ZXlKamIyMXdiR1Y0VG1GdFpTSTZleUptYVhKemRFNWhiV1VpT2lKMFpYTjBabk53TVVKaGJtdEdibUZ0WlNJc0lteGhjM1JPWVcxbElqb2lkR1Z6ZEdaemNERkNZVzVyVEc1aGJXVWlmU3dpWkdGMFpVOW1RbWx5ZEdnaU9pSXhPVGcxTFRBMUxURXpJbjE5TENKd1lYbGxjaUk2ZXlKd1lYSjBlVWxrU1c1bWJ5STZleUp3WVhKMGVVbGtWSGx3WlNJNklrMVRTVk5FVGlJc0luQmhjblI1U1dSbGJuUnBabWxsY2lJNklqSTNOekV6T0RFek9URTFJaXdpWm5Od1NXUWlPaUowWlhOMFpuTndNaUlzSW1WNGRHVnVjMmx2Ymt4cGMzUWlPbnNpWlhoMFpXNXphVzl1SWpwYmV5SnJaWGtpT2lKaFkyTnZkVzUwVkhsd1pTSXNJblpoYkhWbElqb2lRbUZ1YXlKOVhYMTlMQ0p1WVcxbElqb2lkR1Z6ZEdaemNESkNZVzVyUm01aGJXVWdkR1Z6ZEdaemNESkNZVzVyYm1GdFpTSjlMQ0poYlc5MWJuUWlPbnNpWVcxdmRXNTBJam9pT0RjdU9EZ2lMQ0pqZFhKeVpXNWplU0k2SWtsT1VpSjlMQ0owY21GdWMyRmpkR2x2YmxSNWNHVWlPbnNpYzJObGJtRnlhVzhpT2lKVVVrRk9VMFpGVWlJc0ltbHVhWFJwWVhSdmNpSTZJbEJCV1VWU0lpd2lhVzVwZEdsaGRHOXlWSGx3WlNJNklrTlBUbE5WVFVWU0luMTkA','2023-03-30 15:39:16'),('e2562020-604e-46d9-8078-f563d0f7e71a','AYIC9AAAAAAAABdwHWcucGF5ZWVmc3AubXNpc2RuLjIyNTU2OTk5MTI1ggLKZXlKMGNtRnVjMkZqZEdsdmJrbGtJam9pWmpRMFltUmtOV010WXpreE1DMDBZVGt3TFRoa05qa3RaR0ppWVRaaVl6aGxZVFpqSWl3aWNYVnZkR1ZKWkNJNklqVTBaRFZtTURsaUxXRTBOMlF0TkRCa05pMWhZVEEzTFdFNVkyWXpZbUl5TkRsaFpDSXNJbkJoZVdWbElqcDdJbkJoY25SNVNXUkpibVp2SWpwN0luQmhjblI1U1dSVWVYQmxJam9pVFZOSlUwUk9JaXdpY0dGeWRIbEpaR1Z1ZEdsbWFXVnlJam9pTWpJMU5UWTVPVGt4TWpVaUxDSm1jM0JKWkNJNkluQmhlV1ZsWm5Od0luMTlMQ0p3WVhsbGNpSTZleUp3WVhKMGVVbGtTVzVtYnlJNmV5SndZWEowZVVsa1ZIbHdaU0k2SWsxVFNWTkVUaUlzSW5CaGNuUjVTV1JsYm5ScFptbGxjaUk2SWpJeU5UQTNNREE0TVRneElpd2labk53U1dRaU9pSndZWGxsY21aemNDSjlMQ0p3WlhKemIyNWhiRWx1Wm04aU9uc2lZMjl0Y0d4bGVFNWhiV1VpT25zaVptbHljM1JPWVcxbElqb2lUV0YwY3lJc0lteGhjM1JPWVcxbElqb2lTR0ZuYldGdUluMHNJbVJoZEdWUFprSnBjblJvSWpvaU1UazRNeTB4TUMweU5TSjlmU3dpWVcxdmRXNTBJanA3SW1GdGIzVnVkQ0k2SWpZd0lpd2lZM1Z5Y21WdVkza2lPaUpWVTBRaWZTd2lkSEpoYm5OaFkzUnBiMjVVZVhCbElqcDdJbk5qWlc1aGNtbHZJam9pVkZKQlRsTkdSVklpTENKcGJtbDBhV0YwYjNJaU9pSlFRVmxGVWlJc0ltbHVhWFJwWVhSdmNsUjVjR1VpT2lKRFQwNVRWVTFGVWlKOWZRAA','2023-03-30 15:41:29'),('e26748cc-8c28-45c8-a367-d4de14f152af','AYIDaAAAAAAAACcQG2cudHRrc2ltMi5tc2lzZG4uNDU2MTAwMDAwNYIDQGV5SjBjbUZ1YzJGamRHbHZia2xrSWpvaVpUSTJOelE0WTJNdE9HTXlPQzAwTldNNExXRXpOamN0WkRSa1pURTBaakUxTW1GbUlpd2ljWFZ2ZEdWSlpDSTZJbVV5TmpjME9HTmpMVGhqTWpndE5EVmpPQzFoTXpZM0xXUTBaR1V4TkdZeE5USmhaaUlzSW5CaGVXVmxJanA3SW5CaGNuUjVTV1JKYm1adklqcDdJbkJoY25SNVNXUlVlWEJsSWpvaVRWTkpVMFJPSWl3aWNHRnlkSGxKWkdWdWRHbG1hV1Z5SWpvaU5EVTJNVEF3TURBd05TSXNJbVp6Y0Vsa0lqb2lkSFJyYzJsdE1pSjlMQ0p3WlhKemIyNWhiRWx1Wm04aU9uc2lZMjl0Y0d4bGVFNWhiV1VpT25zaVptbHljM1JPWVcxbElqb2lVbVZqWldsMlpYSkdhWEp6ZENJc0ltMXBaR1JzWlU1aGJXVWlPaUpTWldObGFYWmxjazFwWkdSc1pTSXNJbXhoYzNST1lXMWxJam9pVW1WalpXbDJaWEpNWVhOMEluMHNJbVJoZEdWUFprSnBjblJvSWpvaU1UazROQzB3TVMwd01TSjlMQ0p1WVcxbElqb2lVbVZqWldsMlpYSkdhWEp6ZENCU1pXTmxhWFpsY2t4aGMzUWlmU3dpY0dGNVpYSWlPbnNpY0dGeWRIbEpaRWx1Wm04aU9uc2ljR0Z5ZEhsSlpGUjVjR1VpT2lKTlUwbFRSRTRpTENKd1lYSjBlVWxrWlc1MGFXWnBaWElpT2lJeE5qRXpOVFUxTVRJeE1pSXNJbVp6Y0Vsa0lqb2lkSFJyYzJsdE1TSjlmU3dpWVcxdmRXNTBJanA3SW1GdGIzVnVkQ0k2SWpFd01DSXNJbU4xY25KbGJtTjVJam9pVkZwVEluMHNJblJ5WVc1ellXTjBhVzl1Vkhsd1pTSTZleUp6WTJWdVlYSnBieUk2SWxSU1FVNVRSa1ZTSWl3aWFXNXBkR2xoZEc5eUlqb2lVRUZaUlZJaUxDSnBibWwwYVdGMGIzSlVlWEJsSWpvaVEwOU9VMVZOUlZJaWZTd2libTkwWlNJNklpSjkA','2023-03-30 15:44:17'),('e2b8ee72-32bb-4317-826a-d1b3b376795e','AYIC9AAAAAAAABdwHWcucGF5ZWVmc3AubXNpc2RuLjIyNTU2OTk5MTI1ggLKZXlKMGNtRnVjMkZqZEdsdmJrbGtJam9pWmpRMFltUmtOV010WXpreE1DMDBZVGt3TFRoa05qa3RaR0ppWVRaaVl6aGxZVFpqSWl3aWNYVnZkR1ZKWkNJNklqVTBaRFZtTURsaUxXRTBOMlF0TkRCa05pMWhZVEEzTFdFNVkyWXpZbUl5TkRsaFpDSXNJbkJoZVdWbElqcDdJbkJoY25SNVNXUkpibVp2SWpwN0luQmhjblI1U1dSVWVYQmxJam9pVFZOSlUwUk9JaXdpY0dGeWRIbEpaR1Z1ZEdsbWFXVnlJam9pTWpJMU5UWTVPVGt4TWpVaUxDSm1jM0JKWkNJNkluQmhlV1ZsWm5Od0luMTlMQ0p3WVhsbGNpSTZleUp3WVhKMGVVbGtTVzVtYnlJNmV5SndZWEowZVVsa1ZIbHdaU0k2SWsxVFNWTkVUaUlzSW5CaGNuUjVTV1JsYm5ScFptbGxjaUk2SWpJeU5UQTNNREE0TVRneElpd2labk53U1dRaU9pSndZWGxsY21aemNDSjlMQ0p3WlhKemIyNWhiRWx1Wm04aU9uc2lZMjl0Y0d4bGVFNWhiV1VpT25zaVptbHljM1JPWVcxbElqb2lUV0YwY3lJc0lteGhjM1JPWVcxbElqb2lTR0ZuYldGdUluMHNJbVJoZEdWUFprSnBjblJvSWpvaU1UazRNeTB4TUMweU5TSjlmU3dpWVcxdmRXNTBJanA3SW1GdGIzVnVkQ0k2SWpZd0lpd2lZM1Z5Y21WdVkza2lPaUpWVTBRaWZTd2lkSEpoYm5OaFkzUnBiMjVVZVhCbElqcDdJbk5qWlc1aGNtbHZJam9pVkZKQlRsTkdSVklpTENKcGJtbDBhV0YwYjNJaU9pSlFRVmxGVWlJc0ltbHVhWFJwWVhSdmNsUjVjR1VpT2lKRFQwNVRWVTFGVWlKOWZRAA','2023-03-30 15:39:53'),('e321629b-fccf-4301-8939-543a35ae8b9c','AYIEMgAAAAAAAAWNHWcudGVzdGZzcDEubXNpc2RuLjE3MDM5ODExOTAzggQIZXlKMGNtRnVjMkZqZEdsdmJrbGtJam9pWlRNeU1UWXlPV0l0Wm1OalppMDBNekF4TFRnNU16a3ROVFF6WVRNMVlXVTRZamxqSWl3aWNYVnZkR1ZKWkNJNkltWTBPREJpTmpOaExUWmxORGd0TkRFNU9TMWlNMlkwTFROa01qaGhNbUk1Wm1RMk5pSXNJbkJoZVdWbElqcDdJbkJoY25SNVNXUkpibVp2SWpwN0luQmhjblI1U1dSVWVYQmxJam9pVFZOSlUwUk9JaXdpY0dGeWRIbEpaR1Z1ZEdsbWFXVnlJam9pTVRjd016azRNVEU1TURNaUxDSm1jM0JKWkNJNkluUmxjM1JtYzNBeElpd2laWGgwWlc1emFXOXVUR2x6ZENJNmV5SmxlSFJsYm5OcGIyNGlPbHQ3SW10bGVTSTZJbUZqWTI5MWJuUlVlWEJsSWl3aWRtRnNkV1VpT2lKWFlXeHNaWFFpZlYxOWZTd2ljR1Z5YzI5dVlXeEpibVp2SWpwN0ltTnZiWEJzWlhoT1lXMWxJanA3SW1acGNuTjBUbUZ0WlNJNklsUmxjM1JtYzNBeFJtbHljM1FpTENKdGFXUmtiR1ZPWVcxbElqb2lWR1Z6ZEdaemNERk5hV1JrYkdVaUxDSnNZWE4wVG1GdFpTSTZJbFJsYzNSbWMzQXhUR0Z6ZENKOUxDSmtZWFJsVDJaQ2FYSjBhQ0k2SWpJd01UQXRNVEF0TVRBaWZYMHNJbkJoZVdWeUlqcDdJbkJoY25SNVNXUkpibVp2SWpwN0luQmhjblI1U1dSVWVYQmxJam9pVFZOSlUwUk9JaXdpY0dGeWRIbEpaR1Z1ZEdsbWFXVnlJam9pTVRjd016azRNVEU1TURRaUxDSm1jM0JKWkNJNkluUmxjM1JtYzNBeUlpd2laWGgwWlc1emFXOXVUR2x6ZENJNmV5SmxlSFJsYm5OcGIyNGlPbHQ3SW10bGVTSTZJbUZqWTI5MWJuUlVlWEJsSWl3aWRtRnNkV1VpT2lKWFlXeHNaWFFpZlYxOWZTd2libUZ0WlNJNkluUmxjM1JtYzNBeVYyRnNiR1YwUm01aGJXVWdkR1Z6ZEdaemNESlhZV3hzWlhSTWJtRnRaU0o5TENKaGJXOTFiblFpT25zaVlXMXZkVzUwSWpvaU1UUXVNakVpTENKamRYSnlaVzVqZVNJNklrbE9VaUo5TENKMGNtRnVjMkZqZEdsdmJsUjVjR1VpT25zaWMyTmxibUZ5YVc4aU9pSlVVa0ZPVTBaRlVpSXNJbWx1YVhScFlYUnZjaUk2SWxCQldVVlNJaXdpYVc1cGRHbGhkRzl5Vkhsd1pTSTZJa05QVGxOVlRVVlNJbjE5AA','2023-03-30 15:39:17'),('e3341657-3eb1-47f2-80f6-a7a066623d1c','AYIECgAAAAAAACLEHWcudGVzdGZzcDIubXNpc2RuLjI3NzEzODEzOTE1ggPgZXlKMGNtRnVjMkZqZEdsdmJrbGtJam9pWlRNek5ERTJOVGN0TTJWaU1TMDBOMll5TFRnd1pqWXRZVGRoTURZMk5qSXpaREZqSWl3aWNYVnZkR1ZKWkNJNklqUmxOV1ZpTURjd0xXTXhPR1V0TkRneVpTMWhPVFV5TFRCa1lqRTFPV0l5TldVMU9TSXNJbkJoZVdWbElqcDdJbkJoY25SNVNXUkpibVp2SWpwN0luQmhjblI1U1dSVWVYQmxJam9pVFZOSlUwUk9JaXdpY0dGeWRIbEpaR1Z1ZEdsbWFXVnlJam9pTWpjM01UTTRNVE01TVRVaUxDSm1jM0JKWkNJNkluUmxjM1JtYzNBeUlpd2laWGgwWlc1emFXOXVUR2x6ZENJNmV5SmxlSFJsYm5OcGIyNGlPbHQ3SW10bGVTSTZJbUZqWTI5MWJuUlVlWEJsSWl3aWRtRnNkV1VpT2lKQ1lXNXJJbjFkZlgwc0luQmxjbk52Ym1Gc1NXNW1ieUk2ZXlKamIyMXdiR1Y0VG1GdFpTSTZleUptYVhKemRFNWhiV1VpT2lKMFpYTjBabk53TWtKaGJtdEdibUZ0WlNJc0lteGhjM1JPWVcxbElqb2lkR1Z6ZEdaemNESlhZV3hzWlhSTWJtRnRaU0o5TENKa1lYUmxUMlpDYVhKMGFDSTZJakU1T0RVdE1EVXRNVE1pZlgwc0luQmhlV1Z5SWpwN0luQmhjblI1U1dSSmJtWnZJanA3SW5CaGNuUjVTV1JVZVhCbElqb2lUVk5KVTBST0lpd2ljR0Z5ZEhsSlpHVnVkR2xtYVdWeUlqb2lNamMzTVRNNE1UTTVNVFFpTENKbWMzQkpaQ0k2SW5SbGMzUm1jM0F4SWl3aVpYaDBaVzV6YVc5dVRHbHpkQ0k2ZXlKbGVIUmxibk5wYjI0aU9sdDdJbXRsZVNJNkltRmpZMjkxYm5SVWVYQmxJaXdpZG1Gc2RXVWlPaUpDWVc1ckluMWRmWDBzSW01aGJXVWlPaUowWlhOMFpuTndNVUpoYm10R2JtRnRaU0IwWlhOMFpuTndNVUpoYm10TWJtRnRaU0o5TENKaGJXOTFiblFpT25zaVlXMXZkVzUwSWpvaU9Ea2lMQ0pqZFhKeVpXNWplU0k2SWtsT1VpSjlMQ0owY21GdWMyRmpkR2x2YmxSNWNHVWlPbnNpYzJObGJtRnlhVzhpT2lKVVVrRk9VMFpGVWlJc0ltbHVhWFJwWVhSdmNpSTZJbEJCV1VWU0lpd2lhVzVwZEdsaGRHOXlWSGx3WlNJNklrTlBUbE5WVFVWU0luMTkA','2023-03-30 15:39:21'),('e337c4e1-bb87-4cff-ac41-b76061fc7643','AYICXwAAAAAAACcQGGcuZGZzcGIubXNpc2RuLjk4NzY1NDMyMYICOmV5SjBjbUZ1YzJGamRHbHZia2xrSWpvaVptRm1ZV0ZsTjJZdFlqQmxOeTAwT1RZNExUZ3haVFV0WmpGbFpqRXhZVE5rWXpjMElpd2ljWFZ2ZEdWSlpDSTZJbVl3TkRZNVlUUTNMVGd5WlRNdE5EZ3hOeTA1WldWbUxUQTJZVE0zTlRVM09ETTNaQ0lzSW5CaGVXVmxJanA3SW5CaGNuUjVTV1JKYm1adklqcDdJbkJoY25SNVNXUlVlWEJsSWpvaVRWTkpVMFJPSWl3aWNHRnlkSGxKWkdWdWRHbG1hV1Z5SWpvaU9UZzNOalUwTXpJeElpd2labk53U1dRaU9pSmtabk53WWlKOWZTd2ljR0Y1WlhJaU9uc2ljR0Z5ZEhsSlpFbHVabThpT25zaWNHRnlkSGxKWkZSNWNHVWlPaUpOVTBsVFJFNGlMQ0p3WVhKMGVVbGtaVzUwYVdacFpYSWlPaUl4TWpNME5UWTNPRGtpTENKbWMzQkpaQ0k2SW1SbWMzQmhJbjE5TENKaGJXOTFiblFpT25zaVlXMXZkVzUwSWpvaU1UQXdJaXdpWTNWeWNtVnVZM2tpT2lKVlUwUWlmU3dpZEhKaGJuTmhZM1JwYjI1VWVYQmxJanA3SW5OalpXNWhjbWx2SWpvaVZGSkJUbE5HUlZJaUxDSnBibWwwYVdGMGIzSWlPaUpRUVZsRlVpSXNJbWx1YVhScFlYUnZjbFI1Y0dVaU9pSkRUMDVUVlUxRlVpSjlmUQA','2023-03-30 15:43:05'),('e4571f51-8c5b-4edd-a621-68540c191834','AYIELgAAAAAAAAXcHWcudGVzdGZzcDEubXNpc2RuLjE3MDM5ODExOTAzggQEZXlKMGNtRnVjMkZqZEdsdmJrbGtJam9pWlRRMU56Rm1OVEV0T0dNMVlpMDBaV1JrTFdFMk1qRXROamcxTkRCak1Ua3hPRE0wSWl3aWNYVnZkR1ZKWkNJNklqRmhNamt5WldVekxUSTBNRFl0TkRGbE55MWhNbVUyTFdabFltTTNZakF6T0RKa05pSXNJbkJoZVdWbElqcDdJbkJoY25SNVNXUkpibVp2SWpwN0luQmhjblI1U1dSVWVYQmxJam9pVFZOSlUwUk9JaXdpY0dGeWRIbEpaR1Z1ZEdsbWFXVnlJam9pTVRjd016azRNVEU1TURNaUxDSm1jM0JKWkNJNkluUmxjM1JtYzNBeElpd2laWGgwWlc1emFXOXVUR2x6ZENJNmV5SmxlSFJsYm5OcGIyNGlPbHQ3SW10bGVTSTZJbUZqWTI5MWJuUlVlWEJsSWl3aWRtRnNkV1VpT2lKWFlXeHNaWFFpZlYxOWZTd2ljR1Z5YzI5dVlXeEpibVp2SWpwN0ltTnZiWEJzWlhoT1lXMWxJanA3SW1acGNuTjBUbUZ0WlNJNklsUmxjM1JtYzNBeFJtbHljM1FpTENKdGFXUmtiR1ZPWVcxbElqb2lWR1Z6ZEdaemNERk5hV1JrYkdVaUxDSnNZWE4wVG1GdFpTSTZJbFJsYzNSbWMzQXhUR0Z6ZENKOUxDSmtZWFJsVDJaQ2FYSjBhQ0k2SWpJd01UQXRNVEF0TVRBaWZYMHNJbkJoZVdWeUlqcDdJbkJoY25SNVNXUkpibVp2SWpwN0luQmhjblI1U1dSVWVYQmxJam9pVFZOSlUwUk9JaXdpY0dGeWRIbEpaR1Z1ZEdsbWFXVnlJam9pTVRjNE9URXlNems0TnpNaUxDSm1jM0JKWkNJNkluUmxjM1JtYzNBeklpd2laWGgwWlc1emFXOXVUR2x6ZENJNmV5SmxlSFJsYm5OcGIyNGlPbHQ3SW10bGVTSTZJbUZqWTI5MWJuUlVlWEJsSWl3aWRtRnNkV1VpT2lKWFlXeHNaWFFpZlYxOWZTd2libUZ0WlNJNkluUmxjM1JtYzNBelYyRnNiR1YwUm01aGJXVWdkR1Z6ZEdaemNETlhZV3hzWlhSTWJtRnRaU0o5TENKaGJXOTFiblFpT25zaVlXMXZkVzUwSWpvaU1UVWlMQ0pqZFhKeVpXNWplU0k2SWtsT1VpSjlMQ0owY21GdWMyRmpkR2x2YmxSNWNHVWlPbnNpYzJObGJtRnlhVzhpT2lKVVVrRk9VMFpGVWlJc0ltbHVhWFJwWVhSdmNpSTZJbEJCV1VWU0lpd2lhVzVwZEdsaGRHOXlWSGx3WlNJNklrTlBUbE5WVFVWU0luMTkA','2023-03-30 15:39:15'),('e6bb51dc-162c-424e-87e0-d32268440975','AYIDGQAAAAAAACcQHWcucGF5ZWVmc3AubXNpc2RuLjE3MDM5ODExOTAyggLvZXlKMGNtRnVjMkZqZEdsdmJrbGtJam9pWlRaaVlqVXhaR010TVRZeVl5MDBNalJsTFRnM1pUQXRaRE15TWpZNE5EUXdPVGMxSWl3aWNYVnZkR1ZKWkNJNkltRTBaV1ZtTmpSakxXWTFZVFl0TkdVek1DMDVNbUZqTFRkaE5EQmxPV05qWWpNMk1DSXNJbkJoZVdWbElqcDdJbkJoY25SNVNXUkpibVp2SWpwN0luQmhjblI1U1dSVWVYQmxJam9pVFZOSlUwUk9JaXdpY0dGeWRIbEpaR1Z1ZEdsbWFXVnlJam9pTVRjd016azRNVEU1TURJaUxDSm1jM0JKWkNJNkluQmhlV1ZsWm5Od0luMTlMQ0p3WVhsbGNpSTZleUp3WVhKMGVVbGtTVzVtYnlJNmV5SndZWEowZVVsa1ZIbHdaU0k2SWsxVFNWTkVUaUlzSW5CaGNuUjVTV1JsYm5ScFptbGxjaUk2SWpRME1USXpORFUyTnpnNUlpd2labk53U1dRaU9pSjBaWE4wYVc1bmRHOXZiR3RwZEdSbWMzQWlmU3dpY0dWeWMyOXVZV3hKYm1adklqcDdJbU52YlhCc1pYaE9ZVzFsSWpwN0ltWnBjbk4wVG1GdFpTSTZJa1pwY25OMGJtRnRaUzFVWlhOMElpd2liR0Z6ZEU1aGJXVWlPaUpNWVhOMGJtRnRaUzFVWlhOMEluMHNJbVJoZEdWUFprSnBjblJvSWpvaU1UazROQzB3TVMwd01TSjlmU3dpWVcxdmRXNTBJanA3SW1GdGIzVnVkQ0k2SWpFd01DSXNJbU4xY25KbGJtTjVJam9pVlZORUluMHNJblJ5WVc1ellXTjBhVzl1Vkhsd1pTSTZleUp6WTJWdVlYSnBieUk2SWxSU1FVNVRSa1ZTSWl3aWFXNXBkR2xoZEc5eUlqb2lVRUZaUlZJaUxDSnBibWwwYVdGMGIzSlVlWEJsSWpvaVEwOU9VMVZOUlZJaWZYMAA','2023-03-30 15:37:00'),('e823c829-bb58-4708-a53d-40ad2bd43ca6','AYIDDAAAAAAAACcQHWcudGVzdGZzcDIubXNpc2RuLjE3MDM5ODExOTA0ggLiZXlKMGNtRnVjMkZqZEdsdmJrbGtJam9pWlRneU0yTTRNamt0WW1JMU9DMDBOekE0TFdFMU0yUXROREJoWkRKaVpEUXpZMkUySWl3aWNYVnZkR1ZKWkNJNkltWTJORGcxWkRnMExUY3hORE10TkRrM015MDVNalZpTFdJMllUZGhNMlpsTm1ZMU9TSXNJbkJoZVdWbElqcDdJbkJoY25SNVNXUkpibVp2SWpwN0luQmhjblI1U1dSVWVYQmxJam9pVFZOSlUwUk9JaXdpY0dGeWRIbEpaR1Z1ZEdsbWFXVnlJam9pTVRjd016azRNVEU1TURRaUxDSm1jM0JKWkNJNkluUmxjM1JtYzNBeUluMTlMQ0p3WVhsbGNpSTZleUp3WVhKMGVVbGtTVzVtYnlJNmV5SndZWEowZVVsa1ZIbHdaU0k2SWsxVFNWTkVUaUlzSW5CaGNuUjVTV1JsYm5ScFptbGxjaUk2SWpFM01ETTVPREV4T1RBeklpd2labk53U1dRaU9pSjBaWE4wWm5Od01TSjlMQ0p3WlhKemIyNWhiRWx1Wm04aU9uc2lZMjl0Y0d4bGVFNWhiV1VpT25zaVptbHljM1JPWVcxbElqb2lSbWx5YzNSdVlXMWxMVlJsYzNRaUxDSnNZWE4wVG1GdFpTSTZJa3hoYzNSdVlXMWxMVlJsYzNRaWZTd2laR0YwWlU5bVFtbHlkR2dpT2lJeE9UZzBMVEF4TFRBeEluMTlMQ0poYlc5MWJuUWlPbnNpWVcxdmRXNTBJam9pTVRBd0lpd2lZM1Z5Y21WdVkza2lPaUpWVTBRaWZTd2lkSEpoYm5OaFkzUnBiMjVVZVhCbElqcDdJbk5qWlc1aGNtbHZJam9pVkZKQlRsTkdSVklpTENKcGJtbDBhV0YwYjNJaU9pSlFRVmxGVWlJc0ltbHVhWFJwWVhSdmNsUjVjR1VpT2lKRFQwNVRWVTFGVWlKOWZRAA','2023-03-30 15:37:11'),('e87ded42-ea4e-4abd-b885-8a573f2906ca','AYIEMAAAAAAAADqYHWcudGVzdGZzcDEubXNpc2RuLjE3MDM5ODExOTAzggQGZXlKMGNtRnVjMkZqZEdsdmJrbGtJam9pWlRnM1pHVmtOREl0WldFMFpTMDBZV0prTFdJNE9EVXRPR0UxTnpObU1qa3dObU5oSWl3aWNYVnZkR1ZKWkNJNklqazJZbU5rTUdSaUxXTmhaakV0TkdVd01pMDVNems0TFdVMFlqVmtOR1U0WWpsbU1DSXNJbkJoZVdWbElqcDdJbkJoY25SNVNXUkpibVp2SWpwN0luQmhjblI1U1dSVWVYQmxJam9pVFZOSlUwUk9JaXdpY0dGeWRIbEpaR1Z1ZEdsbWFXVnlJam9pTVRjd016azRNVEU1TURNaUxDSm1jM0JKWkNJNkluUmxjM1JtYzNBeElpd2laWGgwWlc1emFXOXVUR2x6ZENJNmV5SmxlSFJsYm5OcGIyNGlPbHQ3SW10bGVTSTZJbUZqWTI5MWJuUlVlWEJsSWl3aWRtRnNkV1VpT2lKWFlXeHNaWFFpZlYxOWZTd2ljR1Z5YzI5dVlXeEpibVp2SWpwN0ltTnZiWEJzWlhoT1lXMWxJanA3SW1acGNuTjBUbUZ0WlNJNklsUmxjM1JtYzNBeFJtbHljM1FpTENKdGFXUmtiR1ZPWVcxbElqb2lWR1Z6ZEdaemNERk5hV1JrYkdVaUxDSnNZWE4wVG1GdFpTSTZJbFJsYzNSbWMzQXhUR0Z6ZENKOUxDSmtZWFJsVDJaQ2FYSjBhQ0k2SWpJd01UQXRNVEF0TVRBaWZYMHNJbkJoZVdWeUlqcDdJbkJoY25SNVNXUkpibVp2SWpwN0luQmhjblI1U1dSVWVYQmxJam9pVFZOSlUwUk9JaXdpY0dGeWRIbEpaR1Z1ZEdsbWFXVnlJam9pTVRjNE9URXlNems0TnpJaUxDSm1jM0JKWkNJNkluUmxjM1JtYzNBMElpd2laWGgwWlc1emFXOXVUR2x6ZENJNmV5SmxlSFJsYm5OcGIyNGlPbHQ3SW10bGVTSTZJbUZqWTI5MWJuUlVlWEJsSWl3aWRtRnNkV1VpT2lKWFlXeHNaWFFpZlYxOWZTd2libUZ0WlNJNkluUmxjM1JtYzNBMFYyRnNiR1YwUm01aGJXVWdkR1Z6ZEdaemNEUlhZV3hzWlhSTWJtRnRaU0o5TENKaGJXOTFiblFpT25zaVlXMXZkVzUwSWpvaU1UVXdJaXdpWTNWeWNtVnVZM2tpT2lKSlRsSWlmU3dpZEhKaGJuTmhZM1JwYjI1VWVYQmxJanA3SW5OalpXNWhjbWx2SWpvaVZGSkJUbE5HUlZJaUxDSnBibWwwYVdGMGIzSWlPaUpRUVZsRlVpSXNJbWx1YVhScFlYUnZjbFI1Y0dVaU9pSkRUMDVUVlUxRlVpSjlmUQA','2023-03-30 15:29:57'),('e8832b5f-3643-408b-bca8-4e6bac1a7da4','AYIEGAAAAAAAAAXcHWcudGVzdGZzcDMubXNpc2RuLjE3ODkxMjM5ODczggPuZXlKMGNtRnVjMkZqZEdsdmJrbGtJam9pWlRnNE16SmlOV1l0TXpZME15MDBNRGhpTFdKallUZ3ROR1UyWW1Gak1XRTNaR0UwSWl3aWNYVnZkR1ZKWkNJNklqYzVOekU1T0RGaExXTTNOVGN0TkRVMlpDMWhZbVF6TFRZMVl6Y3hOREF6TnpWbE5TSXNJbkJoZVdWbElqcDdJbkJoY25SNVNXUkpibVp2SWpwN0luQmhjblI1U1dSVWVYQmxJam9pVFZOSlUwUk9JaXdpY0dGeWRIbEpaR1Z1ZEdsbWFXVnlJam9pTVRjNE9URXlNems0TnpNaUxDSm1jM0JKWkNJNkluUmxjM1JtYzNBeklpd2laWGgwWlc1emFXOXVUR2x6ZENJNmV5SmxlSFJsYm5OcGIyNGlPbHQ3SW10bGVTSTZJbUZqWTI5MWJuUlVlWEJsSWl3aWRtRnNkV1VpT2lKWFlXeHNaWFFpZlYxOWZTd2ljR1Z5YzI5dVlXeEpibVp2SWpwN0ltTnZiWEJzWlhoT1lXMWxJanA3SW1acGNuTjBUbUZ0WlNJNkluUmxjM1JtYzNBelYyRnNiR1YwUm01aGJXVWlMQ0pzWVhOMFRtRnRaU0k2SW5SbGMzUm1jM0F6VjJGc2JHVjBURzVoYldVaWZTd2laR0YwWlU5bVFtbHlkR2dpT2lJeE9UZzFMVEExTFRFekluMTlMQ0p3WVhsbGNpSTZleUp3WVhKMGVVbGtTVzVtYnlJNmV5SndZWEowZVVsa1ZIbHdaU0k2SWsxVFNWTkVUaUlzSW5CaGNuUjVTV1JsYm5ScFptbGxjaUk2SWpFM01ETTVPREV4T1RBMElpd2labk53U1dRaU9pSjBaWE4wWm5Od01pSXNJbVY0ZEdWdWMybHZia3hwYzNRaU9uc2laWGgwWlc1emFXOXVJanBiZXlKclpYa2lPaUpoWTJOdmRXNTBWSGx3WlNJc0luWmhiSFZsSWpvaVYyRnNiR1YwSW4xZGZYMHNJbTVoYldVaU9pSjBaWE4wWm5Od01sZGhiR3hsZEVadVlXMWxJSFJsYzNSbWMzQXlWMkZzYkdWMFRHNWhiV1VpZlN3aVlXMXZkVzUwSWpwN0ltRnRiM1Z1ZENJNklqRTFJaXdpWTNWeWNtVnVZM2tpT2lKSlRsSWlmU3dpZEhKaGJuTmhZM1JwYjI1VWVYQmxJanA3SW5OalpXNWhjbWx2SWpvaVZGSkJUbE5HUlZJaUxDSnBibWwwYVdGMGIzSWlPaUpRUVZsRlVpSXNJbWx1YVhScFlYUnZjbFI1Y0dVaU9pSkRUMDVUVlUxRlVpSjlmUQA','2023-03-30 15:39:27'),('ea5d9160-6e0f-4987-b46d-04cb2714a796','AYIEMgAAH2xMehv7HWcudGVzdGZzcDIubXNpc2RuLjE3MDM5ODExOTA0ggQIZXlKMGNtRnVjMkZqZEdsdmJrbGtJam9pWldFMVpEa3hOakF0Tm1Vd1ppMDBPVGczTFdJME5tUXRNRFJqWWpJM01UUmhOemsySWl3aWNYVnZkR1ZKWkNJNklqSTBOR1JtWVdJNExUQTNOemt0TkRnMk1pMWlPVEZsTFdGbU5HWXpObUl4T1dKbFlpSXNJbkJoZVdWbElqcDdJbkJoY25SNVNXUkpibVp2SWpwN0luQmhjblI1U1dSVWVYQmxJam9pVFZOSlUwUk9JaXdpY0dGeWRIbEpaR1Z1ZEdsbWFXVnlJam9pTVRjd016azRNVEU1TURRaUxDSm1jM0JKWkNJNkluUmxjM1JtYzNBeUlpd2laWGgwWlc1emFXOXVUR2x6ZENJNmV5SmxlSFJsYm5OcGIyNGlPbHQ3SW10bGVTSTZJbUZqWTI5MWJuUlVlWEJsSWl3aWRtRnNkV1VpT2lKWFlXeHNaWFFpZlYxOWZTd2ljR1Z5YzI5dVlXeEpibVp2SWpwN0ltTnZiWEJzWlhoT1lXMWxJanA3SW1acGNuTjBUbUZ0WlNJNklsUmxjM1JtYzNBeVJtbHljM1FpTENKdGFXUmtiR1ZPWVcxbElqb2lWR1Z6ZEdaemNESk5hV1JrYkdVaUxDSnNZWE4wVG1GdFpTSTZJbFJsYzNSbWMzQXlUR0Z6ZENKOUxDSmtZWFJsVDJaQ2FYSjBhQ0k2SWpJd01UQXRNVEF0TVRBaWZYMHNJbkJoZVdWeUlqcDdJbkJoY25SNVNXUkpibVp2SWpwN0luQmhjblI1U1dSVWVYQmxJam9pVFZOSlUwUk9JaXdpY0dGeWRIbEpaR1Z1ZEdsbWFXVnlJam9pTVRjNE9URXlNems0TnpJaUxDSm1jM0JKWkNJNkluUmxjM1JtYzNBMElpd2laWGgwWlc1emFXOXVUR2x6ZENJNmV5SmxlSFJsYm5OcGIyNGlPbHQ3SW10bGVTSTZJbUZqWTI5MWJuUlVlWEJsSWl3aWRtRnNkV1VpT2lKWFlXeHNaWFFpZlYxOWZTd2libUZ0WlNJNkluUmxjM1JtYzNBMFYyRnNiR1YwUm01aGJXVWdkR1Z6ZEdaemNEUlhZV3hzWlhSTWJtRnRaU0o5TENKaGJXOTFiblFpT25zaVlXMXZkVzUwSWpvaU16UXVOVFVpTENKamRYSnlaVzVqZVNJNklrbE9VaUo5TENKMGNtRnVjMkZqZEdsdmJsUjVjR1VpT25zaWMyTmxibUZ5YVc4aU9pSlVVa0ZPVTBaRlVpSXNJbWx1YVhScFlYUnZjaUk2SWxCQldVVlNJaXdpYVc1cGRHbGhkRzl5Vkhsd1pTSTZJa05QVGxOVlRVVlNJbjE5AA','2023-03-30 15:39:18'),('ec3031e6-cfc4-49e9-80f9-d905700341a9','AYICfAAAAAAAATRsG2cudHRrc2ltMy5tc2lzZG4uNTY3MTAwMDAwMYICVGV5SjBjbUZ1YzJGamRHbHZia2xrSWpvaVpXTXpNRE14WlRZdFkyWmpOQzAwT1dVNUxUZ3daamt0WkRrd05UY3dNRE0wTVdFNUlpd2ljWFZ2ZEdWSlpDSTZJbVZqTXpBek1XVTJMV05tWXpRdE5EbGxPUzA0TUdZNUxXUTVNRFUzTURBek5ERmhPU0lzSW5CaGVXVmxJanA3SW5CaGNuUjVTV1JKYm1adklqcDdJbkJoY25SNVNXUlVlWEJsSWpvaVRWTkpVMFJPSWl3aWNHRnlkSGxKWkdWdWRHbG1hV1Z5SWpvaU5UWTNNVEF3TURBd01TSXNJbVp6Y0Vsa0lqb2lkSFJyYzJsdE15SjlmU3dpY0dGNVpYSWlPbnNpY0dGeWRIbEpaRWx1Wm04aU9uc2ljR0Z5ZEhsSlpGUjVjR1VpT2lKTlUwbFRSRTRpTENKd1lYSjBlVWxrWlc1MGFXWnBaWElpT2lJeE5qRXpOVFUxTVRJeE1pSXNJbVp6Y0Vsa0lqb2lkSFJyYzJsdE1TSjlmU3dpWVcxdmRXNTBJanA3SW1GdGIzVnVkQ0k2SWpjNE9TNDFOaUlzSW1OMWNuSmxibU41SWpvaVZGcFRJbjBzSW5SeVlXNXpZV04wYVc5dVZIbHdaU0k2ZXlKelkyVnVZWEpwYnlJNklsUlNRVTVUUmtWU0lpd2lhVzVwZEdsaGRHOXlJam9pVUVGWlJWSWlMQ0pwYm1sMGFXRjBiM0pVZVhCbElqb2lRMDlPVTFWTlJWSWlmU3dpYm05MFpTSTZJaUo5AA','2023-03-30 15:46:22'),('ecec47a6-b526-4063-a6b3-7e4704764607','AYIEMAAAAAAAATPQHWcudGVzdGZzcDIubXNpc2RuLjE3MDM5ODExOTA0ggQGZXlKMGNtRnVjMkZqZEdsdmJrbGtJam9pWldObFl6UTNZVFl0WWpVeU5pMDBNRFl6TFdFMllqTXROMlUwTnpBME56WTBOakEzSWl3aWNYVnZkR1ZKWkNJNkltUTFabUkzWkRneExXRmhOamd0TkdZeU5pMDVNamRpTFRRd1pUZ3pZbVZrWkRKbU9DSXNJbkJoZVdWbElqcDdJbkJoY25SNVNXUkpibVp2SWpwN0luQmhjblI1U1dSVWVYQmxJam9pVFZOSlUwUk9JaXdpY0dGeWRIbEpaR1Z1ZEdsbWFXVnlJam9pTVRjd016azRNVEU1TURRaUxDSm1jM0JKWkNJNkluUmxjM1JtYzNBeUlpd2laWGgwWlc1emFXOXVUR2x6ZENJNmV5SmxlSFJsYm5OcGIyNGlPbHQ3SW10bGVTSTZJbUZqWTI5MWJuUlVlWEJsSWl3aWRtRnNkV1VpT2lKWFlXeHNaWFFpZlYxOWZTd2ljR1Z5YzI5dVlXeEpibVp2SWpwN0ltTnZiWEJzWlhoT1lXMWxJanA3SW1acGNuTjBUbUZ0WlNJNklsUmxjM1JtYzNBeVJtbHljM1FpTENKdGFXUmtiR1ZPWVcxbElqb2lWR1Z6ZEdaemNESk5hV1JrYkdVaUxDSnNZWE4wVG1GdFpTSTZJbFJsYzNSbWMzQXlUR0Z6ZENKOUxDSmtZWFJsVDJaQ2FYSjBhQ0k2SWpJd01UQXRNVEF0TVRBaWZYMHNJbkJoZVdWeUlqcDdJbkJoY25SNVNXUkpibVp2SWpwN0luQmhjblI1U1dSVWVYQmxJam9pVFZOSlUwUk9JaXdpY0dGeWRIbEpaR1Z1ZEdsbWFXVnlJam9pTVRjNE9URXlNems0TnpNaUxDSm1jM0JKWkNJNkluUmxjM1JtYzNBeklpd2laWGgwWlc1emFXOXVUR2x6ZENJNmV5SmxlSFJsYm5OcGIyNGlPbHQ3SW10bGVTSTZJbUZqWTI5MWJuUlVlWEJsSWl3aWRtRnNkV1VpT2lKWFlXeHNaWFFpZlYxOWZTd2libUZ0WlNJNkluUmxjM1JtYzNBelYyRnNiR1YwUm01aGJXVWdkR1Z6ZEdaemNETlhZV3hzWlhSTWJtRnRaU0o5TENKaGJXOTFiblFpT25zaVlXMXZkVzUwSWpvaU56ZzRJaXdpWTNWeWNtVnVZM2tpT2lKSlRsSWlmU3dpZEhKaGJuTmhZM1JwYjI1VWVYQmxJanA3SW5OalpXNWhjbWx2SWpvaVZGSkJUbE5HUlZJaUxDSnBibWwwYVdGMGIzSWlPaUpRUVZsRlVpSXNJbWx1YVhScFlYUnZjbFI1Y0dVaU9pSkRUMDVUVlUxRlVpSjlmUQA','2023-03-30 15:29:59'),('ee30b0ff-62f7-4750-8616-940fdebecefd','AYIDMgAAAAAAAA2sLmcudGVzdGZzcDIubXNpc2RuLnskaW5wdXRzLnBheWVlZnNwaWRlbnRpZmllcn2CAvdleUowY21GdWMyRmpkR2x2Ymtsa0lqb2laV1V6TUdJd1ptWXROakptTnkwME56VXdMVGcyTVRZdE9UUXdabVJsWW1WalpXWmtJaXdpY1hWdmRHVkpaQ0k2SWpJMFlqVmxNREZrTFRnek56Z3ROR1l6TkMxaFpERmtMVFZrTXpVMk9HRTBNekZoTWlJc0luQmhlV1ZsSWpwN0luQmhjblI1U1dSSmJtWnZJanA3SW5CaGNuUjVTV1JVZVhCbElqb2lUVk5KVTBST0lpd2ljR0Z5ZEhsSlpHVnVkR2xtYVdWeUlqb2lleVJwYm5CMWRITXVjR0Y1WldWbWMzQkpaR1Z1ZEdsbWFXVnlmU0lzSW1aemNFbGtJam9pZEdWemRHWnpjRElpZlgwc0luQmhlV1Z5SWpwN0luQmhjblI1U1dSSmJtWnZJanA3SW5CaGNuUjVTV1JVZVhCbElqb2lUVk5KVTBST0lpd2ljR0Z5ZEhsSlpHVnVkR2xtYVdWeUlqb2lNVGN3TXprNE1URTVNRElpTENKbWMzQkpaQ0k2SW5CaGVXVmxabk53SW4wc0luQmxjbk52Ym1Gc1NXNW1ieUk2ZXlKamIyMXdiR1Y0VG1GdFpTSTZleUptYVhKemRFNWhiV1VpT2lKR2FYSnpkRzVoYldVdFZHVnpkQ0lzSW14aGMzUk9ZVzFsSWpvaVRHRnpkRzVoYldVdFZHVnpkQ0o5TENKa1lYUmxUMlpDYVhKMGFDSTZJakU1T0RRdE1ERXRNREVpZlgwc0ltRnRiM1Z1ZENJNmV5SmhiVzkxYm5RaU9pSXpOU0lzSW1OMWNuSmxibU41SWpvaVZWTkVJbjBzSW5SeVlXNXpZV04wYVc5dVZIbHdaU0k2ZXlKelkyVnVZWEpwYnlJNklsUlNRVTVUUmtWU0lpd2lhVzVwZEdsaGRHOXlJam9pVUVGWlJWSWlMQ0pwYm1sMGFXRjBiM0pVZVhCbElqb2lRMDlPVTFWTlJWSWlmWDAA','2023-03-30 15:28:31'),('f2994e96-b730-4e27-970e-ea63e17d7732','AYIDWAAAAAAAAAPoHWcudGVzdGZzcDEubXNpc2RuLjE3MDM5ODExOTAzggMuZXlKMGNtRnVjMkZqZEdsdmJrbGtJam9pWmpJNU9UUmxPVFl0WWpjek1DMDBaVEkzTFRrM01HVXRaV0UyTTJVeE4yUTNOek15SWl3aWNYVnZkR1ZKWkNJNklqUXlZamxsWVRSa0xUbGpZekF0TkRVell5MDVaVGMyTFRNMk9EUTJNVGt6T0dGaE1DSXNJbkJoZVdWbElqcDdJbkJoY25SNVNXUkpibVp2SWpwN0luQmhjblI1U1dSVWVYQmxJam9pVFZOSlUwUk9JaXdpY0dGeWRIbEpaR1Z1ZEdsbWFXVnlJam9pTVRjd016azRNVEU1TURNaUxDSm1jM0JKWkNJNkluUmxjM1JtYzNBeEluMHNJbkJsY25OdmJtRnNTVzVtYnlJNmV5SmpiMjF3YkdWNFRtRnRaU0k2ZXlKbWFYSnpkRTVoYldVaU9pSlVaWE4wWm5Od01VWnBjbk4wSWl3aWJXbGtaR3hsVG1GdFpTSTZJbFJsYzNSbWMzQXhUV2xrWkd4bElpd2liR0Z6ZEU1aGJXVWlPaUpVWlhOMFpuTndNVXhoYzNRaWZTd2laR0YwWlU5bVFtbHlkR2dpT2lJeU1ERXdMVEV3TFRFd0luMTlMQ0p3WVhsbGNpSTZleUp3WVhKMGVVbGtTVzVtYnlJNmV5SndZWEowZVVsa1ZIbHdaU0k2SWsxVFNWTkVUaUlzSW5CaGNuUjVTV1JsYm5ScFptbGxjaUk2SWpFM01ETTVPREV4T1RBMElpd2labk53U1dRaU9pSjBaWE4wWm5Od01pSjlMQ0p1WVcxbElqb2lVR0Y1WlhKR2FYSnpkQ0JRWVhsbGNreGhjM1FpZlN3aVlXMXZkVzUwSWpwN0ltRnRiM1Z1ZENJNklqRXdJaXdpWTNWeWNtVnVZM2tpT2lKVlUwUWlmU3dpZEhKaGJuTmhZM1JwYjI1VWVYQmxJanA3SW5OalpXNWhjbWx2SWpvaVZGSkJUbE5HUlZJaUxDSnBibWwwYVdGMGIzSWlPaUpRUVZsRlVpSXNJbWx1YVhScFlYUnZjbFI1Y0dVaU9pSkRUMDVUVlUxRlVpSjlmUQA','2023-03-30 15:27:55'),('f3d919ad-d5a5-4c9c-b677-bb6317cd7ca3','AYIDaAAAAAAAACcQG2cudHRrc2ltMi5tc2lzZG4uNDU2MTAwMDAwMoIDQGV5SjBjbUZ1YzJGamRHbHZia2xrSWpvaVpqTmtPVEU1WVdRdFpEVmhOUzAwWXpsakxXSTJOemN0WW1JMk16RTNZMlEzWTJFeklpd2ljWFZ2ZEdWSlpDSTZJbVl6WkRreE9XRmtMV1ExWVRVdE5HTTVZeTFpTmpjM0xXSmlOak14TjJOa04yTmhNeUlzSW5CaGVXVmxJanA3SW5CaGNuUjVTV1JKYm1adklqcDdJbkJoY25SNVNXUlVlWEJsSWpvaVRWTkpVMFJPSWl3aWNHRnlkSGxKWkdWdWRHbG1hV1Z5SWpvaU5EVTJNVEF3TURBd01pSXNJbVp6Y0Vsa0lqb2lkSFJyYzJsdE1pSjlMQ0p3WlhKemIyNWhiRWx1Wm04aU9uc2lZMjl0Y0d4bGVFNWhiV1VpT25zaVptbHljM1JPWVcxbElqb2lVbVZqWldsMlpYSkdhWEp6ZENJc0ltMXBaR1JzWlU1aGJXVWlPaUpTWldObGFYWmxjazFwWkdSc1pTSXNJbXhoYzNST1lXMWxJam9pVW1WalpXbDJaWEpNWVhOMEluMHNJbVJoZEdWUFprSnBjblJvSWpvaU1UazROQzB3TVMwd01TSjlMQ0p1WVcxbElqb2lVbVZqWldsMlpYSkdhWEp6ZENCU1pXTmxhWFpsY2t4aGMzUWlmU3dpY0dGNVpYSWlPbnNpY0dGeWRIbEpaRWx1Wm04aU9uc2ljR0Z5ZEhsSlpGUjVjR1VpT2lKTlUwbFRSRTRpTENKd1lYSjBlVWxrWlc1MGFXWnBaWElpT2lJeE5qRXpOVFUxTVRJeE1pSXNJbVp6Y0Vsa0lqb2lkSFJyYzJsdE1TSjlmU3dpWVcxdmRXNTBJanA3SW1GdGIzVnVkQ0k2SWpFd01DSXNJbU4xY25KbGJtTjVJam9pVkZwVEluMHNJblJ5WVc1ellXTjBhVzl1Vkhsd1pTSTZleUp6WTJWdVlYSnBieUk2SWxSU1FVNVRSa1ZTSWl3aWFXNXBkR2xoZEc5eUlqb2lVRUZaUlZJaUxDSnBibWwwYVdGMGIzSlVlWEJsSWpvaVEwOU9VMVZOUlZJaWZTd2libTkwWlNJNklpSjkA','2023-03-30 15:44:17'),('f405a695-c93a-4d4b-89d3-ddd6fe324ea2','AYIEGQAAAAAAADqYHWcudGVzdGZzcDQubXNpc2RuLjE3ODkxMjM5ODcyggPvZXlKMGNtRnVjMkZqZEdsdmJrbGtJam9pWmpRd05XRTJPVFV0WXprellTMDBaRFJpTFRnNVpETXRaR1JrTm1abE16STBaV0V5SWl3aWNYVnZkR1ZKWkNJNklqSmpOVGc0T0dVd0xUTTVOR0l0TkRRd1ppMDVZVEpqTFRSaFlqTmpZakZtTkRKalppSXNJbkJoZVdWbElqcDdJbkJoY25SNVNXUkpibVp2SWpwN0luQmhjblI1U1dSVWVYQmxJam9pVFZOSlUwUk9JaXdpY0dGeWRIbEpaR1Z1ZEdsbWFXVnlJam9pTVRjNE9URXlNems0TnpJaUxDSm1jM0JKWkNJNkluUmxjM1JtYzNBMElpd2laWGgwWlc1emFXOXVUR2x6ZENJNmV5SmxlSFJsYm5OcGIyNGlPbHQ3SW10bGVTSTZJbUZqWTI5MWJuUlVlWEJsSWl3aWRtRnNkV1VpT2lKWFlXeHNaWFFpZlYxOWZTd2ljR1Z5YzI5dVlXeEpibVp2SWpwN0ltTnZiWEJzWlhoT1lXMWxJanA3SW1acGNuTjBUbUZ0WlNJNkluUmxjM1JtYzNBMFYyRnNiR1YwUm01aGJXVWlMQ0pzWVhOMFRtRnRaU0k2SW5SbGMzUm1jM0EwVjJGc2JHVjBURzVoYldVaWZTd2laR0YwWlU5bVFtbHlkR2dpT2lJeE9UZzFMVEExTFRFekluMTlMQ0p3WVhsbGNpSTZleUp3WVhKMGVVbGtTVzVtYnlJNmV5SndZWEowZVVsa1ZIbHdaU0k2SWsxVFNWTkVUaUlzSW5CaGNuUjVTV1JsYm5ScFptbGxjaUk2SWpFM01ETTVPREV4T1RBMElpd2labk53U1dRaU9pSjBaWE4wWm5Od01pSXNJbVY0ZEdWdWMybHZia3hwYzNRaU9uc2laWGgwWlc1emFXOXVJanBiZXlKclpYa2lPaUpoWTJOdmRXNTBWSGx3WlNJc0luWmhiSFZsSWpvaVYyRnNiR1YwSW4xZGZYMHNJbTVoYldVaU9pSjBaWE4wWm5Od01sZGhiR3hsZEVadVlXMWxJSFJsYzNSbWMzQXlWMkZzYkdWMFRHNWhiV1VpZlN3aVlXMXZkVzUwSWpwN0ltRnRiM1Z1ZENJNklqRTFNQ0lzSW1OMWNuSmxibU41SWpvaVNVNVNJbjBzSW5SeVlXNXpZV04wYVc5dVZIbHdaU0k2ZXlKelkyVnVZWEpwYnlJNklsUlNRVTVUUmtWU0lpd2lhVzVwZEdsaGRHOXlJam9pVUVGWlJWSWlMQ0pwYm1sMGFXRjBiM0pVZVhCbElqb2lRMDlPVTFWTlJWSWlmWDAA','2023-03-30 15:39:29'),('f4571830-1cf3-4d89-937a-f465956ede39','AYIDbAAAAAAAALJuG2cudHRrc2ltMi5tc2lzZG4uNDU2MTAwMDAwMYIDRGV5SjBjbUZ1YzJGamRHbHZia2xrSWpvaVpqUTFOekU0TXpBdE1XTm1NeTAwWkRnNUxUa3pOMkV0WmpRMk5UazFObVZrWlRNNUlpd2ljWFZ2ZEdWSlpDSTZJbVkwTlRjeE9ETXdMVEZqWmpNdE5HUTRPUzA1TXpkaExXWTBOalU1TlRabFpHVXpPU0lzSW5CaGVXVmxJanA3SW5CaGNuUjVTV1JKYm1adklqcDdJbkJoY25SNVNXUlVlWEJsSWpvaVRWTkpVMFJPSWl3aWNHRnlkSGxKWkdWdWRHbG1hV1Z5SWpvaU5EVTJNVEF3TURBd01TSXNJbVp6Y0Vsa0lqb2lkSFJyYzJsdE1pSjlMQ0p3WlhKemIyNWhiRWx1Wm04aU9uc2lZMjl0Y0d4bGVFNWhiV1VpT25zaVptbHljM1JPWVcxbElqb2lVbVZqWldsMlpYSkdhWEp6ZENJc0ltMXBaR1JzWlU1aGJXVWlPaUpTWldObGFYWmxjazFwWkdSc1pTSXNJbXhoYzNST1lXMWxJam9pVW1WalpXbDJaWEpNWVhOMEluMHNJbVJoZEdWUFprSnBjblJvSWpvaU1UazROQzB3TVMwd01TSjlMQ0p1WVcxbElqb2lVbVZqWldsMlpYSkdhWEp6ZENCU1pXTmxhWFpsY2t4aGMzUWlmU3dpY0dGNVpYSWlPbnNpY0dGeWRIbEpaRWx1Wm04aU9uc2ljR0Z5ZEhsSlpGUjVjR1VpT2lKTlUwbFRSRTRpTENKd1lYSjBlVWxrWlc1MGFXWnBaWElpT2lJeE5qRXpOVFUxTVRJeE1pSXNJbVp6Y0Vsa0lqb2lkSFJyYzJsdE1TSjlmU3dpWVcxdmRXNTBJanA3SW1GdGIzVnVkQ0k2SWpRMU5pNDNPQ0lzSW1OMWNuSmxibU41SWpvaVZGcFRJbjBzSW5SeVlXNXpZV04wYVc5dVZIbHdaU0k2ZXlKelkyVnVZWEpwYnlJNklsUlNRVTVUUmtWU0lpd2lhVzVwZEdsaGRHOXlJam9pVUVGWlJWSWlMQ0pwYm1sMGFXRjBiM0pVZVhCbElqb2lRMDlPVTFWTlJWSWlmU3dpYm05MFpTSTZJaUo5AA','2023-03-30 15:44:14'),('f467ac79-511e-4f70-9ee9-e878bdce36c5','AYIC9AAAAAAAABdwHWcucGF5ZWVmc3AubXNpc2RuLjIyNTU2OTk5MTI1ggLKZXlKMGNtRnVjMkZqZEdsdmJrbGtJam9pWmpRMFltUmtOV010WXpreE1DMDBZVGt3TFRoa05qa3RaR0ppWVRaaVl6aGxZVFpqSWl3aWNYVnZkR1ZKWkNJNklqVTBaRFZtTURsaUxXRTBOMlF0TkRCa05pMWhZVEEzTFdFNVkyWXpZbUl5TkRsaFpDSXNJbkJoZVdWbElqcDdJbkJoY25SNVNXUkpibVp2SWpwN0luQmhjblI1U1dSVWVYQmxJam9pVFZOSlUwUk9JaXdpY0dGeWRIbEpaR1Z1ZEdsbWFXVnlJam9pTWpJMU5UWTVPVGt4TWpVaUxDSm1jM0JKWkNJNkluQmhlV1ZsWm5Od0luMTlMQ0p3WVhsbGNpSTZleUp3WVhKMGVVbGtTVzVtYnlJNmV5SndZWEowZVVsa1ZIbHdaU0k2SWsxVFNWTkVUaUlzSW5CaGNuUjVTV1JsYm5ScFptbGxjaUk2SWpJeU5UQTNNREE0TVRneElpd2labk53U1dRaU9pSndZWGxsY21aemNDSjlMQ0p3WlhKemIyNWhiRWx1Wm04aU9uc2lZMjl0Y0d4bGVFNWhiV1VpT25zaVptbHljM1JPWVcxbElqb2lUV0YwY3lJc0lteGhjM1JPWVcxbElqb2lTR0ZuYldGdUluMHNJbVJoZEdWUFprSnBjblJvSWpvaU1UazRNeTB4TUMweU5TSjlmU3dpWVcxdmRXNTBJanA3SW1GdGIzVnVkQ0k2SWpZd0lpd2lZM1Z5Y21WdVkza2lPaUpWVTBRaWZTd2lkSEpoYm5OaFkzUnBiMjVVZVhCbElqcDdJbk5qWlc1aGNtbHZJam9pVkZKQlRsTkdSVklpTENKcGJtbDBhV0YwYjNJaU9pSlFRVmxGVWlJc0ltbHVhWFJwWVhSdmNsUjVjR1VpT2lKRFQwNVRWVTFGVWlKOWZRAA','2023-03-30 15:39:53'),('f5c498a5-2851-4ab8-9eff-d4bbdb03cd9d','AYIENAAAkAcPi_ACHWcudGVzdGZzcDEubXNpc2RuLjE3MDM5ODExOTAzggQKZXlKMGNtRnVjMkZqZEdsdmJrbGtJam9pWmpWak5EazRZVFV0TWpnMU1TMDBZV0k0TFRsbFptWXRaRFJpWW1SaU1ETmpaRGxrSWl3aWNYVnZkR1ZKWkNJNkltRTBZMk0wWW1WakxXVTFZMlV0TkRneE5DMWlNVGxtTFRKbE56QTVaVEEzTm1RME55SXNJbkJoZVdWbElqcDdJbkJoY25SNVNXUkpibVp2SWpwN0luQmhjblI1U1dSVWVYQmxJam9pVFZOSlUwUk9JaXdpY0dGeWRIbEpaR1Z1ZEdsbWFXVnlJam9pTVRjd016azRNVEU1TURNaUxDSm1jM0JKWkNJNkluUmxjM1JtYzNBeElpd2laWGgwWlc1emFXOXVUR2x6ZENJNmV5SmxlSFJsYm5OcGIyNGlPbHQ3SW10bGVTSTZJbUZqWTI5MWJuUlVlWEJsSWl3aWRtRnNkV1VpT2lKWFlXeHNaWFFpZlYxOWZTd2ljR1Z5YzI5dVlXeEpibVp2SWpwN0ltTnZiWEJzWlhoT1lXMWxJanA3SW1acGNuTjBUbUZ0WlNJNklsUmxjM1JtYzNBeFJtbHljM1FpTENKdGFXUmtiR1ZPWVcxbElqb2lWR1Z6ZEdaemNERk5hV1JrYkdVaUxDSnNZWE4wVG1GdFpTSTZJbFJsYzNSbWMzQXhUR0Z6ZENKOUxDSmtZWFJsVDJaQ2FYSjBhQ0k2SWpJd01UQXRNVEF0TVRBaWZYMHNJbkJoZVdWeUlqcDdJbkJoY25SNVNXUkpibVp2SWpwN0luQmhjblI1U1dSVWVYQmxJam9pVFZOSlUwUk9JaXdpY0dGeWRIbEpaR1Z1ZEdsbWFXVnlJam9pTVRjNE9URXlNems0TnpJaUxDSm1jM0JKWkNJNkluUmxjM1JtYzNBMElpd2laWGgwWlc1emFXOXVUR2x6ZENJNmV5SmxlSFJsYm5OcGIyNGlPbHQ3SW10bGVTSTZJbUZqWTI5MWJuUlVlWEJsSWl3aWRtRnNkV1VpT2lKWFlXeHNaWFFpZlYxOWZTd2libUZ0WlNJNkluUmxjM1JtYzNBMFYyRnNiR1YwUm01aGJXVWdkR1Z6ZEdaemNEUlhZV3hzWlhSTWJtRnRaU0o5TENKaGJXOTFiblFpT25zaVlXMXZkVzUwSWpvaU1UVTRMak0ySWl3aVkzVnljbVZ1WTNraU9pSkpUbElpZlN3aWRISmhibk5oWTNScGIyNVVlWEJsSWpwN0luTmpaVzVoY21sdklqb2lWRkpCVGxOR1JWSWlMQ0pwYm1sMGFXRjBiM0lpT2lKUVFWbEZVaUlzSW1sdWFYUnBZWFJ2Y2xSNWNHVWlPaUpEVDA1VFZVMUZVaUo5ZlEA','2023-03-30 15:39:27'),('f5f2ac4a-733c-42f1-ba4c-7df5b63110e3','AYIDGQAAAAAAACcQHWcucGF5ZWVmc3AubXNpc2RuLjI3NzEzODAzOTEyggLvZXlKMGNtRnVjMkZqZEdsdmJrbGtJam9pWmpWbU1tRmpOR0V0TnpNell5MDBNbVl4TFdKaE5HTXROMlJtTldJMk16RXhNR1V6SWl3aWNYVnZkR1ZKWkNJNklqQmxZekZoWWpsakxUSmpNV1F0TkRVd1ppMDVaV05sTFdOak16Sm1PVFJpTm1VeU1TSXNJbkJoZVdWbElqcDdJbkJoY25SNVNXUkpibVp2SWpwN0luQmhjblI1U1dSVWVYQmxJam9pVFZOSlUwUk9JaXdpY0dGeWRIbEpaR1Z1ZEdsbWFXVnlJam9pTWpjM01UTTRNRE01TVRJaUxDSm1jM0JKWkNJNkluQmhlV1ZsWm5Od0luMTlMQ0p3WVhsbGNpSTZleUp3WVhKMGVVbGtTVzVtYnlJNmV5SndZWEowZVVsa1ZIbHdaU0k2SWsxVFNWTkVUaUlzSW5CaGNuUjVTV1JsYm5ScFptbGxjaUk2SWpRME1USXpORFUyTnpnNUlpd2labk53U1dRaU9pSjBaWE4wYVc1bmRHOXZiR3RwZEdSbWMzQWlmU3dpY0dWeWMyOXVZV3hKYm1adklqcDdJbU52YlhCc1pYaE9ZVzFsSWpwN0ltWnBjbk4wVG1GdFpTSTZJa1pwY25OMGJtRnRaUzFVWlhOMElpd2liR0Z6ZEU1aGJXVWlPaUpNWVhOMGJtRnRaUzFVWlhOMEluMHNJbVJoZEdWUFprSnBjblJvSWpvaU1UazROQzB3TVMwd01TSjlmU3dpWVcxdmRXNTBJanA3SW1GdGIzVnVkQ0k2SWpFd01DSXNJbU4xY25KbGJtTjVJam9pVlZORUluMHNJblJ5WVc1ellXTjBhVzl1Vkhsd1pTSTZleUp6WTJWdVlYSnBieUk2SWxSU1FVNVRSa1ZTSWl3aWFXNXBkR2xoZEc5eUlqb2lVRUZaUlZJaUxDSnBibWwwYVdGMGIzSlVlWEJsSWpvaVEwOU9VMVZOUlZJaWZYMAA','2023-03-30 15:37:40'),('f61f3548-8364-45fa-8c49-860f07d71c75','AYIDaAAAAAAAACcQG2cudHRrc2ltMy5tc2lzZG4uNTY3MTAwMDAwNIIDQGV5SjBjbUZ1YzJGamRHbHZia2xrSWpvaVpqWXhaak0xTkRndE9ETTJOQzAwTldaaExUaGpORGt0T0RZd1pqQTNaRGN4WXpjMUlpd2ljWFZ2ZEdWSlpDSTZJbVkyTVdZek5UUTRMVGd6TmpRdE5EVm1ZUzA0WXpRNUxUZzJNR1l3TjJRM01XTTNOU0lzSW5CaGVXVmxJanA3SW5CaGNuUjVTV1JKYm1adklqcDdJbkJoY25SNVNXUlVlWEJsSWpvaVRWTkpVMFJPSWl3aWNHRnlkSGxKWkdWdWRHbG1hV1Z5SWpvaU5UWTNNVEF3TURBd05DSXNJbVp6Y0Vsa0lqb2lkSFJyYzJsdE15SjlMQ0p3WlhKemIyNWhiRWx1Wm04aU9uc2lZMjl0Y0d4bGVFNWhiV1VpT25zaVptbHljM1JPWVcxbElqb2lVbVZqWldsMlpYSkdhWEp6ZENJc0ltMXBaR1JzWlU1aGJXVWlPaUpTWldObGFYWmxjazFwWkdSc1pTSXNJbXhoYzNST1lXMWxJam9pVW1WalpXbDJaWEpNWVhOMEluMHNJbVJoZEdWUFprSnBjblJvSWpvaU1UazROQzB3TVMwd01TSjlMQ0p1WVcxbElqb2lVbVZqWldsMlpYSkdhWEp6ZENCU1pXTmxhWFpsY2t4aGMzUWlmU3dpY0dGNVpYSWlPbnNpY0dGeWRIbEpaRWx1Wm04aU9uc2ljR0Z5ZEhsSlpGUjVjR1VpT2lKTlUwbFRSRTRpTENKd1lYSjBlVWxrWlc1MGFXWnBaWElpT2lJeE5qRXpOVFUxTVRJeE1pSXNJbVp6Y0Vsa0lqb2lkSFJyYzJsdE1TSjlmU3dpWVcxdmRXNTBJanA3SW1GdGIzVnVkQ0k2SWpFd01DSXNJbU4xY25KbGJtTjVJam9pVkZwVEluMHNJblJ5WVc1ellXTjBhVzl1Vkhsd1pTSTZleUp6WTJWdVlYSnBieUk2SWxSU1FVNVRSa1ZTSWl3aWFXNXBkR2xoZEc5eUlqb2lVRUZaUlZJaUxDSnBibWwwYVdGMGIzSlVlWEJsSWpvaVEwOU9VMVZOUlZJaWZTd2libTkwWlNJNklpSjkA','2023-03-30 15:44:12'),('f6bc66fa-bc17-4cd8-b4ce-0dc400492ac6','AYIEMgAAAAAAAAWNHWcudGVzdGZzcDEubXNpc2RuLjE3MDM5ODExOTAzggQIZXlKMGNtRnVjMkZqZEdsdmJrbGtJam9pWmpaaVl6WTJabUV0WW1NeE55MDBZMlE0TFdJMFkyVXRNR1JqTkRBd05Ea3lZV00ySWl3aWNYVnZkR1ZKWkNJNklqWmpNRFl5TURVMkxXTXlOak10TkdVNE9DMDVaalpsTFRVNVlURXpOelpqWW1Jek9TSXNJbkJoZVdWbElqcDdJbkJoY25SNVNXUkpibVp2SWpwN0luQmhjblI1U1dSVWVYQmxJam9pVFZOSlUwUk9JaXdpY0dGeWRIbEpaR1Z1ZEdsbWFXVnlJam9pTVRjd016azRNVEU1TURNaUxDSm1jM0JKWkNJNkluUmxjM1JtYzNBeElpd2laWGgwWlc1emFXOXVUR2x6ZENJNmV5SmxlSFJsYm5OcGIyNGlPbHQ3SW10bGVTSTZJbUZqWTI5MWJuUlVlWEJsSWl3aWRtRnNkV1VpT2lKWFlXeHNaWFFpZlYxOWZTd2ljR1Z5YzI5dVlXeEpibVp2SWpwN0ltTnZiWEJzWlhoT1lXMWxJanA3SW1acGNuTjBUbUZ0WlNJNklsUmxjM1JtYzNBeFJtbHljM1FpTENKdGFXUmtiR1ZPWVcxbElqb2lWR1Z6ZEdaemNERk5hV1JrYkdVaUxDSnNZWE4wVG1GdFpTSTZJbFJsYzNSbWMzQXhUR0Z6ZENKOUxDSmtZWFJsVDJaQ2FYSjBhQ0k2SWpJd01UQXRNVEF0TVRBaWZYMHNJbkJoZVdWeUlqcDdJbkJoY25SNVNXUkpibVp2SWpwN0luQmhjblI1U1dSVWVYQmxJam9pVFZOSlUwUk9JaXdpY0dGeWRIbEpaR1Z1ZEdsbWFXVnlJam9pTVRjd016azRNVEU1TURRaUxDSm1jM0JKWkNJNkluUmxjM1JtYzNBeUlpd2laWGgwWlc1emFXOXVUR2x6ZENJNmV5SmxlSFJsYm5OcGIyNGlPbHQ3SW10bGVTSTZJbUZqWTI5MWJuUlVlWEJsSWl3aWRtRnNkV1VpT2lKWFlXeHNaWFFpZlYxOWZTd2libUZ0WlNJNkluUmxjM1JtYzNBeVYyRnNiR1YwUm01aGJXVWdkR1Z6ZEdaemNESlhZV3hzWlhSTWJtRnRaU0o5TENKaGJXOTFiblFpT25zaVlXMXZkVzUwSWpvaU1UUXVNakVpTENKamRYSnlaVzVqZVNJNklrbE9VaUo5TENKMGNtRnVjMkZqZEdsdmJsUjVjR1VpT25zaWMyTmxibUZ5YVc4aU9pSlVVa0ZPVTBaRlVpSXNJbWx1YVhScFlYUnZjaUk2SWxCQldVVlNJaXdpYVc1cGRHbGhkRzl5Vkhsd1pTSTZJa05QVGxOVlRVVlNJbjE5AA','2023-03-30 15:29:57'),('f90bf2d4-57bd-43a7-85a2-6189b442db78','AYIDHgAABXgCuqH_HWcucGF5ZWVmc3AubXNpc2RuLjE3MDM5ODExOTAyggL0ZXlKMGNtRnVjMkZqZEdsdmJrbGtJam9pWmprd1ltWXlaRFF0TlRkaVpDMDBNMkUzTFRnMVlUSXROakU0T1dJME5ESmtZamM0SWl3aWNYVnZkR1ZKWkNJNkltWTNabVZtTkRKaUxUUmpOMkV0TkRnM09DMWhZMkV5TFRVNU16TXpNakEyT0dGa1lpSXNJbkJoZVdWbElqcDdJbkJoY25SNVNXUkpibVp2SWpwN0luQmhjblI1U1dSVWVYQmxJam9pVFZOSlUwUk9JaXdpY0dGeWRIbEpaR1Z1ZEdsbWFXVnlJam9pTVRjd016azRNVEU1TURJaUxDSm1jM0JKWkNJNkluQmhlV1ZsWm5Od0luMTlMQ0p3WVhsbGNpSTZleUp3WVhKMGVVbGtTVzVtYnlJNmV5SndZWEowZVVsa1ZIbHdaU0k2SWsxVFNWTkVUaUlzSW5CaGNuUjVTV1JsYm5ScFptbGxjaUk2SWpRME1USXpORFUyTnpnNUlpd2labk53U1dRaU9pSjBaWE4wYVc1bmRHOXZiR3RwZEdSbWMzQWlmU3dpY0dWeWMyOXVZV3hKYm1adklqcDdJbU52YlhCc1pYaE9ZVzFsSWpwN0ltWnBjbk4wVG1GdFpTSTZJa1pwY25OMGJtRnRaUzFVWlhOMElpd2liR0Z6ZEU1aGJXVWlPaUpNWVhOMGJtRnRaUzFVWlhOMEluMHNJbVJoZEdWUFprSnBjblJvSWpvaU1UazROQzB3TVMwd01TSjlmU3dpWVcxdmRXNTBJanA3SW1GdGIzVnVkQ0k2SWpZd0xqRXlNelFpTENKamRYSnlaVzVqZVNJNklsVlRSQ0o5TENKMGNtRnVjMkZqZEdsdmJsUjVjR1VpT25zaWMyTmxibUZ5YVc4aU9pSlVVa0ZPVTBaRlVpSXNJbWx1YVhScFlYUnZjaUk2SWxCQldVVlNJaXdpYVc1cGRHbGhkRzl5Vkhsd1pTSTZJa05QVGxOVlRVVlNJbjE5AA','2023-03-30 15:37:42'),('f9313692-0a0a-4af9-b110-27bee667a084','AYIDaAAAAAAAACcQG2cudHRrc2ltMy5tc2lzZG4uNTY3MTAwMDAwMoIDQGV5SjBjbUZ1YzJGamRHbHZia2xrSWpvaVpqa3pNVE0yT1RJdE1HRXdZUzAwWVdZNUxXSXhNVEF0TWpkaVpXVTJOamRoTURnMElpd2ljWFZ2ZEdWSlpDSTZJbVk1TXpFek5qa3lMVEJoTUdFdE5HRm1PUzFpTVRFd0xUSTNZbVZsTmpZM1lUQTROQ0lzSW5CaGVXVmxJanA3SW5CaGNuUjVTV1JKYm1adklqcDdJbkJoY25SNVNXUlVlWEJsSWpvaVRWTkpVMFJPSWl3aWNHRnlkSGxKWkdWdWRHbG1hV1Z5SWpvaU5UWTNNVEF3TURBd01pSXNJbVp6Y0Vsa0lqb2lkSFJyYzJsdE15SjlMQ0p3WlhKemIyNWhiRWx1Wm04aU9uc2lZMjl0Y0d4bGVFNWhiV1VpT25zaVptbHljM1JPWVcxbElqb2lVbVZqWldsMlpYSkdhWEp6ZENJc0ltMXBaR1JzWlU1aGJXVWlPaUpTWldObGFYWmxjazFwWkdSc1pTSXNJbXhoYzNST1lXMWxJam9pVW1WalpXbDJaWEpNWVhOMEluMHNJbVJoZEdWUFprSnBjblJvSWpvaU1UazROQzB3TVMwd01TSjlMQ0p1WVcxbElqb2lVbVZqWldsMlpYSkdhWEp6ZENCU1pXTmxhWFpsY2t4aGMzUWlmU3dpY0dGNVpYSWlPbnNpY0dGeWRIbEpaRWx1Wm04aU9uc2ljR0Z5ZEhsSlpGUjVjR1VpT2lKTlUwbFRSRTRpTENKd1lYSjBlVWxrWlc1MGFXWnBaWElpT2lJeE5qRXpOVFUxTVRJeE1pSXNJbVp6Y0Vsa0lqb2lkSFJyYzJsdE1TSjlmU3dpWVcxdmRXNTBJanA3SW1GdGIzVnVkQ0k2SWpFd01DSXNJbU4xY25KbGJtTjVJam9pVkZwVEluMHNJblJ5WVc1ellXTjBhVzl1Vkhsd1pTSTZleUp6WTJWdVlYSnBieUk2SWxSU1FVNVRSa1ZTSWl3aWFXNXBkR2xoZEc5eUlqb2lVRUZaUlZJaUxDSnBibWwwYVdGMGIzSlVlWEJsSWpvaVEwOU9VMVZOUlZJaWZTd2libTkwWlNJNklpSjkA','2023-03-30 15:44:09'),('f9c7ee57-382b-4529-992f-80521cbaddaa','AYIDaAAAAAAAACcQG2cudHRrc2ltMy5tc2lzZG4uNTY3MTAwMDAwMoIDQGV5SjBjbUZ1YzJGamRHbHZia2xrSWpvaVpqbGpOMlZsTlRjdE16Z3lZaTAwTlRJNUxUazVNbVl0T0RBMU1qRmpZbUZrWkdGaElpd2ljWFZ2ZEdWSlpDSTZJbVk1WXpkbFpUVTNMVE00TW1JdE5EVXlPUzA1T1RKbUxUZ3dOVEl4WTJKaFpHUmhZU0lzSW5CaGVXVmxJanA3SW5CaGNuUjVTV1JKYm1adklqcDdJbkJoY25SNVNXUlVlWEJsSWpvaVRWTkpVMFJPSWl3aWNHRnlkSGxKWkdWdWRHbG1hV1Z5SWpvaU5UWTNNVEF3TURBd01pSXNJbVp6Y0Vsa0lqb2lkSFJyYzJsdE15SjlMQ0p3WlhKemIyNWhiRWx1Wm04aU9uc2lZMjl0Y0d4bGVFNWhiV1VpT25zaVptbHljM1JPWVcxbElqb2lVbVZqWldsMlpYSkdhWEp6ZENJc0ltMXBaR1JzWlU1aGJXVWlPaUpTWldObGFYWmxjazFwWkdSc1pTSXNJbXhoYzNST1lXMWxJam9pVW1WalpXbDJaWEpNWVhOMEluMHNJbVJoZEdWUFprSnBjblJvSWpvaU1UazROQzB3TVMwd01TSjlMQ0p1WVcxbElqb2lVbVZqWldsMlpYSkdhWEp6ZENCU1pXTmxhWFpsY2t4aGMzUWlmU3dpY0dGNVpYSWlPbnNpY0dGeWRIbEpaRWx1Wm04aU9uc2ljR0Z5ZEhsSlpGUjVjR1VpT2lKTlUwbFRSRTRpTENKd1lYSjBlVWxrWlc1MGFXWnBaWElpT2lJeE5qRXpOVFUxTVRJeE1pSXNJbVp6Y0Vsa0lqb2lkSFJyYzJsdE1TSjlmU3dpWVcxdmRXNTBJanA3SW1GdGIzVnVkQ0k2SWpFd01DSXNJbU4xY25KbGJtTjVJam9pVkZwVEluMHNJblJ5WVc1ellXTjBhVzl1Vkhsd1pTSTZleUp6WTJWdVlYSnBieUk2SWxSU1FVNVRSa1ZTSWl3aWFXNXBkR2xoZEc5eUlqb2lVRUZaUlZJaUxDSnBibWwwYVdGMGIzSlVlWEJsSWpvaVEwOU9VMVZOUlZJaWZTd2libTkwWlNJNklpSjkA','2023-03-30 15:44:12'),('fb3003dd-c3e3-43f1-84fc-b822ef5c1dd5','AYIEMgAAAAAAAAWNHWcudGVzdGZzcDEubXNpc2RuLjE3MDM5ODExOTAzggQIZXlKMGNtRnVjMkZqZEdsdmJrbGtJam9pWm1Jek1EQXpaR1F0WXpObE15MDBNMll4TFRnMFptTXRZamd5TW1WbU5XTXhaR1ExSWl3aWNYVnZkR1ZKWkNJNklqRXhNbU15T0dKbUxURXpNREF0TkRSaE5TMWhNMkpqTFRBMllqUmxZV1ZsWkRobFlpSXNJbkJoZVdWbElqcDdJbkJoY25SNVNXUkpibVp2SWpwN0luQmhjblI1U1dSVWVYQmxJam9pVFZOSlUwUk9JaXdpY0dGeWRIbEpaR1Z1ZEdsbWFXVnlJam9pTVRjd016azRNVEU1TURNaUxDSm1jM0JKWkNJNkluUmxjM1JtYzNBeElpd2laWGgwWlc1emFXOXVUR2x6ZENJNmV5SmxlSFJsYm5OcGIyNGlPbHQ3SW10bGVTSTZJbUZqWTI5MWJuUlVlWEJsSWl3aWRtRnNkV1VpT2lKWFlXeHNaWFFpZlYxOWZTd2ljR1Z5YzI5dVlXeEpibVp2SWpwN0ltTnZiWEJzWlhoT1lXMWxJanA3SW1acGNuTjBUbUZ0WlNJNklsUmxjM1JtYzNBeFJtbHljM1FpTENKdGFXUmtiR1ZPWVcxbElqb2lWR1Z6ZEdaemNERk5hV1JrYkdVaUxDSnNZWE4wVG1GdFpTSTZJbFJsYzNSbWMzQXhUR0Z6ZENKOUxDSmtZWFJsVDJaQ2FYSjBhQ0k2SWpJd01UQXRNVEF0TVRBaWZYMHNJbkJoZVdWeUlqcDdJbkJoY25SNVNXUkpibVp2SWpwN0luQmhjblI1U1dSVWVYQmxJam9pVFZOSlUwUk9JaXdpY0dGeWRIbEpaR1Z1ZEdsbWFXVnlJam9pTVRjNE9URXlNems0TnpNaUxDSm1jM0JKWkNJNkluUmxjM1JtYzNBeklpd2laWGgwWlc1emFXOXVUR2x6ZENJNmV5SmxlSFJsYm5OcGIyNGlPbHQ3SW10bGVTSTZJbUZqWTI5MWJuUlVlWEJsSWl3aWRtRnNkV1VpT2lKWFlXeHNaWFFpZlYxOWZTd2libUZ0WlNJNkluUmxjM1JtYzNBelYyRnNiR1YwUm01aGJXVWdkR1Z6ZEdaemNETlhZV3hzWlhSTWJtRnRaU0o5TENKaGJXOTFiblFpT25zaVlXMXZkVzUwSWpvaU1UUXVNakVpTENKamRYSnlaVzVqZVNJNklrbE9VaUo5TENKMGNtRnVjMkZqZEdsdmJsUjVjR1VpT25zaWMyTmxibUZ5YVc4aU9pSlVVa0ZPVTBaRlVpSXNJbWx1YVhScFlYUnZjaUk2SWxCQldVVlNJaXdpYVc1cGRHbGhkRzl5Vkhsd1pTSTZJa05QVGxOVlRVVlNJbjE5AA','2023-03-30 15:39:26'),('fb951c0c-373d-45a3-97f0-3f4f40cbeaf0','AYIEIgAAAAAAAAiYHWcudGVzdGZzcDIubXNpc2RuLjE3MDM5ODExOTA0ggP4ZXlKMGNtRnVjMkZqZEdsdmJrbGtJam9pWm1JNU5URmpNR010TXpjelpDMDBOV0V6TFRrM1pqQXRNMlkwWmpRd1kySmxZV1l3SWl3aWNYVnZkR1ZKWkNJNklqRmxOalZpTWpJMkxUTm1ORGN0TkdOak9TMDVNVFZoTFRCa05tUmlNVEV6TXpnNE1DSXNJbkJoZVdWbElqcDdJbkJoY25SNVNXUkpibVp2SWpwN0luQmhjblI1U1dSVWVYQmxJam9pVFZOSlUwUk9JaXdpY0dGeWRIbEpaR1Z1ZEdsbWFXVnlJam9pTVRjd016azRNVEU1TURRaUxDSm1jM0JKWkNJNkluUmxjM1JtYzNBeUlpd2laWGgwWlc1emFXOXVUR2x6ZENJNmV5SmxlSFJsYm5OcGIyNGlPbHQ3SW10bGVTSTZJbUZqWTI5MWJuUlVlWEJsSWl3aWRtRnNkV1VpT2lKQ1lXNXJJbjFkZlgwc0luQmxjbk52Ym1Gc1NXNW1ieUk2ZXlKamIyMXdiR1Y0VG1GdFpTSTZleUptYVhKemRFNWhiV1VpT2lKVVpYTjBabk53TWtacGNuTjBJaXdpYldsa1pHeGxUbUZ0WlNJNklsUmxjM1JtYzNBeVRXbGtaR3hsSWl3aWJHRnpkRTVoYldVaU9pSlVaWE4wWm5Od01reGhjM1FpZlN3aVpHRjBaVTltUW1seWRHZ2lPaUl5TURFd0xURXdMVEV3SW4xOUxDSndZWGxsY2lJNmV5SndZWEowZVVsa1NXNW1ieUk2ZXlKd1lYSjBlVWxrVkhsd1pTSTZJazFUU1ZORVRpSXNJbkJoY25SNVNXUmxiblJwWm1sbGNpSTZJakUzT0RreE1qTTVPRGN6SWl3aVpuTndTV1FpT2lKMFpYTjBabk53TXlJc0ltVjRkR1Z1YzJsdmJreHBjM1FpT25zaVpYaDBaVzV6YVc5dUlqcGJleUpyWlhraU9pSmhZMk52ZFc1MFZIbHdaU0lzSW5aaGJIVmxJam9pUW1GdWF5SjlYWDE5TENKdVlXMWxJam9pZEdWemRHWnpjRE5DWVc1clJtNWhiV1VnZEdWemRHWnpjRE5DWVc1cmJtRnRaU0o5TENKaGJXOTFiblFpT25zaVlXMXZkVzUwSWpvaU1qSWlMQ0pqZFhKeVpXNWplU0k2SWtsT1VpSjlMQ0owY21GdWMyRmpkR2x2YmxSNWNHVWlPbnNpYzJObGJtRnlhVzhpT2lKVVVrRk9VMFpGVWlJc0ltbHVhWFJwWVhSdmNpSTZJbEJCV1VWU0lpd2lhVzVwZEdsaGRHOXlWSGx3WlNJNklrTlBUbE5WVFVWU0luMTkA','2023-03-30 15:39:19'),('fc4dedb0-4c4f-4667-a171-72ddbc906fad','AYIDCgAAAAAAABdwHWcudGVzdGZzcDIubXNpc2RuLjE3MDM5ODExOTA0ggLgZXlKMGNtRnVjMkZqZEdsdmJrbGtJam9pWm1NMFpHVmtZakF0TkdNMFppMDBOalkzTFdFeE56RXROekprWkdKak9UQTJabUZrSWl3aWNYVnZkR1ZKWkNJNkltUmtNRFZrWldVekxUTmtPVE10TkdSak9DMWlNR05pTFRsak1UQTNaRGMyTlRRM055SXNJbkJoZVdWbElqcDdJbkJoY25SNVNXUkpibVp2SWpwN0luQmhjblI1U1dSVWVYQmxJam9pVFZOSlUwUk9JaXdpY0dGeWRIbEpaR1Z1ZEdsbWFXVnlJam9pTVRjd016azRNVEU1TURRaUxDSm1jM0JKWkNJNkluUmxjM1JtYzNBeUluMTlMQ0p3WVhsbGNpSTZleUp3WVhKMGVVbGtTVzVtYnlJNmV5SndZWEowZVVsa1ZIbHdaU0k2SWsxVFNWTkVUaUlzSW5CaGNuUjVTV1JsYm5ScFptbGxjaUk2SWpFM01ETTVPREV4T1RBeklpd2labk53U1dRaU9pSjBaWE4wWm5Od01TSjlMQ0p3WlhKemIyNWhiRWx1Wm04aU9uc2lZMjl0Y0d4bGVFNWhiV1VpT25zaVptbHljM1JPWVcxbElqb2lSbWx5YzNSdVlXMWxMVlJsYzNRaUxDSnNZWE4wVG1GdFpTSTZJa3hoYzNSdVlXMWxMVlJsYzNRaWZTd2laR0YwWlU5bVFtbHlkR2dpT2lJeE9UZzBMVEF4TFRBeEluMTlMQ0poYlc5MWJuUWlPbnNpWVcxdmRXNTBJam9pTmpBaUxDSmpkWEp5Wlc1amVTSTZJbFJhVXlKOUxDSjBjbUZ1YzJGamRHbHZibFI1Y0dVaU9uc2ljMk5sYm1GeWFXOGlPaUpVVWtGT1UwWkZVaUlzSW1sdWFYUnBZWFJ2Y2lJNklsQkJXVVZTSWl3aWFXNXBkR2xoZEc5eVZIbHdaU0k2SWtOUFRsTlZUVVZTSW4xOQA','2023-03-30 15:38:53'),('ff56ee02-f293-44c8-b7b9-14eeb4be08ac','AYIDaAAAAAAAACcQG2cudHRrc2ltMy5tc2lzZG4uNTY3MTAwMDAwMYIDQGV5SjBjbUZ1YzJGamRHbHZia2xrSWpvaVptWTFObVZsTURJdFpqSTVNeTAwTkdNNExXSTNZamt0TVRSbFpXSTBZbVV3T0dGaklpd2ljWFZ2ZEdWSlpDSTZJbVptTlRabFpUQXlMV1l5T1RNdE5EUmpPQzFpTjJJNUxURTBaV1ZpTkdKbE1EaGhZeUlzSW5CaGVXVmxJanA3SW5CaGNuUjVTV1JKYm1adklqcDdJbkJoY25SNVNXUlVlWEJsSWpvaVRWTkpVMFJPSWl3aWNHRnlkSGxKWkdWdWRHbG1hV1Z5SWpvaU5UWTNNVEF3TURBd01TSXNJbVp6Y0Vsa0lqb2lkSFJyYzJsdE15SjlMQ0p3WlhKemIyNWhiRWx1Wm04aU9uc2lZMjl0Y0d4bGVFNWhiV1VpT25zaVptbHljM1JPWVcxbElqb2lVbVZqWldsMlpYSkdhWEp6ZENJc0ltMXBaR1JzWlU1aGJXVWlPaUpTWldObGFYWmxjazFwWkdSc1pTSXNJbXhoYzNST1lXMWxJam9pVW1WalpXbDJaWEpNWVhOMEluMHNJbVJoZEdWUFprSnBjblJvSWpvaU1UazROQzB3TVMwd01TSjlMQ0p1WVcxbElqb2lVbVZqWldsMlpYSkdhWEp6ZENCU1pXTmxhWFpsY2t4aGMzUWlmU3dpY0dGNVpYSWlPbnNpY0dGeWRIbEpaRWx1Wm04aU9uc2ljR0Z5ZEhsSlpGUjVjR1VpT2lKTlUwbFRSRTRpTENKd1lYSjBlVWxrWlc1MGFXWnBaWElpT2lJeE5qRXpOVFUxTVRJeE1pSXNJbVp6Y0Vsa0lqb2lkSFJyYzJsdE1TSjlmU3dpWVcxdmRXNTBJanA3SW1GdGIzVnVkQ0k2SWpFd01DSXNJbU4xY25KbGJtTjVJam9pVkZwVEluMHNJblJ5WVc1ellXTjBhVzl1Vkhsd1pTSTZleUp6WTJWdVlYSnBieUk2SWxSU1FVNVRSa1ZTSWl3aWFXNXBkR2xoZEc5eUlqb2lVRUZaUlZJaUxDSnBibWwwYVdGMGIzSlVlWEJsSWpvaVEwOU9VMVZOUlZJaWZTd2libTkwWlNJNklpSjkA','2023-03-30 15:44:12');
/*!40000 ALTER TABLE `ilpPacket` ENABLE KEYS */;
UNLOCK TABLES;

--
-- Table structure for table `ledgerAccountType`
--

DROP TABLE IF EXISTS `ledgerAccountType`;
/*!40101 SET @saved_cs_client     = @@character_set_client */;
/*!50503 SET character_set_client = utf8mb4 */;
CREATE TABLE `ledgerAccountType` (
  `ledgerAccountTypeId` int unsigned NOT NULL AUTO_INCREMENT,
  `name` varchar(50) NOT NULL,
  `description` varchar(512) DEFAULT NULL,
  `isActive` tinyint(1) NOT NULL DEFAULT '1',
  `createdDate` datetime NOT NULL DEFAULT CURRENT_TIMESTAMP,
  `isSettleable` tinyint(1) NOT NULL DEFAULT '0',
  PRIMARY KEY (`ledgerAccountTypeId`),
  UNIQUE KEY `ledgeraccounttype_name_unique` (`name`)
) ENGINE=InnoDB AUTO_INCREMENT=7 DEFAULT CHARSET=utf8mb3;
/*!40101 SET character_set_client = @saved_cs_client */;

--
-- Dumping data for table `ledgerAccountType`
--

LOCK TABLES `ledgerAccountType` WRITE;
/*!40000 ALTER TABLE `ledgerAccountType` DISABLE KEYS */;
INSERT INTO `ledgerAccountType` VALUES (1,'POSITION','Typical accounts from which a DFSP provisions transfers',1,'2023-03-30 15:16:52',1),(2,'SETTLEMENT','Reflects the individual DFSP Settlement Accounts as held at the Settlement Bank',1,'2023-03-30 15:16:52',0),(3,'HUB_RECONCILIATION','A single account for each currency with which the hub operates. The account is \"held\" by the Participant representing the hub in the switch',1,'2023-03-30 15:16:52',0),(4,'HUB_MULTILATERAL_SETTLEMENT','A single account for each currency with which the hub operates. The account is \"held\" by the Participant representing the hub in the switch',1,'2023-03-30 15:16:52',0),(5,'INTERCHANGE_FEE',NULL,1,'2023-03-30 15:16:52',1),(6,'INTERCHANGE_FEE_SETTLEMENT',NULL,1,'2023-03-30 15:16:52',0);
/*!40000 ALTER TABLE `ledgerAccountType` ENABLE KEYS */;
UNLOCK TABLES;

--
-- Table structure for table `ledgerEntryType`
--

DROP TABLE IF EXISTS `ledgerEntryType`;
/*!40101 SET @saved_cs_client     = @@character_set_client */;
/*!50503 SET character_set_client = utf8mb4 */;
CREATE TABLE `ledgerEntryType` (
  `ledgerEntryTypeId` int unsigned NOT NULL AUTO_INCREMENT,
  `name` varchar(50) NOT NULL,
  `description` varchar(512) DEFAULT NULL,
  `isActive` tinyint(1) NOT NULL DEFAULT '1',
  `createdDate` datetime NOT NULL DEFAULT CURRENT_TIMESTAMP,
  `ledgerAccountTypeId` int unsigned DEFAULT NULL,
  PRIMARY KEY (`ledgerEntryTypeId`),
  UNIQUE KEY `ledgerentrytype_name_unique` (`name`),
  KEY `ledgerentrytype_ledgeraccounttypeid_foreign` (`ledgerAccountTypeId`),
  CONSTRAINT `ledgerentrytype_ledgeraccounttypeid_foreign` FOREIGN KEY (`ledgerAccountTypeId`) REFERENCES `ledgerAccountType` (`ledgerAccountTypeId`)
) ENGINE=InnoDB AUTO_INCREMENT=11 DEFAULT CHARSET=utf8mb3;
/*!40101 SET character_set_client = @saved_cs_client */;

--
-- Dumping data for table `ledgerEntryType`
--

LOCK TABLES `ledgerEntryType` WRITE;
/*!40000 ALTER TABLE `ledgerEntryType` DISABLE KEYS */;
INSERT INTO `ledgerEntryType` VALUES (1,'PRINCIPLE_VALUE','The principle amount to be settled between parties, derived on quotes between DFSPs',1,'2023-03-30 15:16:52',1),(2,'INTERCHANGE_FEE','Fees to be paid between DFSP',1,'2023-03-30 15:16:52',5),(3,'HUB_FEE','Fees to be paid from the DFSPs to the Hub Operator',1,'2023-03-30 15:16:52',NULL),(4,'POSITION_DEPOSIT','Used when increasing Net Debit Cap',1,'2023-03-30 15:16:52',NULL),(5,'POSITION_WITHDRAWAL','Used when decreasing Net Debit Cap',1,'2023-03-30 15:16:52',NULL),(6,'SETTLEMENT_NET_RECIPIENT','Participant is settlement net recipient',1,'2023-03-30 15:16:52',NULL),(7,'SETTLEMENT_NET_SENDER','Participant is settlement net sender',1,'2023-03-30 15:16:52',NULL),(8,'SETTLEMENT_NET_ZERO','Participant is settlement net sender',1,'2023-03-30 15:16:52',NULL),(9,'RECORD_FUNDS_IN','Settlement account funds in',1,'2023-03-30 15:16:52',NULL),(10,'RECORD_FUNDS_OUT','Settlement account funds out',1,'2023-03-30 15:16:52',NULL);
/*!40000 ALTER TABLE `ledgerEntryType` ENABLE KEYS */;
UNLOCK TABLES;

--
-- Table structure for table `migration`
--

DROP TABLE IF EXISTS `migration`;
/*!40101 SET @saved_cs_client     = @@character_set_client */;
/*!50503 SET character_set_client = utf8mb4 */;
CREATE TABLE `migration` (
  `id` int unsigned NOT NULL AUTO_INCREMENT,
  `name` varchar(255) DEFAULT NULL,
  `batch` int DEFAULT NULL,
  `migration_time` timestamp NULL DEFAULT NULL,
  PRIMARY KEY (`id`)
) ENGINE=InnoDB AUTO_INCREMENT=172 DEFAULT CHARSET=utf8mb3;
/*!40101 SET character_set_client = @saved_cs_client */;

--
-- Dumping data for table `migration`
--

LOCK TABLES `migration` WRITE;
/*!40000 ALTER TABLE `migration` DISABLE KEYS */;
INSERT INTO `migration` VALUES (1,'100100_event.js',1,'2023-03-30 15:16:10'),(2,'110100_contactType.js',1,'2023-03-30 15:16:10'),(3,'110101_contactType-indexes.js',1,'2023-03-30 15:16:10'),(4,'110200_currency.js',1,'2023-03-30 15:16:10'),(5,'110201_currency-scale.js',1,'2023-03-30 15:16:11'),(6,'110300_endpointType.js',1,'2023-03-30 15:16:11'),(7,'110301_endpointType-indexes.js',1,'2023-03-30 15:16:11'),(8,'110400_ledgerEntryType.js',1,'2023-03-30 15:16:11'),(9,'110401_ledgerEntryType-indexes.js',1,'2023-03-30 15:16:11'),(10,'110450_ledgerAccountType.js',1,'2023-03-30 15:16:11'),(11,'110451_ledgerAccountType-indexes.js',1,'2023-03-30 15:16:11'),(12,'110500_participantLimitType.js',1,'2023-03-30 15:16:12'),(13,'110501_participantLimitType-indexes.js',1,'2023-03-30 15:16:12'),(14,'110600_transferParticipantRoleType.js',1,'2023-03-30 15:16:12'),(15,'110601_transferParticipantRoleType-indexes.js',1,'2023-03-30 15:16:12'),(16,'110700_transferState.js',1,'2023-03-30 15:16:12'),(17,'110800_settlementWindowState.js',1,'2023-03-30 15:16:12'),(18,'110900_settlementState.js',1,'2023-03-30 15:16:12'),(19,'111000_amountType.js',1,'2023-03-30 15:16:13'),(20,'111001_amountType-indexes.js',1,'2023-03-30 15:16:13'),(21,'111100_balanceOfPayments.js',1,'2023-03-30 15:16:13'),(22,'111101_balanceOfPayments-indexes.js',1,'2023-03-30 15:16:13'),(23,'111200_partyIdentifierType.js',1,'2023-03-30 15:16:13'),(24,'111201_partyIdentifierType-indexes.js',1,'2023-03-30 15:16:13'),(25,'111300_partyType.js',1,'2023-03-30 15:16:14'),(26,'111301_partyType-indexes.js',1,'2023-03-30 15:16:14'),(27,'111400_quoteDuplicateCheck.js',1,'2023-03-30 15:16:14'),(28,'111500_transactionInitiator.js',1,'2023-03-30 15:16:14'),(29,'111501_transactionInitiator-indexes.js',1,'2023-03-30 15:16:14'),(30,'111600_transactionInitiatorType.js',1,'2023-03-30 15:16:14'),(31,'111601_transactionInitiatorType-indexes.js',1,'2023-03-30 15:16:14'),(32,'111700_settlementDelay.js',1,'2023-03-30 15:16:14'),(33,'111701_settlementDelay-indexes.js',1,'2023-03-30 15:16:15'),(34,'111800_settlementInterchange.js',1,'2023-03-30 15:16:15'),(35,'111801_settlementInterchange-indexes.js',1,'2023-03-30 15:16:15'),(36,'111900_settlementGranularity.js',1,'2023-03-30 15:16:15'),(37,'111901_settlementGranularity-indexes.js',1,'2023-03-30 15:16:15'),(38,'112000_bulkTransferState.js',1,'2023-03-30 15:16:15'),(39,'112100_bulkProcessingState.js',1,'2023-03-30 15:16:15'),(40,'112101_bulkProcessingState-indexes.js',1,'2023-03-30 15:16:15'),(41,'200100_participant.js',1,'2023-03-30 15:16:16'),(42,'200101_participant-indexes.js',1,'2023-03-30 15:16:16'),(43,'200200_participantContact.js',1,'2023-03-30 15:16:16'),(44,'200201_participantContact-indexes.js',1,'2023-03-30 15:16:16'),(45,'200300_participantEndpoint.js',1,'2023-03-30 15:16:17'),(46,'200301_participantEndpoint-indexes.js',1,'2023-03-30 15:16:17'),(47,'200400_participantParty.js',1,'2023-03-30 15:16:17'),(48,'200401_participantParty-indexes.js',1,'2023-03-30 15:16:17'),(49,'200600_token.js',1,'2023-03-30 15:16:18'),(50,'200601_token-indexes.js',1,'2023-03-30 15:16:18'),(51,'300100_transferDuplicateCheck.js',1,'2023-03-30 15:16:18'),(52,'300150_bulkTransferDuplicateCheck.js',1,'2023-03-30 15:16:18'),(53,'300200_transfer.js',1,'2023-03-30 15:16:18'),(54,'300201_transfer-indexes.js',1,'2023-03-30 15:16:19'),(55,'300202_transfer-decimal184.js',1,'2023-03-30 15:16:19'),(56,'300250_bulkTransfer.js',1,'2023-03-30 15:16:19'),(57,'300251_bulkTransfer-indexes.js',1,'2023-03-30 15:16:19'),(58,'300275_bulkTransferAssociation.js',1,'2023-03-30 15:16:20'),(59,'300276_bulkTransferAssociation-indexes.js',1,'2023-03-30 15:16:20'),(60,'300300_ilpPacket.js',1,'2023-03-30 15:16:20'),(61,'300400_transferStateChange.js',1,'2023-03-30 15:16:21'),(62,'300401_transferStateChange-indexes.js',1,'2023-03-30 15:16:21'),(63,'300450_bulkTransferStateChange.js',1,'2023-03-30 15:16:21'),(64,'300451_bulkTransferStateChange-indexes.js',1,'2023-03-30 15:16:21'),(65,'300500_segment.js',1,'2023-03-30 15:16:21'),(66,'300501_segment-indexes.js',1,'2023-03-30 15:16:21'),(67,'310100_participantCurrency.js',1,'2023-03-30 15:16:22'),(68,'310101_participantCurrency-indexes.js',1,'2023-03-30 15:16:22'),(69,'310200_transferParticipant.js',1,'2023-03-30 15:16:23'),(70,'310201_transferParticipant-indexes.js',1,'2023-03-30 15:16:23'),(71,'310202_transferParticipant-decimal184.js',1,'2023-03-30 15:16:24'),(72,'310203_transferParticipant-indexes.js',1,'2023-03-30 15:16:24'),(73,'310300_participantPosition.js',1,'2023-03-30 15:16:24'),(74,'310301_participantPosition-indexes.js',1,'2023-03-30 15:16:24'),(75,'310302_participantPosition-decimal184.js',1,'2023-03-30 15:16:24'),(76,'310400_participantPositionChange.js',1,'2023-03-30 15:16:25'),(77,'310401_participantPositionChange-indexes.js',1,'2023-03-30 15:16:25'),(78,'310402_participantPositionChange-decimal184.js',1,'2023-03-30 15:16:25'),(79,'310500_participantLimit.js',1,'2023-03-30 15:16:26'),(80,'310501_participantLimit-indexes.js',1,'2023-03-30 15:16:26'),(81,'310502_participantLimit-decimal184.js',1,'2023-03-30 15:16:26'),(82,'310503_participantLimit-indexes-composite.js',1,'2023-03-30 15:16:26'),(83,'400100_settlementWindow.js',1,'2023-03-30 15:16:26'),(84,'400200_settlement.js',1,'2023-03-30 15:16:26'),(85,'400300_settlementSettlementWindow.js',1,'2023-03-30 15:16:27'),(86,'400301_settlementSettlementWindow-indexes.js',1,'2023-03-30 15:16:27'),(87,'400400_settlementWindowStateChange.js',1,'2023-03-30 15:16:27'),(88,'400401_settlmentWindowStateChange-indexes.js',1,'2023-03-30 15:16:27'),(89,'400500_settlementTransferParticipant.js',1,'2023-03-30 15:16:28'),(90,'400501_settlementTransferParticipant-indexes.js',1,'2023-03-30 15:16:29'),(91,'400502_settlementTransferParticipant-decimal184.js',1,'2023-03-30 15:16:29'),(92,'400600_settlementParticipantCurrency.js',1,'2023-03-30 15:16:29'),(93,'400601_settlementParticipantCurrency-indexes.js',1,'2023-03-30 15:16:29'),(94,'400602_settlementParticipantCurrency-decimal184.js',1,'2023-03-30 15:16:29'),(95,'400700_settlementParticipantCurrencyStateChange.js',1,'2023-03-30 15:16:30'),(96,'400701_settlementParticipantCurrencyStateChange-indexes.js',1,'2023-03-30 15:16:30'),(97,'400800_settlementStateChange.js',1,'2023-03-30 15:16:30'),(98,'400801_settlementStateChange-indexes.js',1,'2023-03-30 15:16:30'),(99,'400900_settlementWindowContent.js',1,'2023-03-30 15:16:31'),(100,'401000_settlementWindowContentStateChange.js',1,'2023-03-30 15:16:31'),(101,'401001_settlementWindowContentStateChange-indexes.js',1,'2023-03-30 15:16:32'),(102,'401002_settlementWindowContent-indexes.js',1,'2023-03-30 15:16:32'),(103,'401200_settlementContentAggregation.js',1,'2023-03-30 15:16:33'),(104,'401201_settlementContentAggregation-indexes.js',1,'2023-03-30 15:16:33'),(105,'401300_settlementModel.js',1,'2023-03-30 15:16:34'),(106,'401301_settlementModel-indexes.js',1,'2023-03-30 15:16:34'),(107,'410100_transferFulfilmentDuplicateCheck.js',1,'2023-03-30 15:16:35'),(108,'410101_transferFulfilmentDuplicateCheck-indexes.js',1,'2023-03-30 15:16:35'),(109,'410102_transferFulfilmentDuplicateCheck-dropForeignTransferId.js',1,'2023-03-30 15:16:35'),(110,'410103_transferFulfilmentDuplicateCheck-hashNullable.js',1,'2023-03-30 15:16:35'),(111,'410200_transferFulfilment.js',1,'2023-03-30 15:16:35'),(112,'410201_transferFulfilment-indexes.js',1,'2023-03-30 15:16:35'),(113,'410202_transferFulfilment-ilpFulfilment.js',1,'2023-03-30 15:16:36'),(114,'410203_transferFulfilment-foreignTransferFulfilmentId.js',1,'2023-03-30 15:16:36'),(115,'410240_bulkTransferFulfilmentDuplicateCheck.js',1,'2023-03-30 15:16:36'),(116,'410250_bulkTransferFulfilment.js',1,'2023-03-30 15:16:36'),(117,'410300_transferExtension.js',1,'2023-03-30 15:16:37'),(118,'410301_transferExtension-indexes.js',1,'2023-03-30 15:16:37'),(119,'410302_transferExtension-transferErrorId.js',1,'2023-03-30 15:16:38'),(120,'410350_bulkTransferExtension.js',1,'2023-03-30 15:16:38'),(121,'410351_bulkTransferExtension-indexes.js',1,'2023-03-30 15:16:38'),(122,'410400_transferTimeout.js',1,'2023-03-30 15:16:38'),(123,'410401_transferTimeout-indexes.js',1,'2023-03-30 15:16:38'),(124,'410450_transferErrorDuplicateCheck.js',1,'2023-03-30 15:16:39'),(125,'410500_transferError.js',1,'2023-03-30 15:16:39'),(126,'410501_transferError-indexes.js',1,'2023-03-30 15:16:39'),(127,'410502_transferError-foreignTransferErrorDuplicateCheckId.js',1,'2023-03-30 15:16:39'),(128,'410550_bulkTransferError.js',1,'2023-03-30 15:16:39'),(129,'410551_bulkTransferError-indexes.js',1,'2023-03-30 15:16:39'),(130,'410600_expiringTransfer.js',1,'2023-03-30 15:16:39'),(131,'410601_expiringTransfer-indexes.js',1,'2023-03-30 15:16:39'),(132,'500100_transactionReference.js',1,'2023-03-30 15:16:40'),(133,'500101_transactionReference-indexes.js',1,'2023-03-30 15:16:40'),(134,'500200_transactionScenario.js',1,'2023-03-30 15:16:40'),(135,'500201_transactionScenario-indexes.js',1,'2023-03-30 15:16:40'),(136,'500300_transactionSubScenario.js',1,'2023-03-30 15:16:40'),(137,'500400_quote.js',1,'2023-03-30 15:16:41'),(138,'500401_quote-hotfix-2719.js',1,'2023-03-30 15:16:41'),(139,'500500_quoteParty.js',1,'2023-03-30 15:16:42'),(140,'500501_feature-fixSubIdRef.js',1,'2023-03-30 15:16:42'),(141,'500600_party.js',1,'2023-03-30 15:16:43'),(142,'500601_party-2480.js',1,'2023-03-30 15:16:43'),(143,'500700_quoteResponse.js',1,'2023-03-30 15:16:43'),(144,'500800_quoteResponseIlpPacket.js',1,'2023-03-30 15:16:43'),(145,'500900_geoCode.js',1,'2023-03-30 15:16:43'),(146,'501000_quoteExtension.js',1,'2023-03-30 15:16:44'),(147,'501001_quoteExtension-quote-service-174.js',1,'2023-03-30 15:16:44'),(148,'501002_quoteExtension-2522.js',1,'2023-03-30 15:16:44'),(149,'501100_quoteResponseDuplicateCheck.js',1,'2023-03-30 15:16:44'),(150,'501200_quoteError.js',1,'2023-03-30 15:16:44'),(151,'501300_transferRules.js',1,'2023-03-30 15:16:44'),(152,'800100_quotePartyView.js',1,'2023-03-30 15:16:44'),(153,'800101_feature-fixSubIdRef.js',1,'2023-03-30 15:16:44'),(154,'800200_quoteView.js',1,'2023-03-30 15:16:44'),(155,'800300_quoteResponseView.js',1,'2023-03-30 15:16:44'),(156,'900100_foreign-keys.js',1,'2023-03-30 15:16:45'),(157,'900101_foreign-keys.js',1,'2023-03-30 15:16:45'),(158,'910100_feature904DDL.js',1,'2023-03-30 15:16:46'),(159,'910101_feature904DataMigration.js',1,'2023-03-30 15:16:46'),(160,'910102_feature949DataMigration.js',1,'2023-03-30 15:16:46'),(161,'910102_hotfix954.js',1,'2023-03-30 15:16:46'),(162,'910103_feature1093SettlementByCurrency.js',1,'2023-03-30 15:16:47'),(163,'940100_quotePartyIdInfoExtension.js',1,'2023-03-30 15:16:47'),(164,'940101_quotePartyIdInfoExtension-2522.js',1,'2023-03-30 15:16:47'),(165,'950100_settlementContentAggregation-decimal184.js',1,'2023-03-30 15:16:47'),(166,'950101_transferParticipantStateChange.js',1,'2023-03-30 15:16:47'),(167,'950102_settlementModel-adjustPosition.js',1,'2023-03-30 15:16:47'),(168,'950103_dropTransferParticipantStateChange.js',1,'2023-03-30 15:16:47'),(169,'950104_settlementModel-settlementAccountTypeId.js',1,'2023-03-30 15:16:48'),(170,'950106_unique_settlement_model_ledger_account_currency.js',1,'2023-03-30 15:16:48'),(171,'950107_settlementWindowContent_foreign_settlementModel.js',1,'2023-03-30 15:16:48');
/*!40000 ALTER TABLE `migration` ENABLE KEYS */;
UNLOCK TABLES;

--
-- Table structure for table `migration_lock`
--

DROP TABLE IF EXISTS `migration_lock`;
/*!40101 SET @saved_cs_client     = @@character_set_client */;
/*!50503 SET character_set_client = utf8mb4 */;
CREATE TABLE `migration_lock` (
  `index` int unsigned NOT NULL AUTO_INCREMENT,
  `is_locked` int DEFAULT NULL,
  PRIMARY KEY (`index`)
) ENGINE=InnoDB AUTO_INCREMENT=2 DEFAULT CHARSET=utf8mb3;
/*!40101 SET character_set_client = @saved_cs_client */;

--
-- Dumping data for table `migration_lock`
--

LOCK TABLES `migration_lock` WRITE;
/*!40000 ALTER TABLE `migration_lock` DISABLE KEYS */;
INSERT INTO `migration_lock` VALUES (1,0);
/*!40000 ALTER TABLE `migration_lock` ENABLE KEYS */;
UNLOCK TABLES;

--
-- Table structure for table `participant`
--

DROP TABLE IF EXISTS `participant`;
/*!40101 SET @saved_cs_client     = @@character_set_client */;
/*!50503 SET character_set_client = utf8mb4 */;
CREATE TABLE `participant` (
  `participantId` int unsigned NOT NULL AUTO_INCREMENT,
  `name` varchar(256) NOT NULL,
  `description` varchar(512) DEFAULT NULL,
  `isActive` tinyint(1) NOT NULL DEFAULT '1',
  `createdDate` datetime NOT NULL DEFAULT CURRENT_TIMESTAMP,
  `createdBy` varchar(128) NOT NULL,
  PRIMARY KEY (`participantId`),
  UNIQUE KEY `participant_name_unique` (`name`)
) ENGINE=InnoDB AUTO_INCREMENT=18 DEFAULT CHARSET=utf8mb3;
/*!40101 SET character_set_client = @saved_cs_client */;

--
-- Dumping data for table `participant`
--

LOCK TABLES `participant` WRITE;
/*!40000 ALTER TABLE `participant` DISABLE KEYS */;
INSERT INTO `participant` VALUES (1,'Hub','Hub Operator',1,'2023-03-30 15:16:52','seeds'),(2,'payerfsp',NULL,1,'2023-03-30 15:24:51','unknown'),(3,'payeefsp',NULL,1,'2023-03-30 15:25:03','unknown'),(4,'noresponsepayeefsp',NULL,1,'2023-03-30 15:25:14','unknown'),(5,'testfsp1',NULL,1,'2023-03-30 15:25:18','unknown'),(6,'testfsp2',NULL,1,'2023-03-30 15:25:29','unknown'),(7,'testingtoolkitdfsp',NULL,1,'2023-03-30 15:25:39','unknown'),(8,'ttkpayeefsp',NULL,1,'2023-03-30 15:25:50','unknown'),(9,'testfsp3',NULL,1,'2023-03-30 15:25:58','unknown'),(10,'testfsp4',NULL,1,'2023-03-30 15:26:02','unknown'),(11,'dfspa',NULL,1,'2023-03-30 15:42:15','unknown'),(12,'dfspb',NULL,1,'2023-03-30 15:42:27','unknown'),(13,'pisp',NULL,1,'2023-03-30 15:42:36','unknown'),(14,'centralauth',NULL,1,'2023-03-30 15:42:43','unknown'),(15,'ttksim1',NULL,1,'2023-03-30 15:43:15','unknown'),(16,'ttksim2',NULL,1,'2023-03-30 15:43:26','unknown'),(17,'ttksim3',NULL,1,'2023-03-30 15:43:39','unknown');
/*!40000 ALTER TABLE `participant` ENABLE KEYS */;
UNLOCK TABLES;

--
-- Table structure for table `participantContact`
--

DROP TABLE IF EXISTS `participantContact`;
/*!40101 SET @saved_cs_client     = @@character_set_client */;
/*!50503 SET character_set_client = utf8mb4 */;
CREATE TABLE `participantContact` (
  `participantContactId` int unsigned NOT NULL AUTO_INCREMENT,
  `participantId` int unsigned NOT NULL,
  `contactTypeId` int unsigned NOT NULL,
  `value` varchar(256) NOT NULL,
  `priorityPreference` int NOT NULL DEFAULT '9',
  `isActive` tinyint(1) NOT NULL DEFAULT '1',
  `createdDate` datetime NOT NULL DEFAULT CURRENT_TIMESTAMP,
  `createdBy` varchar(128) NOT NULL,
  PRIMARY KEY (`participantContactId`),
  KEY `participantcontact_participantid_index` (`participantId`),
  KEY `participantcontact_contacttypeid_index` (`contactTypeId`),
  CONSTRAINT `participantcontact_contacttypeid_foreign` FOREIGN KEY (`contactTypeId`) REFERENCES `contactType` (`contactTypeId`),
  CONSTRAINT `participantcontact_participantid_foreign` FOREIGN KEY (`participantId`) REFERENCES `participant` (`participantId`)
) ENGINE=InnoDB DEFAULT CHARSET=utf8mb3;
/*!40101 SET character_set_client = @saved_cs_client */;

--
-- Dumping data for table `participantContact`
--

LOCK TABLES `participantContact` WRITE;
/*!40000 ALTER TABLE `participantContact` DISABLE KEYS */;
/*!40000 ALTER TABLE `participantContact` ENABLE KEYS */;
UNLOCK TABLES;

--
-- Table structure for table `participantCurrency`
--

DROP TABLE IF EXISTS `participantCurrency`;
/*!40101 SET @saved_cs_client     = @@character_set_client */;
/*!50503 SET character_set_client = utf8mb4 */;
CREATE TABLE `participantCurrency` (
  `participantCurrencyId` int unsigned NOT NULL AUTO_INCREMENT,
  `participantId` int unsigned NOT NULL,
  `currencyId` varchar(3) NOT NULL,
  `ledgerAccountTypeId` int unsigned NOT NULL,
  `isActive` tinyint(1) NOT NULL DEFAULT '1',
  `createdDate` datetime NOT NULL DEFAULT CURRENT_TIMESTAMP,
  `createdBy` varchar(128) NOT NULL,
  PRIMARY KEY (`participantCurrencyId`),
  UNIQUE KEY `participantcurrency_pcl_unique` (`participantId`,`currencyId`,`ledgerAccountTypeId`),
  KEY `participantcurrency_ledgeraccounttypeid_foreign` (`ledgerAccountTypeId`),
  KEY `participantcurrency_participantid_index` (`participantId`),
  KEY `participantcurrency_currencyid_index` (`currencyId`),
  CONSTRAINT `participantcurrency_currencyid_foreign` FOREIGN KEY (`currencyId`) REFERENCES `currency` (`currencyId`),
  CONSTRAINT `participantcurrency_ledgeraccounttypeid_foreign` FOREIGN KEY (`ledgerAccountTypeId`) REFERENCES `ledgerAccountType` (`ledgerAccountTypeId`),
  CONSTRAINT `participantcurrency_participantid_foreign` FOREIGN KEY (`participantId`) REFERENCES `participant` (`participantId`)
) ENGINE=InnoDB AUTO_INCREMENT=111 DEFAULT CHARSET=utf8mb3;
/*!40101 SET character_set_client = @saved_cs_client */;

--
-- Dumping data for table `participantCurrency`
--

LOCK TABLES `participantCurrency` WRITE;
/*!40000 ALTER TABLE `participantCurrency` DISABLE KEYS */;
INSERT INTO `participantCurrency` VALUES (1,1,'USD',4,1,'2023-03-30 15:24:48','unknown'),(2,1,'USD',3,1,'2023-03-30 15:24:48','unknown'),(3,1,'TZS',4,1,'2023-03-30 15:24:49','unknown'),(4,1,'TZS',3,1,'2023-03-30 15:24:49','unknown'),(5,1,'INR',4,1,'2023-03-30 15:24:50','unknown'),(6,1,'INR',3,1,'2023-03-30 15:24:50','unknown'),(7,2,'USD',1,1,'2023-03-30 15:24:51','unknown'),(8,2,'USD',2,1,'2023-03-30 15:24:51','unknown'),(9,2,'TZS',1,1,'2023-03-30 15:24:54','unknown'),(10,2,'TZS',2,1,'2023-03-30 15:24:54','unknown'),(11,2,'INR',1,1,'2023-03-30 15:24:54','unknown'),(12,2,'INR',2,1,'2023-03-30 15:24:54','unknown'),(13,2,'INR',5,1,'2023-03-30 15:24:54','unknown'),(14,2,'INR',6,1,'2023-03-30 15:24:54','unknown'),(15,3,'USD',1,1,'2023-03-30 15:25:03','unknown'),(16,3,'USD',2,1,'2023-03-30 15:25:03','unknown'),(17,3,'TZS',1,1,'2023-03-30 15:25:04','unknown'),(18,3,'TZS',2,1,'2023-03-30 15:25:04','unknown'),(19,3,'INR',1,1,'2023-03-30 15:25:05','unknown'),(20,3,'INR',2,1,'2023-03-30 15:25:05','unknown'),(21,3,'INR',5,1,'2023-03-30 15:25:05','unknown'),(22,3,'INR',6,1,'2023-03-30 15:25:05','unknown'),(23,4,'USD',1,1,'2023-03-30 15:25:14','unknown'),(24,4,'USD',2,1,'2023-03-30 15:25:14','unknown'),(25,4,'INR',1,1,'2023-03-30 15:25:15','unknown'),(26,4,'INR',2,1,'2023-03-30 15:25:15','unknown'),(27,4,'INR',5,1,'2023-03-30 15:25:15','unknown'),(28,4,'INR',6,1,'2023-03-30 15:25:15','unknown'),(29,4,'TZS',1,1,'2023-03-30 15:25:16','unknown'),(30,4,'TZS',2,1,'2023-03-30 15:25:16','unknown'),(31,5,'USD',1,1,'2023-03-30 15:25:18','unknown'),(32,5,'USD',2,1,'2023-03-30 15:25:18','unknown'),(33,5,'TZS',1,1,'2023-03-30 15:25:20','unknown'),(34,5,'TZS',2,1,'2023-03-30 15:25:20','unknown'),(35,5,'INR',1,1,'2023-03-30 15:25:21','unknown'),(36,5,'INR',2,1,'2023-03-30 15:25:21','unknown'),(37,5,'INR',5,1,'2023-03-30 15:25:21','unknown'),(38,5,'INR',6,1,'2023-03-30 15:25:21','unknown'),(39,6,'USD',1,1,'2023-03-30 15:25:29','unknown'),(40,6,'USD',2,1,'2023-03-30 15:25:29','unknown'),(41,6,'TZS',1,1,'2023-03-30 15:25:31','unknown'),(42,6,'TZS',2,1,'2023-03-30 15:25:31','unknown'),(43,6,'INR',1,1,'2023-03-30 15:25:31','unknown'),(44,6,'INR',2,1,'2023-03-30 15:25:31','unknown'),(45,6,'INR',5,1,'2023-03-30 15:25:31','unknown'),(46,6,'INR',6,1,'2023-03-30 15:25:31','unknown'),(47,7,'USD',1,1,'2023-03-30 15:25:39','unknown'),(48,7,'USD',2,1,'2023-03-30 15:25:39','unknown'),(49,7,'TZS',1,1,'2023-03-30 15:25:46','unknown'),(50,7,'TZS',2,1,'2023-03-30 15:25:46','unknown'),(51,7,'INR',1,1,'2023-03-30 15:25:46','unknown'),(52,7,'INR',2,1,'2023-03-30 15:25:46','unknown'),(53,7,'INR',5,1,'2023-03-30 15:25:46','unknown'),(54,7,'INR',6,1,'2023-03-30 15:25:46','unknown'),(55,8,'USD',1,1,'2023-03-30 15:25:50','unknown'),(56,8,'USD',2,1,'2023-03-30 15:25:50','unknown'),(57,8,'TZS',1,1,'2023-03-30 15:25:57','unknown'),(58,8,'TZS',2,1,'2023-03-30 15:25:57','unknown'),(59,8,'INR',1,1,'2023-03-30 15:25:57','unknown'),(60,8,'INR',2,1,'2023-03-30 15:25:57','unknown'),(61,8,'INR',5,1,'2023-03-30 15:25:57','unknown'),(62,8,'INR',6,1,'2023-03-30 15:25:57','unknown'),(63,9,'INR',1,1,'2023-03-30 15:25:58','unknown'),(64,9,'INR',2,1,'2023-03-30 15:25:58','unknown'),(65,9,'INR',5,1,'2023-03-30 15:25:58','unknown'),(66,9,'INR',6,1,'2023-03-30 15:25:58','unknown'),(67,10,'INR',1,1,'2023-03-30 15:26:02','unknown'),(68,10,'INR',2,1,'2023-03-30 15:26:02','unknown'),(69,10,'INR',5,1,'2023-03-30 15:26:02','unknown'),(70,10,'INR',6,1,'2023-03-30 15:26:02','unknown'),(71,11,'USD',1,1,'2023-03-30 15:42:15','unknown'),(72,11,'USD',2,1,'2023-03-30 15:42:15','unknown'),(73,11,'TZS',1,1,'2023-03-30 15:42:17','unknown'),(74,11,'TZS',2,1,'2023-03-30 15:42:17','unknown'),(75,12,'USD',1,1,'2023-03-30 15:42:27','unknown'),(76,12,'USD',2,1,'2023-03-30 15:42:27','unknown'),(77,12,'TZS',2,1,'2023-03-30 15:42:29','unknown'),(78,12,'TZS',1,1,'2023-03-30 15:42:29','unknown'),(79,13,'USD',1,0,'2023-03-30 15:42:36','unknown'),(80,13,'USD',2,0,'2023-03-30 15:42:36','unknown'),(81,13,'TZS',1,0,'2023-03-30 15:42:36','unknown'),(82,13,'TZS',2,0,'2023-03-30 15:42:36','unknown'),(83,14,'USD',1,0,'2023-03-30 15:42:43','unknown'),(84,14,'USD',2,0,'2023-03-30 15:42:43','unknown'),(85,14,'TZS',1,0,'2023-03-30 15:42:43','unknown'),(86,14,'TZS',2,0,'2023-03-30 15:42:43','unknown'),(87,15,'USD',1,1,'2023-03-30 15:43:15','unknown'),(88,15,'USD',2,1,'2023-03-30 15:43:15','unknown'),(89,15,'TZS',1,1,'2023-03-30 15:43:17','unknown'),(90,15,'TZS',2,1,'2023-03-30 15:43:17','unknown'),(91,15,'INR',1,1,'2023-03-30 15:43:17','unknown'),(92,15,'INR',2,1,'2023-03-30 15:43:17','unknown'),(93,15,'INR',5,1,'2023-03-30 15:43:17','unknown'),(94,15,'INR',6,1,'2023-03-30 15:43:17','unknown'),(95,16,'USD',1,1,'2023-03-30 15:43:26','unknown'),(96,16,'USD',2,1,'2023-03-30 15:43:26','unknown'),(97,16,'TZS',1,1,'2023-03-30 15:43:28','unknown'),(98,16,'TZS',2,1,'2023-03-30 15:43:28','unknown'),(99,16,'INR',1,1,'2023-03-30 15:43:29','unknown'),(100,16,'INR',2,1,'2023-03-30 15:43:29','unknown'),(101,16,'INR',5,1,'2023-03-30 15:43:29','unknown'),(102,16,'INR',6,1,'2023-03-30 15:43:29','unknown'),(103,17,'USD',1,1,'2023-03-30 15:43:39','unknown'),(104,17,'USD',2,1,'2023-03-30 15:43:39','unknown'),(105,17,'TZS',1,1,'2023-03-30 15:43:41','unknown'),(106,17,'TZS',2,1,'2023-03-30 15:43:41','unknown'),(107,17,'INR',1,1,'2023-03-30 15:43:42','unknown'),(108,17,'INR',2,1,'2023-03-30 15:43:42','unknown'),(109,17,'INR',5,1,'2023-03-30 15:43:42','unknown'),(110,17,'INR',6,1,'2023-03-30 15:43:42','unknown');
/*!40000 ALTER TABLE `participantCurrency` ENABLE KEYS */;
UNLOCK TABLES;

--
-- Table structure for table `participantEndpoint`
--

DROP TABLE IF EXISTS `participantEndpoint`;
/*!40101 SET @saved_cs_client     = @@character_set_client */;
/*!50503 SET character_set_client = utf8mb4 */;
CREATE TABLE `participantEndpoint` (
  `participantEndpointId` int unsigned NOT NULL AUTO_INCREMENT,
  `participantId` int unsigned NOT NULL,
  `endpointTypeId` int unsigned NOT NULL,
  `value` varchar(512) NOT NULL,
  `isActive` tinyint(1) NOT NULL DEFAULT '1',
  `createdDate` datetime NOT NULL DEFAULT CURRENT_TIMESTAMP,
  `createdBy` varchar(128) NOT NULL,
  PRIMARY KEY (`participantEndpointId`),
  KEY `participantendpoint_participantid_index` (`participantId`),
  KEY `participantendpoint_endpointtypeid_index` (`endpointTypeId`),
  CONSTRAINT `participantendpoint_endpointtypeid_foreign` FOREIGN KEY (`endpointTypeId`) REFERENCES `endpointType` (`endpointTypeId`),
  CONSTRAINT `participantendpoint_participantid_foreign` FOREIGN KEY (`participantId`) REFERENCES `participant` (`participantId`)
) ENGINE=InnoDB AUTO_INCREMENT=550 DEFAULT CHARSET=utf8mb3;
/*!40101 SET character_set_client = @saved_cs_client */;

--
-- Dumping data for table `participantEndpoint`
--

LOCK TABLES `participantEndpoint` WRITE;
/*!40000 ALTER TABLE `participantEndpoint` DISABLE KEYS */;
INSERT INTO `participantEndpoint` VALUES (1,1,8,'some.email@gmail.com',0,'2023-03-30 15:24:48','unknown'),(2,1,7,'some.email@gmail.com',0,'2023-03-30 15:24:48','unknown'),(3,1,6,'some.email@gmail.com',0,'2023-03-30 15:24:48','unknown'),(4,2,27,'http://moja2-sim-payerfsp-scheme-adapter:4000',0,'2023-03-30 15:24:56','unknown'),(5,2,9,'http://moja2-sim-payerfsp-scheme-adapter:4000/participants/{{partyIdType}}/{{partyIdentifier}}',0,'2023-03-30 15:24:57','unknown'),(6,2,11,'http://moja2-sim-payerfsp-scheme-adapter:4000/participants/{{partyIdType}}/{{partyIdentifier}}/error',0,'2023-03-30 15:24:57','unknown'),(7,2,15,'http://moja2-sim-payerfsp-scheme-adapter:4000/participants/{{requestId}}',0,'2023-03-30 15:24:57','unknown'),(8,2,16,'http://moja2-sim-payerfsp-scheme-adapter:4000/participants/{{requestId}}/error',0,'2023-03-30 15:24:57','unknown'),(9,2,17,'http://moja2-sim-payerfsp-scheme-adapter:4000/parties/{{partyIdType}}/{{partyIdentifier}}',0,'2023-03-30 15:24:57','unknown'),(10,2,19,'http://moja2-sim-payerfsp-scheme-adapter:4000/parties/{{partyIdType}}/{{partyIdentifier}}',0,'2023-03-30 15:24:58','unknown'),(11,2,21,'http://moja2-sim-payerfsp-scheme-adapter:4000/parties/{{partyIdType}}/{{partyIdentifier}}/error',0,'2023-03-30 15:24:58','unknown'),(12,2,23,'http://moja2-sim-payerfsp-scheme-adapter:4000',0,'2023-03-30 15:24:58','unknown'),(13,2,28,'http://moja2-sim-payerfsp-scheme-adapter:4000',0,'2023-03-30 15:24:58','unknown'),(14,2,3,'http://moja2-sim-payerfsp-scheme-adapter:4000/transfers',0,'2023-03-30 15:24:59','unknown'),(15,2,4,'http://moja2-sim-payerfsp-scheme-adapter:4000/transfers/{{transferId}}',0,'2023-03-30 15:24:59','unknown'),(16,2,5,'http://moja2-sim-payerfsp-scheme-adapter:4000/transfers/{{transferId}}/error',0,'2023-03-30 15:24:59','unknown'),(17,2,24,'http://moja2-sim-payerfsp-scheme-adapter:4000/bulkTransfers',0,'2023-03-30 15:24:59','unknown'),(18,2,25,'http://moja2-sim-payerfsp-scheme-adapter:4000/bulkTransfers/{{id}}',0,'2023-03-30 15:25:00','unknown'),(19,2,26,'http://moja2-sim-payerfsp-scheme-adapter:4000/bulkTransfers/{{id}}/error',0,'2023-03-30 15:25:00','unknown'),(20,2,10,'http://moja2-sim-payerfsp-scheme-adapter:4000/participants/{{partyIdType}}/{{partyIdentifier}}/{{partySubIdOrType}}',0,'2023-03-30 15:25:00','unknown'),(21,2,12,'http://moja2-sim-payerfsp-scheme-adapter:4000/participants/{{partyIdType}}/{{partyIdentifier}}/{{partySubIdOrType}}/error',0,'2023-03-30 15:25:00','unknown'),(22,2,14,'http://moja2-sim-payerfsp-scheme-adapter:4000/participants/{{partyIdType}}/{{partyIdentifier}}/{{partySubIdOrType}}',0,'2023-03-30 15:25:01','unknown'),(23,2,18,'http://moja2-sim-payerfsp-scheme-adapter:4000/parties/{{partyIdType}}/{{partyIdentifier}}/{{partySubIdOrType}}',0,'2023-03-30 15:25:01','unknown'),(24,2,20,'http://moja2-sim-payerfsp-scheme-adapter:4000/parties/{{partyIdType}}/{{partyIdentifier}}/{{partySubIdOrType}}',0,'2023-03-30 15:25:01','unknown'),(25,2,22,'http://moja2-sim-payerfsp-scheme-adapter:4000/parties/{{partyIdType}}/{{partyIdentifier}}/{{partySubIdOrType}}/error',0,'2023-03-30 15:25:01','unknown'),(26,2,6,'some.email@gmail.com',0,'2023-03-30 15:25:01','unknown'),(27,2,7,'some.email@gmail.com',0,'2023-03-30 15:25:02','unknown'),(28,2,8,'some.email@gmail.com',0,'2023-03-30 15:25:02','unknown'),(29,3,27,'http://moja2-sim-payeefsp-scheme-adapter:4000',0,'2023-03-30 15:25:07','unknown'),(30,3,9,'http://moja2-sim-payeefsp-scheme-adapter:4000/participants/{{partyIdType}}/{{partyIdentifier}}',0,'2023-03-30 15:25:07','unknown'),(31,3,11,'http://moja2-sim-payeefsp-scheme-adapter:4000/participants/{{partyIdType}}/{{partyIdentifier}}/error',0,'2023-03-30 15:25:07','unknown'),(32,3,15,'http://moja2-sim-payeefsp-scheme-adapter:4000/participants/{{requestId}}',0,'2023-03-30 15:25:08','unknown'),(33,3,16,'http://moja2-sim-payeefsp-scheme-adapter:4000/participants/{{requestId}}/error',0,'2023-03-30 15:25:08','unknown'),(34,3,17,'http://moja2-sim-payeefsp-scheme-adapter:4000/parties/{{partyIdType}}/{{partyIdentifier}}',0,'2023-03-30 15:25:08','unknown'),(35,3,19,'http://moja2-sim-payeefsp-scheme-adapter:4000/parties/{{partyIdType}}/{{partyIdentifier}}',0,'2023-03-30 15:25:09','unknown'),(36,3,21,'http://moja2-sim-payeefsp-scheme-adapter:4000/parties/{{partyIdType}}/{{partyIdentifier}}/error',0,'2023-03-30 15:25:09','unknown'),(37,3,23,'http://moja2-sim-payeefsp-scheme-adapter:4000',0,'2023-03-30 15:25:09','unknown'),(38,3,28,'http://moja2-sim-payeefsp-scheme-adapter:4000',0,'2023-03-30 15:25:09','unknown'),(39,3,3,'http://moja2-sim-payeefsp-scheme-adapter:4000/transfers',0,'2023-03-30 15:25:10','unknown'),(40,3,4,'http://moja2-sim-payeefsp-scheme-adapter:4000/transfers/{{transferId}}',0,'2023-03-30 15:25:10','unknown'),(41,3,5,'http://moja2-sim-payeefsp-scheme-adapter:4000/transfers/{{transferId}}/error',0,'2023-03-30 15:25:10','unknown'),(42,3,24,'http://moja2-sim-payeefsp-scheme-adapter:4000/bulkTransfers',0,'2023-03-30 15:25:10','unknown'),(43,3,25,'http://moja2-sim-payeefsp-scheme-adapter:4000/bulkTransfers/{{id}}',0,'2023-03-30 15:25:11','unknown'),(44,3,26,'http://moja2-sim-payeefsp-scheme-adapter:4000/bulkTransfers/{{id}}/error',0,'2023-03-30 15:25:11','unknown'),(45,3,10,'http://moja2-sim-payeefsp-scheme-adapter:4000/participants/{{partyIdType}}/{{partyIdentifier}}/{{partySubIdOrType}}',0,'2023-03-30 15:25:11','unknown'),(46,3,12,'http://moja2-sim-payeefsp-scheme-adapter:4000/participants/{{partyIdType}}/{{partyIdentifier}}/{{partySubIdOrType}}/error',0,'2023-03-30 15:25:12','unknown'),(47,3,14,'http://moja2-sim-payeefsp-scheme-adapter:4000/participants/{{partyIdType}}/{{partyIdentifier}}/{{partySubIdOrType}}',0,'2023-03-30 15:25:12','unknown'),(48,3,18,'http://moja2-sim-payeefsp-scheme-adapter:4000/parties/{{partyIdType}}/{{partyIdentifier}}/{{partySubIdOrType}}',0,'2023-03-30 15:25:12','unknown'),(49,3,20,'http://moja2-sim-payeefsp-scheme-adapter:4000/parties/{{partyIdType}}/{{partyIdentifier}}/{{partySubIdOrType}}',0,'2023-03-30 15:25:12','unknown'),(50,3,22,'http://moja2-sim-payeefsp-scheme-adapter:4000/parties/{{partyIdType}}/{{partyIdentifier}}/{{partySubIdOrType}}/error',0,'2023-03-30 15:25:12','unknown'),(51,3,6,'some.email@gmail.com',0,'2023-03-30 15:25:13','unknown'),(52,3,7,'some.email@gmail.com',0,'2023-03-30 15:25:13','unknown'),(53,3,8,'some.email@gmail.com',0,'2023-03-30 15:25:13','unknown'),(54,4,4,'http://moja2-sim-payeefsp-scheme-adapter:4000/transfers/{{transferId}}',0,'2023-03-30 15:25:16','unknown'),(55,4,5,'http://moja2-sim-payeefsp-scheme-adapter:4000/transfers/{{transferId}}/error',0,'2023-03-30 15:25:16','unknown'),(56,4,24,'http://moja2-simulator/bulkTransfersNegative',0,'2023-03-30 15:25:17','unknown'),(57,4,25,'http://moja2-simulator/bulkTransfers/{{id}}',0,'2023-03-30 15:25:17','unknown'),(58,4,26,'http://moja2-simulator/bulkTransfers/{{id}}/error',0,'2023-03-30 15:25:17','unknown'),(59,4,23,'http://moja2-simulator/noresponsepayeefsp',0,'2023-03-30 15:25:17','unknown'),(60,4,6,'some.email@gmail.com',0,'2023-03-30 15:25:18','unknown'),(61,4,7,'some.email@gmail.com',0,'2023-03-30 15:25:18','unknown'),(62,4,8,'some.email@gmail.com',0,'2023-03-30 15:25:18','unknown'),(63,5,17,'http://moja2-sim-testfsp1-scheme-adapter:4000/parties/{{partyIdType}}/{{partyIdentifier}}',0,'2023-03-30 15:25:23','unknown'),(64,5,19,'http://moja2-sim-testfsp1-scheme-adapter:4000/parties/{{partyIdType}}/{{partyIdentifier}}',0,'2023-03-30 15:25:23','unknown'),(65,5,21,'http://moja2-sim-testfsp1-scheme-adapter:4000/parties/{{partyIdType}}/{{partyIdentifier}}/error',0,'2023-03-30 15:25:23','unknown'),(66,5,9,'http://moja2-sim-testfsp1-scheme-adapter:4000/participants/{{partyIdType}}/{{partyIdentifier}}',0,'2023-03-30 15:25:24','unknown'),(67,5,11,'http://moja2-sim-testfsp1-scheme-adapter:4000/participants/{{partyIdType}}/{{partyIdentifier}}/error',0,'2023-03-30 15:25:24','unknown'),(68,5,15,'http://moja2-sim-testfsp1-scheme-adapter:4000/participants/{{requestId}}',0,'2023-03-30 15:25:24','unknown'),(69,5,16,'http://moja2-sim-testfsp1-scheme-adapter:4000/participants/{{requestId}}/error',0,'2023-03-30 15:25:24','unknown'),(70,5,23,'http://moja2-sim-testfsp1-scheme-adapter:4000',0,'2023-03-30 15:25:25','unknown'),(71,5,3,'http://moja2-sim-testfsp1-scheme-adapter:4000/transfers',0,'2023-03-30 15:25:25','unknown'),(72,5,4,'http://moja2-sim-testfsp1-scheme-adapter:4000/transfers/{{transferId}}',0,'2023-03-30 15:25:25','unknown'),(73,5,5,'http://moja2-sim-testfsp1-scheme-adapter:4000/transfers/{{transferId}}/error',0,'2023-03-30 15:25:25','unknown'),(74,5,10,'http://moja2-sim-testfsp1-scheme-adapter:4000/participants/{{partyIdType}}/{{partyIdentifier}}/{{partySubIdOrType}}',0,'2023-03-30 15:25:26','unknown'),(75,5,12,'http://moja2-sim-testfsp1-scheme-adapter:4000/participants/{{partyIdType}}/{{partyIdentifier}}/{{partySubIdOrType}}/error',0,'2023-03-30 15:25:26','unknown'),(76,5,14,'http://moja2-sim-testfsp1-scheme-adapter:4000/participants/{{partyIdType}}/{{partyIdentifier}}/{{partySubIdOrType}}',0,'2023-03-30 15:25:26','unknown'),(77,5,18,'http://moja2-sim-testfsp1-scheme-adapter:4000/parties/{{partyIdType}}/{{partyIdentifier}}/{{partySubIdOrType}}',0,'2023-03-30 15:25:26','unknown'),(78,5,20,'http://moja2-sim-testfsp1-scheme-adapter:4000/parties/{{partyIdType}}/{{partyIdentifier}}/{{partySubIdOrType}}',0,'2023-03-30 15:25:27','unknown'),(79,5,22,'http://moja2-sim-testfsp1-scheme-adapter:4000/parties/{{partyIdType}}/{{partyIdentifier}}/{{partySubIdOrType}}/error',0,'2023-03-30 15:25:27','unknown'),(80,5,6,'some.email@gmail.com',0,'2023-03-30 15:25:27','unknown'),(81,5,7,'some.email@gmail.com',0,'2023-03-30 15:25:27','unknown'),(82,5,8,'some.email@gmail.com',0,'2023-03-30 15:25:28','unknown'),(83,6,17,'http://moja2-sim-testfsp2-scheme-adapter:4000/parties/{{partyIdType}}/{{partyIdentifier}}',0,'2023-03-30 15:25:33','unknown'),(84,6,19,'http://moja2-sim-testfsp2-scheme-adapter:4000/parties/{{partyIdType}}/{{partyIdentifier}}',0,'2023-03-30 15:25:33','unknown'),(85,6,21,'http://moja2-sim-testfsp2-scheme-adapter:4000/parties/{{partyIdType}}/{{partyIdentifier}}/error',0,'2023-03-30 15:25:33','unknown'),(86,6,9,'http://moja2-sim-testfsp2-scheme-adapter:4000/participants/{{partyIdType}}/{{partyIdentifier}}',0,'2023-03-30 15:25:34','unknown'),(87,6,11,'http://moja2-sim-testfsp2-scheme-adapter:4000/participants/{{partyIdType}}/{{partyIdentifier}}/error',0,'2023-03-30 15:25:34','unknown'),(88,6,15,'http://moja2-sim-testfsp2-scheme-adapter:4000/participants/{{requestId}}',0,'2023-03-30 15:25:34','unknown'),(89,6,16,'http://moja2-sim-testfsp2-scheme-adapter:4000/participants/{{requestId}}/error',0,'2023-03-30 15:25:34','unknown'),(90,6,23,'http://moja2-sim-testfsp2-scheme-adapter:4000',0,'2023-03-30 15:25:35','unknown'),(91,6,3,'http://moja2-sim-testfsp2-scheme-adapter:4000/transfers',0,'2023-03-30 15:25:35','unknown'),(92,6,4,'http://moja2-sim-testfsp2-scheme-adapter:4000/transfers/{{transferId}}',0,'2023-03-30 15:25:35','unknown'),(93,6,5,'http://moja2-sim-testfsp2-scheme-adapter:4000/transfers/{{transferId}}/error',0,'2023-03-30 15:25:35','unknown'),(94,6,10,'http://moja2-sim-testfsp2-scheme-adapter:4000/participants/{{partyIdType}}/{{partyIdentifier}}/{{partySubIdOrType}}',0,'2023-03-30 15:25:36','unknown'),(95,6,12,'http://moja2-sim-testfsp2-scheme-adapter:4000/participants/{{partyIdType}}/{{partyIdentifier}}/{{partySubIdOrType}}/error',0,'2023-03-30 15:25:36','unknown'),(96,6,14,'http://moja2-sim-testfsp2-scheme-adapter:4000/participants/{{partyIdType}}/{{partyIdentifier}}/{{partySubIdOrType}}',0,'2023-03-30 15:25:36','unknown'),(97,6,18,'http://moja2-sim-testfsp2-scheme-adapter:4000/parties/{{partyIdType}}/{{partyIdentifier}}/{{partySubIdOrType}}',0,'2023-03-30 15:25:36','unknown'),(98,6,20,'http://moja2-sim-testfsp2-scheme-adapter:4000/parties/{{partyIdType}}/{{partyIdentifier}}/{{partySubIdOrType}}',0,'2023-03-30 15:25:36','unknown'),(99,6,22,'http://moja2-sim-testfsp2-scheme-adapter:4000/parties/{{partyIdType}}/{{partyIdentifier}}/{{partySubIdOrType}}/error',0,'2023-03-30 15:25:37','unknown'),(100,6,6,'some.email@gmail.com',0,'2023-03-30 15:25:37','unknown'),(101,6,7,'some.email@gmail.com',0,'2023-03-30 15:25:37','unknown'),(102,6,8,'some.email@gmail.com',0,'2023-03-30 15:25:38','unknown'),(103,7,9,'http://moja2-ml-testing-toolkit-backend:4040/participants/{{partyIdType}}/{{partyIdentifier}}',0,'2023-03-30 15:25:39','unknown'),(104,7,11,'http://moja2-ml-testing-toolkit-backend:4040/participants/{{partyIdType}}/{{partyIdentifier}}/error',0,'2023-03-30 15:25:39','unknown'),(105,7,17,'http://moja2-ml-testing-toolkit-backend:4040/parties/{{partyIdType}}/{{partyIdentifier}}',0,'2023-03-30 15:25:40','unknown'),(106,7,19,'http://moja2-ml-testing-toolkit-backend:4040/parties/{{partyIdType}}/{{partyIdentifier}}',0,'2023-03-30 15:25:40','unknown'),(107,7,23,'http://moja2-ml-testing-toolkit-backend:4040',0,'2023-03-30 15:25:40','unknown'),(108,7,3,'http://moja2-ml-testing-toolkit-backend:4040/transfers',0,'2023-03-30 15:25:40','unknown'),(109,7,4,'http://moja2-ml-testing-toolkit-backend:4040/transfers/{{transferId}}',0,'2023-03-30 15:25:41','unknown'),(110,7,5,'http://moja2-ml-testing-toolkit-backend:4040/transfers/{{transferId}}/error',0,'2023-03-30 15:25:41','unknown'),(111,7,10,'http://moja2-ml-testing-toolkit-backend:4040/participants/{{partyIdType}}/{{partyIdentifier}}/{{partySubIdOrType}}',0,'2023-03-30 15:25:41','unknown'),(112,7,12,'http://moja2-ml-testing-toolkit-backend:4040/participants/{{partyIdType}}/{{partyIdentifier}}/{{partySubIdOrType}}/error',0,'2023-03-30 15:25:41','unknown'),(113,7,14,'http://moja2-ml-testing-toolkit-backend:4040/participants/{{partyIdType}}/{{partyIdentifier}}/{{partySubIdOrType}}',0,'2023-03-30 15:25:41','unknown'),(114,7,18,'http://moja2-ml-testing-toolkit-backend:4040/parties/{{partyIdType}}/{{partyIdentifier}}/{{partySubIdOrType}}',0,'2023-03-30 15:25:42','unknown'),(115,7,20,'http://moja2-ml-testing-toolkit-backend:4040/parties/{{partyIdType}}/{{partyIdentifier}}/{{partySubIdOrType}}',0,'2023-03-30 15:25:43','unknown'),(116,7,22,'http://moja2-ml-testing-toolkit-backend:4040/parties/{{partyIdType}}/{{partyIdentifier}}/{{partySubIdOrType}}/error',0,'2023-03-30 15:25:43','unknown'),(117,7,28,'http://moja2-ml-testing-toolkit-backend:4040',0,'2023-03-30 15:25:43','unknown'),(118,7,7,'{$inputs.email}',0,'2023-03-30 15:25:44','unknown'),(119,7,8,'{$inputs.email}',0,'2023-03-30 15:25:44','unknown'),(120,7,6,'{$inputs.email}',0,'2023-03-30 15:25:44','unknown'),(121,7,24,'http://moja2-ml-testing-toolkit-backend:4040/bulkTransfers',0,'2023-03-30 15:25:44','unknown'),(122,7,25,'http://moja2-ml-testing-toolkit-backend:4040/bulkTransfers/{{id}}',0,'2023-03-30 15:25:44','unknown'),(123,7,26,'http://moja2-ml-testing-toolkit-backend:4040/bulkTransfers/{{id}}/error',0,'2023-03-30 15:25:45','unknown'),(124,7,15,'http://moja2-ml-testing-toolkit-backend:4040/participants/{{requestId}}',0,'2023-03-30 15:25:45','unknown'),(125,7,16,'http://moja2-ml-testing-toolkit-backend:4040/participants/{{requestId}}/error',0,'2023-03-30 15:25:45','unknown'),(126,7,21,'http://moja2-ml-testing-toolkit-backend:4040/parties/{{partyIdType}}/{{partyIdentifier}}/error',0,'2023-03-30 15:25:45','unknown'),(127,8,9,'http://moja2-ml-testing-toolkit-backend:4040/participants/{{partyIdType}}/{{partyIdentifier}}',0,'2023-03-30 15:25:50','unknown'),(128,8,11,'http://moja2-ml-testing-toolkit-backend:4040/participants/{{partyIdType}}/{{partyIdentifier}}/error',0,'2023-03-30 15:25:50','unknown'),(129,8,17,'http://moja2-ml-testing-toolkit-backend:4040/parties/{{partyIdType}}/{{partyIdentifier}}',0,'2023-03-30 15:25:51','unknown'),(130,8,19,'http://moja2-ml-testing-toolkit-backend:4040/parties/{{partyIdType}}/{{partyIdentifier}}',0,'2023-03-30 15:25:51','unknown'),(131,8,23,'http://moja2-ml-testing-toolkit-backend:4040',0,'2023-03-30 15:25:51','unknown'),(132,8,3,'http://moja2-ml-testing-toolkit-backend:4040/transfers',0,'2023-03-30 15:25:51','unknown'),(133,8,4,'http://moja2-ml-testing-toolkit-backend:4040/transfers/{{transferId}}',0,'2023-03-30 15:25:51','unknown'),(134,8,5,'http://moja2-ml-testing-toolkit-backend:4040/transfers/{{transferId}}/error',0,'2023-03-30 15:25:52','unknown'),(135,8,10,'http://moja2-ml-testing-toolkit-backend:4040/participants/{{partyIdType}}/{{partyIdentifier}}/{{partySubIdOrType}}',0,'2023-03-30 15:25:52','unknown'),(136,8,12,'http://moja2-ml-testing-toolkit-backend:4040/participants/{{partyIdType}}/{{partyIdentifier}}/{{partySubIdOrType}}/error',0,'2023-03-30 15:25:52','unknown'),(137,8,14,'http://moja2-ml-testing-toolkit-backend:4040/participants/{{partyIdType}}/{{partyIdentifier}}/{{partySubIdOrType}}',0,'2023-03-30 15:25:53','unknown'),(138,8,18,'http://moja2-ml-testing-toolkit-backend:4040/parties/{{partyIdType}}/{{partyIdentifier}}/{{partySubIdOrType}}',0,'2023-03-30 15:25:53','unknown'),(139,8,20,'http://moja2-ml-testing-toolkit-backend:4040/parties/{{partyIdType}}/{{partyIdentifier}}/{{partySubIdOrType}}',0,'2023-03-30 15:25:53','unknown'),(140,8,22,'http://moja2-ml-testing-toolkit-backend:4040/parties/{{partyIdType}}/{{partyIdentifier}}/{{partySubIdOrType}}/error',0,'2023-03-30 15:25:54','unknown'),(141,8,28,'http://moja2-ml-testing-toolkit-backend:4040',0,'2023-03-30 15:25:54','unknown'),(142,8,7,'{$inputs.email}',0,'2023-03-30 15:25:54','unknown'),(143,8,8,'{$inputs.email}',0,'2023-03-30 15:25:55','unknown'),(144,8,6,'{$inputs.email}',0,'2023-03-30 15:25:55','unknown'),(145,8,24,'http://moja2-ml-testing-toolkit-backend:4040/bulkTransfers',0,'2023-03-30 15:25:55','unknown'),(146,8,25,'http://moja2-ml-testing-toolkit-backend:4040/bulkTransfers/{{id}}',0,'2023-03-30 15:25:55','unknown'),(147,8,26,'http://moja2-ml-testing-toolkit-backend:4040/bulkTransfers/{{id}}/error',0,'2023-03-30 15:25:56','unknown'),(148,8,15,'http://moja2-ml-testing-toolkit-backend:4040/participants/{{requestId}}',0,'2023-03-30 15:25:56','unknown'),(149,8,16,'http://moja2-ml-testing-toolkit-backend:4040/participants/{{requestId}}/error',0,'2023-03-30 15:25:56','unknown'),(150,8,21,'http://moja2-ml-testing-toolkit-backend:4040/parties/{{partyIdType}}/{{partyIdentifier}}/error',0,'2023-03-30 15:25:56','unknown'),(151,9,27,'http://moja2-sim-testfsp3-scheme-adapter:4000',0,'2023-03-30 15:25:58','unknown'),(152,9,9,'http://moja2-sim-testfsp3-scheme-adapter:4000/participants/{{partyIdType}}/{{partyIdentifier}}',0,'2023-03-30 15:25:58','unknown'),(153,9,11,'http://moja2-sim-testfsp3-scheme-adapter:4000/participants/{{partyIdType}}/{{partyIdentifier}}/error',0,'2023-03-30 15:25:59','unknown'),(154,9,15,'http://moja2-sim-testfsp3-scheme-adapter:4000/participants/{{requestId}}',0,'2023-03-30 15:25:59','unknown'),(155,9,16,'http://moja2-sim-testfsp3-scheme-adapter:4000/participants/{{requestId}}/error',0,'2023-03-30 15:25:59','unknown'),(156,9,17,'http://moja2-sim-testfsp3-scheme-adapter:4000/parties/{{partyIdType}}/{{partyIdentifier}}',0,'2023-03-30 15:25:59','unknown'),(157,9,19,'http://moja2-sim-testfsp3-scheme-adapter:4000/parties/{{partyIdType}}/{{partyIdentifier}}',0,'2023-03-30 15:26:00','unknown'),(158,9,21,'http://moja2-sim-testfsp3-scheme-adapter:4000/parties/{{partyIdType}}/{{partyIdentifier}}/error',0,'2023-03-30 15:26:00','unknown'),(159,9,23,'http://moja2-sim-testfsp3-scheme-adapter:4000',0,'2023-03-30 15:26:00','unknown'),(160,9,28,'http://moja2-sim-testfsp3-scheme-adapter:4000',0,'2023-03-30 15:26:00','unknown'),(161,9,3,'http://moja2-sim-testfsp3-scheme-adapter:4000/transfers',0,'2023-03-30 15:26:01','unknown'),(162,9,4,'http://moja2-sim-testfsp3-scheme-adapter:4000/transfers/{{transferId}}',0,'2023-03-30 15:26:01','unknown'),(163,9,5,'http://moja2-sim-testfsp3-scheme-adapter:4000/transfers/{{transferId}}/error',0,'2023-03-30 15:26:01','unknown'),(164,9,6,'{$environment.MASTER_EMAIL}',0,'2023-03-30 15:26:01','unknown'),(165,9,7,'{$environment.MASTER_EMAIL}',0,'2023-03-30 15:26:02','unknown'),(166,9,8,'{$environment.MASTER_EMAIL}',0,'2023-03-30 15:26:02','unknown'),(167,10,27,'http://moja2-sim-testfsp4-scheme-adapter:4000',0,'2023-03-30 15:26:03','unknown'),(168,10,9,'http://moja2-sim-testfsp4-scheme-adapter:4000/participants/{{partyIdType}}/{{partyIdentifier}}',0,'2023-03-30 15:26:04','unknown'),(169,10,11,'http://moja2-sim-testfsp4-scheme-adapter:4000/participants/{{partyIdType}}/{{partyIdentifier}}/error',0,'2023-03-30 15:26:04','unknown'),(170,10,15,'http://moja2-sim-testfsp4-scheme-adapter:4000/participants/{{requestId}}',0,'2023-03-30 15:26:04','unknown'),(171,10,16,'http://moja2-sim-testfsp4-scheme-adapter:4000/participants/{{requestId}}/error',0,'2023-03-30 15:26:04','unknown'),(172,10,17,'http://moja2-sim-testfsp4-scheme-adapter:4000/parties/{{partyIdType}}/{{partyIdentifier}}',0,'2023-03-30 15:26:05','unknown'),(173,10,19,'http://moja2-sim-testfsp4-scheme-adapter:4000/parties/{{partyIdType}}/{{partyIdentifier}}',0,'2023-03-30 15:26:05','unknown'),(174,10,21,'http://moja2-sim-testfsp4-scheme-adapter:4000/parties/{{partyIdType}}/{{partyIdentifier}}/error',0,'2023-03-30 15:26:05','unknown'),(175,10,23,'http://moja2-sim-testfsp4-scheme-adapter:4000',0,'2023-03-30 15:26:05','unknown'),(176,10,28,'http://moja2-sim-testfsp4-scheme-adapter:4000',0,'2023-03-30 15:26:05','unknown'),(177,10,3,'http://moja2-sim-testfsp4-scheme-adapter:4000/transfers',0,'2023-03-30 15:26:06','unknown'),(178,10,4,'http://moja2-sim-testfsp4-scheme-adapter:4000/transfers/{{transferId}}',0,'2023-03-30 15:26:06','unknown'),(179,10,5,'http://moja2-sim-testfsp4-scheme-adapter:4000/transfers/{{transferId}}/error',0,'2023-03-30 15:26:06','unknown'),(180,10,6,'{$environment.MASTER_EMAIL}',0,'2023-03-30 15:26:07','unknown'),(181,10,7,'{$environment.MASTER_EMAIL}',0,'2023-03-30 15:26:07','unknown'),(182,10,8,'{$environment.MASTER_EMAIL}',0,'2023-03-30 15:26:07','unknown'),(183,3,23,'http://moja2-sim-payeefsp-scheme-adapter:4000/incorrectpayeefsp',0,'2023-03-30 15:28:13','unknown'),(184,3,23,'http://moja2-sim-payeefsp-scheme-adapter:4000',0,'2023-03-30 15:28:13','unknown'),(185,1,8,'some.email@gmail.com',0,'2023-03-30 15:34:23','unknown'),(186,1,7,'some.email@gmail.com',0,'2023-03-30 15:34:24','unknown'),(187,1,6,'some.email@gmail.com',0,'2023-03-30 15:34:24','unknown'),(188,2,27,'http://moja2-sim-payerfsp-scheme-adapter:4000',1,'2023-03-30 15:34:31','unknown'),(189,2,9,'http://moja2-sim-payerfsp-scheme-adapter:4000/participants/{{partyIdType}}/{{partyIdentifier}}',1,'2023-03-30 15:34:32','unknown'),(190,2,11,'http://moja2-sim-payerfsp-scheme-adapter:4000/participants/{{partyIdType}}/{{partyIdentifier}}/error',1,'2023-03-30 15:34:32','unknown'),(191,2,15,'http://moja2-sim-payerfsp-scheme-adapter:4000/participants/{{requestId}}',1,'2023-03-30 15:34:32','unknown'),(192,2,16,'http://moja2-sim-payerfsp-scheme-adapter:4000/participants/{{requestId}}/error',1,'2023-03-30 15:34:32','unknown'),(193,2,17,'http://moja2-sim-payerfsp-scheme-adapter:4000/parties/{{partyIdType}}/{{partyIdentifier}}',1,'2023-03-30 15:34:33','unknown'),(194,2,19,'http://moja2-sim-payerfsp-scheme-adapter:4000/parties/{{partyIdType}}/{{partyIdentifier}}',1,'2023-03-30 15:34:33','unknown'),(195,2,21,'http://moja2-sim-payerfsp-scheme-adapter:4000/parties/{{partyIdType}}/{{partyIdentifier}}/error',1,'2023-03-30 15:34:33','unknown'),(196,2,23,'http://moja2-sim-payerfsp-scheme-adapter:4000',1,'2023-03-30 15:34:33','unknown'),(197,2,28,'http://moja2-sim-payerfsp-scheme-adapter:4000',1,'2023-03-30 15:34:34','unknown'),(198,2,3,'http://moja2-sim-payerfsp-scheme-adapter:4000/transfers',1,'2023-03-30 15:34:34','unknown'),(199,2,4,'http://moja2-sim-payerfsp-scheme-adapter:4000/transfers/{{transferId}}',1,'2023-03-30 15:34:34','unknown'),(200,2,5,'http://moja2-sim-payerfsp-scheme-adapter:4000/transfers/{{transferId}}/error',1,'2023-03-30 15:34:34','unknown'),(201,2,24,'http://moja2-sim-payerfsp-scheme-adapter:4000/bulkTransfers',1,'2023-03-30 15:34:34','unknown'),(202,2,25,'http://moja2-sim-payerfsp-scheme-adapter:4000/bulkTransfers/{{id}}',1,'2023-03-30 15:34:35','unknown'),(203,2,26,'http://moja2-sim-payerfsp-scheme-adapter:4000/bulkTransfers/{{id}}/error',1,'2023-03-30 15:34:35','unknown'),(204,2,10,'http://moja2-sim-payerfsp-scheme-adapter:4000/participants/{{partyIdType}}/{{partyIdentifier}}/{{partySubIdOrType}}',1,'2023-03-30 15:34:35','unknown'),(205,2,12,'http://moja2-sim-payerfsp-scheme-adapter:4000/participants/{{partyIdType}}/{{partyIdentifier}}/{{partySubIdOrType}}/error',1,'2023-03-30 15:34:35','unknown'),(206,2,14,'http://moja2-sim-payerfsp-scheme-adapter:4000/participants/{{partyIdType}}/{{partyIdentifier}}/{{partySubIdOrType}}',1,'2023-03-30 15:34:36','unknown'),(207,2,18,'http://moja2-sim-payerfsp-scheme-adapter:4000/parties/{{partyIdType}}/{{partyIdentifier}}/{{partySubIdOrType}}',1,'2023-03-30 15:34:36','unknown'),(208,2,20,'http://moja2-sim-payerfsp-scheme-adapter:4000/parties/{{partyIdType}}/{{partyIdentifier}}/{{partySubIdOrType}}',1,'2023-03-30 15:34:36','unknown'),(209,2,22,'http://moja2-sim-payerfsp-scheme-adapter:4000/parties/{{partyIdType}}/{{partyIdentifier}}/{{partySubIdOrType}}/error',1,'2023-03-30 15:34:36','unknown'),(210,2,6,'some.email@gmail.com',1,'2023-03-30 15:34:37','unknown'),(211,2,7,'some.email@gmail.com',1,'2023-03-30 15:34:37','unknown'),(212,2,8,'some.email@gmail.com',1,'2023-03-30 15:34:37','unknown'),(213,3,27,'http://moja2-sim-payeefsp-scheme-adapter:4000',1,'2023-03-30 15:34:42','unknown'),(214,3,9,'http://moja2-sim-payeefsp-scheme-adapter:4000/participants/{{partyIdType}}/{{partyIdentifier}}',1,'2023-03-30 15:34:42','unknown'),(215,3,11,'http://moja2-sim-payeefsp-scheme-adapter:4000/participants/{{partyIdType}}/{{partyIdentifier}}/error',1,'2023-03-30 15:34:43','unknown'),(216,3,15,'http://moja2-sim-payeefsp-scheme-adapter:4000/participants/{{requestId}}',1,'2023-03-30 15:34:43','unknown'),(217,3,16,'http://moja2-sim-payeefsp-scheme-adapter:4000/participants/{{requestId}}/error',1,'2023-03-30 15:34:43','unknown'),(218,3,17,'http://moja2-sim-payeefsp-scheme-adapter:4000/parties/{{partyIdType}}/{{partyIdentifier}}',1,'2023-03-30 15:34:43','unknown'),(219,3,19,'http://moja2-sim-payeefsp-scheme-adapter:4000/parties/{{partyIdType}}/{{partyIdentifier}}',1,'2023-03-30 15:34:44','unknown'),(220,3,21,'http://moja2-sim-payeefsp-scheme-adapter:4000/parties/{{partyIdType}}/{{partyIdentifier}}/error',1,'2023-03-30 15:34:44','unknown'),(221,3,23,'http://moja2-sim-payeefsp-scheme-adapter:4000',0,'2023-03-30 15:34:44','unknown'),(222,3,28,'http://moja2-sim-payeefsp-scheme-adapter:4000',1,'2023-03-30 15:34:44','unknown'),(223,3,3,'http://moja2-sim-payeefsp-scheme-adapter:4000/transfers',1,'2023-03-30 15:34:44','unknown'),(224,3,4,'http://moja2-sim-payeefsp-scheme-adapter:4000/transfers/{{transferId}}',1,'2023-03-30 15:34:45','unknown'),(225,3,5,'http://moja2-sim-payeefsp-scheme-adapter:4000/transfers/{{transferId}}/error',1,'2023-03-30 15:34:45','unknown'),(226,3,24,'http://moja2-sim-payeefsp-scheme-adapter:4000/bulkTransfers',1,'2023-03-30 15:34:45','unknown'),(227,3,25,'http://moja2-sim-payeefsp-scheme-adapter:4000/bulkTransfers/{{id}}',1,'2023-03-30 15:34:45','unknown'),(228,3,26,'http://moja2-sim-payeefsp-scheme-adapter:4000/bulkTransfers/{{id}}/error',1,'2023-03-30 15:34:46','unknown'),(229,3,10,'http://moja2-sim-payeefsp-scheme-adapter:4000/participants/{{partyIdType}}/{{partyIdentifier}}/{{partySubIdOrType}}',1,'2023-03-30 15:34:46','unknown'),(230,3,12,'http://moja2-sim-payeefsp-scheme-adapter:4000/participants/{{partyIdType}}/{{partyIdentifier}}/{{partySubIdOrType}}/error',1,'2023-03-30 15:34:46','unknown'),(231,3,14,'http://moja2-sim-payeefsp-scheme-adapter:4000/participants/{{partyIdType}}/{{partyIdentifier}}/{{partySubIdOrType}}',1,'2023-03-30 15:34:46','unknown'),(232,3,18,'http://moja2-sim-payeefsp-scheme-adapter:4000/parties/{{partyIdType}}/{{partyIdentifier}}/{{partySubIdOrType}}',1,'2023-03-30 15:34:47','unknown'),(233,3,20,'http://moja2-sim-payeefsp-scheme-adapter:4000/parties/{{partyIdType}}/{{partyIdentifier}}/{{partySubIdOrType}}',1,'2023-03-30 15:34:47','unknown'),(234,3,22,'http://moja2-sim-payeefsp-scheme-adapter:4000/parties/{{partyIdType}}/{{partyIdentifier}}/{{partySubIdOrType}}/error',1,'2023-03-30 15:34:47','unknown'),(235,3,6,'some.email@gmail.com',1,'2023-03-30 15:34:47','unknown'),(236,3,7,'some.email@gmail.com',1,'2023-03-30 15:34:48','unknown'),(237,3,8,'some.email@gmail.com',1,'2023-03-30 15:34:48','unknown'),(238,4,4,'http://moja2-sim-payeefsp-scheme-adapter:4000/transfers/{{transferId}}',1,'2023-03-30 15:34:51','unknown'),(239,4,5,'http://moja2-sim-payeefsp-scheme-adapter:4000/transfers/{{transferId}}/error',1,'2023-03-30 15:34:51','unknown'),(240,4,24,'http://moja2-simulator/bulkTransfersNegative',1,'2023-03-30 15:34:52','unknown'),(241,4,25,'http://moja2-simulator/bulkTransfers/{{id}}',1,'2023-03-30 15:34:52','unknown'),(242,4,26,'http://moja2-simulator/bulkTransfers/{{id}}/error',1,'2023-03-30 15:34:52','unknown'),(243,4,23,'http://moja2-simulator/noresponsepayeefsp',1,'2023-03-30 15:34:52','unknown'),(244,4,6,'some.email@gmail.com',1,'2023-03-30 15:34:53','unknown'),(245,4,7,'some.email@gmail.com',1,'2023-03-30 15:34:53','unknown'),(246,4,8,'some.email@gmail.com',1,'2023-03-30 15:34:53','unknown'),(247,5,17,'http://moja2-sim-testfsp1-scheme-adapter:4000/parties/{{partyIdType}}/{{partyIdentifier}}',1,'2023-03-30 15:34:58','unknown'),(248,5,19,'http://moja2-sim-testfsp1-scheme-adapter:4000/parties/{{partyIdType}}/{{partyIdentifier}}',1,'2023-03-30 15:34:58','unknown'),(249,5,21,'http://moja2-sim-testfsp1-scheme-adapter:4000/parties/{{partyIdType}}/{{partyIdentifier}}/error',1,'2023-03-30 15:34:59','unknown'),(250,5,9,'http://moja2-sim-testfsp1-scheme-adapter:4000/participants/{{partyIdType}}/{{partyIdentifier}}',1,'2023-03-30 15:34:59','unknown'),(251,5,11,'http://moja2-sim-testfsp1-scheme-adapter:4000/participants/{{partyIdType}}/{{partyIdentifier}}/error',1,'2023-03-30 15:34:59','unknown'),(252,5,15,'http://moja2-sim-testfsp1-scheme-adapter:4000/participants/{{requestId}}',1,'2023-03-30 15:34:59','unknown'),(253,5,16,'http://moja2-sim-testfsp1-scheme-adapter:4000/participants/{{requestId}}/error',1,'2023-03-30 15:35:00','unknown'),(254,5,23,'http://moja2-sim-testfsp1-scheme-adapter:4000',1,'2023-03-30 15:35:00','unknown'),(255,5,3,'http://moja2-sim-testfsp1-scheme-adapter:4000/transfers',1,'2023-03-30 15:35:00','unknown'),(256,5,4,'http://moja2-sim-testfsp1-scheme-adapter:4000/transfers/{{transferId}}',1,'2023-03-30 15:35:00','unknown'),(257,5,5,'http://moja2-sim-testfsp1-scheme-adapter:4000/transfers/{{transferId}}/error',1,'2023-03-30 15:35:00','unknown'),(258,5,10,'http://moja2-sim-testfsp1-scheme-adapter:4000/participants/{{partyIdType}}/{{partyIdentifier}}/{{partySubIdOrType}}',1,'2023-03-30 15:35:01','unknown'),(259,5,12,'http://moja2-sim-testfsp1-scheme-adapter:4000/participants/{{partyIdType}}/{{partyIdentifier}}/{{partySubIdOrType}}/error',1,'2023-03-30 15:35:01','unknown'),(260,5,14,'http://moja2-sim-testfsp1-scheme-adapter:4000/participants/{{partyIdType}}/{{partyIdentifier}}/{{partySubIdOrType}}',1,'2023-03-30 15:35:01','unknown'),(261,5,18,'http://moja2-sim-testfsp1-scheme-adapter:4000/parties/{{partyIdType}}/{{partyIdentifier}}/{{partySubIdOrType}}',1,'2023-03-30 15:35:01','unknown'),(262,5,20,'http://moja2-sim-testfsp1-scheme-adapter:4000/parties/{{partyIdType}}/{{partyIdentifier}}/{{partySubIdOrType}}',1,'2023-03-30 15:35:02','unknown'),(263,5,22,'http://moja2-sim-testfsp1-scheme-adapter:4000/parties/{{partyIdType}}/{{partyIdentifier}}/{{partySubIdOrType}}/error',1,'2023-03-30 15:35:02','unknown'),(264,5,6,'some.email@gmail.com',1,'2023-03-30 15:35:02','unknown'),(265,5,7,'some.email@gmail.com',1,'2023-03-30 15:35:02','unknown'),(266,5,8,'some.email@gmail.com',1,'2023-03-30 15:35:03','unknown'),(267,6,17,'http://moja2-sim-testfsp2-scheme-adapter:4000/parties/{{partyIdType}}/{{partyIdentifier}}',1,'2023-03-30 15:35:08','unknown'),(268,6,19,'http://moja2-sim-testfsp2-scheme-adapter:4000/parties/{{partyIdType}}/{{partyIdentifier}}',1,'2023-03-30 15:35:08','unknown'),(269,6,21,'http://moja2-sim-testfsp2-scheme-adapter:4000/parties/{{partyIdType}}/{{partyIdentifier}}/error',1,'2023-03-30 15:35:09','unknown'),(270,6,9,'http://moja2-sim-testfsp2-scheme-adapter:4000/participants/{{partyIdType}}/{{partyIdentifier}}',1,'2023-03-30 15:35:09','unknown'),(271,6,11,'http://moja2-sim-testfsp2-scheme-adapter:4000/participants/{{partyIdType}}/{{partyIdentifier}}/error',1,'2023-03-30 15:35:09','unknown'),(272,6,15,'http://moja2-sim-testfsp2-scheme-adapter:4000/participants/{{requestId}}',1,'2023-03-30 15:35:10','unknown'),(273,6,16,'http://moja2-sim-testfsp2-scheme-adapter:4000/participants/{{requestId}}/error',1,'2023-03-30 15:35:10','unknown'),(274,6,23,'http://moja2-sim-testfsp2-scheme-adapter:4000',1,'2023-03-30 15:35:10','unknown'),(275,6,3,'http://moja2-sim-testfsp2-scheme-adapter:4000/transfers',1,'2023-03-30 15:35:10','unknown'),(276,6,4,'http://moja2-sim-testfsp2-scheme-adapter:4000/transfers/{{transferId}}',1,'2023-03-30 15:35:11','unknown'),(277,6,5,'http://moja2-sim-testfsp2-scheme-adapter:4000/transfers/{{transferId}}/error',1,'2023-03-30 15:35:11','unknown'),(278,6,10,'http://moja2-sim-testfsp2-scheme-adapter:4000/participants/{{partyIdType}}/{{partyIdentifier}}/{{partySubIdOrType}}',1,'2023-03-30 15:35:11','unknown'),(279,6,12,'http://moja2-sim-testfsp2-scheme-adapter:4000/participants/{{partyIdType}}/{{partyIdentifier}}/{{partySubIdOrType}}/error',1,'2023-03-30 15:35:11','unknown'),(280,6,14,'http://moja2-sim-testfsp2-scheme-adapter:4000/participants/{{partyIdType}}/{{partyIdentifier}}/{{partySubIdOrType}}',1,'2023-03-30 15:35:12','unknown'),(281,6,18,'http://moja2-sim-testfsp2-scheme-adapter:4000/parties/{{partyIdType}}/{{partyIdentifier}}/{{partySubIdOrType}}',1,'2023-03-30 15:35:12','unknown'),(282,6,20,'http://moja2-sim-testfsp2-scheme-adapter:4000/parties/{{partyIdType}}/{{partyIdentifier}}/{{partySubIdOrType}}',1,'2023-03-30 15:35:12','unknown'),(283,6,22,'http://moja2-sim-testfsp2-scheme-adapter:4000/parties/{{partyIdType}}/{{partyIdentifier}}/{{partySubIdOrType}}/error',1,'2023-03-30 15:35:13','unknown'),(284,6,6,'some.email@gmail.com',1,'2023-03-30 15:35:13','unknown'),(285,6,7,'some.email@gmail.com',1,'2023-03-30 15:35:13','unknown'),(286,6,8,'some.email@gmail.com',1,'2023-03-30 15:35:13','unknown'),(287,7,9,'http://moja2-ml-testing-toolkit-backend:4040/participants/{{partyIdType}}/{{partyIdentifier}}',1,'2023-03-30 15:35:15','unknown'),(288,7,11,'http://moja2-ml-testing-toolkit-backend:4040/participants/{{partyIdType}}/{{partyIdentifier}}/error',1,'2023-03-30 15:35:15','unknown'),(289,7,17,'http://moja2-ml-testing-toolkit-backend:4040/parties/{{partyIdType}}/{{partyIdentifier}}',1,'2023-03-30 15:35:15','unknown'),(290,7,19,'http://moja2-ml-testing-toolkit-backend:4040/parties/{{partyIdType}}/{{partyIdentifier}}',1,'2023-03-30 15:35:16','unknown'),(291,7,23,'http://moja2-ml-testing-toolkit-backend:4040',1,'2023-03-30 15:35:16','unknown'),(292,7,3,'http://moja2-ml-testing-toolkit-backend:4040/transfers',1,'2023-03-30 15:35:16','unknown'),(293,7,4,'http://moja2-ml-testing-toolkit-backend:4040/transfers/{{transferId}}',1,'2023-03-30 15:35:16','unknown'),(294,7,5,'http://moja2-ml-testing-toolkit-backend:4040/transfers/{{transferId}}/error',1,'2023-03-30 15:35:17','unknown'),(295,7,10,'http://moja2-ml-testing-toolkit-backend:4040/participants/{{partyIdType}}/{{partyIdentifier}}/{{partySubIdOrType}}',1,'2023-03-30 15:35:17','unknown'),(296,7,12,'http://moja2-ml-testing-toolkit-backend:4040/participants/{{partyIdType}}/{{partyIdentifier}}/{{partySubIdOrType}}/error',1,'2023-03-30 15:35:17','unknown'),(297,7,14,'http://moja2-ml-testing-toolkit-backend:4040/participants/{{partyIdType}}/{{partyIdentifier}}/{{partySubIdOrType}}',1,'2023-03-30 15:35:17','unknown'),(298,7,18,'http://moja2-ml-testing-toolkit-backend:4040/parties/{{partyIdType}}/{{partyIdentifier}}/{{partySubIdOrType}}',1,'2023-03-30 15:35:17','unknown'),(299,7,20,'http://moja2-ml-testing-toolkit-backend:4040/parties/{{partyIdType}}/{{partyIdentifier}}/{{partySubIdOrType}}',1,'2023-03-30 15:35:18','unknown'),(300,7,22,'http://moja2-ml-testing-toolkit-backend:4040/parties/{{partyIdType}}/{{partyIdentifier}}/{{partySubIdOrType}}/error',1,'2023-03-30 15:35:18','unknown'),(301,7,28,'http://moja2-ml-testing-toolkit-backend:4040',1,'2023-03-30 15:35:18','unknown'),(302,7,7,'{$inputs.email}',1,'2023-03-30 15:35:19','unknown'),(303,7,8,'{$inputs.email}',1,'2023-03-30 15:35:19','unknown'),(304,7,6,'{$inputs.email}',1,'2023-03-30 15:35:19','unknown'),(305,7,24,'http://moja2-ml-testing-toolkit-backend:4040/bulkTransfers',1,'2023-03-30 15:35:19','unknown'),(306,7,25,'http://moja2-ml-testing-toolkit-backend:4040/bulkTransfers/{{id}}',1,'2023-03-30 15:35:20','unknown'),(307,7,26,'http://moja2-ml-testing-toolkit-backend:4040/bulkTransfers/{{id}}/error',1,'2023-03-30 15:35:20','unknown'),(308,7,15,'http://moja2-ml-testing-toolkit-backend:4040/participants/{{requestId}}',1,'2023-03-30 15:35:20','unknown'),(309,7,16,'http://moja2-ml-testing-toolkit-backend:4040/participants/{{requestId}}/error',1,'2023-03-30 15:35:20','unknown'),(310,7,21,'http://moja2-ml-testing-toolkit-backend:4040/parties/{{partyIdType}}/{{partyIdentifier}}/error',1,'2023-03-30 15:35:21','unknown'),(311,8,9,'http://moja2-ml-testing-toolkit-backend:4040/participants/{{partyIdType}}/{{partyIdentifier}}',1,'2023-03-30 15:35:26','unknown'),(312,8,11,'http://moja2-ml-testing-toolkit-backend:4040/participants/{{partyIdType}}/{{partyIdentifier}}/error',1,'2023-03-30 15:35:26','unknown'),(313,8,17,'http://moja2-ml-testing-toolkit-backend:4040/parties/{{partyIdType}}/{{partyIdentifier}}',1,'2023-03-30 15:35:26','unknown'),(314,8,19,'http://moja2-ml-testing-toolkit-backend:4040/parties/{{partyIdType}}/{{partyIdentifier}}',1,'2023-03-30 15:35:26','unknown'),(315,8,23,'http://moja2-ml-testing-toolkit-backend:4040',1,'2023-03-30 15:35:27','unknown'),(316,8,3,'http://moja2-ml-testing-toolkit-backend:4040/transfers',1,'2023-03-30 15:35:27','unknown'),(317,8,4,'http://moja2-ml-testing-toolkit-backend:4040/transfers/{{transferId}}',1,'2023-03-30 15:35:27','unknown'),(318,8,5,'http://moja2-ml-testing-toolkit-backend:4040/transfers/{{transferId}}/error',1,'2023-03-30 15:35:27','unknown'),(319,8,10,'http://moja2-ml-testing-toolkit-backend:4040/participants/{{partyIdType}}/{{partyIdentifier}}/{{partySubIdOrType}}',1,'2023-03-30 15:35:28','unknown'),(320,8,12,'http://moja2-ml-testing-toolkit-backend:4040/participants/{{partyIdType}}/{{partyIdentifier}}/{{partySubIdOrType}}/error',1,'2023-03-30 15:35:28','unknown'),(321,8,14,'http://moja2-ml-testing-toolkit-backend:4040/participants/{{partyIdType}}/{{partyIdentifier}}/{{partySubIdOrType}}',1,'2023-03-30 15:35:28','unknown'),(322,8,18,'http://moja2-ml-testing-toolkit-backend:4040/parties/{{partyIdType}}/{{partyIdentifier}}/{{partySubIdOrType}}',1,'2023-03-30 15:35:28','unknown'),(323,8,20,'http://moja2-ml-testing-toolkit-backend:4040/parties/{{partyIdType}}/{{partyIdentifier}}/{{partySubIdOrType}}',1,'2023-03-30 15:35:29','unknown'),(324,8,22,'http://moja2-ml-testing-toolkit-backend:4040/parties/{{partyIdType}}/{{partyIdentifier}}/{{partySubIdOrType}}/error',1,'2023-03-30 15:35:29','unknown'),(325,8,28,'http://moja2-ml-testing-toolkit-backend:4040',1,'2023-03-30 15:35:29','unknown'),(326,8,7,'{$inputs.email}',1,'2023-03-30 15:35:30','unknown'),(327,8,8,'{$inputs.email}',1,'2023-03-30 15:35:30','unknown'),(328,8,6,'{$inputs.email}',1,'2023-03-30 15:35:30','unknown'),(329,8,24,'http://moja2-ml-testing-toolkit-backend:4040/bulkTransfers',1,'2023-03-30 15:35:30','unknown'),(330,8,25,'http://moja2-ml-testing-toolkit-backend:4040/bulkTransfers/{{id}}',1,'2023-03-30 15:35:31','unknown'),(331,8,26,'http://moja2-ml-testing-toolkit-backend:4040/bulkTransfers/{{id}}/error',1,'2023-03-30 15:35:31','unknown'),(332,8,15,'http://moja2-ml-testing-toolkit-backend:4040/participants/{{requestId}}',1,'2023-03-30 15:35:31','unknown'),(333,8,16,'http://moja2-ml-testing-toolkit-backend:4040/participants/{{requestId}}/error',1,'2023-03-30 15:35:31','unknown'),(334,8,21,'http://moja2-ml-testing-toolkit-backend:4040/parties/{{partyIdType}}/{{partyIdentifier}}/error',1,'2023-03-30 15:35:32','unknown'),(335,9,27,'http://moja2-sim-testfsp3-scheme-adapter:4000',1,'2023-03-30 15:35:34','unknown'),(336,9,9,'http://moja2-sim-testfsp3-scheme-adapter:4000/participants/{{partyIdType}}/{{partyIdentifier}}',1,'2023-03-30 15:35:34','unknown'),(337,9,11,'http://moja2-sim-testfsp3-scheme-adapter:4000/participants/{{partyIdType}}/{{partyIdentifier}}/error',1,'2023-03-30 15:35:34','unknown'),(338,9,15,'http://moja2-sim-testfsp3-scheme-adapter:4000/participants/{{requestId}}',1,'2023-03-30 15:35:34','unknown'),(339,9,16,'http://moja2-sim-testfsp3-scheme-adapter:4000/participants/{{requestId}}/error',1,'2023-03-30 15:35:35','unknown'),(340,9,17,'http://moja2-sim-testfsp3-scheme-adapter:4000/parties/{{partyIdType}}/{{partyIdentifier}}',1,'2023-03-30 15:35:36','unknown'),(341,9,19,'http://moja2-sim-testfsp3-scheme-adapter:4000/parties/{{partyIdType}}/{{partyIdentifier}}',1,'2023-03-30 15:35:36','unknown'),(342,9,21,'http://moja2-sim-testfsp3-scheme-adapter:4000/parties/{{partyIdType}}/{{partyIdentifier}}/error',1,'2023-03-30 15:35:36','unknown'),(343,9,23,'http://moja2-sim-testfsp3-scheme-adapter:4000',1,'2023-03-30 15:35:36','unknown'),(344,9,28,'http://moja2-sim-testfsp3-scheme-adapter:4000',1,'2023-03-30 15:35:37','unknown'),(345,9,3,'http://moja2-sim-testfsp3-scheme-adapter:4000/transfers',1,'2023-03-30 15:35:37','unknown'),(346,9,4,'http://moja2-sim-testfsp3-scheme-adapter:4000/transfers/{{transferId}}',1,'2023-03-30 15:35:37','unknown'),(347,9,5,'http://moja2-sim-testfsp3-scheme-adapter:4000/transfers/{{transferId}}/error',1,'2023-03-30 15:35:38','unknown'),(348,9,6,'{$environment.MASTER_EMAIL}',1,'2023-03-30 15:35:38','unknown'),(349,9,7,'{$environment.MASTER_EMAIL}',1,'2023-03-30 15:35:38','unknown'),(350,9,8,'{$environment.MASTER_EMAIL}',1,'2023-03-30 15:35:38','unknown'),(351,10,27,'http://moja2-sim-testfsp4-scheme-adapter:4000',1,'2023-03-30 15:35:39','unknown'),(352,10,9,'http://moja2-sim-testfsp4-scheme-adapter:4000/participants/{{partyIdType}}/{{partyIdentifier}}',1,'2023-03-30 15:35:39','unknown'),(353,10,11,'http://moja2-sim-testfsp4-scheme-adapter:4000/participants/{{partyIdType}}/{{partyIdentifier}}/error',1,'2023-03-30 15:35:40','unknown'),(354,10,15,'http://moja2-sim-testfsp4-scheme-adapter:4000/participants/{{requestId}}',1,'2023-03-30 15:35:40','unknown'),(355,10,16,'http://moja2-sim-testfsp4-scheme-adapter:4000/participants/{{requestId}}/error',1,'2023-03-30 15:35:40','unknown'),(356,10,17,'http://moja2-sim-testfsp4-scheme-adapter:4000/parties/{{partyIdType}}/{{partyIdentifier}}',1,'2023-03-30 15:35:40','unknown'),(357,10,19,'http://moja2-sim-testfsp4-scheme-adapter:4000/parties/{{partyIdType}}/{{partyIdentifier}}',1,'2023-03-30 15:35:41','unknown'),(358,10,21,'http://moja2-sim-testfsp4-scheme-adapter:4000/parties/{{partyIdType}}/{{partyIdentifier}}/error',1,'2023-03-30 15:35:41','unknown'),(359,10,23,'http://moja2-sim-testfsp4-scheme-adapter:4000',1,'2023-03-30 15:35:41','unknown'),(360,10,28,'http://moja2-sim-testfsp4-scheme-adapter:4000',1,'2023-03-30 15:35:41','unknown'),(361,10,3,'http://moja2-sim-testfsp4-scheme-adapter:4000/transfers',1,'2023-03-30 15:35:42','unknown'),(362,10,4,'http://moja2-sim-testfsp4-scheme-adapter:4000/transfers/{{transferId}}',1,'2023-03-30 15:35:42','unknown'),(363,10,5,'http://moja2-sim-testfsp4-scheme-adapter:4000/transfers/{{transferId}}/error',1,'2023-03-30 15:35:42','unknown'),(364,10,6,'{$environment.MASTER_EMAIL}',1,'2023-03-30 15:35:42','unknown'),(365,10,7,'{$environment.MASTER_EMAIL}',1,'2023-03-30 15:35:43','unknown'),(366,10,8,'{$environment.MASTER_EMAIL}',1,'2023-03-30 15:35:43','unknown'),(367,3,23,'http://moja2-sim-payeefsp-scheme-adapter:4000/incorrectpayeefsp',0,'2023-03-30 15:37:44','unknown'),(368,3,23,'http://moja2-sim-payeefsp-scheme-adapter:4000',1,'2023-03-30 15:37:45','unknown'),(369,1,8,'some.email@gmail.com',1,'2023-03-30 15:42:12','unknown'),(370,1,7,'some.email@gmail.com',1,'2023-03-30 15:42:12','unknown'),(371,1,6,'some.email@gmail.com',1,'2023-03-30 15:42:13','unknown'),(372,11,27,'http://moja2-sim-tp-dfspa-scheme-adapter:4000',1,'2023-03-30 15:42:17','unknown'),(373,11,9,'http://moja2-sim-tp-dfspa-scheme-adapter:4000/participants/{{partyIdType}}/{{partyIdentifier}}',1,'2023-03-30 15:42:17','unknown'),(374,11,11,'http://moja2-sim-tp-dfspa-scheme-adapter:4000/participants/{{partyIdType}}/{{partyIdentifier}}/error',1,'2023-03-30 15:42:18','unknown'),(375,11,15,'http://moja2-sim-tp-dfspa-scheme-adapter:4000/participants/{{requestId}}',1,'2023-03-30 15:42:18','unknown'),(376,11,16,'http://moja2-sim-tp-dfspa-scheme-adapter:4000/participants/{{requestId}}/error',1,'2023-03-30 15:42:18','unknown'),(377,11,17,'http://moja2-sim-tp-dfspa-scheme-adapter:4000/parties/{{partyIdType}}/{{partyIdentifier}}',1,'2023-03-30 15:42:18','unknown'),(378,11,19,'http://moja2-sim-tp-dfspa-scheme-adapter:4000/parties/{{partyIdType}}/{{partyIdentifier}}',1,'2023-03-30 15:42:19','unknown'),(379,11,21,'http://moja2-sim-tp-dfspa-scheme-adapter:4000/parties/{{partyIdType}}/{{partyIdentifier}}/error',1,'2023-03-30 15:42:19','unknown'),(380,11,23,'http://moja2-sim-tp-dfspa-scheme-adapter:4000',1,'2023-03-30 15:42:19','unknown'),(381,11,28,'http://moja2-sim-tp-dfspa-scheme-adapter:4000',1,'2023-03-30 15:42:20','unknown'),(382,11,3,'http://moja2-sim-tp-dfspa-scheme-adapter:4000/transfers',1,'2023-03-30 15:42:20','unknown'),(383,11,4,'http://moja2-sim-tp-dfspa-scheme-adapter:4000/transfers/{{transferId}}',1,'2023-03-30 15:42:20','unknown'),(384,11,5,'http://moja2-sim-tp-dfspa-scheme-adapter:4000/transfers/{{transferId}}/error',1,'2023-03-30 15:42:20','unknown'),(385,11,24,'http://moja2-sim-tp-dfspa-scheme-adapter:4000/bulkTransfers',1,'2023-03-30 15:42:21','unknown'),(386,11,25,'http://moja2-sim-tp-dfspa-scheme-adapter:4000/bulkTransfers/{{id}}',1,'2023-03-30 15:42:21','unknown'),(387,11,26,'http://moja2-sim-tp-dfspa-scheme-adapter:4000/bulkTransfers/{{id}}/error',1,'2023-03-30 15:42:21','unknown'),(388,11,10,'http://moja2-sim-tp-dfspa-scheme-adapter:4000/participants/{{partyIdType}}/{{partyIdentifier}}/{{partySubIdOrType}}',1,'2023-03-30 15:42:21','unknown'),(389,11,12,'http://moja2-sim-tp-dfspa-scheme-adapter:4000/participants/{{partyIdType}}/{{partyIdentifier}}/{{partySubIdOrType}}/error',1,'2023-03-30 15:42:21','unknown'),(390,11,14,'http://moja2-sim-tp-dfspa-scheme-adapter:4000/participants/{{partyIdType}}/{{partyIdentifier}}/{{partySubIdOrType}}',1,'2023-03-30 15:42:22','unknown'),(391,11,18,'http://moja2-sim-tp-dfspa-scheme-adapter:4000/parties/{{partyIdType}}/{{partyIdentifier}}/{{partySubIdOrType}}',1,'2023-03-30 15:42:22','unknown'),(392,11,20,'http://moja2-sim-tp-dfspa-scheme-adapter:4000/parties/{{partyIdType}}/{{partyIdentifier}}/{{partySubIdOrType}}',1,'2023-03-30 15:42:22','unknown'),(393,11,22,'http://moja2-sim-tp-dfspa-scheme-adapter:4000/parties/{{partyIdType}}/{{partyIdentifier}}/{{partySubIdOrType}}/error',1,'2023-03-30 15:42:23','unknown'),(394,11,53,'http://moja2-sim-tp-dfspa-thirdparty-sdk:4005',1,'2023-03-30 15:42:23','unknown'),(395,11,31,'http://moja2-sim-tp-dfspa-thirdparty-sdk:4005',0,'2023-03-30 15:42:23','unknown'),(396,11,35,'http://moja2-sim-tp-dfspa-thirdparty-sdk:4005',1,'2023-03-30 15:42:24','unknown'),(397,11,41,'http://moja2-sim-tp-dfspa-thirdparty-sdk:4005',1,'2023-03-30 15:42:24','unknown'),(398,11,44,'http://moja2-sim-tp-dfspa-thirdparty-sdk:4005',1,'2023-03-30 15:42:24','unknown'),(399,11,48,'http://moja2-sim-tp-dfspa-thirdparty-sdk:4005',1,'2023-03-30 15:42:24','unknown'),(400,11,46,'http://moja2-sim-tp-dfspa-thirdparty-sdk:4005',1,'2023-03-30 15:42:25','unknown'),(401,11,50,'http://moja2-sim-tp-dfspa-thirdparty-sdk:4005',1,'2023-03-30 15:42:25','unknown'),(402,11,31,'http://moja2-sim-tp-dfspa-thirdparty-sdk:4005',1,'2023-03-30 15:42:25','unknown'),(403,11,33,'http://moja2-sim-tp-dfspa-thirdparty-sdk:4005',1,'2023-03-30 15:42:25','unknown'),(404,11,36,'http://moja2-sim-tp-dfspa-thirdparty-sdk:4005',1,'2023-03-30 15:42:26','unknown'),(405,11,37,'http://moja2-sim-tp-dfspa-thirdparty-sdk:4005',1,'2023-03-30 15:42:26','unknown'),(406,11,38,'http://moja2-sim-tp-dfspa-thirdparty-sdk:4005',1,'2023-03-30 15:42:26','unknown'),(407,11,39,'http://moja2-sim-tp-dfspa-thirdparty-sdk:4005',1,'2023-03-30 15:42:26','unknown'),(408,11,40,'http://moja2-sim-tp-dfspa-thirdparty-sdk:4005',1,'2023-03-30 15:42:27','unknown'),(409,12,27,'http://moja2-sim-tp-dfspb-scheme-adapter:4000',1,'2023-03-30 15:42:30','unknown'),(410,12,9,'http://moja2-sim-tp-dfspb-scheme-adapter:4000/participants/{{partyIdType}}/{{partyIdentifier}}',1,'2023-03-30 15:42:30','unknown'),(411,12,11,'http://moja2-sim-tp-dfspb-scheme-adapter:4000/participants/{{partyIdType}}/{{partyIdentifier}}/error',1,'2023-03-30 15:42:30','unknown'),(412,12,15,'http://moja2-sim-tp-dfspb-scheme-adapter:4000/participants/{{requestId}}',1,'2023-03-30 15:42:30','unknown'),(413,12,16,'http://moja2-sim-tp-dfspb-scheme-adapter:4000/participants/{{requestId}}/error',1,'2023-03-30 15:42:31','unknown'),(414,12,17,'http://moja2-sim-tp-dfspb-scheme-adapter:4000/parties/{{partyIdType}}/{{partyIdentifier}}',1,'2023-03-30 15:42:31','unknown'),(415,12,19,'http://moja2-sim-tp-dfspb-scheme-adapter:4000/parties/{{partyIdType}}/{{partyIdentifier}}',1,'2023-03-30 15:42:31','unknown'),(416,12,21,'http://moja2-sim-tp-dfspb-scheme-adapter:4000/parties/{{partyIdType}}/{{partyIdentifier}}/error',1,'2023-03-30 15:42:31','unknown'),(417,12,23,'http://moja2-sim-tp-dfspb-scheme-adapter:4000',1,'2023-03-30 15:42:32','unknown'),(418,12,28,'http://moja2-sim-tp-dfspb-scheme-adapter:4000',1,'2023-03-30 15:42:32','unknown'),(419,12,3,'http://moja2-sim-tp-dfspb-scheme-adapter:4000/transfers',1,'2023-03-30 15:42:32','unknown'),(420,12,4,'http://moja2-sim-tp-dfspb-scheme-adapter:4000/transfers/{{transferId}}',1,'2023-03-30 15:42:32','unknown'),(421,12,5,'http://moja2-sim-tp-dfspb-scheme-adapter:4000/transfers/{{transferId}}/error',1,'2023-03-30 15:42:33','unknown'),(422,12,24,'http://moja2-sim-tp-dfspb-scheme-adapter:4000/bulkTransfers',1,'2023-03-30 15:42:33','unknown'),(423,12,25,'http://moja2-sim-tp-dfspb-scheme-adapter:4000/bulkTransfers/{{id}}',1,'2023-03-30 15:42:33','unknown'),(424,12,26,'http://moja2-sim-tp-dfspb-scheme-adapter:4000/bulkTransfers/{{id}}/error',1,'2023-03-30 15:42:34','unknown'),(425,12,10,'http://moja2-sim-tp-dfspb-scheme-adapter:4000/participants/{{partyIdType}}/{{partyIdentifier}}/{{partySubIdOrType}}',1,'2023-03-30 15:42:34','unknown'),(426,12,12,'http://moja2-sim-tp-dfspb-scheme-adapter:4000/participants/{{partyIdType}}/{{partyIdentifier}}/{{partySubIdOrType}}/error',1,'2023-03-30 15:42:34','unknown'),(427,12,14,'http://moja2-sim-tp-dfspb-scheme-adapter:4000/participants/{{partyIdType}}/{{partyIdentifier}}/{{partySubIdOrType}}',1,'2023-03-30 15:42:34','unknown'),(428,12,18,'http://moja2-sim-tp-dfspb-scheme-adapter:4000/parties/{{partyIdType}}/{{partyIdentifier}}/{{partySubIdOrType}}',1,'2023-03-30 15:42:35','unknown'),(429,12,20,'http://moja2-sim-tp-dfspb-scheme-adapter:4000/parties/{{partyIdType}}/{{partyIdentifier}}/{{partySubIdOrType}}',1,'2023-03-30 15:42:35','unknown'),(430,12,22,'http://moja2-sim-tp-dfspb-scheme-adapter:4000/parties/{{partyIdType}}/{{partyIdentifier}}/{{partySubIdOrType}}/error',1,'2023-03-30 15:42:35','unknown'),(431,13,34,'http://moja2-sim-tp-pisp-thirdparty-sdk:4005',1,'2023-03-30 15:42:36','unknown'),(432,13,31,'http://moja2-sim-tp-pisp-thirdparty-sdk:4005',0,'2023-03-30 15:42:37','unknown'),(433,13,35,'http://moja2-sim-tp-pisp-thirdparty-sdk:4005',1,'2023-03-30 15:42:37','unknown'),(434,13,27,'http://moja2-sim-tp-pisp-thirdparty-sdk:4005',1,'2023-03-30 15:42:37','unknown'),(435,13,54,'http://moja2-sim-tp-pisp-thirdparty-sdk:4005',1,'2023-03-30 15:42:38','unknown'),(436,13,55,'http://moja2-sim-tp-pisp-thirdparty-sdk:4005',0,'2023-03-30 15:42:38','unknown'),(437,13,42,'http://moja2-sim-tp-pisp-thirdparty-sdk:4005',1,'2023-03-30 15:42:38','unknown'),(438,13,43,'http://moja2-sim-tp-pisp-thirdparty-sdk:4005',1,'2023-03-30 15:42:38','unknown'),(439,13,45,'http://moja2-sim-tp-pisp-thirdparty-sdk:4005',1,'2023-03-30 15:42:39','unknown'),(440,13,46,'http://moja2-sim-tp-pisp-thirdparty-sdk:4005',1,'2023-03-30 15:42:39','unknown'),(441,13,47,'http://moja2-sim-tp-pisp-thirdparty-sdk:4005',1,'2023-03-30 15:42:39','unknown'),(442,13,48,'http://moja2-sim-tp-pisp-thirdparty-sdk:4005',0,'2023-03-30 15:42:39','unknown'),(443,13,50,'http://moja2-sim-tp-pisp-thirdparty-sdk:4005',1,'2023-03-30 15:42:40','unknown'),(444,13,57,'http://moja2-sim-tp-pisp-thirdparty-sdk:4005',1,'2023-03-30 15:42:40','unknown'),(445,13,58,'http://moja2-sim-tp-pisp-thirdparty-sdk:4005',1,'2023-03-30 15:42:40','unknown'),(446,13,48,'http://moja2-sim-tp-pisp-thirdparty-sdk:4005',1,'2023-03-30 15:42:40','unknown'),(447,13,49,'http://moja2-sim-tp-pisp-thirdparty-sdk:4005',1,'2023-03-30 15:42:41','unknown'),(448,13,55,'http://moja2-sim-tp-pisp-thirdparty-sdk:4005',1,'2023-03-30 15:42:41','unknown'),(449,13,31,'http://moja2-sim-tp-pisp-thirdparty-sdk:4005',1,'2023-03-30 15:42:41','unknown'),(450,13,32,'http://moja2-sim-tp-pisp-thirdparty-sdk:4005',1,'2023-03-30 15:42:41','unknown'),(451,13,33,'http://moja2-sim-tp-pisp-thirdparty-sdk:4005',1,'2023-03-30 15:42:42','unknown'),(452,13,36,'http://moja2-sim-tp-pisp-thirdparty-sdk:4005',1,'2023-03-30 15:42:42','unknown'),(453,13,37,'http://moja2-sim-tp-pisp-thirdparty-sdk:4005',1,'2023-03-30 15:42:42','unknown'),(454,13,17,'http://moja2-sim-tp-pisp-scheme-adapter:4000/parties/{{partyIdType}}/{{partyIdentifier}}',1,'2023-03-30 15:42:42','unknown'),(455,13,19,'http://moja2-sim-tp-pisp-scheme-adapter:4000/parties/{{partyIdType}}/{{partyIdentifier}}',1,'2023-03-30 15:42:42','unknown'),(456,13,21,'http://moja2-sim-tp-pisp-scheme-adapter:4000/parties/{{partyIdType}}/{{partyIdentifier}}/error',1,'2023-03-30 15:42:43','unknown'),(457,14,38,'http://moja2-auth-svc',1,'2023-03-30 15:42:44','unknown'),(458,14,39,'http://moja2-auth-svc',1,'2023-03-30 15:42:44','unknown'),(459,14,40,'http://moja2-auth-svc',1,'2023-03-30 15:42:44','unknown'),(460,14,46,'http://moja2-auth-svc',1,'2023-03-30 15:42:44','unknown'),(461,14,47,'http://moja2-auth-svc',1,'2023-03-30 15:42:45','unknown'),(462,14,48,'http://moja2-auth-svc',1,'2023-03-30 15:42:45','unknown'),(463,14,50,'http://moja2-auth-svc',1,'2023-03-30 15:42:45','unknown'),(464,14,49,'http://moja2-auth-svc',1,'2023-03-30 15:42:45','unknown'),(465,14,9,'http://moja2-auth-svc/participants/{{partyIdType}}/{{partyIdentifier}}',1,'2023-03-30 15:42:46','unknown'),(466,14,11,'http://moja2-auth-svc/participants/{{partyIdType}}/{{partyIdentifier}}/error',1,'2023-03-30 15:42:46','unknown'),(467,14,15,'http://moja2-auth-svc/participants/{{requestId}}',1,'2023-03-30 15:42:46','unknown'),(468,14,16,'http://moja2-auth-svc/participants/{{requestId}}/error',1,'2023-03-30 15:42:46','unknown'),(469,14,14,'http://moja2-auth-svc/participants/{{partyIdType}}/{{partyIdentifier}}/{{partySubIdOrType}}',1,'2023-03-30 15:42:47','unknown'),(470,14,10,'http://moja2-auth-svc/participants/{{partyIdType}}/{{partyIdentifier}}/{{partySubIdOrType}}',1,'2023-03-30 15:42:47','unknown'),(471,14,12,'http://moja2-auth-svc/participants/{{partyIdType}}/{{partyIdentifier}}/{{partySubIdOrType}}/error',1,'2023-03-30 15:42:47','unknown'),(472,15,27,'http://moja2-ttksim1-sdk-api-svc:4000',1,'2023-03-30 15:43:19','unknown'),(473,15,9,'http://moja2-ttksim1-sdk-api-svc:4000/participants/{{partyIdType}}/{{partyIdentifier}}',1,'2023-03-30 15:43:20','unknown'),(474,15,11,'http://moja2-ttksim1-sdk-api-svc:4000/participants/{{partyIdType}}/{{partyIdentifier}}/error',1,'2023-03-30 15:43:20','unknown'),(475,15,15,'http://moja2-ttksim1-sdk-api-svc:4000/participants/{{requestId}}',1,'2023-03-30 15:43:20','unknown'),(476,15,16,'http://moja2-ttksim1-sdk-api-svc:4000/participants/{{requestId}}/error',1,'2023-03-30 15:43:20','unknown'),(477,15,17,'http://moja2-ttksim1-sdk-api-svc:4000/parties/{{partyIdType}}/{{partyIdentifier}}',1,'2023-03-30 15:43:21','unknown'),(478,15,19,'http://moja2-ttksim1-sdk-api-svc:4000/parties/{{partyIdType}}/{{partyIdentifier}}',1,'2023-03-30 15:43:21','unknown'),(479,15,21,'http://moja2-ttksim1-sdk-api-svc:4000/parties/{{partyIdType}}/{{partyIdentifier}}/error',1,'2023-03-30 15:43:21','unknown'),(480,15,23,'http://moja2-ttksim1-sdk-api-svc:4000',1,'2023-03-30 15:43:21','unknown'),(481,15,28,'http://moja2-ttksim1-sdk-api-svc:4000',1,'2023-03-30 15:43:21','unknown'),(482,15,3,'http://moja2-ttksim1-sdk-api-svc:4000/transfers',1,'2023-03-30 15:43:22','unknown'),(483,15,4,'http://moja2-ttksim1-sdk-api-svc:4000/transfers/{{transferId}}',1,'2023-03-30 15:43:22','unknown'),(484,15,5,'http://moja2-ttksim1-sdk-api-svc:4000/transfers/{{transferId}}/error',1,'2023-03-30 15:43:22','unknown'),(485,15,24,'http://moja2-ttksim1-sdk-api-svc:4000/bulkTransfers',1,'2023-03-30 15:43:23','unknown'),(486,15,25,'http://moja2-ttksim1-sdk-api-svc:4000/bulkTransfers/{{id}}',1,'2023-03-30 15:43:23','unknown'),(487,15,26,'http://moja2-ttksim1-sdk-api-svc:4000/bulkTransfers/{{id}}/error',1,'2023-03-30 15:43:23','unknown'),(488,15,10,'http://moja2-ttksim1-sdk-api-svc:4000/participants/{{partyIdType}}/{{partyIdentifier}}/{{partySubIdOrType}}',1,'2023-03-30 15:43:24','unknown'),(489,15,12,'http://moja2-ttksim1-sdk-api-svc:4000/participants/{{partyIdType}}/{{partyIdentifier}}/{{partySubIdOrType}}/error',1,'2023-03-30 15:43:24','unknown'),(490,15,14,'http://moja2-ttksim1-sdk-api-svc:4000/participants/{{partyIdType}}/{{partyIdentifier}}/{{partySubIdOrType}}',1,'2023-03-30 15:43:24','unknown'),(491,15,18,'http://moja2-ttksim1-sdk-api-svc:4000/parties/{{partyIdType}}/{{partyIdentifier}}/{{partySubIdOrType}}',1,'2023-03-30 15:43:24','unknown'),(492,15,20,'http://moja2-ttksim1-sdk-api-svc:4000/parties/{{partyIdType}}/{{partyIdentifier}}/{{partySubIdOrType}}',1,'2023-03-30 15:43:25','unknown'),(493,15,22,'http://moja2-ttksim1-sdk-api-svc:4000/parties/{{partyIdType}}/{{partyIdentifier}}/{{partySubIdOrType}}/error',1,'2023-03-30 15:43:25','unknown'),(494,15,29,'http://moja2-ttksim1-sdk-api-svc:4000',1,'2023-03-30 15:43:25','unknown'),(495,15,6,'{$inputs.ttksim1Email}',1,'2023-03-30 15:43:25','unknown'),(496,15,7,'{$inputs.ttksim1Email}',1,'2023-03-30 15:43:26','unknown'),(497,15,8,'{$inputs.ttksim1Email}',1,'2023-03-30 15:43:26','unknown'),(498,16,27,'http://moja2-ttksim2-sdk-api-svc:4000',1,'2023-03-30 15:43:31','unknown'),(499,16,9,'http://moja2-ttksim2-sdk-api-svc:4000/participants/{{partyIdType}}/{{partyIdentifier}}',1,'2023-03-30 15:43:31','unknown'),(500,16,11,'http://moja2-ttksim2-sdk-api-svc:4000/participants/{{partyIdType}}/{{partyIdentifier}}/error',1,'2023-03-30 15:43:31','unknown'),(501,16,15,'http://moja2-ttksim2-sdk-api-svc:4000/participants/{{requestId}}',1,'2023-03-30 15:43:32','unknown'),(502,16,16,'http://moja2-ttksim2-sdk-api-svc:4000/participants/{{requestId}}/error',1,'2023-03-30 15:43:32','unknown'),(503,16,17,'http://moja2-ttksim2-sdk-api-svc:4000/parties/{{partyIdType}}/{{partyIdentifier}}',1,'2023-03-30 15:43:32','unknown'),(504,16,19,'http://moja2-ttksim2-sdk-api-svc:4000/parties/{{partyIdType}}/{{partyIdentifier}}',1,'2023-03-30 15:43:32','unknown'),(505,16,21,'http://moja2-ttksim2-sdk-api-svc:4000/parties/{{partyIdType}}/{{partyIdentifier}}/error',1,'2023-03-30 15:43:33','unknown'),(506,16,23,'http://moja2-ttksim2-sdk-api-svc:4000',1,'2023-03-30 15:43:33','unknown'),(507,16,28,'http://moja2-ttksim2-sdk-api-svc:4000',1,'2023-03-30 15:43:33','unknown'),(508,16,3,'http://moja2-ttksim2-sdk-api-svc:4000/transfers',1,'2023-03-30 15:43:33','unknown'),(509,16,4,'http://moja2-ttksim2-sdk-api-svc:4000/transfers/{{transferId}}',1,'2023-03-30 15:43:34','unknown'),(510,16,5,'http://moja2-ttksim2-sdk-api-svc:4000/transfers/{{transferId}}/error',1,'2023-03-30 15:43:34','unknown'),(511,16,24,'http://moja2-ttksim2-sdk-api-svc:4000/bulkTransfers',1,'2023-03-30 15:43:34','unknown'),(512,16,25,'http://moja2-ttksim2-sdk-api-svc:4000/bulkTransfers/{{id}}',1,'2023-03-30 15:43:34','unknown'),(513,16,26,'http://moja2-ttksim2-sdk-api-svc:4000/bulkTransfers/{{id}}/error',1,'2023-03-30 15:43:34','unknown'),(514,16,10,'http://moja2-ttksim2-sdk-api-svc:4000/participants/{{partyIdType}}/{{partyIdentifier}}/{{partySubIdOrType}}',1,'2023-03-30 15:43:35','unknown'),(515,16,12,'http://moja2-ttksim2-sdk-api-svc:4000/participants/{{partyIdType}}/{{partyIdentifier}}/{{partySubIdOrType}}/error',1,'2023-03-30 15:43:35','unknown'),(516,16,14,'http://moja2-ttksim2-sdk-api-svc:4000/participants/{{partyIdType}}/{{partyIdentifier}}/{{partySubIdOrType}}',1,'2023-03-30 15:43:35','unknown'),(517,16,18,'http://moja2-ttksim2-sdk-api-svc:4000/parties/{{partyIdType}}/{{partyIdentifier}}/{{partySubIdOrType}}',1,'2023-03-30 15:43:35','unknown'),(518,16,20,'http://moja2-ttksim2-sdk-api-svc:4000/parties/{{partyIdType}}/{{partyIdentifier}}/{{partySubIdOrType}}',1,'2023-03-30 15:43:36','unknown'),(519,16,22,'http://moja2-ttksim2-sdk-api-svc:4000/parties/{{partyIdType}}/{{partyIdentifier}}/{{partySubIdOrType}}/error',1,'2023-03-30 15:43:36','unknown'),(520,16,29,'http://moja2-ttksim2-sdk-api-svc:4000',1,'2023-03-30 15:43:36','unknown'),(521,16,6,'{$inputs.ttksim2Email}',1,'2023-03-30 15:43:36','unknown'),(522,16,7,'{$inputs.ttksim2Email}',1,'2023-03-30 15:43:37','unknown'),(523,16,8,'{$inputs.ttksim2Email}',1,'2023-03-30 15:43:37','unknown'),(524,17,27,'http://moja2-ttksim3-sdk-api-svc:4000',1,'2023-03-30 15:43:43','unknown'),(525,17,9,'http://moja2-ttksim3-sdk-api-svc:4000/participants/{{partyIdType}}/{{partyIdentifier}}',1,'2023-03-30 15:43:44','unknown'),(526,17,11,'http://moja2-ttksim3-sdk-api-svc:4000/participants/{{partyIdType}}/{{partyIdentifier}}/error',1,'2023-03-30 15:43:44','unknown'),(527,17,15,'http://moja2-ttksim3-sdk-api-svc:4000/participants/{{requestId}}',1,'2023-03-30 15:43:44','unknown'),(528,17,16,'http://moja2-ttksim3-sdk-api-svc:4000/participants/{{requestId}}/error',1,'2023-03-30 15:43:44','unknown'),(529,17,17,'http://moja2-ttksim3-sdk-api-svc:4000/parties/{{partyIdType}}/{{partyIdentifier}}',1,'2023-03-30 15:43:45','unknown'),(530,17,19,'http://moja2-ttksim3-sdk-api-svc:4000/parties/{{partyIdType}}/{{partyIdentifier}}',1,'2023-03-30 15:43:45','unknown'),(531,17,21,'http://moja2-ttksim3-sdk-api-svc:4000/parties/{{partyIdType}}/{{partyIdentifier}}/error',1,'2023-03-30 15:43:45','unknown'),(532,17,23,'http://moja2-ttksim3-sdk-api-svc:4000',1,'2023-03-30 15:43:45','unknown'),(533,17,28,'http://moja2-ttksim3-sdk-api-svc:4000',1,'2023-03-30 15:43:45','unknown'),(534,17,3,'http://moja2-ttksim3-sdk-api-svc:4000/transfers',1,'2023-03-30 15:43:46','unknown'),(535,17,4,'http://moja2-ttksim3-sdk-api-svc:4000/transfers/{{transferId}}',1,'2023-03-30 15:43:46','unknown'),(536,17,5,'http://moja2-ttksim3-sdk-api-svc:4000/transfers/{{transferId}}/error',1,'2023-03-30 15:43:46','unknown'),(537,17,24,'http://moja2-ttksim3-sdk-api-svc:4000/bulkTransfers',1,'2023-03-30 15:43:46','unknown'),(538,17,25,'http://moja2-ttksim3-sdk-api-svc:4000/bulkTransfers/{{id}}',1,'2023-03-30 15:43:47','unknown'),(539,17,26,'http://moja2-ttksim3-sdk-api-svc:4000/bulkTransfers/{{id}}/error',1,'2023-03-30 15:43:47','unknown'),(540,17,10,'http://moja2-ttksim3-sdk-api-svc:4000/participants/{{partyIdType}}/{{partyIdentifier}}/{{partySubIdOrType}}',1,'2023-03-30 15:43:47','unknown'),(541,17,12,'http://moja2-ttksim3-sdk-api-svc:4000/participants/{{partyIdType}}/{{partyIdentifier}}/{{partySubIdOrType}}/error',1,'2023-03-30 15:43:48','unknown'),(542,17,14,'http://moja2-ttksim3-sdk-api-svc:4000/participants/{{partyIdType}}/{{partyIdentifier}}/{{partySubIdOrType}}',1,'2023-03-30 15:43:48','unknown'),(543,17,18,'http://moja2-ttksim3-sdk-api-svc:4000/parties/{{partyIdType}}/{{partyIdentifier}}/{{partySubIdOrType}}',1,'2023-03-30 15:43:48','unknown'),(544,17,20,'http://moja2-ttksim3-sdk-api-svc:4000/parties/{{partyIdType}}/{{partyIdentifier}}/{{partySubIdOrType}}',1,'2023-03-30 15:43:49','unknown'),(545,17,22,'http://moja2-ttksim3-sdk-api-svc:4000/parties/{{partyIdType}}/{{partyIdentifier}}/{{partySubIdOrType}}/error',1,'2023-03-30 15:43:49','unknown'),(546,17,29,'http://moja2-ttksim3-sdk-api-svc:4000',1,'2023-03-30 15:43:49','unknown'),(547,17,6,'{$inputs.ttksim3Email}',1,'2023-03-30 15:43:49','unknown'),(548,17,7,'{$inputs.ttksim3Email}',1,'2023-03-30 15:43:50','unknown'),(549,17,8,'{$inputs.ttksim3Email}',1,'2023-03-30 15:43:50','unknown');
/*!40000 ALTER TABLE `participantEndpoint` ENABLE KEYS */;
UNLOCK TABLES;

--
-- Table structure for table `participantLimit`
--

DROP TABLE IF EXISTS `participantLimit`;
/*!40101 SET @saved_cs_client     = @@character_set_client */;
/*!50503 SET character_set_client = utf8mb4 */;
CREATE TABLE `participantLimit` (
  `participantLimitId` int unsigned NOT NULL AUTO_INCREMENT,
  `participantCurrencyId` int unsigned NOT NULL,
  `participantLimitTypeId` int unsigned NOT NULL,
  `value` decimal(18,4) NOT NULL DEFAULT '0.0000',
  `thresholdAlarmPercentage` decimal(5,2) NOT NULL DEFAULT '10.00',
  `startAfterParticipantPositionChangeId` bigint unsigned DEFAULT NULL,
  `isActive` tinyint(1) NOT NULL DEFAULT '1',
  `createdDate` datetime NOT NULL DEFAULT CURRENT_TIMESTAMP,
  `createdBy` varchar(128) NOT NULL,
  PRIMARY KEY (`participantLimitId`),
  UNIQUE KEY `participantLimit_unique_idx` (`participantCurrencyId`,`participantLimitTypeId`,`isActive`,`participantLimitId`),
  KEY `participantlimit_participantcurrencyid_index` (`participantCurrencyId`),
  KEY `participantlimit_participantlimittypeid_index` (`participantLimitTypeId`),
  KEY `participantlimit_startafterparticipantpositionchangeid_index` (`startAfterParticipantPositionChangeId`),
  CONSTRAINT `participantlimit_participantcurrencyid_foreign` FOREIGN KEY (`participantCurrencyId`) REFERENCES `participantCurrency` (`participantCurrencyId`),
  CONSTRAINT `participantlimit_participantlimittypeid_foreign` FOREIGN KEY (`participantLimitTypeId`) REFERENCES `participantLimitType` (`participantLimitTypeId`),
  CONSTRAINT `participantlimit_startafterparticipantpositionchangeid_foreign` FOREIGN KEY (`startAfterParticipantPositionChangeId`) REFERENCES `participantPositionChange` (`participantPositionChangeId`)
) ENGINE=InnoDB AUTO_INCREMENT=53 DEFAULT CHARSET=utf8mb3;
/*!40101 SET character_set_client = @saved_cs_client */;

--
-- Dumping data for table `participantLimit`
--

LOCK TABLES `participantLimit` WRITE;
/*!40000 ALTER TABLE `participantLimit` DISABLE KEYS */;
INSERT INTO `participantLimit` VALUES (1,7,1,10000.0000,10.00,NULL,1,'2023-03-30 15:24:52','unknown'),(2,9,1,10000.0000,10.00,NULL,1,'2023-03-30 15:24:54','unknown'),(3,11,1,10000.0000,10.00,NULL,0,'2023-03-30 15:24:55','unknown'),(4,15,1,10000.0000,10.00,NULL,1,'2023-03-30 15:25:03','unknown'),(5,17,1,10000.0000,10.00,NULL,1,'2023-03-30 15:25:05','unknown'),(6,19,1,10000.0000,10.00,NULL,0,'2023-03-30 15:25:05','unknown'),(7,23,1,1000000.0000,10.00,NULL,1,'2023-03-30 15:25:14','unknown'),(8,25,1,1000000.0000,10.00,NULL,1,'2023-03-30 15:25:15','unknown'),(9,29,1,1000000.0000,10.00,NULL,1,'2023-03-30 15:25:16','unknown'),(10,31,1,10000.0000,10.00,NULL,1,'2023-03-30 15:25:19','unknown'),(11,33,1,10000.0000,10.00,NULL,1,'2023-03-30 15:25:20','unknown'),(12,35,1,10000.0000,10.00,NULL,0,'2023-03-30 15:25:21','unknown'),(13,39,1,10000.0000,10.00,NULL,1,'2023-03-30 15:25:29','unknown'),(14,41,1,10000.0000,10.00,NULL,1,'2023-03-30 15:25:31','unknown'),(15,43,1,10000.0000,10.00,NULL,0,'2023-03-30 15:25:31','unknown'),(16,47,1,1000000.0000,10.00,NULL,0,'2023-03-30 15:25:39','unknown'),(17,49,1,1000000.0000,10.00,NULL,1,'2023-03-30 15:25:46','unknown'),(18,51,1,1000000.0000,10.00,NULL,1,'2023-03-30 15:25:47','unknown'),(19,55,1,1000000.0000,10.00,NULL,1,'2023-03-30 15:25:50','unknown'),(20,57,1,1000000.0000,10.00,NULL,1,'2023-03-30 15:25:57','unknown'),(21,59,1,1000000.0000,10.00,NULL,1,'2023-03-30 15:25:57','unknown'),(22,63,1,1000000.0000,10.00,NULL,0,'2023-03-30 15:25:58','unknown'),(23,67,1,1000000.0000,10.00,NULL,0,'2023-03-30 15:26:02','unknown'),(24,11,1,50000.0000,0.00,NULL,0,'2023-03-30 15:26:16','unknown'),(25,19,1,50000.0000,0.00,NULL,0,'2023-03-30 15:26:16','unknown'),(26,35,1,50000.0000,0.00,NULL,0,'2023-03-30 15:26:16','unknown'),(27,43,1,50000.0000,0.00,NULL,0,'2023-03-30 15:26:17','unknown'),(28,63,1,50000.0000,0.00,NULL,0,'2023-03-30 15:26:18','unknown'),(29,67,1,50000.0000,0.00,NULL,0,'2023-03-30 15:26:18','unknown'),(30,47,1,4000.0000,10.00,NULL,0,'2023-03-30 15:27:41','unknown'),(31,47,1,1000000.0000,10.00,NULL,0,'2023-03-30 15:27:41','unknown'),(32,11,1,50000.0000,0.00,NULL,1,'2023-03-30 15:35:53','unknown'),(33,19,1,50000.0000,0.00,NULL,1,'2023-03-30 15:35:53','unknown'),(34,35,1,50000.0000,0.00,NULL,1,'2023-03-30 15:35:54','unknown'),(35,43,1,50000.0000,0.00,NULL,1,'2023-03-30 15:35:54','unknown'),(36,63,1,50000.0000,0.00,NULL,1,'2023-03-30 15:35:54','unknown'),(37,67,1,50000.0000,0.00,NULL,1,'2023-03-30 15:35:55','unknown'),(38,47,1,9000.0000,10.00,NULL,0,'2023-03-30 15:37:12','unknown'),(39,47,1,1000000.0000,10.00,NULL,1,'2023-03-30 15:37:13','unknown'),(40,71,1,10000.0000,10.00,NULL,1,'2023-03-30 15:42:15','unknown'),(41,73,1,10000.0000,10.00,NULL,1,'2023-03-30 15:42:17','unknown'),(42,75,1,10000.0000,10.00,NULL,1,'2023-03-30 15:42:28','unknown'),(43,78,1,10000.0000,10.00,NULL,1,'2023-03-30 15:42:29','unknown'),(44,87,1,500000.0000,10.00,NULL,1,'2023-03-30 15:43:15','unknown'),(45,89,1,500000.0000,10.00,NULL,1,'2023-03-30 15:43:17','unknown'),(46,91,1,500000.0000,10.00,NULL,1,'2023-03-30 15:43:17','unknown'),(47,95,1,500000.0000,10.00,NULL,1,'2023-03-30 15:43:27','unknown'),(48,97,1,500000.0000,10.00,NULL,1,'2023-03-30 15:43:29','unknown'),(49,99,1,500000.0000,10.00,NULL,1,'2023-03-30 15:43:29','unknown'),(50,103,1,500000.0000,10.00,NULL,1,'2023-03-30 15:43:40','unknown'),(51,105,1,500000.0000,10.00,NULL,1,'2023-03-30 15:43:41','unknown'),(52,107,1,500000.0000,10.00,NULL,1,'2023-03-30 15:43:42','unknown');
/*!40000 ALTER TABLE `participantLimit` ENABLE KEYS */;
UNLOCK TABLES;

--
-- Table structure for table `participantLimitType`
--

DROP TABLE IF EXISTS `participantLimitType`;
/*!40101 SET @saved_cs_client     = @@character_set_client */;
/*!50503 SET character_set_client = utf8mb4 */;
CREATE TABLE `participantLimitType` (
  `participantLimitTypeId` int unsigned NOT NULL AUTO_INCREMENT,
  `name` varchar(50) NOT NULL,
  `description` varchar(512) DEFAULT NULL,
  `isActive` tinyint(1) NOT NULL DEFAULT '1',
  `createdDate` datetime NOT NULL DEFAULT CURRENT_TIMESTAMP,
  PRIMARY KEY (`participantLimitTypeId`),
  UNIQUE KEY `participantlimittype_name_unique` (`name`)
) ENGINE=InnoDB AUTO_INCREMENT=2 DEFAULT CHARSET=utf8mb3;
/*!40101 SET character_set_client = @saved_cs_client */;

--
-- Dumping data for table `participantLimitType`
--

LOCK TABLES `participantLimitType` WRITE;
/*!40000 ALTER TABLE `participantLimitType` DISABLE KEYS */;
INSERT INTO `participantLimitType` VALUES (1,'NET_DEBIT_CAP',NULL,1,'2023-03-30 15:16:52');
/*!40000 ALTER TABLE `participantLimitType` ENABLE KEYS */;
UNLOCK TABLES;

--
-- Table structure for table `participantParty`
--

DROP TABLE IF EXISTS `participantParty`;
/*!40101 SET @saved_cs_client     = @@character_set_client */;
/*!50503 SET character_set_client = utf8mb4 */;
CREATE TABLE `participantParty` (
  `participantPartyId` bigint unsigned NOT NULL AUTO_INCREMENT,
  `participantId` int unsigned NOT NULL,
  `partyId` bigint unsigned NOT NULL,
  PRIMARY KEY (`participantPartyId`),
  UNIQUE KEY `participantparty_participantid_partyid_unique` (`participantId`,`partyId`),
  KEY `participantparty_participantid_index` (`participantId`),
  CONSTRAINT `participantparty_participantid_foreign` FOREIGN KEY (`participantId`) REFERENCES `participant` (`participantId`)
) ENGINE=InnoDB DEFAULT CHARSET=utf8mb3;
/*!40101 SET character_set_client = @saved_cs_client */;

--
-- Dumping data for table `participantParty`
--

LOCK TABLES `participantParty` WRITE;
/*!40000 ALTER TABLE `participantParty` DISABLE KEYS */;
/*!40000 ALTER TABLE `participantParty` ENABLE KEYS */;
UNLOCK TABLES;

--
-- Table structure for table `participantPosition`
--

DROP TABLE IF EXISTS `participantPosition`;
/*!40101 SET @saved_cs_client     = @@character_set_client */;
/*!50503 SET character_set_client = utf8mb4 */;
CREATE TABLE `participantPosition` (
  `participantPositionId` bigint unsigned NOT NULL AUTO_INCREMENT,
  `participantCurrencyId` int unsigned NOT NULL,
  `value` decimal(18,4) NOT NULL,
  `reservedValue` decimal(18,4) NOT NULL,
  `changedDate` datetime NOT NULL DEFAULT CURRENT_TIMESTAMP,
  PRIMARY KEY (`participantPositionId`),
  KEY `participantposition_participantcurrencyid_index` (`participantCurrencyId`),
  CONSTRAINT `participantposition_participantcurrencyid_foreign` FOREIGN KEY (`participantCurrencyId`) REFERENCES `participantCurrency` (`participantCurrencyId`)
) ENGINE=InnoDB AUTO_INCREMENT=103 DEFAULT CHARSET=utf8mb3;
/*!40101 SET character_set_client = @saved_cs_client */;

--
-- Dumping data for table `participantPosition`
--

LOCK TABLES `participantPosition` WRITE;
/*!40000 ALTER TABLE `participantPosition` DISABLE KEYS */;
INSERT INTO `participantPosition` VALUES (1,1,0.0000,0.0000,'2023-03-30 15:24:47'),(2,2,1570000.0000,0.0000,'2023-03-30 15:43:41'),(3,3,0.0000,0.0000,'2023-03-30 15:24:49'),(4,4,1550000.0000,0.0000,'2023-03-30 15:43:43'),(5,5,0.0000,0.0000,'2023-03-30 15:24:49'),(6,6,36000.0000,0.0000,'2023-03-30 15:39:12'),(7,7,0.0000,0.0000,'2023-03-30 15:38:35'),(8,8,-10000.0000,0.0000,'2023-03-30 15:34:29'),(9,9,0.0000,0.0000,'2023-03-30 15:38:54'),(10,10,-10000.0000,0.0000,'2023-03-30 15:34:31'),(11,11,0.0000,0.0000,'2023-03-30 15:24:55'),(12,12,0.0000,0.0000,'2023-03-30 15:24:55'),(13,13,0.0000,0.0000,'2023-03-30 15:24:55'),(14,14,0.0000,0.0000,'2023-03-30 15:24:55'),(15,15,0.0000,0.0000,'2023-03-30 15:40:15'),(16,16,-10000.0000,0.0000,'2023-03-30 15:34:39'),(17,17,-7.0000,0.0000,'2023-03-30 15:40:15'),(18,18,-10000.0000,0.0000,'2023-03-30 15:34:42'),(19,19,0.0000,0.0000,'2023-03-30 15:25:05'),(20,20,0.0000,0.0000,'2023-03-30 15:25:05'),(21,21,0.0000,0.0000,'2023-03-30 15:25:05'),(22,22,0.0000,0.0000,'2023-03-30 15:25:05'),(23,23,0.0000,0.0000,'2023-03-30 15:37:03'),(24,24,-10000.0000,0.0000,'2023-03-30 15:34:50'),(25,25,0.0000,0.0000,'2023-03-30 15:25:15'),(26,26,0.0000,0.0000,'2023-03-30 15:25:15'),(27,27,0.0000,0.0000,'2023-03-30 15:25:15'),(28,28,0.0000,0.0000,'2023-03-30 15:25:15'),(29,29,0.0000,0.0000,'2023-03-30 15:25:16'),(30,30,0.0000,0.0000,'2023-03-30 15:25:16'),(31,31,0.0000,0.0000,'2023-03-30 15:38:34'),(32,32,-10000.0000,0.0000,'2023-03-30 15:34:55'),(33,33,0.0000,0.0000,'2023-03-30 15:38:54'),(34,34,-10000.0000,0.0000,'2023-03-30 15:34:58'),(35,35,0.0000,0.0000,'2023-03-30 15:39:29'),(36,36,-5894.2000,0.0000,'2023-03-30 15:39:12'),(37,37,-15.4200,0.0000,'2023-03-30 15:25:21'),(38,38,0.0000,0.0000,'2023-03-30 15:25:21'),(39,39,0.0000,0.0000,'2023-03-30 15:38:35'),(40,40,-10000.0000,0.0000,'2023-03-30 15:35:05'),(41,41,0.0000,0.0000,'2023-03-30 15:38:54'),(42,42,-10000.0000,0.0000,'2023-03-30 15:35:07'),(43,43,0.0000,0.0000,'2023-03-30 15:39:29'),(44,44,-4321.8600,0.0000,'2023-03-30 15:39:12'),(45,45,-2.7200,0.0000,'2023-03-30 15:25:31'),(46,46,0.0000,0.0000,'2023-03-30 15:25:31'),(47,47,0.0000,0.0000,'2023-03-30 15:42:00'),(48,48,-10000.0000,0.0000,'2023-03-30 15:37:20'),(49,49,7.0000,0.0000,'2023-03-30 15:42:00'),(50,50,-10000.0000,0.0000,'2023-03-30 15:35:24'),(51,51,0.0000,0.0000,'2023-03-30 15:25:47'),(52,52,0.0000,0.0000,'2023-03-30 15:25:47'),(53,53,0.0000,0.0000,'2023-03-30 15:25:47'),(54,54,0.0000,0.0000,'2023-03-30 15:25:47'),(55,55,0.0000,0.0000,'2023-03-30 15:37:28'),(56,56,0.0000,0.0000,'2023-03-30 15:25:50'),(57,57,0.0000,0.0000,'2023-03-30 15:25:57'),(58,58,0.0000,0.0000,'2023-03-30 15:25:57'),(59,59,0.0000,0.0000,'2023-03-30 15:25:57'),(60,60,0.0000,0.0000,'2023-03-30 15:25:57'),(61,61,0.0000,0.0000,'2023-03-30 15:25:57'),(62,62,0.0000,0.0000,'2023-03-30 15:25:57'),(63,63,0.0000,0.0000,'2023-03-30 15:39:29'),(64,64,-12033.7400,0.0000,'2023-03-30 15:39:12'),(65,65,14.1100,0.0000,'2023-03-30 15:25:58'),(66,66,0.0000,0.0000,'2023-03-30 15:25:58'),(67,67,0.0000,0.0000,'2023-03-30 15:39:30'),(68,68,-13750.2000,0.0000,'2023-03-30 15:39:12'),(69,69,4.0300,0.0000,'2023-03-30 15:26:02'),(70,70,0.0000,0.0000,'2023-03-30 15:26:02'),(71,71,0.0000,0.0000,'2023-03-30 15:43:05'),(72,72,-5000.0000,0.0000,'2023-03-30 15:42:16'),(73,73,0.0000,0.0000,'2023-03-30 15:42:17'),(74,74,0.0000,0.0000,'2023-03-30 15:42:17'),(75,75,0.0000,0.0000,'2023-03-30 15:43:05'),(76,76,-5000.0000,0.0000,'2023-03-30 15:42:29'),(77,78,0.0000,0.0000,'2023-03-30 15:42:29'),(78,77,0.0000,0.0000,'2023-03-30 15:42:29'),(79,87,0.0000,0.0000,'2023-03-30 15:43:15'),(80,88,-500000.0000,0.0000,'2023-03-30 15:43:16'),(81,89,7072.6300,0.0000,'2023-03-30 15:47:30'),(82,90,-500000.0000,0.0000,'2023-03-30 15:43:19'),(83,91,0.0000,0.0000,'2023-03-30 15:43:17'),(84,92,0.0000,0.0000,'2023-03-30 15:43:17'),(85,93,0.0000,0.0000,'2023-03-30 15:43:17'),(86,94,0.0000,0.0000,'2023-03-30 15:43:17'),(87,95,0.0000,0.0000,'2023-03-30 15:43:27'),(88,96,-500000.0000,0.0000,'2023-03-30 15:43:28'),(89,97,-4214.8100,0.0000,'2023-03-30 15:46:23'),(90,98,-500000.0000,0.0000,'2023-03-30 15:43:30'),(91,99,0.0000,0.0000,'2023-03-30 15:43:29'),(92,100,0.0000,0.0000,'2023-03-30 15:43:29'),(93,101,0.0000,0.0000,'2023-03-30 15:43:29'),(94,102,0.0000,0.0000,'2023-03-30 15:43:29'),(95,103,0.0000,0.0000,'2023-03-30 15:43:40'),(96,104,-500000.0000,0.0000,'2023-03-30 15:43:41'),(97,105,-2857.8200,0.0000,'2023-03-30 15:44:17'),(98,106,-500000.0000,0.0000,'2023-03-30 15:43:43'),(99,107,0.0000,0.0000,'2023-03-30 15:43:42'),(100,108,0.0000,0.0000,'2023-03-30 15:43:42'),(101,109,0.0000,0.0000,'2023-03-30 15:43:42'),(102,110,0.0000,0.0000,'2023-03-30 15:43:42');
/*!40000 ALTER TABLE `participantPosition` ENABLE KEYS */;
UNLOCK TABLES;

--
-- Table structure for table `participantPositionChange`
--

DROP TABLE IF EXISTS `participantPositionChange`;
/*!40101 SET @saved_cs_client     = @@character_set_client */;
/*!50503 SET character_set_client = utf8mb4 */;
CREATE TABLE `participantPositionChange` (
  `participantPositionChangeId` bigint unsigned NOT NULL AUTO_INCREMENT,
  `participantPositionId` bigint unsigned NOT NULL,
  `transferStateChangeId` bigint unsigned NOT NULL,
  `value` decimal(18,4) NOT NULL,
  `reservedValue` decimal(18,4) NOT NULL,
  `createdDate` datetime NOT NULL DEFAULT CURRENT_TIMESTAMP,
  PRIMARY KEY (`participantPositionChangeId`),
  KEY `participantpositionchange_participantpositionid_index` (`participantPositionId`),
  KEY `participantpositionchange_transferstatechangeid_index` (`transferStateChangeId`),
  CONSTRAINT `participantpositionchange_participantpositionid_foreign` FOREIGN KEY (`participantPositionId`) REFERENCES `participantPosition` (`participantPositionId`),
  CONSTRAINT `participantpositionchange_transferstatechangeid_foreign` FOREIGN KEY (`transferStateChangeId`) REFERENCES `transferStateChange` (`transferStateChangeId`)
) ENGINE=InnoDB AUTO_INCREMENT=1219 DEFAULT CHARSET=utf8mb3;
/*!40101 SET character_set_client = @saved_cs_client */;

--
-- Dumping data for table `participantPositionChange`
--

LOCK TABLES `participantPositionChange` WRITE;
/*!40000 ALTER TABLE `participantPositionChange` DISABLE KEYS */;
INSERT INTO `participantPositionChange` VALUES (1,2,2,5000.0000,0.0000,'2023-03-30 15:24:53'),(2,8,4,-5000.0000,0.0000,'2023-03-30 15:24:53'),(3,4,6,5000.0000,0.0000,'2023-03-30 15:24:56'),(4,10,8,-5000.0000,0.0000,'2023-03-30 15:24:56'),(5,2,10,10000.0000,0.0000,'2023-03-30 15:25:04'),(6,16,12,-5000.0000,0.0000,'2023-03-30 15:25:04'),(7,4,14,10000.0000,0.0000,'2023-03-30 15:25:06'),(8,18,16,-5000.0000,0.0000,'2023-03-30 15:25:06'),(9,2,18,15000.0000,0.0000,'2023-03-30 15:25:15'),(10,24,20,-5000.0000,0.0000,'2023-03-30 15:25:15'),(11,2,22,20000.0000,0.0000,'2023-03-30 15:25:20'),(12,32,24,-5000.0000,0.0000,'2023-03-30 15:25:20'),(13,4,26,15000.0000,0.0000,'2023-03-30 15:25:22'),(14,34,28,-5000.0000,0.0000,'2023-03-30 15:25:22'),(15,2,30,25000.0000,0.0000,'2023-03-30 15:25:30'),(16,40,32,-5000.0000,0.0000,'2023-03-30 15:25:30'),(17,4,34,20000.0000,0.0000,'2023-03-30 15:25:33'),(18,42,36,-5000.0000,0.0000,'2023-03-30 15:25:33'),(19,2,38,30000.0000,0.0000,'2023-03-30 15:25:48'),(20,48,40,-5000.0000,0.0000,'2023-03-30 15:25:48'),(21,4,42,25000.0000,0.0000,'2023-03-30 15:25:49'),(22,50,44,-5000.0000,0.0000,'2023-03-30 15:25:49'),(23,6,46,5000.0000,0.0000,'2023-03-30 15:25:58'),(24,64,48,-5000.0000,0.0000,'2023-03-30 15:25:58'),(25,6,50,10000.0000,0.0000,'2023-03-30 15:26:03'),(26,68,52,-5000.0000,0.0000,'2023-03-30 15:26:03'),(27,47,54,100.0000,0.0000,'2023-03-30 15:26:34'),(28,15,56,-100.0000,0.0000,'2023-03-30 15:26:35'),(29,47,58,200.0000,0.0000,'2023-03-30 15:26:35'),(30,15,60,-200.0000,0.0000,'2023-03-30 15:26:36'),(31,47,62,300.0000,0.0000,'2023-03-30 15:26:36'),(32,15,64,-300.0000,0.0000,'2023-03-30 15:26:37'),(33,47,66,400.0000,0.0000,'2023-03-30 15:26:38'),(34,15,68,-400.0000,0.0000,'2023-03-30 15:26:38'),(35,47,70,500.0000,0.0000,'2023-03-30 15:26:40'),(36,15,72,-500.0000,0.0000,'2023-03-30 15:26:40'),(37,47,74,501.0000,0.0000,'2023-03-30 15:26:40'),(38,47,76,500.0000,0.0000,'2023-03-30 15:26:45'),(39,47,78,600.0000,0.0000,'2023-03-30 15:26:58'),(40,47,80,500.0000,0.0000,'2023-03-30 15:27:00'),(41,47,82,600.0000,0.0000,'2023-03-30 15:27:00'),(42,47,84,500.0000,0.0000,'2023-03-30 15:27:15'),(43,47,86,600.0000,0.0000,'2023-03-30 15:27:15'),(44,47,88,500.0000,0.0000,'2023-03-30 15:27:17'),(45,47,90,605.1100,0.0000,'2023-03-30 15:27:17'),(46,47,92,500.0000,0.0000,'2023-03-30 15:27:30'),(47,47,94,600.0000,0.0000,'2023-03-30 15:27:30'),(48,15,96,-600.0000,0.0000,'2023-03-30 15:27:31'),(49,47,98,601.0000,0.0000,'2023-03-30 15:27:31'),(50,23,100,-1.0000,0.0000,'2023-03-30 15:27:32'),(51,47,102,602.0000,0.0000,'2023-03-30 15:27:32'),(52,23,104,-2.0000,0.0000,'2023-03-30 15:27:33'),(53,47,106,603.0000,0.0000,'2023-03-30 15:27:34'),(54,47,108,602.0000,0.0000,'2023-03-30 15:27:35'),(55,47,110,603.0000,0.0000,'2023-03-30 15:27:35'),(56,47,112,602.0000,0.0000,'2023-03-30 15:27:36'),(57,31,115,100.0000,0.0000,'2023-03-30 15:27:38'),(58,39,117,-100.0000,0.0000,'2023-03-30 15:27:39'),(59,31,120,200.0000,0.0000,'2023-03-30 15:27:39'),(60,39,122,-200.0000,0.0000,'2023-03-30 15:27:40'),(61,47,124,602.0000,5398.0000,'2023-03-30 15:27:40'),(62,47,126,602.0000,3399.0000,'2023-03-30 15:27:41'),(63,2,128,30010.0000,0.0000,'2023-03-30 15:27:41'),(64,48,130,-5010.0000,0.0000,'2023-03-30 15:27:41'),(65,48,132,-5000.0000,0.0000,'2023-03-30 15:27:44'),(66,48,134,-5010.0000,0.0000,'2023-03-30 15:27:46'),(67,48,136,-5000.0000,0.0000,'2023-03-30 15:27:48'),(68,2,138,30000.0000,0.0000,'2023-03-30 15:27:50'),(69,47,140,612.0000,0.0000,'2023-03-30 15:27:52'),(70,15,142,-610.0000,0.0000,'2023-03-30 15:27:53'),(71,7,144,10.0000,0.0000,'2023-03-30 15:27:54'),(72,15,146,-620.0000,0.0000,'2023-03-30 15:27:55'),(73,39,148,-190.0000,0.0000,'2023-03-30 15:27:55'),(74,31,150,190.0000,0.0000,'2023-03-30 15:27:55'),(75,47,152,713.0000,0.0000,'2023-03-30 15:27:56'),(76,55,154,-101.0000,0.0000,'2023-03-30 15:27:57'),(77,47,156,816.0000,0.0000,'2023-03-30 15:27:57'),(78,47,158,713.0000,0.0000,'2023-03-30 15:27:58'),(79,47,160,813.0000,0.0000,'2023-03-30 15:28:09'),(80,15,162,-720.0000,0.0000,'2023-03-30 15:28:10'),(81,47,165,873.1234,0.0000,'2023-03-30 15:28:11'),(82,15,167,-780.1234,0.0000,'2023-03-30 15:28:12'),(83,47,169,977.1234,0.0000,'2023-03-30 15:28:15'),(84,47,171,873.1234,0.0000,'2023-03-30 15:28:15'),(85,47,173,975.1234,0.0000,'2023-03-30 15:28:21'),(86,47,175,873.1234,0.0000,'2023-03-30 15:28:22'),(87,31,178,250.0000,0.0000,'2023-03-30 15:28:30'),(88,39,180,-250.0000,0.0000,'2023-03-30 15:28:31'),(89,33,182,55.0000,0.0000,'2023-03-30 15:28:30'),(90,17,184,-55.0000,0.0000,'2023-03-30 15:28:31'),(91,7,186,45.0000,0.0000,'2023-03-30 15:28:31'),(92,31,188,215.0000,0.0000,'2023-03-30 15:28:31'),(93,41,190,20.0000,0.0000,'2023-03-30 15:28:31'),(94,9,192,-20.0000,0.0000,'2023-03-30 15:28:31'),(95,15,194,-745.1234,0.0000,'2023-03-30 15:28:31'),(96,39,196,-285.0000,0.0000,'2023-03-30 15:28:32'),(97,17,198,-30.0000,0.0000,'2023-03-30 15:28:31'),(98,9,200,-45.0000,0.0000,'2023-03-30 15:28:32'),(99,39,212,-190.0000,0.0000,'2023-03-30 15:28:46'),(100,1,212,-95.0000,0.0000,'2023-03-30 15:28:46'),(101,9,213,0.0000,0.0000,'2023-03-30 15:28:49'),(102,3,213,-45.0000,0.0000,'2023-03-30 15:28:49'),(103,17,214,0.0000,0.0000,'2023-03-30 15:28:49'),(104,3,214,-75.0000,0.0000,'2023-03-30 15:28:49'),(105,7,218,10.0000,0.0000,'2023-03-30 15:28:51'),(106,1,218,-60.0000,0.0000,'2023-03-30 15:28:51'),(107,15,220,-780.1234,0.0000,'2023-03-30 15:28:51'),(108,1,220,-25.0000,0.0000,'2023-03-30 15:28:51'),(109,31,222,190.0000,0.0000,'2023-03-30 15:28:51'),(110,1,222,0.0000,0.0000,'2023-03-30 15:28:51'),(111,33,230,0.0000,0.0000,'2023-03-30 15:28:54'),(112,3,230,-20.0000,0.0000,'2023-03-30 15:28:54'),(113,41,232,0.0000,0.0000,'2023-03-30 15:28:54'),(114,3,232,0.0000,0.0000,'2023-03-30 15:28:54'),(115,31,234,250.0000,0.0000,'2023-03-30 15:29:03'),(116,39,236,-250.0000,0.0000,'2023-03-30 15:29:03'),(117,31,238,305.0000,0.0000,'2023-03-30 15:29:03'),(118,15,240,-835.1234,0.0000,'2023-03-30 15:29:04'),(119,7,242,45.0000,0.0000,'2023-03-30 15:29:03'),(120,31,244,270.0000,0.0000,'2023-03-30 15:29:04'),(121,39,246,-230.0000,0.0000,'2023-03-30 15:29:03'),(122,7,248,25.0000,0.0000,'2023-03-30 15:29:04'),(123,15,250,-800.1234,0.0000,'2023-03-30 15:29:04'),(124,39,252,-265.0000,0.0000,'2023-03-30 15:29:04'),(125,15,254,-775.1234,0.0000,'2023-03-30 15:29:04'),(126,7,256,0.0000,0.0000,'2023-03-30 15:29:04'),(127,7,261,10.0000,0.0000,'2023-03-30 15:29:13'),(128,1,261,-10.0000,0.0000,'2023-03-30 15:29:13'),(129,39,264,-190.0000,0.0000,'2023-03-30 15:29:13'),(130,1,264,-85.0000,0.0000,'2023-03-30 15:29:13'),(131,15,268,-780.1234,0.0000,'2023-03-30 15:29:15'),(132,1,268,-80.0000,0.0000,'2023-03-30 15:29:15'),(133,31,270,190.0000,0.0000,'2023-03-30 15:29:15'),(134,1,270,0.0000,0.0000,'2023-03-30 15:29:15'),(135,33,274,60.0000,0.0000,'2023-03-30 15:29:22'),(136,41,276,-60.0000,0.0000,'2023-03-30 15:29:22'),(137,33,278,115.0000,0.0000,'2023-03-30 15:29:22'),(138,17,280,-55.0000,0.0000,'2023-03-30 15:29:23'),(139,9,282,35.0000,0.0000,'2023-03-30 15:29:22'),(140,33,284,80.0000,0.0000,'2023-03-30 15:29:23'),(141,41,286,-40.0000,0.0000,'2023-03-30 15:29:23'),(142,9,288,15.0000,0.0000,'2023-03-30 15:29:23'),(143,17,290,-20.0000,0.0000,'2023-03-30 15:29:23'),(144,41,292,-75.0000,0.0000,'2023-03-30 15:29:24'),(145,17,294,5.0000,0.0000,'2023-03-30 15:29:23'),(146,9,296,-10.0000,0.0000,'2023-03-30 15:29:24'),(147,9,301,0.0000,0.0000,'2023-03-30 15:29:32'),(148,3,301,-10.0000,0.0000,'2023-03-30 15:29:32'),(149,41,304,0.0000,0.0000,'2023-03-30 15:29:32'),(150,3,304,-85.0000,0.0000,'2023-03-30 15:29:32'),(151,17,308,0.0000,0.0000,'2023-03-30 15:29:35'),(152,3,308,-80.0000,0.0000,'2023-03-30 15:29:35'),(153,33,310,0.0000,0.0000,'2023-03-30 15:29:35'),(154,3,310,0.0000,0.0000,'2023-03-30 15:29:35'),(155,6,314,12000.0000,0.0000,'2023-03-30 15:29:41'),(156,36,316,-2000.0000,0.0000,'2023-03-30 15:29:41'),(157,6,318,14000.0000,0.0000,'2023-03-30 15:29:41'),(158,44,320,-2000.0000,0.0000,'2023-03-30 15:29:41'),(159,6,322,16000.0000,0.0000,'2023-03-30 15:29:41'),(160,64,324,-7000.0000,0.0000,'2023-03-30 15:29:41'),(161,6,326,18000.0000,0.0000,'2023-03-30 15:29:41'),(162,68,328,-7000.0000,0.0000,'2023-03-30 15:29:41'),(163,63,330,15.0000,0.0000,'2023-03-30 15:29:41'),(164,35,332,-15.0000,0.0000,'2023-03-30 15:29:42'),(165,35,333,0.0000,0.0000,'2023-03-30 15:29:41'),(166,36,333,-2015.0000,0.0000,'2023-03-30 15:29:41'),(167,63,333,0.0000,0.0000,'2023-03-30 15:29:41'),(168,64,333,-6985.0000,0.0000,'2023-03-30 15:29:41'),(172,37,332,-0.0900,0.0000,'2023-03-30 15:29:41'),(173,65,332,0.0900,0.0000,'2023-03-30 15:29:41'),(174,43,335,87.8800,0.0000,'2023-03-30 15:29:42'),(175,35,337,-87.8800,0.0000,'2023-03-30 15:29:42'),(176,43,338,0.0000,0.0000,'2023-03-30 15:29:42'),(177,35,338,0.0000,0.0000,'2023-03-30 15:29:42'),(178,44,338,-1912.1200,0.0000,'2023-03-30 15:29:42'),(179,36,338,-2102.8800,0.0000,'2023-03-30 15:29:42'),(183,43,340,211.1100,0.0000,'2023-03-30 15:29:48'),(184,35,342,-211.1100,0.0000,'2023-03-30 15:29:48'),(185,43,343,0.0000,0.0000,'2023-03-30 15:29:48'),(186,35,343,0.0000,0.0000,'2023-03-30 15:29:48'),(187,44,343,-1701.0100,0.0000,'2023-03-30 15:29:48'),(188,36,343,-2313.9900,0.0000,'2023-03-30 15:29:48'),(192,37,342,-1.3600,0.0000,'2023-03-30 15:29:48'),(193,45,342,1.2700,0.0000,'2023-03-30 15:29:48'),(194,43,345,14.0500,0.0000,'2023-03-30 15:29:48'),(195,35,347,-14.0500,0.0000,'2023-03-30 15:29:49'),(196,37,347,-1.4400,0.0000,'2023-03-30 15:29:48'),(197,45,347,1.3500,0.0000,'2023-03-30 15:29:48'),(198,43,348,0.0000,0.0000,'2023-03-30 15:29:48'),(199,35,348,0.0000,0.0000,'2023-03-30 15:29:48'),(200,44,348,-1686.9600,0.0000,'2023-03-30 15:29:48'),(201,36,348,-2328.0400,0.0000,'2023-03-30 15:29:48'),(205,67,350,150.0000,0.0000,'2023-03-30 15:29:49'),(206,35,352,-150.0000,0.0000,'2023-03-30 15:29:49'),(207,67,353,0.0000,0.0000,'2023-03-30 15:29:49'),(208,35,353,0.0000,0.0000,'2023-03-30 15:29:49'),(209,68,353,-6850.0000,0.0000,'2023-03-30 15:29:49'),(210,36,353,-2478.0400,0.0000,'2023-03-30 15:29:49'),(214,37,352,-2.3400,0.0000,'2023-03-30 15:29:49'),(215,69,352,0.9000,0.0000,'2023-03-30 15:29:49'),(216,63,355,15.0000,0.0000,'2023-03-30 15:29:55'),(217,35,357,-15.0000,0.0000,'2023-03-30 15:29:56'),(218,37,357,-2.4300,0.0000,'2023-03-30 15:29:55'),(219,65,357,0.1800,0.0000,'2023-03-30 15:29:55'),(220,63,358,0.0000,0.0000,'2023-03-30 15:29:55'),(221,35,358,0.0000,0.0000,'2023-03-30 15:29:55'),(222,64,358,-6970.0000,0.0000,'2023-03-30 15:29:55'),(223,36,358,-2493.0400,0.0000,'2023-03-30 15:29:55'),(227,43,360,87.8800,0.0000,'2023-03-30 15:29:56'),(228,35,362,-87.8800,0.0000,'2023-03-30 15:29:56'),(229,43,363,0.0000,0.0000,'2023-03-30 15:29:56'),(230,35,363,0.0000,0.0000,'2023-03-30 15:29:56'),(231,44,363,-1599.0800,0.0000,'2023-03-30 15:29:56'),(232,36,363,-2580.9200,0.0000,'2023-03-30 15:29:56'),(236,43,365,211.1500,0.0000,'2023-03-30 15:29:56'),(237,35,367,-211.1500,0.0000,'2023-03-30 15:29:57'),(238,37,367,-3.7000,0.0000,'2023-03-30 15:29:56'),(239,45,367,2.6200,0.0000,'2023-03-30 15:29:56'),(240,43,368,0.0000,0.0000,'2023-03-30 15:29:56'),(241,35,368,0.0000,0.0000,'2023-03-30 15:29:56'),(242,44,368,-1387.9300,0.0000,'2023-03-30 15:29:56'),(243,36,368,-2792.0700,0.0000,'2023-03-30 15:29:56'),(247,43,370,14.2100,0.0000,'2023-03-30 15:29:57'),(248,35,372,-14.2100,0.0000,'2023-03-30 15:29:57'),(249,43,373,0.0000,0.0000,'2023-03-30 15:29:57'),(250,35,373,0.0000,0.0000,'2023-03-30 15:29:57'),(251,44,373,-1373.7200,0.0000,'2023-03-30 15:29:57'),(252,36,373,-2806.2800,0.0000,'2023-03-30 15:29:57'),(256,37,372,-3.7900,0.0000,'2023-03-30 15:29:57'),(257,45,372,2.7100,0.0000,'2023-03-30 15:29:57'),(258,67,375,150.0000,0.0000,'2023-03-30 15:29:57'),(259,35,377,-150.0000,0.0000,'2023-03-30 15:29:58'),(260,37,377,-4.6900,0.0000,'2023-03-30 15:29:57'),(261,69,377,1.8000,0.0000,'2023-03-30 15:29:57'),(262,67,378,0.0000,0.0000,'2023-03-30 15:29:57'),(263,35,378,0.0000,0.0000,'2023-03-30 15:29:57'),(264,68,378,-6700.0000,0.0000,'2023-03-30 15:29:57'),(265,36,378,-2956.2800,0.0000,'2023-03-30 15:29:57'),(269,67,380,34.5500,0.0000,'2023-03-30 15:29:58'),(270,43,382,-34.5500,0.0000,'2023-03-30 15:29:59'),(271,67,383,0.0000,0.0000,'2023-03-30 15:29:58'),(272,43,383,0.0000,0.0000,'2023-03-30 15:29:58'),(273,68,383,-6665.4500,0.0000,'2023-03-30 15:29:58'),(274,44,383,-1408.2700,0.0000,'2023-03-30 15:29:58'),(278,45,382,2.5000,0.0000,'2023-03-30 15:29:58'),(279,69,382,2.0100,0.0000,'2023-03-30 15:29:58'),(280,63,385,22.0000,0.0000,'2023-03-30 15:29:58'),(281,43,387,-22.0000,0.0000,'2023-03-30 15:29:59'),(282,63,388,0.0000,0.0000,'2023-03-30 15:29:59'),(283,43,388,0.0000,0.0000,'2023-03-30 15:29:59'),(284,64,388,-6948.0000,0.0000,'2023-03-30 15:29:59'),(285,44,388,-1430.2700,0.0000,'2023-03-30 15:29:59'),(289,63,390,788.0000,0.0000,'2023-03-30 15:29:59'),(290,43,392,-788.0000,0.0000,'2023-03-30 15:29:59'),(291,45,392,-2.2300,0.0000,'2023-03-30 15:29:59'),(292,65,392,4.9100,0.0000,'2023-03-30 15:29:59'),(293,63,393,0.0000,0.0000,'2023-03-30 15:29:59'),(294,43,393,0.0000,0.0000,'2023-03-30 15:29:59'),(295,64,393,-6160.0000,0.0000,'2023-03-30 15:29:59'),(296,44,393,-2218.2700,0.0000,'2023-03-30 15:29:59'),(300,63,395,22.0000,0.0000,'2023-03-30 15:29:59'),(301,35,397,-22.0000,0.0000,'2023-03-30 15:30:00'),(302,63,398,0.0000,0.0000,'2023-03-30 15:29:59'),(303,35,398,0.0000,0.0000,'2023-03-30 15:29:59'),(304,64,398,-6138.0000,0.0000,'2023-03-30 15:29:59'),(305,36,398,-2978.2800,0.0000,'2023-03-30 15:29:59'),(309,37,397,-4.8200,0.0000,'2023-03-30 15:30:00'),(310,65,397,5.0400,0.0000,'2023-03-30 15:30:00'),(311,43,400,333.0000,0.0000,'2023-03-30 15:30:00'),(312,35,402,-333.0000,0.0000,'2023-03-30 15:30:00'),(313,43,403,0.0000,0.0000,'2023-03-30 15:30:00'),(314,35,403,0.0000,0.0000,'2023-03-30 15:30:00'),(315,44,403,-1885.2700,0.0000,'2023-03-30 15:30:00'),(316,36,403,-3311.2800,0.0000,'2023-03-30 15:30:00'),(320,37,402,-6.8200,0.0000,'2023-03-30 15:30:00'),(321,45,402,-0.2300,0.0000,'2023-03-30 15:30:00'),(322,63,405,56.0000,0.0000,'2023-03-30 15:30:00'),(323,35,407,-56.0000,0.0000,'2023-03-30 15:30:01'),(324,63,408,0.0000,0.0000,'2023-03-30 15:30:01'),(325,35,408,0.0000,0.0000,'2023-03-30 15:30:01'),(326,64,408,-6082.0000,0.0000,'2023-03-30 15:30:01'),(327,36,408,-3367.2800,0.0000,'2023-03-30 15:30:01'),(331,37,407,-7.1600,0.0000,'2023-03-30 15:30:01'),(332,65,407,5.3800,0.0000,'2023-03-30 15:30:01'),(333,43,410,44.0000,0.0000,'2023-03-30 15:30:01'),(334,35,412,-44.0000,0.0000,'2023-03-30 15:30:01'),(335,37,412,-7.4200,0.0000,'2023-03-30 15:30:01'),(336,45,412,0.0300,0.0000,'2023-03-30 15:30:01'),(337,43,413,0.0000,0.0000,'2023-03-30 15:30:01'),(338,35,413,0.0000,0.0000,'2023-03-30 15:30:01'),(339,44,413,-1841.2700,0.0000,'2023-03-30 15:30:01'),(340,36,413,-3411.2800,0.0000,'2023-03-30 15:30:01'),(344,35,415,89.0000,0.0000,'2023-03-30 15:30:01'),(345,43,417,-89.0000,0.0000,'2023-03-30 15:30:02'),(346,35,418,0.0000,0.0000,'2023-03-30 15:30:01'),(347,43,418,0.0000,0.0000,'2023-03-30 15:30:01'),(348,36,418,-3322.2800,0.0000,'2023-03-30 15:30:01'),(349,44,418,-1930.2700,0.0000,'2023-03-30 15:30:01'),(353,67,420,99.0000,0.0000,'2023-03-30 15:30:02'),(354,35,422,-99.0000,0.0000,'2023-03-30 15:30:02'),(355,37,422,-8.0100,0.0000,'2023-03-30 15:30:02'),(356,69,422,2.6000,0.0000,'2023-03-30 15:30:02'),(357,67,423,0.0000,0.0000,'2023-03-30 15:30:02'),(358,35,423,0.0000,0.0000,'2023-03-30 15:30:02'),(359,68,423,-6566.4500,0.0000,'2023-03-30 15:30:02'),(360,36,423,-3421.2800,0.0000,'2023-03-30 15:30:02'),(364,63,425,14.2100,0.0000,'2023-03-30 15:30:02'),(365,35,427,-14.2100,0.0000,'2023-03-30 15:30:03'),(366,37,427,-8.1000,0.0000,'2023-03-30 15:30:02'),(367,65,427,5.4700,0.0000,'2023-03-30 15:30:02'),(368,63,428,0.0000,0.0000,'2023-03-30 15:30:02'),(369,35,428,0.0000,0.0000,'2023-03-30 15:30:02'),(370,64,428,-6067.7900,0.0000,'2023-03-30 15:30:02'),(371,36,428,-3435.4900,0.0000,'2023-03-30 15:30:02'),(375,43,430,110.0000,0.0000,'2023-03-30 15:30:03'),(376,35,432,-110.0000,0.0000,'2023-03-30 15:30:03'),(377,37,432,-8.7600,0.0000,'2023-03-30 15:30:03'),(378,45,432,0.6900,0.0000,'2023-03-30 15:30:03'),(379,43,433,0.0000,0.0000,'2023-03-30 15:30:03'),(380,35,433,0.0000,0.0000,'2023-03-30 15:30:03'),(381,44,433,-1820.2700,0.0000,'2023-03-30 15:30:03'),(382,36,433,-3545.4900,0.0000,'2023-03-30 15:30:03'),(386,63,435,15.0000,0.0000,'2023-03-30 15:30:03'),(387,35,437,-15.0000,0.0000,'2023-03-30 15:30:04'),(388,63,438,0.0000,0.0000,'2023-03-30 15:30:03'),(389,35,438,0.0000,0.0000,'2023-03-30 15:30:03'),(390,64,438,-6052.7900,0.0000,'2023-03-30 15:30:03'),(391,36,438,-3560.4900,0.0000,'2023-03-30 15:30:03'),(395,37,437,-8.8500,0.0000,'2023-03-30 15:30:03'),(396,65,437,5.5600,0.0000,'2023-03-30 15:30:03'),(397,35,440,158.3600,0.0000,'2023-03-30 15:30:04'),(398,43,442,-158.3600,0.0000,'2023-03-30 15:30:04'),(399,37,442,-7.9000,0.0000,'2023-03-30 15:30:04'),(400,45,442,-0.2600,0.0000,'2023-03-30 15:30:04'),(401,35,443,0.0000,0.0000,'2023-03-30 15:30:04'),(402,43,443,0.0000,0.0000,'2023-03-30 15:30:04'),(403,36,443,-3402.1300,0.0000,'2023-03-30 15:30:04'),(404,44,443,-1978.6300,0.0000,'2023-03-30 15:30:04'),(408,35,445,211.1500,0.0000,'2023-03-30 15:30:04'),(409,67,447,-211.1500,0.0000,'2023-03-30 15:30:05'),(410,35,448,0.0000,0.0000,'2023-03-30 15:30:04'),(411,67,448,0.0000,0.0000,'2023-03-30 15:30:04'),(412,36,448,-3190.9800,0.0000,'2023-03-30 15:30:04'),(413,68,448,-6777.6000,0.0000,'2023-03-30 15:30:04'),(417,35,450,211.1500,0.0000,'2023-03-30 15:30:04'),(418,43,452,-211.1500,0.0000,'2023-03-30 15:30:05'),(419,35,453,0.0000,0.0000,'2023-03-30 15:30:04'),(420,43,453,0.0000,0.0000,'2023-03-30 15:30:04'),(421,36,453,-2979.8300,0.0000,'2023-03-30 15:30:04'),(422,44,453,-2189.7800,0.0000,'2023-03-30 15:30:04'),(426,37,452,-6.6300,0.0000,'2023-03-30 15:30:04'),(427,45,452,-1.5300,0.0000,'2023-03-30 15:30:04'),(428,63,455,14.2100,0.0000,'2023-03-30 15:30:05'),(429,35,457,-14.2100,0.0000,'2023-03-30 15:30:05'),(430,63,458,0.0000,0.0000,'2023-03-30 15:30:05'),(431,35,458,0.0000,0.0000,'2023-03-30 15:30:05'),(432,64,458,-6038.5800,0.0000,'2023-03-30 15:30:05'),(433,36,458,-2994.0400,0.0000,'2023-03-30 15:30:05'),(437,37,457,-6.7200,0.0000,'2023-03-30 15:30:05'),(438,65,457,5.6500,0.0000,'2023-03-30 15:30:05'),(439,43,460,150.0000,0.0000,'2023-03-30 15:30:05'),(440,35,462,-150.0000,0.0000,'2023-03-30 15:30:06'),(441,43,463,0.0000,0.0000,'2023-03-30 15:30:05'),(442,35,463,0.0000,0.0000,'2023-03-30 15:30:05'),(443,44,463,-2039.7800,0.0000,'2023-03-30 15:30:05'),(444,36,463,-3144.0400,0.0000,'2023-03-30 15:30:05'),(448,37,462,-7.6200,0.0000,'2023-03-30 15:30:05'),(449,45,462,-0.6300,0.0000,'2023-03-30 15:30:05'),(450,43,465,15.0000,0.0000,'2023-03-30 15:30:06'),(451,63,467,-15.0000,0.0000,'2023-03-30 15:30:06'),(452,43,468,0.0000,0.0000,'2023-03-30 15:30:06'),(453,63,468,0.0000,0.0000,'2023-03-30 15:30:06'),(454,44,468,-2024.7800,0.0000,'2023-03-30 15:30:06'),(455,64,468,-6053.5800,0.0000,'2023-03-30 15:30:06'),(459,45,467,-0.5400,0.0000,'2023-03-30 15:30:06'),(460,65,467,5.5600,0.0000,'2023-03-30 15:30:06'),(461,67,470,158.3600,0.0000,'2023-03-30 15:30:06'),(462,35,472,-158.3600,0.0000,'2023-03-30 15:30:07'),(463,37,472,-8.5700,0.0000,'2023-03-30 15:30:06'),(464,69,472,3.5500,0.0000,'2023-03-30 15:30:06'),(465,67,473,0.0000,0.0000,'2023-03-30 15:30:06'),(466,35,473,0.0000,0.0000,'2023-03-30 15:30:06'),(467,68,473,-6619.2400,0.0000,'2023-03-30 15:30:06'),(468,36,473,-3302.4000,0.0000,'2023-03-30 15:30:06'),(472,35,475,211.1500,0.0000,'2023-03-30 15:30:07'),(473,63,477,-211.1500,0.0000,'2023-03-30 15:30:07'),(474,35,478,0.0000,0.0000,'2023-03-30 15:30:07'),(475,63,478,0.0000,0.0000,'2023-03-30 15:30:07'),(476,36,478,-3091.2500,0.0000,'2023-03-30 15:30:07'),(477,64,478,-6264.7300,0.0000,'2023-03-30 15:30:07'),(481,63,480,211.1500,0.0000,'2023-03-30 15:30:07'),(482,43,482,-211.1500,0.0000,'2023-03-30 15:30:08'),(483,45,482,-1.8100,0.0000,'2023-03-30 15:30:07'),(484,65,482,6.8300,0.0000,'2023-03-30 15:30:07'),(485,63,483,0.0000,0.0000,'2023-03-30 15:30:07'),(486,43,483,0.0000,0.0000,'2023-03-30 15:30:07'),(487,64,483,-6053.5800,0.0000,'2023-03-30 15:30:07'),(488,44,483,-2235.9300,0.0000,'2023-03-30 15:30:07'),(492,63,485,14.2100,0.0000,'2023-03-30 15:30:08'),(493,35,487,-14.2100,0.0000,'2023-03-30 15:30:08'),(494,37,487,-8.6600,0.0000,'2023-03-30 15:30:08'),(495,65,487,6.9200,0.0000,'2023-03-30 15:30:08'),(496,63,488,0.0000,0.0000,'2023-03-30 15:30:08'),(497,35,488,0.0000,0.0000,'2023-03-30 15:30:08'),(498,64,488,-6039.3700,0.0000,'2023-03-30 15:30:08'),(499,36,488,-3105.4600,0.0000,'2023-03-30 15:30:08'),(503,2,490,35000.0000,0.0000,'2023-03-30 15:34:28'),(504,8,492,-10000.0000,0.0000,'2023-03-30 15:34:28'),(505,4,494,30000.0000,0.0000,'2023-03-30 15:34:31'),(506,10,496,-10000.0000,0.0000,'2023-03-30 15:34:31'),(507,2,498,40000.0000,0.0000,'2023-03-30 15:34:39'),(508,16,500,-10000.0000,0.0000,'2023-03-30 15:34:39'),(509,4,502,35000.0000,0.0000,'2023-03-30 15:34:42'),(510,18,504,-10000.0000,0.0000,'2023-03-30 15:34:42'),(511,2,506,45000.0000,0.0000,'2023-03-30 15:34:50'),(512,24,508,-10000.0000,0.0000,'2023-03-30 15:34:50'),(513,2,510,50000.0000,0.0000,'2023-03-30 15:34:55'),(514,32,512,-10000.0000,0.0000,'2023-03-30 15:34:55'),(515,4,514,40000.0000,0.0000,'2023-03-30 15:34:58'),(516,34,516,-10000.0000,0.0000,'2023-03-30 15:34:58'),(517,2,518,55000.0000,0.0000,'2023-03-30 15:35:05'),(518,40,520,-10000.0000,0.0000,'2023-03-30 15:35:05'),(519,4,522,45000.0000,0.0000,'2023-03-30 15:35:07'),(520,42,524,-10000.0000,0.0000,'2023-03-30 15:35:07'),(521,2,526,60000.0000,0.0000,'2023-03-30 15:35:23'),(522,48,528,-10000.0000,0.0000,'2023-03-30 15:35:23'),(523,4,530,50000.0000,0.0000,'2023-03-30 15:35:24'),(524,50,532,-10000.0000,0.0000,'2023-03-30 15:35:24'),(525,6,534,23000.0000,0.0000,'2023-03-30 15:35:34'),(526,64,536,-11039.3700,0.0000,'2023-03-30 15:35:34'),(527,6,538,28000.0000,0.0000,'2023-03-30 15:35:39'),(528,68,540,-11619.2400,0.0000,'2023-03-30 15:35:39'),(529,47,542,973.1234,0.0000,'2023-03-30 15:36:08'),(530,15,544,-880.1234,0.0000,'2023-03-30 15:36:09'),(531,47,546,1073.1234,0.0000,'2023-03-30 15:36:09'),(532,15,548,-980.1234,0.0000,'2023-03-30 15:36:10'),(533,47,550,1173.1234,0.0000,'2023-03-30 15:36:10'),(534,15,552,-1080.1234,0.0000,'2023-03-30 15:36:11'),(535,47,554,1273.1234,0.0000,'2023-03-30 15:36:11'),(536,15,556,-1180.1234,0.0000,'2023-03-30 15:36:12'),(537,47,558,1373.1234,0.0000,'2023-03-30 15:36:13'),(538,15,560,-1280.1234,0.0000,'2023-03-30 15:36:13'),(539,47,562,1374.1234,0.0000,'2023-03-30 15:36:13'),(540,47,564,1373.1234,0.0000,'2023-03-30 15:36:15'),(541,47,566,1473.1234,0.0000,'2023-03-30 15:36:30'),(542,47,568,1373.1234,0.0000,'2023-03-30 15:36:33'),(543,47,570,1473.1234,0.0000,'2023-03-30 15:36:33'),(544,47,572,1373.1234,0.0000,'2023-03-30 15:36:45'),(545,47,574,1473.1234,0.0000,'2023-03-30 15:36:45'),(546,47,576,1373.1234,0.0000,'2023-03-30 15:36:47'),(547,47,578,1478.2334,0.0000,'2023-03-30 15:36:47'),(548,47,580,1373.1234,0.0000,'2023-03-30 15:37:00'),(549,47,582,1473.1234,0.0000,'2023-03-30 15:37:00'),(550,15,584,-1380.1234,0.0000,'2023-03-30 15:37:01'),(551,47,586,1474.1234,0.0000,'2023-03-30 15:37:01'),(552,23,588,-3.0000,0.0000,'2023-03-30 15:37:02'),(553,47,590,1475.1234,0.0000,'2023-03-30 15:37:02'),(554,23,592,-4.0000,0.0000,'2023-03-30 15:37:03'),(555,47,594,1476.1234,0.0000,'2023-03-30 15:37:03'),(556,47,596,1475.1234,0.0000,'2023-03-30 15:37:04'),(557,47,598,1476.1234,0.0000,'2023-03-30 15:37:05'),(558,47,600,1475.1234,0.0000,'2023-03-30 15:37:06'),(559,31,603,290.0000,0.0000,'2023-03-30 15:37:10'),(560,39,605,-290.0000,0.0000,'2023-03-30 15:37:10'),(561,31,608,390.0000,0.0000,'2023-03-30 15:37:11'),(562,39,610,-390.0000,0.0000,'2023-03-30 15:37:12'),(563,47,612,1475.1234,9524.8800,'2023-03-30 15:37:12'),(564,47,614,1475.1234,7525.8800,'2023-03-30 15:37:12'),(565,2,616,60010.0000,0.0000,'2023-03-30 15:37:13'),(566,48,618,-10010.0000,0.0000,'2023-03-30 15:37:13'),(567,48,620,-10000.0000,0.0000,'2023-03-30 15:37:15'),(568,48,622,-10010.0000,0.0000,'2023-03-30 15:37:17'),(569,48,624,-10000.0000,0.0000,'2023-03-30 15:37:20'),(570,2,626,60000.0000,0.0000,'2023-03-30 15:37:22'),(571,47,628,1485.1234,0.0000,'2023-03-30 15:37:24'),(572,15,630,-1390.1234,0.0000,'2023-03-30 15:37:24'),(573,7,632,20.0000,0.0000,'2023-03-30 15:37:25'),(574,15,634,-1400.1234,0.0000,'2023-03-30 15:37:26'),(575,39,636,-380.0000,0.0000,'2023-03-30 15:37:26'),(576,31,638,380.0000,0.0000,'2023-03-30 15:37:26'),(577,47,640,1586.1234,0.0000,'2023-03-30 15:37:27'),(578,55,642,-202.0000,0.0000,'2023-03-30 15:37:28'),(579,47,644,1689.1234,0.0000,'2023-03-30 15:37:28'),(580,47,646,1586.1234,0.0000,'2023-03-30 15:37:29'),(581,47,648,1686.1234,0.0000,'2023-03-30 15:37:40'),(582,15,650,-1500.1234,0.0000,'2023-03-30 15:37:41'),(583,47,653,1746.2468,0.0000,'2023-03-30 15:37:42'),(584,15,655,-1560.2468,0.0000,'2023-03-30 15:37:42'),(585,47,657,1850.2468,0.0000,'2023-03-30 15:37:46'),(586,47,659,1746.2468,0.0000,'2023-03-30 15:37:46'),(587,47,661,1848.2468,0.0000,'2023-03-30 15:37:52'),(588,47,663,1746.2468,0.0000,'2023-03-30 15:37:53'),(589,31,666,440.0000,0.0000,'2023-03-30 15:38:01'),(590,39,668,-440.0000,0.0000,'2023-03-30 15:38:02'),(591,33,670,55.0000,0.0000,'2023-03-30 15:38:01'),(592,17,672,-55.0000,0.0000,'2023-03-30 15:38:02'),(593,7,674,55.0000,0.0000,'2023-03-30 15:38:01'),(594,31,676,405.0000,0.0000,'2023-03-30 15:38:02'),(595,41,678,20.0000,0.0000,'2023-03-30 15:38:02'),(596,9,680,-20.0000,0.0000,'2023-03-30 15:38:02'),(597,15,682,-1525.2468,0.0000,'2023-03-30 15:38:02'),(598,39,684,-475.0000,0.0000,'2023-03-30 15:38:02'),(599,17,686,-30.0000,0.0000,'2023-03-30 15:38:02'),(600,9,688,-45.0000,0.0000,'2023-03-30 15:38:03'),(601,39,700,-380.0000,0.0000,'2023-03-30 15:38:17'),(602,1,700,-95.0000,0.0000,'2023-03-30 15:38:17'),(603,9,701,0.0000,0.0000,'2023-03-30 15:38:19'),(604,3,701,-45.0000,0.0000,'2023-03-30 15:38:19'),(605,17,702,0.0000,0.0000,'2023-03-30 15:38:19'),(606,3,702,-75.0000,0.0000,'2023-03-30 15:38:19'),(607,7,706,20.0000,0.0000,'2023-03-30 15:38:22'),(608,1,706,-60.0000,0.0000,'2023-03-30 15:38:22'),(609,15,708,-1560.2468,0.0000,'2023-03-30 15:38:22'),(610,1,708,-25.0000,0.0000,'2023-03-30 15:38:22'),(611,31,710,380.0000,0.0000,'2023-03-30 15:38:22'),(612,1,710,0.0000,0.0000,'2023-03-30 15:38:22'),(613,33,718,0.0000,0.0000,'2023-03-30 15:38:25'),(614,3,718,-20.0000,0.0000,'2023-03-30 15:38:25'),(615,41,720,0.0000,0.0000,'2023-03-30 15:38:25'),(616,3,720,0.0000,0.0000,'2023-03-30 15:38:25'),(617,31,722,440.0000,0.0000,'2023-03-30 15:38:33'),(618,39,724,-440.0000,0.0000,'2023-03-30 15:38:34'),(619,31,726,495.0000,0.0000,'2023-03-30 15:38:34'),(620,15,728,-1615.2468,0.0000,'2023-03-30 15:38:34'),(621,7,730,55.0000,0.0000,'2023-03-30 15:38:34'),(622,31,732,460.0000,0.0000,'2023-03-30 15:38:34'),(623,39,734,-420.0000,0.0000,'2023-03-30 15:38:34'),(624,7,736,35.0000,0.0000,'2023-03-30 15:38:35'),(625,15,738,-1580.2468,0.0000,'2023-03-30 15:38:34'),(626,39,740,-455.0000,0.0000,'2023-03-30 15:38:35'),(627,15,742,-1555.2468,0.0000,'2023-03-30 15:38:35'),(628,7,744,10.0000,0.0000,'2023-03-30 15:38:35'),(629,7,749,20.0000,0.0000,'2023-03-30 15:38:43'),(630,1,749,-10.0000,0.0000,'2023-03-30 15:38:43'),(631,39,752,-380.0000,0.0000,'2023-03-30 15:38:44'),(632,1,752,-85.0000,0.0000,'2023-03-30 15:38:44'),(633,15,756,-1560.2468,0.0000,'2023-03-30 15:38:46'),(634,1,756,-80.0000,0.0000,'2023-03-30 15:38:46'),(635,31,758,380.0000,0.0000,'2023-03-30 15:38:46'),(636,1,758,0.0000,0.0000,'2023-03-30 15:38:46'),(637,33,762,60.0000,0.0000,'2023-03-30 15:38:53'),(638,41,764,-60.0000,0.0000,'2023-03-30 15:38:53'),(639,33,766,115.0000,0.0000,'2023-03-30 15:38:53'),(640,17,768,-55.0000,0.0000,'2023-03-30 15:38:53'),(641,9,770,35.0000,0.0000,'2023-03-30 15:38:53'),(642,33,772,80.0000,0.0000,'2023-03-30 15:38:54'),(643,41,774,-40.0000,0.0000,'2023-03-30 15:38:53'),(644,9,776,15.0000,0.0000,'2023-03-30 15:38:54'),(645,17,778,-20.0000,0.0000,'2023-03-30 15:38:54'),(646,41,780,-75.0000,0.0000,'2023-03-30 15:38:54'),(647,17,782,5.0000,0.0000,'2023-03-30 15:38:54'),(648,9,784,-10.0000,0.0000,'2023-03-30 15:38:54'),(649,9,789,0.0000,0.0000,'2023-03-30 15:39:03'),(650,3,789,-10.0000,0.0000,'2023-03-30 15:39:03'),(651,41,792,0.0000,0.0000,'2023-03-30 15:39:03'),(652,3,792,-85.0000,0.0000,'2023-03-30 15:39:03'),(653,17,796,0.0000,0.0000,'2023-03-30 15:39:05'),(654,3,796,-80.0000,0.0000,'2023-03-30 15:39:05'),(655,33,798,0.0000,0.0000,'2023-03-30 15:39:05'),(656,3,798,0.0000,0.0000,'2023-03-30 15:39:05'),(657,6,802,30000.0000,0.0000,'2023-03-30 15:39:12'),(658,36,804,-5105.4600,0.0000,'2023-03-30 15:39:12'),(659,6,806,32000.0000,0.0000,'2023-03-30 15:39:12'),(660,44,808,-4235.9300,0.0000,'2023-03-30 15:39:12'),(661,6,810,34000.0000,0.0000,'2023-03-30 15:39:12'),(662,64,812,-13039.3700,0.0000,'2023-03-30 15:39:12'),(663,6,814,36000.0000,0.0000,'2023-03-30 15:39:12'),(664,68,816,-13619.2400,0.0000,'2023-03-30 15:39:12'),(665,63,818,15.0000,0.0000,'2023-03-30 15:39:12'),(666,35,820,-15.0000,0.0000,'2023-03-30 15:39:12'),(667,37,820,-8.7500,0.0000,'2023-03-30 15:39:12'),(668,65,820,7.0100,0.0000,'2023-03-30 15:39:12'),(669,63,821,0.0000,0.0000,'2023-03-30 15:39:12'),(670,35,821,0.0000,0.0000,'2023-03-30 15:39:12'),(671,64,821,-13024.3700,0.0000,'2023-03-30 15:39:12'),(672,36,821,-5120.4600,0.0000,'2023-03-30 15:39:12'),(676,43,823,87.8800,0.0000,'2023-03-30 15:39:12'),(677,35,825,-87.8800,0.0000,'2023-03-30 15:39:13'),(678,43,826,0.0000,0.0000,'2023-03-30 15:39:12'),(679,35,826,0.0000,0.0000,'2023-03-30 15:39:12'),(680,44,826,-4148.0500,0.0000,'2023-03-30 15:39:12'),(681,36,826,-5208.3400,0.0000,'2023-03-30 15:39:12'),(685,35,828,158.3600,0.0000,'2023-03-30 15:39:13'),(686,67,830,-158.3600,0.0000,'2023-03-30 15:39:13'),(687,37,830,-7.8000,0.0000,'2023-03-30 15:39:13'),(688,69,830,2.6000,0.0000,'2023-03-30 15:39:13'),(689,35,831,0.0000,0.0000,'2023-03-30 15:39:13'),(690,67,831,0.0000,0.0000,'2023-03-30 15:39:13'),(691,36,831,-5049.9800,0.0000,'2023-03-30 15:39:13'),(692,68,831,-13777.6000,0.0000,'2023-03-30 15:39:13'),(696,43,833,211.1100,0.0000,'2023-03-30 15:39:13'),(697,35,835,-211.1100,0.0000,'2023-03-30 15:39:14'),(698,37,835,-9.0700,0.0000,'2023-03-30 15:39:13'),(699,45,835,-0.5400,0.0000,'2023-03-30 15:39:13'),(700,43,836,0.0000,0.0000,'2023-03-30 15:39:13'),(701,35,836,0.0000,0.0000,'2023-03-30 15:39:13'),(702,44,836,-3936.9400,0.0000,'2023-03-30 15:39:13'),(703,36,836,-5261.0900,0.0000,'2023-03-30 15:39:13'),(707,43,838,14.0500,0.0000,'2023-03-30 15:39:14'),(708,35,840,-14.0500,0.0000,'2023-03-30 15:39:14'),(709,43,841,0.0000,0.0000,'2023-03-30 15:39:14'),(710,35,841,0.0000,0.0000,'2023-03-30 15:39:14'),(711,44,841,-3922.8900,0.0000,'2023-03-30 15:39:14'),(712,36,841,-5275.1400,0.0000,'2023-03-30 15:39:14'),(716,37,840,-9.1500,0.0000,'2023-03-30 15:39:14'),(717,45,840,-0.4600,0.0000,'2023-03-30 15:39:14'),(718,67,843,150.0000,0.0000,'2023-03-30 15:39:14'),(719,35,845,-150.0000,0.0000,'2023-03-30 15:39:15'),(720,67,846,0.0000,0.0000,'2023-03-30 15:39:14'),(721,35,846,0.0000,0.0000,'2023-03-30 15:39:14'),(722,68,846,-13627.6000,0.0000,'2023-03-30 15:39:14'),(723,36,846,-5425.1400,0.0000,'2023-03-30 15:39:14'),(727,37,845,-10.0500,0.0000,'2023-03-30 15:39:14'),(728,69,845,3.5000,0.0000,'2023-03-30 15:39:14'),(729,63,848,15.0000,0.0000,'2023-03-30 15:39:15'),(730,35,850,-15.0000,0.0000,'2023-03-30 15:39:16'),(731,63,851,0.0000,0.0000,'2023-03-30 15:39:15'),(732,35,851,0.0000,0.0000,'2023-03-30 15:39:15'),(733,64,851,-13009.3700,0.0000,'2023-03-30 15:39:15'),(734,36,851,-5440.1400,0.0000,'2023-03-30 15:39:15'),(738,37,850,-10.1400,0.0000,'2023-03-30 15:39:15'),(739,65,850,7.1000,0.0000,'2023-03-30 15:39:15'),(740,35,853,158.3600,0.0000,'2023-03-30 15:39:16'),(741,67,855,-158.3600,0.0000,'2023-03-30 15:39:16'),(742,37,855,-9.1900,0.0000,'2023-03-30 15:39:16'),(743,69,855,2.5500,0.0000,'2023-03-30 15:39:16'),(744,35,856,0.0000,0.0000,'2023-03-30 15:39:16'),(745,67,856,0.0000,0.0000,'2023-03-30 15:39:16'),(746,36,856,-5281.7800,0.0000,'2023-03-30 15:39:16'),(747,68,856,-13785.9600,0.0000,'2023-03-30 15:39:16'),(751,43,858,87.8800,0.0000,'2023-03-30 15:39:16'),(752,35,860,-87.8800,0.0000,'2023-03-30 15:39:17'),(753,43,861,0.0000,0.0000,'2023-03-30 15:39:16'),(754,35,861,0.0000,0.0000,'2023-03-30 15:39:16'),(755,44,861,-3835.0100,0.0000,'2023-03-30 15:39:16'),(756,36,861,-5369.6600,0.0000,'2023-03-30 15:39:16'),(760,43,863,211.1500,0.0000,'2023-03-30 15:39:17'),(761,35,865,-211.1500,0.0000,'2023-03-30 15:39:17'),(762,43,866,0.0000,0.0000,'2023-03-30 15:39:17'),(763,35,866,0.0000,0.0000,'2023-03-30 15:39:17'),(764,44,866,-3623.8600,0.0000,'2023-03-30 15:39:17'),(765,36,866,-5580.8100,0.0000,'2023-03-30 15:39:17'),(769,37,865,-10.4600,0.0000,'2023-03-30 15:39:17'),(770,45,865,0.8100,0.0000,'2023-03-30 15:39:17'),(771,43,868,14.2100,0.0000,'2023-03-30 15:39:17'),(772,35,870,-14.2100,0.0000,'2023-03-30 15:39:18'),(773,43,871,0.0000,0.0000,'2023-03-30 15:39:17'),(774,35,871,0.0000,0.0000,'2023-03-30 15:39:17'),(775,44,871,-3609.6500,0.0000,'2023-03-30 15:39:17'),(776,36,871,-5595.0200,0.0000,'2023-03-30 15:39:17'),(780,37,870,-10.5500,0.0000,'2023-03-30 15:39:17'),(781,45,870,0.9000,0.0000,'2023-03-30 15:39:17'),(782,67,873,150.0000,0.0000,'2023-03-30 15:39:17'),(783,35,875,-150.0000,0.0000,'2023-03-30 15:39:18'),(784,67,876,0.0000,0.0000,'2023-03-30 15:39:18'),(785,35,876,0.0000,0.0000,'2023-03-30 15:39:18'),(786,68,876,-13635.9600,0.0000,'2023-03-30 15:39:18'),(787,36,876,-5745.0200,0.0000,'2023-03-30 15:39:18'),(791,37,875,-11.4500,0.0000,'2023-03-30 15:39:18'),(792,69,875,3.4500,0.0000,'2023-03-30 15:39:18'),(793,63,878,45.0000,0.0000,'2023-03-30 15:39:18'),(794,67,880,-45.0000,0.0000,'2023-03-30 15:39:19'),(795,65,880,7.3700,0.0000,'2023-03-30 15:39:18'),(796,69,880,3.1800,0.0000,'2023-03-30 15:39:18'),(797,63,881,0.0000,0.0000,'2023-03-30 15:39:18'),(798,67,881,0.0000,0.0000,'2023-03-30 15:39:18'),(799,64,881,-12964.3700,0.0000,'2023-03-30 15:39:18'),(800,68,881,-13680.9600,0.0000,'2023-03-30 15:39:18'),(804,67,883,34.5500,0.0000,'2023-03-30 15:39:18'),(805,43,885,-34.5500,0.0000,'2023-03-30 15:39:19'),(806,45,885,0.6900,0.0000,'2023-03-30 15:39:18'),(807,69,885,3.3900,0.0000,'2023-03-30 15:39:18'),(808,67,886,0.0000,0.0000,'2023-03-30 15:39:18'),(809,43,886,0.0000,0.0000,'2023-03-30 15:39:18'),(810,68,886,-13646.4100,0.0000,'2023-03-30 15:39:18'),(811,44,886,-3644.2000,0.0000,'2023-03-30 15:39:18'),(815,63,888,22.0000,0.0000,'2023-03-30 15:39:19'),(816,43,890,-22.0000,0.0000,'2023-03-30 15:39:19'),(817,63,891,0.0000,0.0000,'2023-03-30 15:39:19'),(818,43,891,0.0000,0.0000,'2023-03-30 15:39:19'),(819,64,891,-12942.3700,0.0000,'2023-03-30 15:39:19'),(820,44,891,-3666.2000,0.0000,'2023-03-30 15:39:19'),(824,63,893,788.0000,0.0000,'2023-03-30 15:39:19'),(825,43,895,-788.0000,0.0000,'2023-03-30 15:39:20'),(826,45,895,-4.0400,0.0000,'2023-03-30 15:39:19'),(827,65,895,12.1000,0.0000,'2023-03-30 15:39:19'),(828,63,896,0.0000,0.0000,'2023-03-30 15:39:19'),(829,43,896,0.0000,0.0000,'2023-03-30 15:39:19'),(830,64,896,-12154.3700,0.0000,'2023-03-30 15:39:19'),(831,44,896,-4454.2000,0.0000,'2023-03-30 15:39:19'),(835,63,898,22.0000,0.0000,'2023-03-30 15:39:20'),(836,35,900,-22.0000,0.0000,'2023-03-30 15:39:20'),(837,37,900,-11.5800,0.0000,'2023-03-30 15:39:20'),(838,65,900,12.2300,0.0000,'2023-03-30 15:39:20'),(839,63,901,0.0000,0.0000,'2023-03-30 15:39:20'),(840,35,901,0.0000,0.0000,'2023-03-30 15:39:20'),(841,64,901,-12132.3700,0.0000,'2023-03-30 15:39:20'),(842,36,901,-5767.0200,0.0000,'2023-03-30 15:39:20'),(846,43,903,333.0000,0.0000,'2023-03-30 15:39:20'),(847,35,905,-333.0000,0.0000,'2023-03-30 15:39:21'),(848,37,905,-13.5800,0.0000,'2023-03-30 15:39:20'),(849,45,905,-2.0400,0.0000,'2023-03-30 15:39:20'),(850,43,906,0.0000,0.0000,'2023-03-30 15:39:20'),(851,35,906,0.0000,0.0000,'2023-03-30 15:39:20'),(852,44,906,-4121.2000,0.0000,'2023-03-30 15:39:20'),(853,36,906,-6100.0200,0.0000,'2023-03-30 15:39:20'),(857,63,908,56.0000,0.0000,'2023-03-30 15:39:21'),(858,35,910,-56.0000,0.0000,'2023-03-30 15:39:21'),(859,37,910,-13.9200,0.0000,'2023-03-30 15:39:21'),(860,65,910,12.5700,0.0000,'2023-03-30 15:39:21'),(861,63,911,0.0000,0.0000,'2023-03-30 15:39:21'),(862,35,911,0.0000,0.0000,'2023-03-30 15:39:21'),(863,64,911,-12076.3700,0.0000,'2023-03-30 15:39:21'),(864,36,911,-6156.0200,0.0000,'2023-03-30 15:39:21'),(868,43,913,44.0000,0.0000,'2023-03-30 15:39:21'),(869,35,915,-44.0000,0.0000,'2023-03-30 15:39:22'),(870,43,916,0.0000,0.0000,'2023-03-30 15:39:21'),(871,35,916,0.0000,0.0000,'2023-03-30 15:39:21'),(872,44,916,-4077.2000,0.0000,'2023-03-30 15:39:21'),(873,36,916,-6200.0200,0.0000,'2023-03-30 15:39:21'),(877,37,915,-14.1800,0.0000,'2023-03-30 15:39:21'),(878,45,915,-1.7800,0.0000,'2023-03-30 15:39:21'),(879,35,918,89.0000,0.0000,'2023-03-30 15:39:22'),(880,43,920,-89.0000,0.0000,'2023-03-30 15:39:22'),(881,35,921,0.0000,0.0000,'2023-03-30 15:39:22'),(882,43,921,0.0000,0.0000,'2023-03-30 15:39:22'),(883,36,921,-6111.0200,0.0000,'2023-03-30 15:39:22'),(884,44,921,-4166.2000,0.0000,'2023-03-30 15:39:22'),(888,67,923,99.0000,0.0000,'2023-03-30 15:39:22'),(889,35,925,-99.0000,0.0000,'2023-03-30 15:39:23'),(890,37,925,-14.7700,0.0000,'2023-03-30 15:39:22'),(891,69,925,3.9800,0.0000,'2023-03-30 15:39:22'),(892,67,926,0.0000,0.0000,'2023-03-30 15:39:22'),(893,35,926,0.0000,0.0000,'2023-03-30 15:39:22'),(894,68,926,-13547.4100,0.0000,'2023-03-30 15:39:22'),(895,36,926,-6210.0200,0.0000,'2023-03-30 15:39:22'),(899,63,928,14.2100,0.0000,'2023-03-30 15:39:23'),(900,35,930,-14.2100,0.0000,'2023-03-30 15:39:23'),(901,63,931,0.0000,0.0000,'2023-03-30 15:39:23'),(902,35,931,0.0000,0.0000,'2023-03-30 15:39:23'),(903,64,931,-12062.1600,0.0000,'2023-03-30 15:39:23'),(904,36,931,-6224.2300,0.0000,'2023-03-30 15:39:23'),(908,37,930,-14.8600,0.0000,'2023-03-30 15:39:23'),(909,65,930,12.6600,0.0000,'2023-03-30 15:39:23'),(910,43,933,110.0000,0.0000,'2023-03-30 15:39:23'),(911,35,935,-110.0000,0.0000,'2023-03-30 15:39:24'),(912,43,936,0.0000,0.0000,'2023-03-30 15:39:23'),(913,35,936,0.0000,0.0000,'2023-03-30 15:39:23'),(914,44,936,-4056.2000,0.0000,'2023-03-30 15:39:23'),(915,36,936,-6334.2300,0.0000,'2023-03-30 15:39:23'),(919,37,935,-15.5200,0.0000,'2023-03-30 15:39:23'),(920,45,935,-1.1200,0.0000,'2023-03-30 15:39:23'),(921,63,938,15.0000,0.0000,'2023-03-30 15:39:24'),(922,35,940,-15.0000,0.0000,'2023-03-30 15:39:24'),(923,63,941,0.0000,0.0000,'2023-03-30 15:39:24'),(924,35,941,0.0000,0.0000,'2023-03-30 15:39:24'),(925,64,941,-12047.1600,0.0000,'2023-03-30 15:39:24'),(926,36,941,-6349.2300,0.0000,'2023-03-30 15:39:24'),(930,37,940,-15.6100,0.0000,'2023-03-30 15:39:24'),(931,65,940,12.7500,0.0000,'2023-03-30 15:39:24'),(932,35,943,158.3600,0.0000,'2023-03-30 15:39:24'),(933,43,945,-158.3600,0.0000,'2023-03-30 15:39:25'),(934,37,945,-14.6600,0.0000,'2023-03-30 15:39:24'),(935,45,945,-2.0700,0.0000,'2023-03-30 15:39:24'),(936,35,946,0.0000,0.0000,'2023-03-30 15:39:24'),(937,43,946,0.0000,0.0000,'2023-03-30 15:39:24'),(938,36,946,-6190.8700,0.0000,'2023-03-30 15:39:24'),(939,44,946,-4214.5600,0.0000,'2023-03-30 15:39:24'),(943,35,948,211.1500,0.0000,'2023-03-30 15:39:25'),(944,67,950,-211.1500,0.0000,'2023-03-30 15:39:25'),(945,35,951,0.0000,0.0000,'2023-03-30 15:39:25'),(946,67,951,0.0000,0.0000,'2023-03-30 15:39:25'),(947,36,951,-5979.7200,0.0000,'2023-03-30 15:39:25'),(948,68,951,-13758.5600,0.0000,'2023-03-30 15:39:25'),(952,35,953,211.1500,0.0000,'2023-03-30 15:39:25'),(953,43,955,-211.1500,0.0000,'2023-03-30 15:39:26'),(954,37,955,-13.3900,0.0000,'2023-03-30 15:39:25'),(955,45,955,-3.3400,0.0000,'2023-03-30 15:39:25'),(956,35,956,0.0000,0.0000,'2023-03-30 15:39:25'),(957,43,956,0.0000,0.0000,'2023-03-30 15:39:25'),(958,36,956,-5768.5700,0.0000,'2023-03-30 15:39:25'),(959,44,956,-4425.7100,0.0000,'2023-03-30 15:39:25'),(963,63,958,14.2100,0.0000,'2023-03-30 15:39:26'),(964,35,960,-14.2100,0.0000,'2023-03-30 15:39:26'),(965,37,960,-13.4800,0.0000,'2023-03-30 15:39:26'),(966,65,960,12.8400,0.0000,'2023-03-30 15:39:26'),(967,63,961,0.0000,0.0000,'2023-03-30 15:39:26'),(968,35,961,0.0000,0.0000,'2023-03-30 15:39:26'),(969,64,961,-12032.9500,0.0000,'2023-03-30 15:39:26'),(970,36,961,-5782.7800,0.0000,'2023-03-30 15:39:26'),(974,43,963,150.0000,0.0000,'2023-03-30 15:39:26'),(975,35,965,-150.0000,0.0000,'2023-03-30 15:39:27'),(976,37,965,-14.3800,0.0000,'2023-03-30 15:39:26'),(977,45,965,-2.4400,0.0000,'2023-03-30 15:39:26'),(978,43,966,0.0000,0.0000,'2023-03-30 15:39:26'),(979,35,966,0.0000,0.0000,'2023-03-30 15:39:26'),(980,44,966,-4275.7100,0.0000,'2023-03-30 15:39:26'),(981,36,966,-5932.7800,0.0000,'2023-03-30 15:39:26'),(985,43,968,15.0000,0.0000,'2023-03-30 15:39:27'),(986,63,970,-15.0000,0.0000,'2023-03-30 15:39:27'),(987,45,970,-2.3500,0.0000,'2023-03-30 15:39:27'),(988,65,970,12.7500,0.0000,'2023-03-30 15:39:27'),(989,43,971,0.0000,0.0000,'2023-03-30 15:39:27'),(990,63,971,0.0000,0.0000,'2023-03-30 15:39:27'),(991,44,971,-4260.7100,0.0000,'2023-03-30 15:39:27'),(992,64,971,-12047.9500,0.0000,'2023-03-30 15:39:27'),(996,67,973,158.3600,0.0000,'2023-03-30 15:39:27'),(997,35,975,-158.3600,0.0000,'2023-03-30 15:39:28'),(998,37,975,-15.3300,0.0000,'2023-03-30 15:39:27'),(999,69,975,4.9300,0.0000,'2023-03-30 15:39:27'),(1000,67,976,0.0000,0.0000,'2023-03-30 15:39:27'),(1001,35,976,0.0000,0.0000,'2023-03-30 15:39:27'),(1002,68,976,-13600.2000,0.0000,'2023-03-30 15:39:27'),(1003,36,976,-6091.1400,0.0000,'2023-03-30 15:39:27'),(1007,35,978,211.1500,0.0000,'2023-03-30 15:39:28'),(1008,63,980,-211.1500,0.0000,'2023-03-30 15:39:28'),(1009,35,981,0.0000,0.0000,'2023-03-30 15:39:28'),(1010,63,981,0.0000,0.0000,'2023-03-30 15:39:28'),(1011,36,981,-5879.9900,0.0000,'2023-03-30 15:39:28'),(1012,64,981,-12259.1000,0.0000,'2023-03-30 15:39:28'),(1016,63,983,211.1500,0.0000,'2023-03-30 15:39:28'),(1017,43,985,-211.1500,0.0000,'2023-03-30 15:39:29'),(1018,45,985,-3.6200,0.0000,'2023-03-30 15:39:28'),(1019,65,985,14.0200,0.0000,'2023-03-30 15:39:28'),(1020,63,986,0.0000,0.0000,'2023-03-30 15:39:28'),(1021,43,986,0.0000,0.0000,'2023-03-30 15:39:28'),(1022,64,986,-12047.9500,0.0000,'2023-03-30 15:39:28'),(1023,44,986,-4471.8600,0.0000,'2023-03-30 15:39:28'),(1027,63,988,14.2100,0.0000,'2023-03-30 15:39:29'),(1028,35,990,-14.2100,0.0000,'2023-03-30 15:39:29'),(1029,63,991,0.0000,0.0000,'2023-03-30 15:39:29'),(1030,35,991,0.0000,0.0000,'2023-03-30 15:39:29'),(1031,64,991,-12033.7400,0.0000,'2023-03-30 15:39:29'),(1032,36,991,-5894.2000,0.0000,'2023-03-30 15:39:29'),(1036,37,990,-15.4200,0.0000,'2023-03-30 15:39:29'),(1037,65,990,14.1100,0.0000,'2023-03-30 15:39:29'),(1038,43,993,150.0000,0.0000,'2023-03-30 15:39:29'),(1039,67,995,-150.0000,0.0000,'2023-03-30 15:39:30'),(1040,45,995,-2.7200,0.0000,'2023-03-30 15:39:29'),(1041,69,995,4.0300,0.0000,'2023-03-30 15:39:29'),(1042,43,996,0.0000,0.0000,'2023-03-30 15:39:29'),(1043,67,996,0.0000,0.0000,'2023-03-30 15:39:29'),(1044,44,996,-4321.8600,0.0000,'2023-03-30 15:39:29'),(1045,68,996,-13750.2000,0.0000,'2023-03-30 15:39:29'),(1049,47,998,1747.2468,0.0000,'2023-03-30 15:39:46'),(1050,49,1000,1.0000,0.0000,'2023-03-30 15:39:46'),(1051,15,1002,-1561.2468,0.0000,'2023-03-30 15:39:47'),(1052,17,1004,-1.0000,0.0000,'2023-03-30 15:39:47'),(1053,47,1006,1748.2468,0.0000,'2023-03-30 15:39:47'),(1054,49,1008,2.0000,0.0000,'2023-03-30 15:39:47'),(1055,15,1011,-1562.2468,0.0000,'2023-03-30 15:39:48'),(1056,17,1012,-2.0000,0.0000,'2023-03-30 15:39:48'),(1057,49,1015,3.0000,0.0000,'2023-03-30 15:39:48'),(1058,47,1016,1749.2468,0.0000,'2023-03-30 15:39:48'),(1059,17,1018,-3.0000,0.0000,'2023-03-30 15:39:49'),(1060,15,1020,-1563.2468,0.0000,'2023-03-30 15:39:49'),(1061,49,1022,4.0000,0.0000,'2023-03-30 15:39:49'),(1062,47,1024,1750.2468,0.0000,'2023-03-30 15:39:49'),(1063,17,1026,-4.0000,0.0000,'2023-03-30 15:39:50'),(1064,15,1028,-1564.2468,0.0000,'2023-03-30 15:39:50'),(1065,47,1030,1751.2468,0.0000,'2023-03-30 15:39:50'),(1066,49,1032,6.0000,0.0000,'2023-03-30 15:39:50'),(1067,47,1035,1750.2468,0.0000,'2023-03-30 15:39:51'),(1068,49,1036,4.0000,0.0000,'2023-03-30 15:39:51'),(1069,47,1039,1751.2468,0.0000,'2023-03-30 15:39:52'),(1070,15,1041,-1565.2468,0.0000,'2023-03-30 15:39:53'),(1071,47,1044,1752.2468,0.0000,'2023-03-30 15:39:53'),(1072,49,1045,5.0000,0.0000,'2023-03-30 15:39:53'),(1073,15,1047,-1566.2468,0.0000,'2023-03-30 15:39:54'),(1074,17,1049,-5.0000,0.0000,'2023-03-30 15:39:54'),(1075,47,1051,1753.2468,0.0000,'2023-03-30 15:40:14'),(1076,49,1053,6.0000,0.0000,'2023-03-30 15:40:14'),(1077,15,1055,-1567.2468,0.0000,'2023-03-30 15:40:14'),(1078,17,1057,-6.0000,0.0000,'2023-03-30 15:40:14'),(1079,47,1059,1754.2468,0.0000,'2023-03-30 15:40:14'),(1080,49,1061,7.0000,0.0000,'2023-03-30 15:40:14'),(1081,17,1063,-7.0000,0.0000,'2023-03-30 15:40:15'),(1082,15,1065,-1568.2468,0.0000,'2023-03-30 15:40:15'),(1083,47,1067,1755.2468,0.0000,'2023-03-30 15:41:16'),(1084,49,1069,9.0000,0.0000,'2023-03-30 15:41:16'),(1085,47,1072,1754.2468,0.0000,'2023-03-30 15:41:17'),(1086,49,1073,7.0000,0.0000,'2023-03-30 15:41:17'),(1087,47,1076,1755.2468,0.0000,'2023-03-30 15:41:29'),(1088,49,1077,9.0000,0.0000,'2023-03-30 15:41:29'),(1089,47,1081,1754.2468,0.0000,'2023-03-30 15:41:45'),(1090,49,1082,7.0000,0.0000,'2023-03-30 15:41:45'),(1091,47,1084,1755.2468,0.0000,'2023-03-30 15:41:56'),(1092,49,1086,9.0000,0.0000,'2023-03-30 15:41:56'),(1093,47,1090,1754.2468,0.0000,'2023-03-30 15:42:00'),(1094,49,1091,7.0000,0.0000,'2023-03-30 15:42:00'),(1095,2,1093,65000.0000,0.0000,'2023-03-30 15:42:16'),(1096,72,1095,-5000.0000,0.0000,'2023-03-30 15:42:16'),(1097,2,1097,70000.0000,0.0000,'2023-03-30 15:42:29'),(1098,76,1099,-5000.0000,0.0000,'2023-03-30 15:42:29'),(1099,71,1101,100.0000,0.0000,'2023-03-30 15:43:05'),(1100,75,1103,-100.0000,0.0000,'2023-03-30 15:43:05'),(1101,2,1105,570000.0000,0.0000,'2023-03-30 15:43:16'),(1102,80,1107,-500000.0000,0.0000,'2023-03-30 15:43:16'),(1103,4,1109,550000.0000,0.0000,'2023-03-30 15:43:19'),(1104,82,1111,-500000.0000,0.0000,'2023-03-30 15:43:19'),(1105,2,1113,1070000.0000,0.0000,'2023-03-30 15:43:28'),(1106,88,1115,-500000.0000,0.0000,'2023-03-30 15:43:28'),(1107,4,1117,1050000.0000,0.0000,'2023-03-30 15:43:30'),(1108,90,1119,-500000.0000,0.0000,'2023-03-30 15:43:30'),(1109,2,1121,1570000.0000,0.0000,'2023-03-30 15:43:41'),(1110,96,1123,-500000.0000,0.0000,'2023-03-30 15:43:41'),(1111,4,1125,1550000.0000,0.0000,'2023-03-30 15:43:43'),(1112,98,1127,-500000.0000,0.0000,'2023-03-30 15:43:43'),(1113,81,1130,100.0000,0.0000,'2023-03-30 15:44:09'),(1114,81,1132,200.0000,0.0000,'2023-03-30 15:44:09'),(1115,81,1134,300.0000,0.0000,'2023-03-30 15:44:09'),(1116,81,1135,400.0000,0.0000,'2023-03-30 15:44:09'),(1117,81,1137,500.0000,0.0000,'2023-03-30 15:44:09'),(1118,81,1139,600.0000,0.0000,'2023-03-30 15:44:09'),(1119,81,1142,700.0000,0.0000,'2023-03-30 15:44:09'),(1120,81,1143,800.0000,0.0000,'2023-03-30 15:44:09'),(1121,81,1145,900.0000,0.0000,'2023-03-30 15:44:09'),(1122,81,1147,1000.0000,0.0000,'2023-03-30 15:44:09'),(1123,89,1149,-100.0000,0.0000,'2023-03-30 15:44:10'),(1124,89,1151,-200.0000,0.0000,'2023-03-30 15:44:10'),(1125,89,1154,-300.0000,0.0000,'2023-03-30 15:44:10'),(1126,89,1156,-400.0000,0.0000,'2023-03-30 15:44:10'),(1127,89,1157,-500.0000,0.0000,'2023-03-30 15:44:10'),(1128,97,1159,-100.0000,0.0000,'2023-03-30 15:44:10'),(1129,97,1161,-200.0000,0.0000,'2023-03-30 15:44:10'),(1130,97,1163,-300.0000,0.0000,'2023-03-30 15:44:10'),(1131,97,1165,-400.0000,0.0000,'2023-03-30 15:44:10'),(1132,97,1167,-500.0000,0.0000,'2023-03-30 15:44:10'),(1133,81,1169,1100.0000,0.0000,'2023-03-30 15:44:12'),(1134,81,1171,1200.0000,0.0000,'2023-03-30 15:44:12'),(1135,81,1173,1300.0000,0.0000,'2023-03-30 15:44:12'),(1136,81,1175,1400.0000,0.0000,'2023-03-30 15:44:12'),(1137,81,1178,1500.0000,0.0000,'2023-03-30 15:44:12'),(1138,81,1180,1600.0000,0.0000,'2023-03-30 15:44:12'),(1139,81,1181,1700.0000,0.0000,'2023-03-30 15:44:12'),(1140,81,1183,1800.0000,0.0000,'2023-03-30 15:44:12'),(1141,81,1185,1900.0000,0.0000,'2023-03-30 15:44:12'),(1142,81,1188,2000.0000,0.0000,'2023-03-30 15:44:12'),(1143,97,1190,-600.0000,0.0000,'2023-03-30 15:44:13'),(1144,97,1191,-700.0000,0.0000,'2023-03-30 15:44:13'),(1145,97,1193,-800.0000,0.0000,'2023-03-30 15:44:13'),(1146,97,1195,-900.0000,0.0000,'2023-03-30 15:44:13'),(1147,97,1197,-1000.0000,0.0000,'2023-03-30 15:44:13'),(1148,89,1199,-600.0000,0.0000,'2023-03-30 15:44:13'),(1149,89,1201,-700.0000,0.0000,'2023-03-30 15:44:13'),(1150,89,1203,-800.0000,0.0000,'2023-03-30 15:44:13'),(1151,89,1205,-900.0000,0.0000,'2023-03-30 15:44:13'),(1152,89,1207,-1000.0000,0.0000,'2023-03-30 15:44:13'),(1153,81,1210,2678.9100,0.0000,'2023-03-30 15:44:14'),(1154,81,1212,3357.8200,0.0000,'2023-03-30 15:44:14'),(1155,81,1214,3814.6000,0.0000,'2023-03-30 15:44:14'),(1156,81,1215,4493.5100,0.0000,'2023-03-30 15:44:14'),(1157,97,1217,-1678.9100,0.0000,'2023-03-30 15:44:14'),(1158,97,1219,-2357.8200,0.0000,'2023-03-30 15:44:14'),(1159,89,1221,-1456.7800,0.0000,'2023-03-30 15:44:14'),(1160,89,1223,-2135.6900,0.0000,'2023-03-30 15:44:14'),(1161,81,1225,4593.5100,0.0000,'2023-03-30 15:44:16'),(1162,81,1227,4693.5100,0.0000,'2023-03-30 15:44:16'),(1163,81,1229,4793.5100,0.0000,'2023-03-30 15:44:17'),(1164,81,1231,4893.5100,0.0000,'2023-03-30 15:44:17'),(1165,81,1233,4993.5100,0.0000,'2023-03-30 15:44:17'),(1166,81,1235,5093.5100,0.0000,'2023-03-30 15:44:17'),(1167,81,1237,5193.5100,0.0000,'2023-03-30 15:44:17'),(1168,81,1239,5293.5100,0.0000,'2023-03-30 15:44:17'),(1169,81,1241,5393.5100,0.0000,'2023-03-30 15:44:17'),(1170,97,1244,-2457.8200,0.0000,'2023-03-30 15:44:17'),(1171,81,1247,5493.5100,0.0000,'2023-03-30 15:44:17'),(1172,97,1248,-2557.8200,0.0000,'2023-03-30 15:44:17'),(1173,97,1250,-2657.8200,0.0000,'2023-03-30 15:44:17'),(1174,97,1251,-2757.8200,0.0000,'2023-03-30 15:44:17'),(1175,97,1253,-2857.8200,0.0000,'2023-03-30 15:44:17'),(1176,89,1255,-2235.6900,0.0000,'2023-03-30 15:44:17'),(1177,89,1258,-2335.6900,0.0000,'2023-03-30 15:44:17'),(1178,89,1260,-2435.6900,0.0000,'2023-03-30 15:44:17'),(1179,89,1262,-2535.6900,0.0000,'2023-03-30 15:44:17'),(1180,89,1263,-2635.6900,0.0000,'2023-03-30 15:44:18'),(1181,81,1266,6283.0700,0.0000,'2023-03-30 15:46:00'),(1182,81,1267,7072.6300,0.0000,'2023-03-30 15:46:01'),(1183,81,1269,6283.0700,0.0000,'2023-03-30 15:46:01'),(1184,81,1271,5493.5100,0.0000,'2023-03-30 15:46:01'),(1185,81,1273,5616.9600,0.0000,'2023-03-30 15:46:01'),(1186,81,1275,5740.4100,0.0000,'2023-03-30 15:46:01'),(1187,81,1277,6529.9700,0.0000,'2023-03-30 15:46:22'),(1188,81,1279,7319.5300,0.0000,'2023-03-30 15:46:22'),(1189,81,1281,8109.0900,0.0000,'2023-03-30 15:46:22'),(1190,89,1283,-3425.2500,0.0000,'2023-03-30 15:46:22'),(1191,81,1285,7319.5300,0.0000,'2023-03-30 15:46:22'),(1192,81,1287,6529.9700,0.0000,'2023-03-30 15:46:22'),(1193,81,1289,7319.5300,0.0000,'2023-03-30 15:46:22'),(1194,81,1291,8109.0900,0.0000,'2023-03-30 15:46:22'),(1195,81,1293,8898.6500,0.0000,'2023-03-30 15:46:22'),(1196,89,1295,-4214.8100,0.0000,'2023-03-30 15:46:23'),(1197,15,1306,0.0000,0.0000,'2023-03-30 15:47:01'),(1198,1,1306,-1568.2468,0.0000,'2023-03-30 15:47:01'),(1199,23,1307,0.0000,0.0000,'2023-03-30 15:47:01'),(1200,1,1307,-1572.2468,0.0000,'2023-03-30 15:47:01'),(1201,39,1309,0.0000,0.0000,'2023-03-30 15:47:01'),(1202,1,1309,-1952.2468,0.0000,'2023-03-30 15:47:01'),(1203,55,1311,0.0000,0.0000,'2023-03-30 15:47:01'),(1204,1,1311,-2154.2468,0.0000,'2023-03-30 15:47:01'),(1205,75,1313,0.0000,0.0000,'2023-03-30 15:47:01'),(1206,1,1313,-2254.2468,0.0000,'2023-03-30 15:47:01'),(1207,7,1315,0.0000,0.0000,'2023-03-30 15:47:01'),(1208,1,1315,-2234.2468,0.0000,'2023-03-30 15:47:01'),(1209,31,1321,0.0000,0.0000,'2023-03-30 15:47:01'),(1210,1,1321,-1854.2468,0.0000,'2023-03-30 15:47:01'),(1211,47,1325,0.0000,0.0000,'2023-03-30 15:47:01'),(1212,1,1325,-100.0000,0.0000,'2023-03-30 15:47:01'),(1213,71,1329,0.0000,0.0000,'2023-03-30 15:47:01'),(1214,1,1329,0.0000,0.0000,'2023-03-30 15:47:01'),(1215,81,1335,8775.2000,0.0000,'2023-03-30 15:47:15'),(1216,81,1336,8651.7500,0.0000,'2023-03-30 15:47:15'),(1217,81,1340,7862.1900,0.0000,'2023-03-30 15:47:30'),(1218,81,1341,7072.6300,0.0000,'2023-03-30 15:47:30');
/*!40000 ALTER TABLE `participantPositionChange` ENABLE KEYS */;
UNLOCK TABLES;

--
-- Table structure for table `party`
--

DROP TABLE IF EXISTS `party`;
/*!40101 SET @saved_cs_client     = @@character_set_client */;
/*!50503 SET character_set_client = utf8mb4 */;
CREATE TABLE `party` (
  `partyId` bigint unsigned NOT NULL AUTO_INCREMENT,
  `quotePartyId` bigint unsigned NOT NULL,
  `firstName` varchar(128) COLLATE utf8mb4_unicode_ci DEFAULT NULL,
  `middleName` varchar(128) COLLATE utf8mb4_unicode_ci DEFAULT NULL,
  `lastName` varchar(128) COLLATE utf8mb4_unicode_ci DEFAULT NULL,
  `dateOfBirth` datetime DEFAULT NULL,
  PRIMARY KEY (`partyId`),
  KEY `party_quotepartyid_foreign` (`quotePartyId`),
  CONSTRAINT `party_quotepartyid_foreign` FOREIGN KEY (`quotePartyId`) REFERENCES `quoteParty` (`quotePartyId`)
) ENGINE=InnoDB DEFAULT CHARSET=utf8mb4 COLLATE=utf8mb4_unicode_ci COMMENT='Optional pers. data provided during Quote Request & Response';
/*!40101 SET character_set_client = @saved_cs_client */;

--
-- Dumping data for table `party`
--

LOCK TABLES `party` WRITE;
/*!40000 ALTER TABLE `party` DISABLE KEYS */;
/*!40000 ALTER TABLE `party` ENABLE KEYS */;
UNLOCK TABLES;

--
-- Table structure for table `partyIdentifierType`
--

DROP TABLE IF EXISTS `partyIdentifierType`;
/*!40101 SET @saved_cs_client     = @@character_set_client */;
/*!50503 SET character_set_client = utf8mb4 */;
CREATE TABLE `partyIdentifierType` (
  `partyIdentifierTypeId` int unsigned NOT NULL AUTO_INCREMENT,
  `name` varchar(50) NOT NULL,
  `description` varchar(512) NOT NULL,
  PRIMARY KEY (`partyIdentifierTypeId`),
  UNIQUE KEY `partyidentifiertype_name_unique` (`name`)
) ENGINE=InnoDB AUTO_INCREMENT=9 DEFAULT CHARSET=utf8mb3;
/*!40101 SET character_set_client = @saved_cs_client */;

--
-- Dumping data for table `partyIdentifierType`
--

LOCK TABLES `partyIdentifierType` WRITE;
/*!40000 ALTER TABLE `partyIdentifierType` DISABLE KEYS */;
INSERT INTO `partyIdentifierType` VALUES (1,'MSISDN','An MSISDN (Mobile Station International Subscriber Directory Number; that is, a phone number) is used in reference to a Party'),(2,'EMAIL','An email is used in reference to a Party. The format of the email should be according to the informational RFC 3696'),(3,'PERSONAL_ID','A personal identifier is used in reference to a participant. Examples of personal identification are passport number, birth certificate number, and national registration number. The identifier number is added in the PartyIdentifier element. The personal identifier type is added in the PartySubIdOrType element'),(4,'BUSINESS','A specific Business (for example, an organization or a company) is used in reference to a participant. The BUSINESS identifier can be in any format. To make a transaction connected to a specific username or bill number in a Business, the PartySubIdOrType element should be used'),(5,'DEVICE','A specific device (for example, POS or ATM) ID connected to a specific business or organization is used in reference to a Party. For referencing a specific device under a specific business or organization, use the PartySubIdOrType element'),(6,'ACCOUNT_ID','A bank account number or FSP account ID should be used in reference to a participant. The ACCOUNT_ID identifier can be in any format, as formats can greatly differ depending on country and FSP'),(7,'IBAN','A bank account number or FSP account ID is used in reference to a participant. The IBAN identifier can consist of up to 34 alphanumeric characters and should be entered without whitespace'),(8,'ALIAS','An alias is used in reference to a participant. The alias should be created in the FSP as an alternative reference to an account owner. Another example of an alias is a username in the FSP system. The ALIAS identifier can be in any format. It is also possible to use the PartySubIdOrType element for identifying an account under an Alias defined by the PartyIdentifier');
/*!40000 ALTER TABLE `partyIdentifierType` ENABLE KEYS */;
UNLOCK TABLES;

--
-- Table structure for table `partyType`
--

DROP TABLE IF EXISTS `partyType`;
/*!40101 SET @saved_cs_client     = @@character_set_client */;
/*!50503 SET character_set_client = utf8mb4 */;
CREATE TABLE `partyType` (
  `partyTypeId` int unsigned NOT NULL AUTO_INCREMENT,
  `name` varchar(128) NOT NULL,
  `description` varchar(256) NOT NULL,
  PRIMARY KEY (`partyTypeId`),
  UNIQUE KEY `partytype_name_unique` (`name`)
) ENGINE=InnoDB AUTO_INCREMENT=3 DEFAULT CHARSET=utf8mb3;
/*!40101 SET character_set_client = @saved_cs_client */;

--
-- Dumping data for table `partyType`
--

LOCK TABLES `partyType` WRITE;
/*!40000 ALTER TABLE `partyType` DISABLE KEYS */;
INSERT INTO `partyType` VALUES (1,'PAYER','Represents the entity sending money'),(2,'PAYEE','Represents the entity receiving money');
/*!40000 ALTER TABLE `partyType` ENABLE KEYS */;
UNLOCK TABLES;

--
-- Table structure for table `quote`
--

DROP TABLE IF EXISTS `quote`;
/*!40101 SET @saved_cs_client     = @@character_set_client */;
/*!50503 SET character_set_client = utf8mb4 */;
CREATE TABLE `quote` (
  `quoteId` varchar(36) NOT NULL,
  `transactionReferenceId` varchar(36) NOT NULL COMMENT 'Common ID (decided by the Payer FSP) between the FSPs for the future transaction object',
  `transactionRequestId` varchar(36) DEFAULT NULL COMMENT 'Optional previously-sent transaction request',
  `note` text COMMENT 'A memo that will be attached to the transaction',
  `expirationDate` datetime DEFAULT NULL COMMENT 'Optional expiration for the requested transaction',
  `transactionInitiatorId` int unsigned NOT NULL COMMENT 'This is part of the transaction initiator',
  `transactionInitiatorTypeId` int unsigned NOT NULL COMMENT 'This is part of the transaction initiator type',
  `transactionScenarioId` int unsigned NOT NULL COMMENT 'This is part of the transaction scenario',
  `balanceOfPaymentsId` int unsigned DEFAULT NULL COMMENT 'This is part of the transaction type that contains the elements- balance of payment',
  `transactionSubScenarioId` int unsigned DEFAULT NULL COMMENT 'This is part of the transaction type sub scenario as defined by the local scheme',
  `amountTypeId` int unsigned NOT NULL COMMENT 'This is part of the transaction type that contains valid elements for - Amount Type',
  `amount` decimal(18,4) NOT NULL DEFAULT '0.0000' COMMENT 'The amount that the quote is being requested for. Need to be interpert in accordance with the amount type',
  `currencyId` varchar(255) DEFAULT NULL COMMENT 'Trading currency pertaining to the Amount',
  `createdDate` datetime NOT NULL DEFAULT CURRENT_TIMESTAMP COMMENT 'System dateTime stamp pertaining to the inserted record',
  PRIMARY KEY (`quoteId`),
  KEY `quote_transactionreferenceid_foreign` (`transactionReferenceId`),
  KEY `quote_transactionrequestid_foreign` (`transactionRequestId`),
  KEY `quote_transactioninitiatorid_foreign` (`transactionInitiatorId`),
  KEY `quote_transactioninitiatortypeid_foreign` (`transactionInitiatorTypeId`),
  KEY `quote_transactionscenarioid_foreign` (`transactionScenarioId`),
  KEY `quote_balanceofpaymentsid_foreign` (`balanceOfPaymentsId`),
  KEY `quote_transactionsubscenarioid_foreign` (`transactionSubScenarioId`),
  KEY `quote_amounttypeid_foreign` (`amountTypeId`),
  KEY `quote_currencyid_foreign` (`currencyId`),
  CONSTRAINT `quote_amounttypeid_foreign` FOREIGN KEY (`amountTypeId`) REFERENCES `amountType` (`amountTypeId`),
  CONSTRAINT `quote_balanceofpaymentsid_foreign` FOREIGN KEY (`balanceOfPaymentsId`) REFERENCES `balanceOfPayments` (`balanceOfPaymentsId`),
  CONSTRAINT `quote_currencyid_foreign` FOREIGN KEY (`currencyId`) REFERENCES `currency` (`currencyId`),
  CONSTRAINT `quote_transactioninitiatorid_foreign` FOREIGN KEY (`transactionInitiatorId`) REFERENCES `transactionInitiator` (`transactionInitiatorId`),
  CONSTRAINT `quote_transactioninitiatortypeid_foreign` FOREIGN KEY (`transactionInitiatorTypeId`) REFERENCES `transactionInitiatorType` (`transactionInitiatorTypeId`),
  CONSTRAINT `quote_transactionreferenceid_foreign` FOREIGN KEY (`transactionReferenceId`) REFERENCES `transactionReference` (`transactionReferenceId`),
  CONSTRAINT `quote_transactionscenarioid_foreign` FOREIGN KEY (`transactionScenarioId`) REFERENCES `transactionScenario` (`transactionScenarioId`),
  CONSTRAINT `quote_transactionsubscenarioid_foreign` FOREIGN KEY (`transactionSubScenarioId`) REFERENCES `transactionSubScenario` (`transactionSubScenarioId`)
) ENGINE=InnoDB DEFAULT CHARSET=utf8mb3;
/*!40101 SET character_set_client = @saved_cs_client */;

--
-- Dumping data for table `quote`
--

LOCK TABLES `quote` WRITE;
/*!40000 ALTER TABLE `quote` DISABLE KEYS */;
/*!40000 ALTER TABLE `quote` ENABLE KEYS */;
UNLOCK TABLES;

--
-- Table structure for table `quoteDuplicateCheck`
--

DROP TABLE IF EXISTS `quoteDuplicateCheck`;
/*!40101 SET @saved_cs_client     = @@character_set_client */;
/*!50503 SET character_set_client = utf8mb4 */;
CREATE TABLE `quoteDuplicateCheck` (
  `quoteId` varchar(36) NOT NULL COMMENT 'Common ID between the FSPs for the quote object, decided by the Payer FSP',
  `hash` varchar(1024) DEFAULT NULL COMMENT 'hash value received for the quote request',
  `createdDate` datetime NOT NULL DEFAULT CURRENT_TIMESTAMP COMMENT 'System dateTime stamp pertaining to the inserted record',
  PRIMARY KEY (`quoteId`)
) ENGINE=InnoDB DEFAULT CHARSET=utf8mb3;
/*!40101 SET character_set_client = @saved_cs_client */;

--
-- Dumping data for table `quoteDuplicateCheck`
--

LOCK TABLES `quoteDuplicateCheck` WRITE;
/*!40000 ALTER TABLE `quoteDuplicateCheck` DISABLE KEYS */;
/*!40000 ALTER TABLE `quoteDuplicateCheck` ENABLE KEYS */;
UNLOCK TABLES;

--
-- Table structure for table `quoteError`
--

DROP TABLE IF EXISTS `quoteError`;
/*!40101 SET @saved_cs_client     = @@character_set_client */;
/*!50503 SET character_set_client = utf8mb4 */;
CREATE TABLE `quoteError` (
  `quoteErrorId` bigint unsigned NOT NULL AUTO_INCREMENT,
  `quoteId` varchar(36) NOT NULL COMMENT 'Common ID between the FSPs for the quote object, decided by the Payer FSP',
  `quoteResponseId` bigint unsigned DEFAULT NULL COMMENT 'The response to the intial quote',
  `errorCode` int unsigned NOT NULL,
  `errorDescription` varchar(128) NOT NULL,
  `createdDate` datetime NOT NULL DEFAULT CURRENT_TIMESTAMP,
  PRIMARY KEY (`quoteErrorId`),
  KEY `quoteerror_quoteid_foreign` (`quoteId`),
  KEY `quoteerror_quoteresponseid_foreign` (`quoteResponseId`),
  CONSTRAINT `quoteerror_quoteid_foreign` FOREIGN KEY (`quoteId`) REFERENCES `quote` (`quoteId`),
  CONSTRAINT `quoteerror_quoteresponseid_foreign` FOREIGN KEY (`quoteResponseId`) REFERENCES `quoteResponse` (`quoteResponseId`)
) ENGINE=InnoDB DEFAULT CHARSET=utf8mb3;
/*!40101 SET character_set_client = @saved_cs_client */;

--
-- Dumping data for table `quoteError`
--

LOCK TABLES `quoteError` WRITE;
/*!40000 ALTER TABLE `quoteError` DISABLE KEYS */;
/*!40000 ALTER TABLE `quoteError` ENABLE KEYS */;
UNLOCK TABLES;

--
-- Table structure for table `quoteExtension`
--

DROP TABLE IF EXISTS `quoteExtension`;
/*!40101 SET @saved_cs_client     = @@character_set_client */;
/*!50503 SET character_set_client = utf8mb4 */;
CREATE TABLE `quoteExtension` (
  `quoteExtensionId` bigint unsigned NOT NULL AUTO_INCREMENT,
  `quoteId` varchar(36) NOT NULL COMMENT 'Common ID between the FSPs for the quote object, decided by the Payer FSP',
  `quoteResponseId` bigint unsigned DEFAULT NULL,
  `transactionId` varchar(36) DEFAULT NULL COMMENT 'The transaction reference that is part of the initial quote',
  `key` varchar(128) NOT NULL,
  `value` text CHARACTER SET utf8mb4 COLLATE utf8mb4_unicode_ci NOT NULL,
  `createdDate` datetime NOT NULL DEFAULT CURRENT_TIMESTAMP COMMENT 'System dateTime stamp pertaining to the inserted record',
  PRIMARY KEY (`quoteExtensionId`),
  KEY `quoteextension_quoteid_foreign` (`quoteId`),
  KEY `quoteextension_quoteresponseid_foreign` (`quoteResponseId`),
  KEY `quoteextension_transactionid_foreign` (`transactionId`),
  CONSTRAINT `quoteextension_quoteid_foreign` FOREIGN KEY (`quoteId`) REFERENCES `quote` (`quoteId`),
  CONSTRAINT `quoteextension_quoteresponseid_foreign` FOREIGN KEY (`quoteResponseId`) REFERENCES `quoteResponse` (`quoteResponseId`),
  CONSTRAINT `quoteextension_transactionid_foreign` FOREIGN KEY (`transactionId`) REFERENCES `transactionReference` (`transactionReferenceId`)
) ENGINE=InnoDB DEFAULT CHARSET=utf8mb3;
/*!40101 SET character_set_client = @saved_cs_client */;

--
-- Dumping data for table `quoteExtension`
--

LOCK TABLES `quoteExtension` WRITE;
/*!40000 ALTER TABLE `quoteExtension` DISABLE KEYS */;
/*!40000 ALTER TABLE `quoteExtension` ENABLE KEYS */;
UNLOCK TABLES;

--
-- Table structure for table `quoteParty`
--

DROP TABLE IF EXISTS `quoteParty`;
/*!40101 SET @saved_cs_client     = @@character_set_client */;
/*!50503 SET character_set_client = utf8mb4 */;
CREATE TABLE `quoteParty` (
  `quotePartyId` bigint unsigned NOT NULL AUTO_INCREMENT,
  `quoteId` varchar(36) NOT NULL COMMENT 'Common ID between the FSPs for the quote object, decided by the Payer FSP',
  `partyTypeId` int unsigned NOT NULL COMMENT 'Specifies the type of party this row relates to; typically PAYER or PAYEE',
  `partyIdentifierTypeId` int unsigned NOT NULL COMMENT 'Specifies the type of identifier used to identify this party e.g. MSISDN, IBAN etc...',
  `partyIdentifierValue` varchar(128) NOT NULL COMMENT 'The value of the identifier used to identify this party',
  `partySubIdOrTypeId` varchar(128) DEFAULT NULL COMMENT 'A sub-identifier or sub-type for the Party',
  `fspId` varchar(255) DEFAULT NULL COMMENT 'This is the FSP ID as provided in the quote. For the switch between multi-parties it is required',
  `participantId` int unsigned DEFAULT NULL COMMENT 'Reference to the resolved FSP ID (if supplied/known). If not an error will be reported',
  `merchantClassificationCode` varchar(4) DEFAULT NULL COMMENT 'Used in the context of Payee Information, where the Payee happens to be a merchant accepting merchant payments',
  `partyName` varchar(128) DEFAULT NULL COMMENT 'Display name of the Party, could be a real name or a nick name',
  `transferParticipantRoleTypeId` int unsigned NOT NULL COMMENT 'The role this Party is playing in the transaction',
  `ledgerEntryTypeId` int unsigned NOT NULL COMMENT 'The type of financial entry this Party is presenting',
  `amount` decimal(18,4) NOT NULL,
  `currencyId` varchar(3) NOT NULL COMMENT 'Trading currency pertaining to the party amount',
  `createdDate` datetime NOT NULL DEFAULT CURRENT_TIMESTAMP COMMENT 'System dateTime stamp pertaining to the inserted record',
  PRIMARY KEY (`quotePartyId`),
  KEY `quoteparty_quoteid_foreign` (`quoteId`),
  KEY `quoteparty_partytypeid_foreign` (`partyTypeId`),
  KEY `quoteparty_partyidentifiertypeid_foreign` (`partyIdentifierTypeId`),
  KEY `quoteparty_partysubidortypeid_foreign` (`partySubIdOrTypeId`),
  KEY `quoteparty_participantid_foreign` (`participantId`),
  KEY `quoteparty_transferparticipantroletypeid_foreign` (`transferParticipantRoleTypeId`),
  KEY `quoteparty_ledgerentrytypeid_foreign` (`ledgerEntryTypeId`),
  KEY `quoteparty_currencyid_foreign` (`currencyId`),
  CONSTRAINT `quoteparty_currencyid_foreign` FOREIGN KEY (`currencyId`) REFERENCES `currency` (`currencyId`),
  CONSTRAINT `quoteparty_ledgerentrytypeid_foreign` FOREIGN KEY (`ledgerEntryTypeId`) REFERENCES `ledgerEntryType` (`ledgerEntryTypeId`),
  CONSTRAINT `quoteparty_participantid_foreign` FOREIGN KEY (`participantId`) REFERENCES `participant` (`participantId`),
  CONSTRAINT `quoteparty_partyidentifiertypeid_foreign` FOREIGN KEY (`partyIdentifierTypeId`) REFERENCES `partyIdentifierType` (`partyIdentifierTypeId`),
  CONSTRAINT `quoteparty_partytypeid_foreign` FOREIGN KEY (`partyTypeId`) REFERENCES `partyType` (`partyTypeId`),
  CONSTRAINT `quoteparty_quoteid_foreign` FOREIGN KEY (`quoteId`) REFERENCES `quote` (`quoteId`),
  CONSTRAINT `quoteparty_transferparticipantroletypeid_foreign` FOREIGN KEY (`transferParticipantRoleTypeId`) REFERENCES `transferParticipantRoleType` (`transferParticipantRoleTypeId`)
) ENGINE=InnoDB DEFAULT CHARSET=utf8mb3;
/*!40101 SET character_set_client = @saved_cs_client */;

--
-- Dumping data for table `quoteParty`
--

LOCK TABLES `quoteParty` WRITE;
/*!40000 ALTER TABLE `quoteParty` DISABLE KEYS */;
/*!40000 ALTER TABLE `quoteParty` ENABLE KEYS */;
UNLOCK TABLES;

--
-- Table structure for table `quotePartyIdInfoExtension`
--

DROP TABLE IF EXISTS `quotePartyIdInfoExtension`;
/*!40101 SET @saved_cs_client     = @@character_set_client */;
/*!50503 SET character_set_client = utf8mb4 */;
CREATE TABLE `quotePartyIdInfoExtension` (
  `quotePartyIdInfoExtensionId` bigint unsigned NOT NULL AUTO_INCREMENT,
  `quotePartyId` bigint unsigned NOT NULL COMMENT 'quotePartyId: a common id between the tables quotePartyIdInfoExtension and quoteParty',
  `key` varchar(128) COLLATE utf8mb4_unicode_ci NOT NULL,
  `value` mediumtext COLLATE utf8mb4_unicode_ci NOT NULL,
  `createdDate` datetime NOT NULL DEFAULT CURRENT_TIMESTAMP COMMENT 'System dateTime stamp pertaining to the inserted record',
  PRIMARY KEY (`quotePartyIdInfoExtensionId`),
  KEY `quotepartyidinfoextension_quotepartyid_foreign` (`quotePartyId`),
  CONSTRAINT `quotepartyidinfoextension_quotepartyid_foreign` FOREIGN KEY (`quotePartyId`) REFERENCES `quoteParty` (`quotePartyId`)
) ENGINE=InnoDB DEFAULT CHARSET=utf8mb4 COLLATE=utf8mb4_unicode_ci;
/*!40101 SET character_set_client = @saved_cs_client */;

--
-- Dumping data for table `quotePartyIdInfoExtension`
--

LOCK TABLES `quotePartyIdInfoExtension` WRITE;
/*!40000 ALTER TABLE `quotePartyIdInfoExtension` DISABLE KEYS */;
/*!40000 ALTER TABLE `quotePartyIdInfoExtension` ENABLE KEYS */;
UNLOCK TABLES;

--
-- Temporary view structure for view `quotePartyView`
--

DROP TABLE IF EXISTS `quotePartyView`;
/*!50001 DROP VIEW IF EXISTS `quotePartyView`*/;
SET @saved_cs_client     = @@character_set_client;
/*!50503 SET character_set_client = utf8mb4 */;
/*!50001 CREATE VIEW `quotePartyView` AS SELECT 
 1 AS `quoteId`,
 1 AS `quotePartyId`,
 1 AS `partyType`,
 1 AS `identifierType`,
 1 AS `partyIdentifierValue`,
 1 AS `partySubIdOrType`,
 1 AS `fspId`,
 1 AS `merchantClassificationCode`,
 1 AS `partyName`,
 1 AS `firstName`,
 1 AS `lastName`,
 1 AS `middleName`,
 1 AS `dateOfBirth`,
 1 AS `longitude`,
 1 AS `latitude`*/;
SET character_set_client = @saved_cs_client;

--
-- Table structure for table `quoteResponse`
--

DROP TABLE IF EXISTS `quoteResponse`;
/*!40101 SET @saved_cs_client     = @@character_set_client */;
/*!50503 SET character_set_client = utf8mb4 */;
CREATE TABLE `quoteResponse` (
  `quoteResponseId` bigint unsigned NOT NULL AUTO_INCREMENT,
  `quoteId` varchar(36) NOT NULL COMMENT 'Common ID between the FSPs for the quote object, decided by the Payer FSP',
  `transferAmountCurrencyId` varchar(3) NOT NULL COMMENT 'CurrencyId of the transfer amount',
  `transferAmount` decimal(18,4) NOT NULL COMMENT 'The amount of money that the Payer FSP should transfer to the Payee FSP',
  `payeeReceiveAmountCurrencyId` varchar(3) DEFAULT NULL COMMENT 'CurrencyId of the payee receive amount',
  `payeeReceiveAmount` decimal(18,4) DEFAULT NULL COMMENT 'The amount of Money that the Payee should receive in the end-to-end transaction. Optional as the Payee FSP might not want to disclose any optional Payee fees',
  `payeeFspFeeCurrencyId` varchar(3) DEFAULT NULL COMMENT 'CurrencyId of the payee fsp fee amount',
  `payeeFspFeeAmount` decimal(18,4) DEFAULT NULL COMMENT 'Payee FSPs part of the transaction fee',
  `payeeFspCommissionCurrencyId` varchar(3) DEFAULT NULL COMMENT 'CurrencyId of the payee fsp commission amount',
  `payeeFspCommissionAmount` decimal(18,4) DEFAULT NULL COMMENT 'Transaction commission from the Payee FSP',
  `ilpCondition` varchar(256) NOT NULL,
  `responseExpirationDate` datetime DEFAULT NULL COMMENT 'Optional expiration for the requested transaction',
  `isValid` tinyint(1) DEFAULT NULL,
  `createdDate` datetime NOT NULL DEFAULT CURRENT_TIMESTAMP COMMENT 'System dateTime stamp pertaining to the inserted record',
  PRIMARY KEY (`quoteResponseId`),
  KEY `quoteresponse_quoteid_foreign` (`quoteId`),
  KEY `quoteresponse_transferamountcurrencyid_foreign` (`transferAmountCurrencyId`),
  KEY `quoteresponse_payeereceiveamountcurrencyid_foreign` (`payeeReceiveAmountCurrencyId`),
  KEY `quoteresponse_payeefspcommissioncurrencyid_foreign` (`payeeFspCommissionCurrencyId`),
  CONSTRAINT `quoteresponse_payeefspcommissioncurrencyid_foreign` FOREIGN KEY (`payeeFspCommissionCurrencyId`) REFERENCES `currency` (`currencyId`),
  CONSTRAINT `quoteresponse_payeereceiveamountcurrencyid_foreign` FOREIGN KEY (`payeeReceiveAmountCurrencyId`) REFERENCES `currency` (`currencyId`),
  CONSTRAINT `quoteresponse_quoteid_foreign` FOREIGN KEY (`quoteId`) REFERENCES `quote` (`quoteId`),
  CONSTRAINT `quoteresponse_transferamountcurrencyid_foreign` FOREIGN KEY (`transferAmountCurrencyId`) REFERENCES `currency` (`currencyId`)
) ENGINE=InnoDB DEFAULT CHARSET=utf8mb3 COMMENT='This table is the primary store for quote responses';
/*!40101 SET character_set_client = @saved_cs_client */;

--
-- Dumping data for table `quoteResponse`
--

LOCK TABLES `quoteResponse` WRITE;
/*!40000 ALTER TABLE `quoteResponse` DISABLE KEYS */;
/*!40000 ALTER TABLE `quoteResponse` ENABLE KEYS */;
UNLOCK TABLES;

--
-- Table structure for table `quoteResponseDuplicateCheck`
--

DROP TABLE IF EXISTS `quoteResponseDuplicateCheck`;
/*!40101 SET @saved_cs_client     = @@character_set_client */;
/*!50503 SET character_set_client = utf8mb4 */;
CREATE TABLE `quoteResponseDuplicateCheck` (
  `quoteResponseId` bigint unsigned NOT NULL AUTO_INCREMENT COMMENT 'The response to the intial quote',
  `quoteId` varchar(36) NOT NULL COMMENT 'Common ID between the FSPs for the quote object, decided by the Payer FSP',
  `hash` varchar(255) DEFAULT NULL COMMENT 'hash value received for the quote response',
  `createdDate` datetime NOT NULL DEFAULT CURRENT_TIMESTAMP COMMENT 'System dateTime stamp pertaining to the inserted record',
  PRIMARY KEY (`quoteResponseId`),
  KEY `quoteresponseduplicatecheck_quoteid_foreign` (`quoteId`),
  CONSTRAINT `quoteresponseduplicatecheck_quoteid_foreign` FOREIGN KEY (`quoteId`) REFERENCES `quote` (`quoteId`),
  CONSTRAINT `quoteresponseduplicatecheck_quoteresponseid_foreign` FOREIGN KEY (`quoteResponseId`) REFERENCES `quoteResponse` (`quoteResponseId`)
) ENGINE=InnoDB DEFAULT CHARSET=utf8mb3;
/*!40101 SET character_set_client = @saved_cs_client */;

--
-- Dumping data for table `quoteResponseDuplicateCheck`
--

LOCK TABLES `quoteResponseDuplicateCheck` WRITE;
/*!40000 ALTER TABLE `quoteResponseDuplicateCheck` DISABLE KEYS */;
/*!40000 ALTER TABLE `quoteResponseDuplicateCheck` ENABLE KEYS */;
UNLOCK TABLES;

--
-- Table structure for table `quoteResponseIlpPacket`
--

DROP TABLE IF EXISTS `quoteResponseIlpPacket`;
/*!40101 SET @saved_cs_client     = @@character_set_client */;
/*!50503 SET character_set_client = utf8mb4 */;
CREATE TABLE `quoteResponseIlpPacket` (
  `quoteResponseId` bigint unsigned NOT NULL AUTO_INCREMENT,
  `value` text NOT NULL COMMENT 'ilpPacket returned from Payee in response to a quote request',
  PRIMARY KEY (`quoteResponseId`),
  CONSTRAINT `quoteresponseilppacket_quoteresponseid_foreign` FOREIGN KEY (`quoteResponseId`) REFERENCES `quoteResponse` (`quoteResponseId`)
) ENGINE=InnoDB DEFAULT CHARSET=utf8mb3;
/*!40101 SET character_set_client = @saved_cs_client */;

--
-- Dumping data for table `quoteResponseIlpPacket`
--

LOCK TABLES `quoteResponseIlpPacket` WRITE;
/*!40000 ALTER TABLE `quoteResponseIlpPacket` DISABLE KEYS */;
/*!40000 ALTER TABLE `quoteResponseIlpPacket` ENABLE KEYS */;
UNLOCK TABLES;

--
-- Temporary view structure for view `quoteResponseView`
--

DROP TABLE IF EXISTS `quoteResponseView`;
/*!50001 DROP VIEW IF EXISTS `quoteResponseView`*/;
SET @saved_cs_client     = @@character_set_client;
/*!50503 SET character_set_client = utf8mb4 */;
/*!50001 CREATE VIEW `quoteResponseView` AS SELECT 
 1 AS `quoteResponseId`,
 1 AS `quoteId`,
 1 AS `transferAmountCurrencyId`,
 1 AS `transferAmount`,
 1 AS `payeeReceiveAmountCurrencyId`,
 1 AS `payeeReceiveAmount`,
 1 AS `payeeFspFeeCurrencyId`,
 1 AS `payeeFspFeeAmount`,
 1 AS `payeeFspCommissionCurrencyId`,
 1 AS `payeeFspCommissionAmount`,
 1 AS `ilpCondition`,
 1 AS `responseExpirationDate`,
 1 AS `isValid`,
 1 AS `createdDate`,
 1 AS `ilpPacket`,
 1 AS `longitude`,
 1 AS `latitude`*/;
SET character_set_client = @saved_cs_client;

--
-- Temporary view structure for view `quoteView`
--

DROP TABLE IF EXISTS `quoteView`;
/*!50001 DROP VIEW IF EXISTS `quoteView`*/;
SET @saved_cs_client     = @@character_set_client;
/*!50503 SET character_set_client = utf8mb4 */;
/*!50001 CREATE VIEW `quoteView` AS SELECT 
 1 AS `quoteId`,
 1 AS `transactionReferenceId`,
 1 AS `transactionRequestId`,
 1 AS `note`,
 1 AS `expirationDate`,
 1 AS `transactionInitiator`,
 1 AS `transactionInitiatorType`,
 1 AS `transactionScenario`,
 1 AS `balanceOfPaymentsId`,
 1 AS `transactionSubScenario`,
 1 AS `amountType`,
 1 AS `amount`,
 1 AS `currency`*/;
SET character_set_client = @saved_cs_client;

--
-- Table structure for table `segment`
--

DROP TABLE IF EXISTS `segment`;
/*!40101 SET @saved_cs_client     = @@character_set_client */;
/*!50503 SET character_set_client = utf8mb4 */;
CREATE TABLE `segment` (
  `segmentId` int unsigned NOT NULL AUTO_INCREMENT,
  `segmentType` varchar(50) NOT NULL,
  `enumeration` int NOT NULL DEFAULT '0',
  `tableName` varchar(50) NOT NULL,
  `value` bigint NOT NULL,
  `changedDate` datetime NOT NULL DEFAULT CURRENT_TIMESTAMP,
  PRIMARY KEY (`segmentId`),
  KEY `segment_keys_index` (`segmentType`,`enumeration`,`tableName`)
) ENGINE=InnoDB AUTO_INCREMENT=2 DEFAULT CHARSET=utf8mb3;
/*!40101 SET character_set_client = @saved_cs_client */;

--
-- Dumping data for table `segment`
--

LOCK TABLES `segment` WRITE;
/*!40000 ALTER TABLE `segment` DISABLE KEYS */;
INSERT INTO `segment` VALUES (1,'timeout',0,'transferStateChange',1341,'2023-03-30 15:17:00');
/*!40000 ALTER TABLE `segment` ENABLE KEYS */;
UNLOCK TABLES;

--
-- Table structure for table `settlement`
--

DROP TABLE IF EXISTS `settlement`;
/*!40101 SET @saved_cs_client     = @@character_set_client */;
/*!50503 SET character_set_client = utf8mb4 */;
CREATE TABLE `settlement` (
  `settlementId` bigint unsigned NOT NULL AUTO_INCREMENT,
  `reason` varchar(512) DEFAULT NULL,
  `createdDate` datetime NOT NULL DEFAULT CURRENT_TIMESTAMP,
  `currentStateChangeId` bigint unsigned DEFAULT NULL,
  `settlementModelId` int unsigned DEFAULT NULL,
  PRIMARY KEY (`settlementId`),
  KEY `settlement_currentstatechangeid_foreign` (`currentStateChangeId`),
  KEY `settlement_settlementmodelid_foreign` (`settlementModelId`),
  CONSTRAINT `settlement_currentstatechangeid_foreign` FOREIGN KEY (`currentStateChangeId`) REFERENCES `settlementStateChange` (`settlementStateChangeId`),
  CONSTRAINT `settlement_settlementmodelid_foreign` FOREIGN KEY (`settlementModelId`) REFERENCES `settlementModel` (`settlementModelId`)
) ENGINE=InnoDB AUTO_INCREMENT=14 DEFAULT CHARSET=utf8mb3;
/*!40101 SET character_set_client = @saved_cs_client */;

--
-- Dumping data for table `settlement`
--

LOCK TABLES `settlement` WRITE;
/*!40000 ALTER TABLE `settlement` DISABLE KEYS */;
INSERT INTO `settlement` VALUES (1,'TESTING','2023-03-30 15:28:35',10,1),(2,'TESTING','2023-03-30 15:28:38',12,2),(3,'TESTING','2023-03-30 15:29:08',18,1),(4,'TESTING','2023-03-30 15:29:27',24,2),(5,'TESTING','2023-03-30 15:29:55',25,4),(6,'TESTING','2023-03-30 15:30:09',26,4),(7,'TESTING','2023-03-30 15:38:06',36,1),(8,'TESTING','2023-03-30 15:38:09',38,2),(9,'TESTING','2023-03-30 15:38:38',44,1),(10,'TESTING','2023-03-30 15:38:58',50,2),(11,'TESTING','2023-03-30 15:39:15',51,4),(12,'TESTING','2023-03-30 15:39:30',52,4),(13,'TESTING','2023-03-30 15:46:59',57,1);
/*!40000 ALTER TABLE `settlement` ENABLE KEYS */;
UNLOCK TABLES;

--
-- Table structure for table `settlementContentAggregation`
--

DROP TABLE IF EXISTS `settlementContentAggregation`;
/*!40101 SET @saved_cs_client     = @@character_set_client */;
/*!50503 SET character_set_client = utf8mb4 */;
CREATE TABLE `settlementContentAggregation` (
  `settlementContentAggregationId` bigint unsigned NOT NULL AUTO_INCREMENT,
  `settlementWindowContentId` bigint unsigned NOT NULL,
  `participantCurrencyId` int unsigned NOT NULL,
  `transferParticipantRoleTypeId` int unsigned NOT NULL,
  `ledgerEntryTypeId` int unsigned NOT NULL,
  `amount` decimal(18,4) NOT NULL,
  `createdDate` datetime NOT NULL DEFAULT CURRENT_TIMESTAMP,
  `currentStateId` varchar(50) NOT NULL,
  `settlementId` bigint unsigned DEFAULT NULL,
  PRIMARY KEY (`settlementContentAggregationId`),
  KEY `settlementcontentaggregation_settlementwindowcontentid_index` (`settlementWindowContentId`),
  KEY `settlementcontentaggregation_participantcurrencyid_index` (`participantCurrencyId`),
  KEY `settlementcontentaggregation_transferparticipantroletypeid_index` (`transferParticipantRoleTypeId`),
  KEY `settlementcontentaggregation_ledgerentrytypeid_index` (`ledgerEntryTypeId`),
  KEY `settlementcontentaggregation_currentstateid_index` (`currentStateId`),
  KEY `settlementcontentaggregation_settlementid_index` (`settlementId`),
  CONSTRAINT `sca_transferparticipantroletypeid_foreign` FOREIGN KEY (`transferParticipantRoleTypeId`) REFERENCES `transferParticipantRoleType` (`transferParticipantRoleTypeId`),
  CONSTRAINT `settlementcontentaggregation_currentstateid_foreign` FOREIGN KEY (`currentStateId`) REFERENCES `settlementWindowState` (`settlementWindowStateId`),
  CONSTRAINT `settlementcontentaggregation_ledgerentrytypeid_foreign` FOREIGN KEY (`ledgerEntryTypeId`) REFERENCES `ledgerEntryType` (`ledgerEntryTypeId`),
  CONSTRAINT `settlementcontentaggregation_participantcurrencyid_foreign` FOREIGN KEY (`participantCurrencyId`) REFERENCES `participantCurrency` (`participantCurrencyId`),
  CONSTRAINT `settlementcontentaggregation_settlementid_foreign` FOREIGN KEY (`settlementId`) REFERENCES `settlement` (`settlementId`),
  CONSTRAINT `settlementcontentaggregation_settlementwindowcontentid_foreign` FOREIGN KEY (`settlementWindowContentId`) REFERENCES `settlementWindowContent` (`settlementWindowContentId`)
) ENGINE=InnoDB AUTO_INCREMENT=220 DEFAULT CHARSET=utf8mb3;
/*!40101 SET character_set_client = @saved_cs_client */;

--
-- Dumping data for table `settlementContentAggregation`
--

LOCK TABLES `settlementContentAggregation` WRITE;
/*!40000 ALTER TABLE `settlementContentAggregation` DISABLE KEYS */;
INSERT INTO `settlementContentAggregation` VALUES (1,1,7,1,1,10.0000,'2023-03-30 15:28:25','SETTLED',13),(2,1,15,2,1,-780.1234,'2023-03-30 15:28:25','SETTLED',13),(3,1,23,2,1,-2.0000,'2023-03-30 15:28:25','SETTLED',13),(4,1,31,1,1,200.0000,'2023-03-30 15:28:25','SETTLED',13),(5,1,31,2,1,-10.0000,'2023-03-30 15:28:25','SETTLED',13),(6,1,39,2,1,-200.0000,'2023-03-30 15:28:25','SETTLED',13),(7,1,39,1,1,10.0000,'2023-03-30 15:28:25','SETTLED',13),(8,1,47,1,1,873.1234,'2023-03-30 15:28:25','SETTLED',13),(9,1,55,2,1,-101.0000,'2023-03-30 15:28:25','SETTLED',13),(16,2,17,1,1,25.0000,'2023-03-30 15:28:32','SETTLED',2),(17,2,9,2,1,-45.0000,'2023-03-30 15:28:32','SETTLED',2),(18,2,33,1,1,55.0000,'2023-03-30 15:28:32','SETTLED',2),(19,2,17,2,1,-55.0000,'2023-03-30 15:28:32','SETTLED',2),(20,2,41,1,1,20.0000,'2023-03-30 15:28:32','SETTLED',2),(21,3,31,1,1,60.0000,'2023-03-30 15:28:32','SETTLED',1),(22,3,39,2,1,-95.0000,'2023-03-30 15:28:32','SETTLED',1),(23,3,7,1,1,35.0000,'2023-03-30 15:28:32','SETTLED',1),(24,3,31,2,1,-35.0000,'2023-03-30 15:28:32','SETTLED',1),(25,3,15,1,1,35.0000,'2023-03-30 15:28:32','SETTLED',1),(31,4,31,1,1,115.0000,'2023-03-30 15:29:04','SETTLED',3),(32,4,15,2,1,-55.0000,'2023-03-30 15:29:04','SETTLED',3),(33,4,15,1,1,60.0000,'2023-03-30 15:29:04','SETTLED',3),(34,4,7,2,1,-45.0000,'2023-03-30 15:29:04','SETTLED',3),(35,4,39,2,1,-95.0000,'2023-03-30 15:29:04','SETTLED',3),(36,4,39,1,1,20.0000,'2023-03-30 15:29:04','SETTLED',3),(37,4,7,1,1,35.0000,'2023-03-30 15:29:04','SETTLED',3),(38,4,31,2,1,-35.0000,'2023-03-30 15:29:04','SETTLED',3),(46,5,33,1,1,115.0000,'2023-03-30 15:29:24','SETTLED',4),(47,5,41,2,1,-95.0000,'2023-03-30 15:29:24','SETTLED',4),(48,5,17,1,1,60.0000,'2023-03-30 15:29:24','SETTLED',4),(49,5,17,2,1,-55.0000,'2023-03-30 15:29:24','SETTLED',4),(50,5,41,1,1,20.0000,'2023-03-30 15:29:24','SETTLED',4),(51,5,9,2,1,-45.0000,'2023-03-30 15:29:24','SETTLED',4),(52,5,9,1,1,35.0000,'2023-03-30 15:29:24','SETTLED',4),(53,5,33,2,1,-35.0000,'2023-03-30 15:29:24','SETTLED',4),(61,6,37,2,2,-2.3400,'2023-03-30 15:29:50','PENDING_SETTLEMENT',5),(62,6,45,1,2,1.3500,'2023-03-30 15:29:50','PENDING_SETTLEMENT',5),(63,6,65,1,2,0.0900,'2023-03-30 15:29:50','PENDING_SETTLEMENT',5),(64,6,69,1,2,0.9000,'2023-03-30 15:29:50','PENDING_SETTLEMENT',5),(68,7,37,2,2,-2.3500,'2023-03-30 15:29:58','PENDING_SETTLEMENT',6),(69,7,65,1,2,0.0900,'2023-03-30 15:29:58','PENDING_SETTLEMENT',6),(70,7,45,1,2,1.3600,'2023-03-30 15:29:58','PENDING_SETTLEMENT',6),(71,7,69,1,2,0.9000,'2023-03-30 15:29:58','PENDING_SETTLEMENT',6),(75,8,37,2,2,-2.1300,'2023-03-30 15:30:01','PENDING_SETTLEMENT',6),(76,8,65,1,2,4.8600,'2023-03-30 15:30:01','PENDING_SETTLEMENT',6),(77,8,45,2,2,-4.9400,'2023-03-30 15:30:01','PENDING_SETTLEMENT',6),(78,8,69,1,2,0.2100,'2023-03-30 15:30:01','PENDING_SETTLEMENT',6),(79,8,45,1,2,2.0000,'2023-03-30 15:30:01','PENDING_SETTLEMENT',6),(82,9,37,2,2,-1.9400,'2023-03-30 15:30:03','PENDING_SETTLEMENT',6),(83,9,69,1,2,0.5900,'2023-03-30 15:30:03','PENDING_SETTLEMENT',6),(84,9,45,1,2,0.9200,'2023-03-30 15:30:03','PENDING_SETTLEMENT',6),(85,9,65,1,2,0.4300,'2023-03-30 15:30:03','PENDING_SETTLEMENT',6),(89,10,37,2,2,-1.0800,'2023-03-30 15:30:06','PENDING_SETTLEMENT',6),(90,10,45,1,2,0.9000,'2023-03-30 15:30:06','PENDING_SETTLEMENT',6),(91,10,37,1,2,2.2200,'2023-03-30 15:30:06','PENDING_SETTLEMENT',6),(92,10,45,2,2,-2.2200,'2023-03-30 15:30:06','PENDING_SETTLEMENT',6),(93,10,65,1,2,0.1800,'2023-03-30 15:30:06','PENDING_SETTLEMENT',6),(96,11,37,2,2,-1.0400,'2023-03-30 15:30:09','PENDING_SETTLEMENT',6),(97,11,69,1,2,0.9500,'2023-03-30 15:30:09','PENDING_SETTLEMENT',6),(98,11,65,1,2,1.3600,'2023-03-30 15:30:09','PENDING_SETTLEMENT',6),(99,11,45,1,2,0.0900,'2023-03-30 15:30:09','PENDING_SETTLEMENT',6),(100,11,65,2,2,-0.0900,'2023-03-30 15:30:09','PENDING_SETTLEMENT',6),(101,11,45,2,2,-1.2700,'2023-03-30 15:30:09','PENDING_SETTLEMENT',6),(103,12,7,1,1,10.0000,'2023-03-30 15:37:56','SETTLED',13),(104,12,15,2,1,-780.1234,'2023-03-30 15:37:56','SETTLED',13),(105,12,23,2,1,-2.0000,'2023-03-30 15:37:56','SETTLED',13),(106,12,31,1,1,200.0000,'2023-03-30 15:37:56','SETTLED',13),(107,12,31,2,1,-10.0000,'2023-03-30 15:37:56','SETTLED',13),(108,12,39,2,1,-200.0000,'2023-03-30 15:37:56','SETTLED',13),(109,12,39,1,1,10.0000,'2023-03-30 15:37:56','SETTLED',13),(110,12,47,1,1,873.1234,'2023-03-30 15:37:56','SETTLED',13),(111,12,55,2,1,-101.0000,'2023-03-30 15:37:56','SETTLED',13),(118,14,31,1,1,60.0000,'2023-03-30 15:38:03','SETTLED',7),(119,14,39,2,1,-95.0000,'2023-03-30 15:38:03','SETTLED',7),(120,14,7,1,1,35.0000,'2023-03-30 15:38:03','SETTLED',7),(121,14,31,2,1,-35.0000,'2023-03-30 15:38:03','SETTLED',7),(122,14,15,1,1,35.0000,'2023-03-30 15:38:03','SETTLED',7),(123,13,33,1,1,55.0000,'2023-03-30 15:38:03','SETTLED',8),(124,13,17,2,1,-55.0000,'2023-03-30 15:38:03','SETTLED',8),(125,13,41,1,1,20.0000,'2023-03-30 15:38:03','SETTLED',8),(126,13,9,2,1,-45.0000,'2023-03-30 15:38:03','SETTLED',8),(127,13,17,1,1,25.0000,'2023-03-30 15:38:03','SETTLED',8),(133,15,7,1,1,35.0000,'2023-03-30 15:38:35','SETTLED',9),(134,15,31,2,1,-35.0000,'2023-03-30 15:38:35','SETTLED',9),(135,15,15,1,1,60.0000,'2023-03-30 15:38:35','SETTLED',9),(136,15,7,2,1,-45.0000,'2023-03-30 15:38:35','SETTLED',9),(137,15,39,1,1,20.0000,'2023-03-30 15:38:35','SETTLED',9),(138,15,31,1,1,115.0000,'2023-03-30 15:38:35','SETTLED',9),(139,15,39,2,1,-95.0000,'2023-03-30 15:38:35','SETTLED',9),(140,15,15,2,1,-55.0000,'2023-03-30 15:38:35','SETTLED',9),(148,16,9,1,1,35.0000,'2023-03-30 15:38:55','SETTLED',10),(149,16,33,2,1,-35.0000,'2023-03-30 15:38:55','SETTLED',10),(150,16,33,1,1,115.0000,'2023-03-30 15:38:55','SETTLED',10),(151,16,17,2,1,-55.0000,'2023-03-30 15:38:55','SETTLED',10),(152,16,17,1,1,60.0000,'2023-03-30 15:38:55','SETTLED',10),(153,16,9,2,1,-45.0000,'2023-03-30 15:38:55','SETTLED',10),(154,16,41,1,1,20.0000,'2023-03-30 15:38:55','SETTLED',10),(155,16,41,2,1,-95.0000,'2023-03-30 15:38:55','SETTLED',10),(163,17,37,2,2,-2.3400,'2023-03-30 15:39:15','PENDING_SETTLEMENT',11),(164,17,65,1,2,0.0900,'2023-03-30 15:39:15','PENDING_SETTLEMENT',11),(165,17,37,1,2,0.9500,'2023-03-30 15:39:15','PENDING_SETTLEMENT',11),(166,17,69,2,2,-0.9500,'2023-03-30 15:39:15','PENDING_SETTLEMENT',11),(167,17,69,1,2,0.9000,'2023-03-30 15:39:15','PENDING_SETTLEMENT',11),(168,17,45,1,2,1.3500,'2023-03-30 15:39:15','PENDING_SETTLEMENT',11),(170,18,37,2,2,-2.3500,'2023-03-30 15:39:18','PENDING_SETTLEMENT',12),(171,18,69,1,2,0.9000,'2023-03-30 15:39:18','PENDING_SETTLEMENT',12),(172,18,37,1,2,0.9500,'2023-03-30 15:39:18','PENDING_SETTLEMENT',12),(173,18,69,2,2,-0.9500,'2023-03-30 15:39:18','PENDING_SETTLEMENT',12),(174,18,45,1,2,1.3600,'2023-03-30 15:39:18','PENDING_SETTLEMENT',12),(175,18,65,1,2,0.0900,'2023-03-30 15:39:18','PENDING_SETTLEMENT',12),(177,19,37,2,2,-2.1300,'2023-03-30 15:39:21','PENDING_SETTLEMENT',12),(178,19,45,1,2,2.0000,'2023-03-30 15:39:21','PENDING_SETTLEMENT',12),(179,19,45,2,2,-4.9400,'2023-03-30 15:39:21','PENDING_SETTLEMENT',12),(180,19,65,1,2,5.1300,'2023-03-30 15:39:21','PENDING_SETTLEMENT',12),(181,19,69,2,2,-0.2700,'2023-03-30 15:39:21','PENDING_SETTLEMENT',12),(182,19,69,1,2,0.2100,'2023-03-30 15:39:21','PENDING_SETTLEMENT',12),(184,20,37,2,2,-1.9400,'2023-03-30 15:39:24','PENDING_SETTLEMENT',12),(185,20,45,1,2,0.9200,'2023-03-30 15:39:24','PENDING_SETTLEMENT',12),(186,20,65,1,2,0.4300,'2023-03-30 15:39:24','PENDING_SETTLEMENT',12),(187,20,69,1,2,0.5900,'2023-03-30 15:39:24','PENDING_SETTLEMENT',12),(191,21,37,1,2,2.2200,'2023-03-30 15:39:27','PENDING_SETTLEMENT',12),(192,21,45,2,2,-2.2200,'2023-03-30 15:39:27','PENDING_SETTLEMENT',12),(193,21,37,2,2,-1.0800,'2023-03-30 15:39:27','PENDING_SETTLEMENT',12),(194,21,65,1,2,0.1800,'2023-03-30 15:39:27','PENDING_SETTLEMENT',12),(195,21,45,1,2,0.9000,'2023-03-30 15:39:27','PENDING_SETTLEMENT',12),(198,22,45,2,2,-1.2700,'2023-03-30 15:39:30','PENDING_SETTLEMENT',12),(199,22,65,1,2,1.3600,'2023-03-30 15:39:30','PENDING_SETTLEMENT',12),(200,22,37,2,2,-1.0400,'2023-03-30 15:39:30','PENDING_SETTLEMENT',12),(201,22,45,1,2,0.9900,'2023-03-30 15:39:30','PENDING_SETTLEMENT',12),(202,22,65,2,2,-0.0900,'2023-03-30 15:39:30','PENDING_SETTLEMENT',12),(203,22,69,2,2,-0.9000,'2023-03-30 15:39:30','PENDING_SETTLEMENT',12),(204,22,69,1,2,0.9500,'2023-03-30 15:39:30','PENDING_SETTLEMENT',12),(205,24,15,2,1,-8.0000,'2023-03-30 15:46:54','SETTLED',13),(206,24,47,1,1,8.0000,'2023-03-30 15:46:54','SETTLED',13),(207,24,71,1,1,100.0000,'2023-03-30 15:46:54','SETTLED',13),(208,24,75,2,1,-100.0000,'2023-03-30 15:46:54','SETTLED',13),(209,23,17,2,1,-7.0000,'2023-03-30 15:46:54','CLOSED',NULL),(210,23,49,1,1,7.0000,'2023-03-30 15:46:54','CLOSED',NULL),(211,23,89,1,1,7072.6300,'2023-03-30 15:46:54','CLOSED',NULL),(212,23,97,2,1,-4214.8100,'2023-03-30 15:46:54','CLOSED',NULL),(213,23,105,2,1,-2857.8200,'2023-03-30 15:46:54','CLOSED',NULL);
/*!40000 ALTER TABLE `settlementContentAggregation` ENABLE KEYS */;
UNLOCK TABLES;

--
-- Table structure for table `settlementDelay`
--

DROP TABLE IF EXISTS `settlementDelay`;
/*!40101 SET @saved_cs_client     = @@character_set_client */;
/*!50503 SET character_set_client = utf8mb4 */;
CREATE TABLE `settlementDelay` (
  `settlementDelayId` int unsigned NOT NULL AUTO_INCREMENT,
  `name` varchar(50) NOT NULL,
  `description` varchar(512) DEFAULT NULL,
  `isActive` tinyint(1) NOT NULL DEFAULT '1',
  `createdDate` datetime NOT NULL DEFAULT CURRENT_TIMESTAMP COMMENT 'System dateTime stamp pertaining to the inserted record',
  PRIMARY KEY (`settlementDelayId`),
  UNIQUE KEY `settlementdelay_name_unique` (`name`)
) ENGINE=InnoDB AUTO_INCREMENT=3 DEFAULT CHARSET=utf8mb3;
/*!40101 SET character_set_client = @saved_cs_client */;

--
-- Dumping data for table `settlementDelay`
--

LOCK TABLES `settlementDelay` WRITE;
/*!40000 ALTER TABLE `settlementDelay` DISABLE KEYS */;
INSERT INTO `settlementDelay` VALUES (1,'IMMEDIATE',NULL,1,'2023-03-30 15:16:52'),(2,'DEFERRED',NULL,1,'2023-03-30 15:16:52');
/*!40000 ALTER TABLE `settlementDelay` ENABLE KEYS */;
UNLOCK TABLES;

--
-- Table structure for table `settlementGranularity`
--

DROP TABLE IF EXISTS `settlementGranularity`;
/*!40101 SET @saved_cs_client     = @@character_set_client */;
/*!50503 SET character_set_client = utf8mb4 */;
CREATE TABLE `settlementGranularity` (
  `settlementGranularityId` int unsigned NOT NULL AUTO_INCREMENT,
  `name` varchar(50) NOT NULL,
  `description` varchar(512) DEFAULT NULL,
  `isActive` tinyint(1) NOT NULL DEFAULT '1',
  `createdDate` datetime NOT NULL DEFAULT CURRENT_TIMESTAMP COMMENT 'System dateTime stamp pertaining to the inserted record',
  PRIMARY KEY (`settlementGranularityId`),
  UNIQUE KEY `settlementgranularity_name_unique` (`name`)
) ENGINE=InnoDB AUTO_INCREMENT=3 DEFAULT CHARSET=utf8mb3;
/*!40101 SET character_set_client = @saved_cs_client */;

--
-- Dumping data for table `settlementGranularity`
--

LOCK TABLES `settlementGranularity` WRITE;
/*!40000 ALTER TABLE `settlementGranularity` DISABLE KEYS */;
INSERT INTO `settlementGranularity` VALUES (1,'GROSS',NULL,1,'2023-03-30 15:16:52'),(2,'NET',NULL,1,'2023-03-30 15:16:52');
/*!40000 ALTER TABLE `settlementGranularity` ENABLE KEYS */;
UNLOCK TABLES;

--
-- Table structure for table `settlementInterchange`
--

DROP TABLE IF EXISTS `settlementInterchange`;
/*!40101 SET @saved_cs_client     = @@character_set_client */;
/*!50503 SET character_set_client = utf8mb4 */;
CREATE TABLE `settlementInterchange` (
  `settlementInterchangeId` int unsigned NOT NULL AUTO_INCREMENT,
  `name` varchar(50) NOT NULL,
  `description` varchar(512) DEFAULT NULL,
  `isActive` tinyint(1) NOT NULL DEFAULT '1',
  `createdDate` datetime NOT NULL DEFAULT CURRENT_TIMESTAMP COMMENT 'System dateTime stamp pertaining to the inserted record',
  PRIMARY KEY (`settlementInterchangeId`),
  UNIQUE KEY `settlementinterchange_name_unique` (`name`)
) ENGINE=InnoDB AUTO_INCREMENT=3 DEFAULT CHARSET=utf8mb3;
/*!40101 SET character_set_client = @saved_cs_client */;

--
-- Dumping data for table `settlementInterchange`
--

LOCK TABLES `settlementInterchange` WRITE;
/*!40000 ALTER TABLE `settlementInterchange` DISABLE KEYS */;
INSERT INTO `settlementInterchange` VALUES (1,'BILATERAL',NULL,1,'2023-03-30 15:16:52'),(2,'MULTILATERAL',NULL,1,'2023-03-30 15:16:52');
/*!40000 ALTER TABLE `settlementInterchange` ENABLE KEYS */;
UNLOCK TABLES;

--
-- Table structure for table `settlementModel`
--

DROP TABLE IF EXISTS `settlementModel`;
/*!40101 SET @saved_cs_client     = @@character_set_client */;
/*!50503 SET character_set_client = utf8mb4 */;
CREATE TABLE `settlementModel` (
  `settlementModelId` int unsigned NOT NULL AUTO_INCREMENT,
  `name` varchar(50) NOT NULL,
  `isActive` tinyint(1) NOT NULL DEFAULT '1',
  `settlementGranularityId` int unsigned NOT NULL,
  `settlementInterchangeId` int unsigned NOT NULL,
  `settlementDelayId` int unsigned NOT NULL,
  `currencyId` varchar(3) DEFAULT NULL,
  `requireLiquidityCheck` tinyint(1) NOT NULL DEFAULT '1',
  `ledgerAccountTypeId` int unsigned NOT NULL,
  `autoPositionReset` tinyint(1) NOT NULL DEFAULT '0',
  `adjustPosition` tinyint(1) NOT NULL DEFAULT '0',
  `settlementAccountTypeId` int NOT NULL,
  PRIMARY KEY (`settlementModelId`),
  UNIQUE KEY `settlementmodel_name_unique` (`name`),
  UNIQUE KEY `settlementmodel_unique` (`settlementGranularityId`,`settlementInterchangeId`,`settlementDelayId`,`ledgerAccountTypeId`,`currencyId`),
  UNIQUE KEY `settlementmodel_uniqueAccountCurrency` (`ledgerAccountTypeId`,`currencyId`),
  UNIQUE KEY `settlementmodel_currencyid_ledgeraccounttypeid_unique` (`currencyId`,`ledgerAccountTypeId`),
  KEY `settlementmodel_settlementgranularityid_index` (`settlementGranularityId`),
  KEY `settlementmodel_settlementinterchangeid_index` (`settlementInterchangeId`),
  KEY `settlementmodel_settlementdelayid_index` (`settlementDelayId`),
  KEY `settlementmodel_currencyid_index` (`currencyId`),
  KEY `settlementmodel_ledgeraccounttypeid_index` (`ledgerAccountTypeId`),
  CONSTRAINT `settlementmodel_currencyid_foreign` FOREIGN KEY (`currencyId`) REFERENCES `currency` (`currencyId`),
  CONSTRAINT `settlementmodel_ledgeraccounttypeid_foreign` FOREIGN KEY (`ledgerAccountTypeId`) REFERENCES `ledgerAccountType` (`ledgerAccountTypeId`),
  CONSTRAINT `settlementmodel_settlementdelayid_foreign` FOREIGN KEY (`settlementDelayId`) REFERENCES `settlementDelay` (`settlementDelayId`),
  CONSTRAINT `settlementmodel_settlementgranularityid_foreign` FOREIGN KEY (`settlementGranularityId`) REFERENCES `settlementGranularity` (`settlementGranularityId`),
  CONSTRAINT `settlementmodel_settlementinterchangeid_foreign` FOREIGN KEY (`settlementInterchangeId`) REFERENCES `settlementInterchange` (`settlementInterchangeId`)
) ENGINE=InnoDB AUTO_INCREMENT=5 DEFAULT CHARSET=utf8mb3;
/*!40101 SET character_set_client = @saved_cs_client */;

--
-- Dumping data for table `settlementModel`
--

LOCK TABLES `settlementModel` WRITE;
/*!40000 ALTER TABLE `settlementModel` DISABLE KEYS */;
INSERT INTO `settlementModel` VALUES (1,'DEFERREDNETUSD',1,2,2,2,'USD',1,1,1,0,2),(2,'DEFAULTDEFERREDNET',1,2,2,2,NULL,1,1,1,0,2),(3,'CGS',1,1,1,1,'INR',1,1,0,0,2),(4,'INTERCHANGEFEE',1,2,2,2,'INR',0,5,1,0,6);
/*!40000 ALTER TABLE `settlementModel` ENABLE KEYS */;
UNLOCK TABLES;

--
-- Table structure for table `settlementParticipantCurrency`
--

DROP TABLE IF EXISTS `settlementParticipantCurrency`;
/*!40101 SET @saved_cs_client     = @@character_set_client */;
/*!50503 SET character_set_client = utf8mb4 */;
CREATE TABLE `settlementParticipantCurrency` (
  `settlementParticipantCurrencyId` bigint unsigned NOT NULL AUTO_INCREMENT,
  `settlementId` bigint unsigned NOT NULL,
  `participantCurrencyId` int unsigned NOT NULL,
  `netAmount` decimal(18,4) NOT NULL,
  `createdDate` datetime NOT NULL DEFAULT CURRENT_TIMESTAMP,
  `currentStateChangeId` bigint unsigned DEFAULT NULL,
  `settlementTransferId` varchar(36) DEFAULT NULL,
  PRIMARY KEY (`settlementParticipantCurrencyId`),
  KEY `settlementparticipantcurrency_settlementid_index` (`settlementId`),
  KEY `settlementparticipantcurrency_participantcurrencyid_index` (`participantCurrencyId`),
  KEY `settlementparticipantcurrency_settlementtransferid_index` (`settlementTransferId`),
  KEY `spc_currentstatechangeid_foreign` (`currentStateChangeId`),
  CONSTRAINT `settlementparticipantcurrency_participantcurrencyid_foreign` FOREIGN KEY (`participantCurrencyId`) REFERENCES `participantCurrency` (`participantCurrencyId`),
  CONSTRAINT `settlementparticipantcurrency_settlementid_foreign` FOREIGN KEY (`settlementId`) REFERENCES `settlement` (`settlementId`),
  CONSTRAINT `spc_currentstatechangeid_foreign` FOREIGN KEY (`currentStateChangeId`) REFERENCES `settlementParticipantCurrencyStateChange` (`settlementParticipantCurrencyStateChangeId`)
) ENGINE=InnoDB AUTO_INCREMENT=100 DEFAULT CHARSET=utf8mb3;
/*!40101 SET character_set_client = @saved_cs_client */;

--
-- Dumping data for table `settlementParticipantCurrency`
--

LOCK TABLES `settlementParticipantCurrency` WRITE;
/*!40000 ALTER TABLE `settlementParticipantCurrency` DISABLE KEYS */;
INSERT INTO `settlementParticipantCurrency` VALUES (1,1,31,25.0000,'2023-03-30 15:28:35',35,'9bce31de-44af-423c-a325-816c41b99d9f'),(2,1,39,-95.0000,'2023-03-30 15:28:35',36,'31f0f44b-36db-431b-883f-0e67ed599610'),(3,1,7,35.0000,'2023-03-30 15:28:35',33,'e2839240-9fce-43b4-a054-4ee4c22633d2'),(4,1,15,35.0000,'2023-03-30 15:28:35',34,'7c6e16d8-7be3-46b3-942f-9684b488a5bf'),(8,2,17,-30.0000,'2023-03-30 15:28:38',38,'25bbc1a3-a4dc-4be6-97de-a8f244a10743'),(9,2,9,-45.0000,'2023-03-30 15:28:38',37,'83f425ee-3669-4861-9357-af642bbba675'),(10,2,33,55.0000,'2023-03-30 15:28:38',39,'ca33750e-5b7a-449c-84cf-62f70f67aad6'),(11,2,41,20.0000,'2023-03-30 15:28:38',40,'8a1c8ccd-8651-47f3-a57b-640170068d23'),(15,3,31,80.0000,'2023-03-30 15:29:08',59,'2b0e8af1-5bf4-4682-a1ad-6a984244418a'),(16,3,15,5.0000,'2023-03-30 15:29:08',58,'1402d424-bd9a-40ec-9d6f-df7084e1a46f'),(17,3,7,-10.0000,'2023-03-30 15:29:08',57,'263c094a-a302-48d0-9645-b62f80c25884'),(18,3,39,-75.0000,'2023-03-30 15:29:08',60,'281539fa-668b-4d75-a9b8-162bdca493b6'),(22,4,33,80.0000,'2023-03-30 15:29:27',79,'3674812c-51b9-4461-9ee2-be5c217bd7d6'),(23,4,41,-75.0000,'2023-03-30 15:29:27',80,'acf9f81f-8981-4336-86f5-4126b5fc01d2'),(24,4,17,5.0000,'2023-03-30 15:29:27',78,'f236c01c-912f-4e95-aeba-139f49b0b995'),(25,4,9,-10.0000,'2023-03-30 15:29:27',77,'9a1fee85-4973-4faa-a90d-81efea6a0440'),(29,5,37,-2.3400,'2023-03-30 15:29:55',81,NULL),(30,5,45,1.3500,'2023-03-30 15:29:55',82,NULL),(31,5,65,0.0900,'2023-03-30 15:29:55',83,NULL),(32,5,69,0.9000,'2023-03-30 15:29:55',84,NULL),(36,6,37,-6.3200,'2023-03-30 15:30:09',85,NULL),(37,6,65,6.8300,'2023-03-30 15:30:09',86,NULL),(38,6,45,-3.1600,'2023-03-30 15:30:09',87,NULL),(39,6,69,2.6500,'2023-03-30 15:30:09',88,NULL),(43,7,31,25.0000,'2023-03-30 15:38:06',123,'b0b087ae-7d91-40a4-9ea2-6c8b4ddb662d'),(44,7,39,-95.0000,'2023-03-30 15:38:06',124,'44a1de8f-b17e-406b-a6aa-fe6b4db922a3'),(45,7,7,35.0000,'2023-03-30 15:38:06',121,'9057241a-2b29-4117-be46-09e178095d54'),(46,7,15,35.0000,'2023-03-30 15:38:06',122,'5c896cbd-2c70-45e4-b8fd-3e001730e83e'),(50,8,33,55.0000,'2023-03-30 15:38:09',127,'67f153b0-414a-484c-9708-56acc242c1bb'),(51,8,17,-30.0000,'2023-03-30 15:38:09',126,'01292ebf-0e82-4f34-a800-1454173ae226'),(52,8,41,20.0000,'2023-03-30 15:38:09',128,'9a3b5930-f5e3-4ebb-a375-4f487030137d'),(53,8,9,-45.0000,'2023-03-30 15:38:09',125,'e75dadbd-5fb3-4d1e-a927-dad4d6edba44'),(57,9,7,-10.0000,'2023-03-30 15:38:38',145,'58d329b7-2225-4eea-9518-f3163211919b'),(58,9,31,80.0000,'2023-03-30 15:38:38',147,'a5f902b0-a013-4147-9249-5943c35f9491'),(59,9,15,5.0000,'2023-03-30 15:38:38',146,'4478b5cb-59a3-4c94-8f85-b54c352485fb'),(60,9,39,-75.0000,'2023-03-30 15:38:38',148,'1dc0f91c-89cb-4d6d-b406-51395d1196ed'),(64,10,9,-10.0000,'2023-03-30 15:38:58',165,'c4a1ef4b-8ac7-4caa-b11c-a6a590f733a0'),(65,10,33,80.0000,'2023-03-30 15:38:58',167,'5f1b7ab3-5a01-474a-b66c-94f10877423c'),(66,10,17,5.0000,'2023-03-30 15:38:58',166,'221cb4a6-3849-4cf4-afe5-6cef23682943'),(67,10,41,-75.0000,'2023-03-30 15:38:58',168,'cefab975-2e57-4f6f-b597-985d65b968b7'),(71,11,37,-1.3900,'2023-03-30 15:39:15',169,NULL),(72,11,65,0.0900,'2023-03-30 15:39:15',170,NULL),(73,11,69,-0.0500,'2023-03-30 15:39:15',171,NULL),(74,11,45,1.3500,'2023-03-30 15:39:15',172,NULL),(78,12,37,-5.3700,'2023-03-30 15:39:30',173,NULL),(79,12,69,0.5300,'2023-03-30 15:39:30',174,NULL),(80,12,45,-2.2600,'2023-03-30 15:39:30',175,NULL),(81,12,65,7.1000,'2023-03-30 15:39:30',176,NULL),(85,13,7,20.0000,'2023-03-30 15:46:59',213,'ef58d496-7061-4cab-b7c0-478f7e2fbd79'),(86,13,15,-1568.2468,'2023-03-30 15:46:59',214,'304a8d6f-0cf9-48f1-8400-52db9067ae62'),(87,13,23,-4.0000,'2023-03-30 15:46:59',215,'cd0b1099-5452-4d12-a9af-2a4b54de022d'),(88,13,31,380.0000,'2023-03-30 15:46:59',216,'678875b4-c91a-4b1f-ac0a-c92d9023757f'),(89,13,39,-380.0000,'2023-03-30 15:46:59',217,'27ab6bb2-d12c-42a0-beae-ddca5ded25c8'),(90,13,47,1754.2468,'2023-03-30 15:46:59',218,'cb0ea07d-8948-4753-8919-82d5e7ce6d26'),(91,13,55,-202.0000,'2023-03-30 15:46:59',219,'a786e7c6-7f40-4818-92bd-f081b4b5ce37'),(92,13,71,100.0000,'2023-03-30 15:46:59',220,'1d8624b5-7579-425d-a67d-97740b4168b7'),(93,13,75,-100.0000,'2023-03-30 15:46:59',221,'afaa42ab-ce4b-4f38-9749-5f0fb846bdec');
/*!40000 ALTER TABLE `settlementParticipantCurrency` ENABLE KEYS */;
UNLOCK TABLES;

--
-- Table structure for table `settlementParticipantCurrencyStateChange`
--

DROP TABLE IF EXISTS `settlementParticipantCurrencyStateChange`;
/*!40101 SET @saved_cs_client     = @@character_set_client */;
/*!50503 SET character_set_client = utf8mb4 */;
CREATE TABLE `settlementParticipantCurrencyStateChange` (
  `settlementParticipantCurrencyStateChangeId` bigint unsigned NOT NULL AUTO_INCREMENT,
  `settlementParticipantCurrencyId` bigint unsigned NOT NULL,
  `settlementStateId` varchar(50) NOT NULL,
  `reason` varchar(512) DEFAULT NULL,
  `externalReference` varchar(50) DEFAULT NULL,
  `createdDate` datetime NOT NULL DEFAULT CURRENT_TIMESTAMP,
  PRIMARY KEY (`settlementParticipantCurrencyStateChangeId`),
  KEY `spcsc_settlementparticipantcurrencyid_index` (`settlementParticipantCurrencyId`),
  KEY `spcsc_settlementstateid_index` (`settlementStateId`),
  CONSTRAINT `spcsc_settlementparticipantcurrencyid_foreign` FOREIGN KEY (`settlementParticipantCurrencyId`) REFERENCES `settlementParticipantCurrency` (`settlementParticipantCurrencyId`),
  CONSTRAINT `spcsc_settlementstateid_foreign` FOREIGN KEY (`settlementStateId`) REFERENCES `settlementState` (`settlementStateId`)
) ENGINE=InnoDB AUTO_INCREMENT=222 DEFAULT CHARSET=utf8mb3;
/*!40101 SET character_set_client = @saved_cs_client */;

--
-- Dumping data for table `settlementParticipantCurrencyStateChange`
--

LOCK TABLES `settlementParticipantCurrencyStateChange` WRITE;
/*!40000 ALTER TABLE `settlementParticipantCurrencyStateChange` DISABLE KEYS */;
INSERT INTO `settlementParticipantCurrencyStateChange` VALUES (1,1,'PENDING_SETTLEMENT','TESTING',NULL,'2023-03-30 15:28:35'),(2,2,'PENDING_SETTLEMENT','TESTING',NULL,'2023-03-30 15:28:35'),(3,3,'PENDING_SETTLEMENT','TESTING',NULL,'2023-03-30 15:28:35'),(4,4,'PENDING_SETTLEMENT','TESTING',NULL,'2023-03-30 15:28:35'),(5,8,'PENDING_SETTLEMENT','TESTING',NULL,'2023-03-30 15:28:38'),(6,9,'PENDING_SETTLEMENT','TESTING',NULL,'2023-03-30 15:28:38'),(7,10,'PENDING_SETTLEMENT','TESTING',NULL,'2023-03-30 15:28:38'),(8,11,'PENDING_SETTLEMENT','TESTING',NULL,'2023-03-30 15:28:38'),(9,3,'PS_TRANSFERS_RECORDED','Transfers recorded for payer',NULL,'2023-03-30 15:28:41'),(10,4,'PS_TRANSFERS_RECORDED','Transfers recorded for payer',NULL,'2023-03-30 15:28:41'),(11,1,'PS_TRANSFERS_RECORDED','Transfers recorded for payer',NULL,'2023-03-30 15:28:41'),(12,2,'PS_TRANSFERS_RECORDED','Transfers recorded for payer',NULL,'2023-03-30 15:28:41'),(13,9,'PS_TRANSFERS_RECORDED','Transfers recorded for payer',NULL,'2023-03-30 15:28:43'),(14,8,'PS_TRANSFERS_RECORDED','Transfers recorded for payer',NULL,'2023-03-30 15:28:43'),(15,10,'PS_TRANSFERS_RECORDED','Transfers recorded for payer',NULL,'2023-03-30 15:28:43'),(16,11,'PS_TRANSFERS_RECORDED','Transfers recorded for payer',NULL,'2023-03-30 15:28:43'),(17,3,'PS_TRANSFERS_RESERVED','Transfers reserved',NULL,'2023-03-30 15:28:46'),(18,4,'PS_TRANSFERS_RESERVED','Transfers reserved',NULL,'2023-03-30 15:28:46'),(19,1,'PS_TRANSFERS_RESERVED','Transfers reserved',NULL,'2023-03-30 15:28:46'),(20,2,'PS_TRANSFERS_RESERVED','Transfers reserved',NULL,'2023-03-30 15:28:46'),(21,9,'PS_TRANSFERS_RESERVED','Transfers reserved',NULL,'2023-03-30 15:28:49'),(22,8,'PS_TRANSFERS_RESERVED','Transfers reserved',NULL,'2023-03-30 15:28:49'),(23,10,'PS_TRANSFERS_RESERVED','Transfers reserved',NULL,'2023-03-30 15:28:49'),(24,11,'PS_TRANSFERS_RESERVED','Transfers reserved',NULL,'2023-03-30 15:28:49'),(25,3,'PS_TRANSFERS_COMMITTED','Transfers committed',NULL,'2023-03-30 15:28:51'),(26,4,'PS_TRANSFERS_COMMITTED','Transfers committed',NULL,'2023-03-30 15:28:51'),(27,1,'PS_TRANSFERS_COMMITTED','Transfers committed',NULL,'2023-03-30 15:28:51'),(28,2,'PS_TRANSFERS_COMMITTED','Transfers committed',NULL,'2023-03-30 15:28:51'),(29,9,'PS_TRANSFERS_COMMITTED','Transfers committed',NULL,'2023-03-30 15:28:54'),(30,8,'PS_TRANSFERS_COMMITTED','Transfers committed',NULL,'2023-03-30 15:28:54'),(31,10,'PS_TRANSFERS_COMMITTED','Transfers committed',NULL,'2023-03-30 15:28:54'),(32,11,'PS_TRANSFERS_COMMITTED','Transfers committed',NULL,'2023-03-30 15:28:54'),(33,3,'SETTLED','Transfers settled for payer',NULL,'2023-03-30 15:28:57'),(34,4,'SETTLED','Transfers settled for payer',NULL,'2023-03-30 15:28:57'),(35,1,'SETTLED','Transfers settled for payer',NULL,'2023-03-30 15:28:57'),(36,2,'SETTLED','Transfers settled for payer',NULL,'2023-03-30 15:28:57'),(37,9,'SETTLED','Transfers settled for payer',NULL,'2023-03-30 15:28:59'),(38,8,'SETTLED','Transfers settled for payer',NULL,'2023-03-30 15:28:59'),(39,10,'SETTLED','Transfers settled for payer',NULL,'2023-03-30 15:28:59'),(40,11,'SETTLED','Transfers settled for payer',NULL,'2023-03-30 15:28:59'),(41,15,'PENDING_SETTLEMENT','TESTING',NULL,'2023-03-30 15:29:08'),(42,16,'PENDING_SETTLEMENT','TESTING',NULL,'2023-03-30 15:29:08'),(43,17,'PENDING_SETTLEMENT','TESTING',NULL,'2023-03-30 15:29:08'),(44,18,'PENDING_SETTLEMENT','TESTING',NULL,'2023-03-30 15:29:08'),(45,17,'PS_TRANSFERS_RECORDED','Transfers recorded for payer',NULL,'2023-03-30 15:29:10'),(46,16,'PS_TRANSFERS_RECORDED','Transfers recorded for payer',NULL,'2023-03-30 15:29:10'),(47,15,'PS_TRANSFERS_RECORDED','Transfers recorded for payer',NULL,'2023-03-30 15:29:10'),(48,18,'PS_TRANSFERS_RECORDED','Transfers recorded for payer',NULL,'2023-03-30 15:29:10'),(49,17,'PS_TRANSFERS_RESERVED','Transfers reserved',NULL,'2023-03-30 15:29:13'),(50,16,'PS_TRANSFERS_RESERVED','Transfers reserved',NULL,'2023-03-30 15:29:13'),(51,15,'PS_TRANSFERS_RESERVED','Transfers reserved',NULL,'2023-03-30 15:29:13'),(52,18,'PS_TRANSFERS_RESERVED','Transfers reserved',NULL,'2023-03-30 15:29:13'),(53,17,'PS_TRANSFERS_COMMITTED','Transfers committed',NULL,'2023-03-30 15:29:15'),(54,16,'PS_TRANSFERS_COMMITTED','Transfers committed',NULL,'2023-03-30 15:29:15'),(55,15,'PS_TRANSFERS_COMMITTED','Transfers committed',NULL,'2023-03-30 15:29:15'),(56,18,'PS_TRANSFERS_COMMITTED','Transfers committed',NULL,'2023-03-30 15:29:16'),(57,17,'SETTLED','Transfers settled for payer',NULL,'2023-03-30 15:29:18'),(58,16,'SETTLED','Transfers settled for payer',NULL,'2023-03-30 15:29:18'),(59,15,'SETTLED','Transfers settled for payer',NULL,'2023-03-30 15:29:18'),(60,18,'SETTLED','Transfers settled for payer',NULL,'2023-03-30 15:29:18'),(61,22,'PENDING_SETTLEMENT','TESTING',NULL,'2023-03-30 15:29:27'),(62,23,'PENDING_SETTLEMENT','TESTING',NULL,'2023-03-30 15:29:27'),(63,24,'PENDING_SETTLEMENT','TESTING',NULL,'2023-03-30 15:29:27'),(64,25,'PENDING_SETTLEMENT','TESTING',NULL,'2023-03-30 15:29:27'),(65,25,'PS_TRANSFERS_RECORDED','Transfers recorded for payer',NULL,'2023-03-30 15:29:30'),(66,24,'PS_TRANSFERS_RECORDED','Transfers recorded for payer',NULL,'2023-03-30 15:29:30'),(67,22,'PS_TRANSFERS_RECORDED','Transfers recorded for payer',NULL,'2023-03-30 15:29:30'),(68,23,'PS_TRANSFERS_RECORDED','Transfers recorded for payer',NULL,'2023-03-30 15:29:30'),(69,25,'PS_TRANSFERS_RESERVED','Transfers reserved',NULL,'2023-03-30 15:29:32'),(70,24,'PS_TRANSFERS_RESERVED','Transfers reserved',NULL,'2023-03-30 15:29:32'),(71,22,'PS_TRANSFERS_RESERVED','Transfers reserved',NULL,'2023-03-30 15:29:32'),(72,23,'PS_TRANSFERS_RESERVED','Transfers reserved',NULL,'2023-03-30 15:29:32'),(73,25,'PS_TRANSFERS_COMMITTED','Transfers committed',NULL,'2023-03-30 15:29:35'),(74,24,'PS_TRANSFERS_COMMITTED','Transfers committed',NULL,'2023-03-30 15:29:35'),(75,22,'PS_TRANSFERS_COMMITTED','Transfers committed',NULL,'2023-03-30 15:29:35'),(76,23,'PS_TRANSFERS_COMMITTED','Transfers committed',NULL,'2023-03-30 15:29:35'),(77,25,'SETTLED','Transfers settled for payer',NULL,'2023-03-30 15:29:38'),(78,24,'SETTLED','Transfers settled for payer',NULL,'2023-03-30 15:29:38'),(79,22,'SETTLED','Transfers settled for payer',NULL,'2023-03-30 15:29:38'),(80,23,'SETTLED','Transfers settled for payer',NULL,'2023-03-30 15:29:38'),(81,29,'PENDING_SETTLEMENT','TESTING',NULL,'2023-03-30 15:29:55'),(82,30,'PENDING_SETTLEMENT','TESTING',NULL,'2023-03-30 15:29:55'),(83,31,'PENDING_SETTLEMENT','TESTING',NULL,'2023-03-30 15:29:55'),(84,32,'PENDING_SETTLEMENT','TESTING',NULL,'2023-03-30 15:29:55'),(85,36,'PENDING_SETTLEMENT','TESTING',NULL,'2023-03-30 15:30:09'),(86,37,'PENDING_SETTLEMENT','TESTING',NULL,'2023-03-30 15:30:09'),(87,38,'PENDING_SETTLEMENT','TESTING',NULL,'2023-03-30 15:30:09'),(88,39,'PENDING_SETTLEMENT','TESTING',NULL,'2023-03-30 15:30:09'),(89,43,'PENDING_SETTLEMENT','TESTING',NULL,'2023-03-30 15:38:06'),(90,44,'PENDING_SETTLEMENT','TESTING',NULL,'2023-03-30 15:38:06'),(91,45,'PENDING_SETTLEMENT','TESTING',NULL,'2023-03-30 15:38:06'),(92,46,'PENDING_SETTLEMENT','TESTING',NULL,'2023-03-30 15:38:06'),(93,50,'PENDING_SETTLEMENT','TESTING',NULL,'2023-03-30 15:38:09'),(94,51,'PENDING_SETTLEMENT','TESTING',NULL,'2023-03-30 15:38:09'),(95,52,'PENDING_SETTLEMENT','TESTING',NULL,'2023-03-30 15:38:09'),(96,53,'PENDING_SETTLEMENT','TESTING',NULL,'2023-03-30 15:38:09'),(97,45,'PS_TRANSFERS_RECORDED','Transfers recorded for payer',NULL,'2023-03-30 15:38:11'),(98,46,'PS_TRANSFERS_RECORDED','Transfers recorded for payer',NULL,'2023-03-30 15:38:11'),(99,43,'PS_TRANSFERS_RECORDED','Transfers recorded for payer',NULL,'2023-03-30 15:38:11'),(100,44,'PS_TRANSFERS_RECORDED','Transfers recorded for payer',NULL,'2023-03-30 15:38:11'),(101,53,'PS_TRANSFERS_RECORDED','Transfers recorded for payer',NULL,'2023-03-30 15:38:14'),(102,51,'PS_TRANSFERS_RECORDED','Transfers recorded for payer',NULL,'2023-03-30 15:38:14'),(103,50,'PS_TRANSFERS_RECORDED','Transfers recorded for payer',NULL,'2023-03-30 15:38:14'),(104,52,'PS_TRANSFERS_RECORDED','Transfers recorded for payer',NULL,'2023-03-30 15:38:14'),(105,45,'PS_TRANSFERS_RESERVED','Transfers reserved',NULL,'2023-03-30 15:38:17'),(106,46,'PS_TRANSFERS_RESERVED','Transfers reserved',NULL,'2023-03-30 15:38:17'),(107,43,'PS_TRANSFERS_RESERVED','Transfers reserved',NULL,'2023-03-30 15:38:17'),(108,44,'PS_TRANSFERS_RESERVED','Transfers reserved',NULL,'2023-03-30 15:38:17'),(109,53,'PS_TRANSFERS_RESERVED','Transfers reserved',NULL,'2023-03-30 15:38:19'),(110,51,'PS_TRANSFERS_RESERVED','Transfers reserved',NULL,'2023-03-30 15:38:19'),(111,50,'PS_TRANSFERS_RESERVED','Transfers reserved',NULL,'2023-03-30 15:38:19'),(112,52,'PS_TRANSFERS_RESERVED','Transfers reserved',NULL,'2023-03-30 15:38:19'),(113,45,'PS_TRANSFERS_COMMITTED','Transfers committed',NULL,'2023-03-30 15:38:22'),(114,46,'PS_TRANSFERS_COMMITTED','Transfers committed',NULL,'2023-03-30 15:38:22'),(115,43,'PS_TRANSFERS_COMMITTED','Transfers committed',NULL,'2023-03-30 15:38:22'),(116,44,'PS_TRANSFERS_COMMITTED','Transfers committed',NULL,'2023-03-30 15:38:22'),(117,53,'PS_TRANSFERS_COMMITTED','Transfers committed',NULL,'2023-03-30 15:38:25'),(118,51,'PS_TRANSFERS_COMMITTED','Transfers committed',NULL,'2023-03-30 15:38:25'),(119,50,'PS_TRANSFERS_COMMITTED','Transfers committed',NULL,'2023-03-30 15:38:25'),(120,52,'PS_TRANSFERS_COMMITTED','Transfers committed',NULL,'2023-03-30 15:38:25'),(121,45,'SETTLED','Transfers settled for payer',NULL,'2023-03-30 15:38:27'),(122,46,'SETTLED','Transfers settled for payer',NULL,'2023-03-30 15:38:27'),(123,43,'SETTLED','Transfers settled for payer',NULL,'2023-03-30 15:38:27'),(124,44,'SETTLED','Transfers settled for payer',NULL,'2023-03-30 15:38:27'),(125,53,'SETTLED','Transfers settled for payer',NULL,'2023-03-30 15:38:30'),(126,51,'SETTLED','Transfers settled for payer',NULL,'2023-03-30 15:38:30'),(127,50,'SETTLED','Transfers settled for payer',NULL,'2023-03-30 15:38:30'),(128,52,'SETTLED','Transfers settled for payer',NULL,'2023-03-30 15:38:30'),(129,57,'PENDING_SETTLEMENT','TESTING',NULL,'2023-03-30 15:38:38'),(130,58,'PENDING_SETTLEMENT','TESTING',NULL,'2023-03-30 15:38:38'),(131,59,'PENDING_SETTLEMENT','TESTING',NULL,'2023-03-30 15:38:38'),(132,60,'PENDING_SETTLEMENT','TESTING',NULL,'2023-03-30 15:38:38'),(133,57,'PS_TRANSFERS_RECORDED','Transfers recorded for payer',NULL,'2023-03-30 15:38:41'),(134,59,'PS_TRANSFERS_RECORDED','Transfers recorded for payer',NULL,'2023-03-30 15:38:41'),(135,58,'PS_TRANSFERS_RECORDED','Transfers recorded for payer',NULL,'2023-03-30 15:38:41'),(136,60,'PS_TRANSFERS_RECORDED','Transfers recorded for payer',NULL,'2023-03-30 15:38:41'),(137,57,'PS_TRANSFERS_RESERVED','Transfers reserved',NULL,'2023-03-30 15:38:43'),(138,59,'PS_TRANSFERS_RESERVED','Transfers reserved',NULL,'2023-03-30 15:38:44'),(139,58,'PS_TRANSFERS_RESERVED','Transfers reserved',NULL,'2023-03-30 15:38:44'),(140,60,'PS_TRANSFERS_RESERVED','Transfers reserved',NULL,'2023-03-30 15:38:44'),(141,57,'PS_TRANSFERS_COMMITTED','Transfers committed',NULL,'2023-03-30 15:38:46'),(142,59,'PS_TRANSFERS_COMMITTED','Transfers committed',NULL,'2023-03-30 15:38:46'),(143,58,'PS_TRANSFERS_COMMITTED','Transfers committed',NULL,'2023-03-30 15:38:46'),(144,60,'PS_TRANSFERS_COMMITTED','Transfers committed',NULL,'2023-03-30 15:38:46'),(145,57,'SETTLED','Transfers settled for payer',NULL,'2023-03-30 15:38:49'),(146,59,'SETTLED','Transfers settled for payer',NULL,'2023-03-30 15:38:49'),(147,58,'SETTLED','Transfers settled for payer',NULL,'2023-03-30 15:38:49'),(148,60,'SETTLED','Transfers settled for payer',NULL,'2023-03-30 15:38:49'),(149,64,'PENDING_SETTLEMENT','TESTING',NULL,'2023-03-30 15:38:58'),(150,65,'PENDING_SETTLEMENT','TESTING',NULL,'2023-03-30 15:38:58'),(151,66,'PENDING_SETTLEMENT','TESTING',NULL,'2023-03-30 15:38:58'),(152,67,'PENDING_SETTLEMENT','TESTING',NULL,'2023-03-30 15:38:58'),(153,64,'PS_TRANSFERS_RECORDED','Transfers recorded for payer',NULL,'2023-03-30 15:39:00'),(154,66,'PS_TRANSFERS_RECORDED','Transfers recorded for payer',NULL,'2023-03-30 15:39:00'),(155,65,'PS_TRANSFERS_RECORDED','Transfers recorded for payer',NULL,'2023-03-30 15:39:00'),(156,67,'PS_TRANSFERS_RECORDED','Transfers recorded for payer',NULL,'2023-03-30 15:39:00'),(157,64,'PS_TRANSFERS_RESERVED','Transfers reserved',NULL,'2023-03-30 15:39:03'),(158,66,'PS_TRANSFERS_RESERVED','Transfers reserved',NULL,'2023-03-30 15:39:03'),(159,65,'PS_TRANSFERS_RESERVED','Transfers reserved',NULL,'2023-03-30 15:39:03'),(160,67,'PS_TRANSFERS_RESERVED','Transfers reserved',NULL,'2023-03-30 15:39:03'),(161,64,'PS_TRANSFERS_COMMITTED','Transfers committed',NULL,'2023-03-30 15:39:05'),(162,66,'PS_TRANSFERS_COMMITTED','Transfers committed',NULL,'2023-03-30 15:39:05'),(163,65,'PS_TRANSFERS_COMMITTED','Transfers committed',NULL,'2023-03-30 15:39:05'),(164,67,'PS_TRANSFERS_COMMITTED','Transfers committed',NULL,'2023-03-30 15:39:06'),(165,64,'SETTLED','Transfers settled for payer',NULL,'2023-03-30 15:39:08'),(166,66,'SETTLED','Transfers settled for payer',NULL,'2023-03-30 15:39:08'),(167,65,'SETTLED','Transfers settled for payer',NULL,'2023-03-30 15:39:08'),(168,67,'SETTLED','Transfers settled for payer',NULL,'2023-03-30 15:39:08'),(169,71,'PENDING_SETTLEMENT','TESTING',NULL,'2023-03-30 15:39:15'),(170,72,'PENDING_SETTLEMENT','TESTING',NULL,'2023-03-30 15:39:15'),(171,73,'PENDING_SETTLEMENT','TESTING',NULL,'2023-03-30 15:39:15'),(172,74,'PENDING_SETTLEMENT','TESTING',NULL,'2023-03-30 15:39:15'),(173,78,'PENDING_SETTLEMENT','TESTING',NULL,'2023-03-30 15:39:30'),(174,79,'PENDING_SETTLEMENT','TESTING',NULL,'2023-03-30 15:39:30'),(175,80,'PENDING_SETTLEMENT','TESTING',NULL,'2023-03-30 15:39:30'),(176,81,'PENDING_SETTLEMENT','TESTING',NULL,'2023-03-30 15:39:30'),(177,85,'PENDING_SETTLEMENT','TESTING',NULL,'2023-03-30 15:46:59'),(178,86,'PENDING_SETTLEMENT','TESTING',NULL,'2023-03-30 15:46:59'),(179,87,'PENDING_SETTLEMENT','TESTING',NULL,'2023-03-30 15:46:59'),(180,88,'PENDING_SETTLEMENT','TESTING',NULL,'2023-03-30 15:46:59'),(181,89,'PENDING_SETTLEMENT','TESTING',NULL,'2023-03-30 15:46:59'),(182,90,'PENDING_SETTLEMENT','TESTING',NULL,'2023-03-30 15:46:59'),(183,91,'PENDING_SETTLEMENT','TESTING',NULL,'2023-03-30 15:46:59'),(184,92,'PENDING_SETTLEMENT','TESTING',NULL,'2023-03-30 15:46:59'),(185,93,'PENDING_SETTLEMENT','TESTING',NULL,'2023-03-30 15:46:59'),(186,85,'PS_TRANSFERS_RECORDED','Transfers recorded for payer',NULL,'2023-03-30 15:47:01'),(187,86,'PS_TRANSFERS_RECORDED','Transfers recorded for payer',NULL,'2023-03-30 15:47:01'),(188,87,'PS_TRANSFERS_RECORDED','Transfers recorded for payer',NULL,'2023-03-30 15:47:01'),(189,88,'PS_TRANSFERS_RECORDED','Transfers recorded for payer',NULL,'2023-03-30 15:47:01'),(190,89,'PS_TRANSFERS_RECORDED','Transfers recorded for payer',NULL,'2023-03-30 15:47:01'),(191,90,'PS_TRANSFERS_RECORDED','Transfers recorded for payer',NULL,'2023-03-30 15:47:01'),(192,91,'PS_TRANSFERS_RECORDED','Transfers recorded for payer',NULL,'2023-03-30 15:47:01'),(193,92,'PS_TRANSFERS_RECORDED','Transfers recorded for payer',NULL,'2023-03-30 15:47:01'),(194,93,'PS_TRANSFERS_RECORDED','Transfers recorded for payer',NULL,'2023-03-30 15:47:01'),(195,85,'PS_TRANSFERS_RESERVED','Transfers reserved for payer',NULL,'2023-03-30 15:47:01'),(196,86,'PS_TRANSFERS_RESERVED','Transfers reserved for payer',NULL,'2023-03-30 15:47:01'),(197,87,'PS_TRANSFERS_RESERVED','Transfers reserved for payer',NULL,'2023-03-30 15:47:01'),(198,88,'PS_TRANSFERS_RESERVED','Transfers reserved for payer',NULL,'2023-03-30 15:47:01'),(199,89,'PS_TRANSFERS_RESERVED','Transfers reserved for payer',NULL,'2023-03-30 15:47:01'),(200,90,'PS_TRANSFERS_RESERVED','Transfers reserved for payer',NULL,'2023-03-30 15:47:01'),(201,91,'PS_TRANSFERS_RESERVED','Transfers reserved for payer',NULL,'2023-03-30 15:47:01'),(202,92,'PS_TRANSFERS_RESERVED','Transfers reserved for payer',NULL,'2023-03-30 15:47:01'),(203,93,'PS_TRANSFERS_RESERVED','Transfers reserved for payer',NULL,'2023-03-30 15:47:01'),(204,85,'PS_TRANSFERS_COMMITTED','Transfers committed for payer',NULL,'2023-03-30 15:47:01'),(205,86,'PS_TRANSFERS_COMMITTED','Transfers committed for payer',NULL,'2023-03-30 15:47:01'),(206,87,'PS_TRANSFERS_COMMITTED','Transfers committed for payer',NULL,'2023-03-30 15:47:01'),(207,88,'PS_TRANSFERS_COMMITTED','Transfers committed for payer',NULL,'2023-03-30 15:47:01'),(208,89,'PS_TRANSFERS_COMMITTED','Transfers committed for payer',NULL,'2023-03-30 15:47:01'),(209,90,'PS_TRANSFERS_COMMITTED','Transfers committed for payer',NULL,'2023-03-30 15:47:01'),(210,91,'PS_TRANSFERS_COMMITTED','Transfers committed for payer',NULL,'2023-03-30 15:47:01'),(211,92,'PS_TRANSFERS_COMMITTED','Transfers committed for payer',NULL,'2023-03-30 15:47:01'),(212,93,'PS_TRANSFERS_COMMITTED','Transfers committed for payer',NULL,'2023-03-30 15:47:01'),(213,85,'SETTLED','Transfers settled for payer',NULL,'2023-03-30 15:47:01'),(214,86,'SETTLED','Transfers settled for payer',NULL,'2023-03-30 15:47:01'),(215,87,'SETTLED','Transfers settled for payer',NULL,'2023-03-30 15:47:01'),(216,88,'SETTLED','Transfers settled for payer',NULL,'2023-03-30 15:47:01'),(217,89,'SETTLED','Transfers settled for payer',NULL,'2023-03-30 15:47:01'),(218,90,'SETTLED','Transfers settled for payer',NULL,'2023-03-30 15:47:01'),(219,91,'SETTLED','Transfers settled for payer',NULL,'2023-03-30 15:47:01'),(220,92,'SETTLED','Transfers settled for payer',NULL,'2023-03-30 15:47:01'),(221,93,'SETTLED','Transfers settled for payer',NULL,'2023-03-30 15:47:01');
/*!40000 ALTER TABLE `settlementParticipantCurrencyStateChange` ENABLE KEYS */;
UNLOCK TABLES;

--
-- Table structure for table `settlementSettlementWindow`
--

DROP TABLE IF EXISTS `settlementSettlementWindow`;
/*!40101 SET @saved_cs_client     = @@character_set_client */;
/*!50503 SET character_set_client = utf8mb4 */;
CREATE TABLE `settlementSettlementWindow` (
  `settlementSettlementWindowId` bigint unsigned NOT NULL AUTO_INCREMENT,
  `settlementId` bigint unsigned NOT NULL,
  `settlementWindowId` bigint unsigned NOT NULL,
  `createdDate` datetime NOT NULL DEFAULT CURRENT_TIMESTAMP,
  PRIMARY KEY (`settlementSettlementWindowId`),
  UNIQUE KEY `settlementsettlementwindow_unique` (`settlementId`,`settlementWindowId`),
  KEY `settlementsettlementwindow_settlementid_index` (`settlementId`),
  KEY `settlementsettlementwindow_settlementwindowid_index` (`settlementWindowId`),
  CONSTRAINT `settlementsettlementwindow_settlementid_foreign` FOREIGN KEY (`settlementId`) REFERENCES `settlement` (`settlementId`),
  CONSTRAINT `settlementsettlementwindow_settlementwindowid_foreign` FOREIGN KEY (`settlementWindowId`) REFERENCES `settlementWindow` (`settlementWindowId`)
) ENGINE=InnoDB AUTO_INCREMENT=24 DEFAULT CHARSET=utf8mb3;
/*!40101 SET character_set_client = @saved_cs_client */;

--
-- Dumping data for table `settlementSettlementWindow`
--

LOCK TABLES `settlementSettlementWindow` WRITE;
/*!40000 ALTER TABLE `settlementSettlementWindow` DISABLE KEYS */;
INSERT INTO `settlementSettlementWindow` VALUES (1,1,2,'2023-03-30 15:28:35'),(2,2,2,'2023-03-30 15:28:38'),(3,3,3,'2023-03-30 15:29:08'),(4,4,4,'2023-03-30 15:29:27'),(5,5,5,'2023-03-30 15:29:55'),(6,6,6,'2023-03-30 15:30:09'),(7,6,7,'2023-03-30 15:30:09'),(8,6,8,'2023-03-30 15:30:09'),(9,6,9,'2023-03-30 15:30:09'),(10,6,10,'2023-03-30 15:30:09'),(11,7,12,'2023-03-30 15:38:06'),(12,8,12,'2023-03-30 15:38:09'),(13,9,13,'2023-03-30 15:38:38'),(14,10,14,'2023-03-30 15:38:58'),(15,11,15,'2023-03-30 15:39:15'),(16,12,16,'2023-03-30 15:39:30'),(17,12,17,'2023-03-30 15:39:30'),(18,12,18,'2023-03-30 15:39:30'),(19,12,19,'2023-03-30 15:39:30'),(20,12,20,'2023-03-30 15:39:30'),(21,13,21,'2023-03-30 15:46:59'),(22,13,11,'2023-03-30 15:46:59'),(23,13,1,'2023-03-30 15:46:59');
/*!40000 ALTER TABLE `settlementSettlementWindow` ENABLE KEYS */;
UNLOCK TABLES;

--
-- Table structure for table `settlementState`
--

DROP TABLE IF EXISTS `settlementState`;
/*!40101 SET @saved_cs_client     = @@character_set_client */;
/*!50503 SET character_set_client = utf8mb4 */;
CREATE TABLE `settlementState` (
  `settlementStateId` varchar(50) NOT NULL,
  `enumeration` varchar(50) NOT NULL,
  `description` varchar(512) DEFAULT NULL,
  `isActive` tinyint(1) NOT NULL DEFAULT '1',
  `createdDate` datetime NOT NULL DEFAULT CURRENT_TIMESTAMP,
  PRIMARY KEY (`settlementStateId`)
) ENGINE=InnoDB DEFAULT CHARSET=utf8mb3;
/*!40101 SET character_set_client = @saved_cs_client */;

--
-- Dumping data for table `settlementState`
--

LOCK TABLES `settlementState` WRITE;
/*!40000 ALTER TABLE `settlementState` DISABLE KEYS */;
INSERT INTO `settlementState` VALUES ('ABORTED','ABORTED','Final state when the settlement is not possible.',1,'2023-03-30 15:16:52'),('PENDING_SETTLEMENT','PENDING_SETTLEMENT','The net settlement report for this window has been taken, with the parameter set to indicate that settlement is to be processed.',1,'2023-03-30 15:16:52'),('PS_TRANSFERS_COMMITTED','PS_TRANSFERS_COMMITTED','All the credit entries for the MLNS transfers are committed. An identifier might be received and recorded from the Settlement bank to allow reconciliation.',1,'2023-03-30 15:16:52'),('PS_TRANSFERS_RECORDED','PS_TRANSFERS_RECORDED','Record transfer entries against the Position Account and the Multi-lateral Net Settlement Account, these are the \"multi-lateral net settlement transfers\" (MLNS transfers). An identifier might be provided to be past to the reference bank.',1,'2023-03-30 15:16:52'),('PS_TRANSFERS_RESERVED','PS_TRANSFERS_RESERVED','All the debit entries for the MLNS transfers are reserved.',1,'2023-03-30 15:16:52'),('SETTLED','SETTLED','When all outstanding accounts are SETTLED, the entire Settlement is moved to SETTLED.',1,'2023-03-30 15:16:52'),('SETTLING','SETTLING','If all accounts are not yet SETTLED, the Status of the settlement is moved to SETTLING. Note: applies only on settlement level.',1,'2023-03-30 15:16:52');
/*!40000 ALTER TABLE `settlementState` ENABLE KEYS */;
UNLOCK TABLES;

--
-- Table structure for table `settlementStateChange`
--

DROP TABLE IF EXISTS `settlementStateChange`;
/*!40101 SET @saved_cs_client     = @@character_set_client */;
/*!50503 SET character_set_client = utf8mb4 */;
CREATE TABLE `settlementStateChange` (
  `settlementStateChangeId` bigint unsigned NOT NULL AUTO_INCREMENT,
  `settlementId` bigint unsigned NOT NULL,
  `settlementStateId` varchar(50) NOT NULL,
  `reason` varchar(512) DEFAULT NULL,
  `createdDate` datetime NOT NULL DEFAULT CURRENT_TIMESTAMP,
  PRIMARY KEY (`settlementStateChangeId`),
  KEY `settlementstatechange_settlementid_index` (`settlementId`),
  KEY `settlementstatechange_settlementstateid_index` (`settlementStateId`),
  CONSTRAINT `settlementstatechange_settlementid_foreign` FOREIGN KEY (`settlementId`) REFERENCES `settlement` (`settlementId`),
  CONSTRAINT `settlementstatechange_settlementstateid_foreign` FOREIGN KEY (`settlementStateId`) REFERENCES `settlementState` (`settlementStateId`)
) ENGINE=InnoDB AUTO_INCREMENT=58 DEFAULT CHARSET=utf8mb3;
/*!40101 SET character_set_client = @saved_cs_client */;

--
-- Dumping data for table `settlementStateChange`
--

LOCK TABLES `settlementStateChange` WRITE;
/*!40000 ALTER TABLE `settlementStateChange` DISABLE KEYS */;
INSERT INTO `settlementStateChange` VALUES (1,1,'PENDING_SETTLEMENT','TESTING','2023-03-30 15:28:35'),(2,2,'PENDING_SETTLEMENT','TESTING','2023-03-30 15:28:38'),(3,1,'PS_TRANSFERS_RECORDED','All settlement accounts are PS_TRANSFERS_RECORDED','2023-03-30 15:28:41'),(4,2,'PS_TRANSFERS_RECORDED','All settlement accounts are PS_TRANSFERS_RECORDED','2023-03-30 15:28:43'),(5,1,'PS_TRANSFERS_RESERVED','All settlement accounts are PS_TRANSFERS_RESERVED','2023-03-30 15:28:46'),(6,2,'PS_TRANSFERS_RESERVED','All settlement accounts are PS_TRANSFERS_RESERVED','2023-03-30 15:28:49'),(7,1,'PS_TRANSFERS_COMMITTED','All settlement accounts are PS_TRANSFERS_COMMITTED','2023-03-30 15:28:51'),(8,2,'PS_TRANSFERS_COMMITTED','All settlement accounts are PS_TRANSFERS_COMMITTED','2023-03-30 15:28:54'),(9,1,'SETTLING','Some settlement accounts are SETTLED','2023-03-30 15:28:57'),(10,1,'SETTLED','All settlement accounts are SETTLED','2023-03-30 15:28:57'),(11,2,'SETTLING','Some settlement accounts are SETTLED','2023-03-30 15:28:59'),(12,2,'SETTLED','All settlement accounts are SETTLED','2023-03-30 15:28:59'),(13,3,'PENDING_SETTLEMENT','TESTING','2023-03-30 15:29:08'),(14,3,'PS_TRANSFERS_RECORDED','All settlement accounts are PS_TRANSFERS_RECORDED','2023-03-30 15:29:10'),(15,3,'PS_TRANSFERS_RESERVED','All settlement accounts are PS_TRANSFERS_RESERVED','2023-03-30 15:29:13'),(16,3,'PS_TRANSFERS_COMMITTED','All settlement accounts are PS_TRANSFERS_COMMITTED','2023-03-30 15:29:16'),(17,3,'SETTLING','Some settlement accounts are SETTLED','2023-03-30 15:29:18'),(18,3,'SETTLED','All settlement accounts are SETTLED','2023-03-30 15:29:18'),(19,4,'PENDING_SETTLEMENT','TESTING','2023-03-30 15:29:27'),(20,4,'PS_TRANSFERS_RECORDED','All settlement accounts are PS_TRANSFERS_RECORDED','2023-03-30 15:29:30'),(21,4,'PS_TRANSFERS_RESERVED','All settlement accounts are PS_TRANSFERS_RESERVED','2023-03-30 15:29:32'),(22,4,'PS_TRANSFERS_COMMITTED','All settlement accounts are PS_TRANSFERS_COMMITTED','2023-03-30 15:29:35'),(23,4,'SETTLING','Some settlement accounts are SETTLED','2023-03-30 15:29:38'),(24,4,'SETTLED','All settlement accounts are SETTLED','2023-03-30 15:29:38'),(25,5,'PENDING_SETTLEMENT','TESTING','2023-03-30 15:29:55'),(26,6,'PENDING_SETTLEMENT','TESTING','2023-03-30 15:30:09'),(27,7,'PENDING_SETTLEMENT','TESTING','2023-03-30 15:38:06'),(28,8,'PENDING_SETTLEMENT','TESTING','2023-03-30 15:38:09'),(29,7,'PS_TRANSFERS_RECORDED','All settlement accounts are PS_TRANSFERS_RECORDED','2023-03-30 15:38:11'),(30,8,'PS_TRANSFERS_RECORDED','All settlement accounts are PS_TRANSFERS_RECORDED','2023-03-30 15:38:14'),(31,7,'PS_TRANSFERS_RESERVED','All settlement accounts are PS_TRANSFERS_RESERVED','2023-03-30 15:38:17'),(32,8,'PS_TRANSFERS_RESERVED','All settlement accounts are PS_TRANSFERS_RESERVED','2023-03-30 15:38:19'),(33,7,'PS_TRANSFERS_COMMITTED','All settlement accounts are PS_TRANSFERS_COMMITTED','2023-03-30 15:38:22'),(34,8,'PS_TRANSFERS_COMMITTED','All settlement accounts are PS_TRANSFERS_COMMITTED','2023-03-30 15:38:25'),(35,7,'SETTLING','Some settlement accounts are SETTLED','2023-03-30 15:38:27'),(36,7,'SETTLED','All settlement accounts are SETTLED','2023-03-30 15:38:27'),(37,8,'SETTLING','Some settlement accounts are SETTLED','2023-03-30 15:38:30'),(38,8,'SETTLED','All settlement accounts are SETTLED','2023-03-30 15:38:30'),(39,9,'PENDING_SETTLEMENT','TESTING','2023-03-30 15:38:38'),(40,9,'PS_TRANSFERS_RECORDED','All settlement accounts are PS_TRANSFERS_RECORDED','2023-03-30 15:38:41'),(41,9,'PS_TRANSFERS_RESERVED','All settlement accounts are PS_TRANSFERS_RESERVED','2023-03-30 15:38:44'),(42,9,'PS_TRANSFERS_COMMITTED','All settlement accounts are PS_TRANSFERS_COMMITTED','2023-03-30 15:38:46'),(43,9,'SETTLING','Some settlement accounts are SETTLED','2023-03-30 15:38:49'),(44,9,'SETTLED','All settlement accounts are SETTLED','2023-03-30 15:38:49'),(45,10,'PENDING_SETTLEMENT','TESTING','2023-03-30 15:38:58'),(46,10,'PS_TRANSFERS_RECORDED','All settlement accounts are PS_TRANSFERS_RECORDED','2023-03-30 15:39:00'),(47,10,'PS_TRANSFERS_RESERVED','All settlement accounts are PS_TRANSFERS_RESERVED','2023-03-30 15:39:03'),(48,10,'PS_TRANSFERS_COMMITTED','All settlement accounts are PS_TRANSFERS_COMMITTED','2023-03-30 15:39:06'),(49,10,'SETTLING','Some settlement accounts are SETTLED','2023-03-30 15:39:08'),(50,10,'SETTLED','All settlement accounts are SETTLED','2023-03-30 15:39:08'),(51,11,'PENDING_SETTLEMENT','TESTING','2023-03-30 15:39:15'),(52,12,'PENDING_SETTLEMENT','TESTING','2023-03-30 15:39:30'),(53,13,'PENDING_SETTLEMENT','TESTING','2023-03-30 15:46:59'),(54,13,'PS_TRANSFERS_RECORDED','All settlement accounts are PS_TRANSFERS_RECORDED','2023-03-30 15:47:01'),(55,13,'PS_TRANSFERS_RESERVED','All settlement accounts are PS_TRANSFERS_RESERVED','2023-03-30 15:47:01'),(56,13,'PS_TRANSFERS_COMMITTED','All settlement accounts are PS_TRANSFERS_COMMITTED','2023-03-30 15:47:01'),(57,13,'SETTLED','All settlement accounts are SETTLED','2023-03-30 15:47:01');
/*!40000 ALTER TABLE `settlementStateChange` ENABLE KEYS */;
UNLOCK TABLES;

--
-- Table structure for table `settlementTransferParticipant`
--

DROP TABLE IF EXISTS `settlementTransferParticipant`;
/*!40101 SET @saved_cs_client     = @@character_set_client */;
/*!50503 SET character_set_client = utf8mb4 */;
CREATE TABLE `settlementTransferParticipant` (
  `settlementTransferParticipantId` bigint unsigned NOT NULL AUTO_INCREMENT,
  `settlementId` bigint unsigned NOT NULL,
  `settlementWindowId` bigint unsigned NOT NULL,
  `participantCurrencyId` int unsigned NOT NULL,
  `transferParticipantRoleTypeId` int unsigned NOT NULL,
  `ledgerEntryTypeId` int unsigned NOT NULL,
  `amount` decimal(18,4) NOT NULL,
  `createdDate` datetime NOT NULL DEFAULT CURRENT_TIMESTAMP,
  PRIMARY KEY (`settlementTransferParticipantId`),
  KEY `settlementtransferparticipant_settlementid_index` (`settlementId`),
  KEY `settlementtransferparticipant_settlementwindowid_index` (`settlementWindowId`),
  KEY `settlementtransferparticipant_participantcurrencyid_index` (`participantCurrencyId`),
  KEY `stp_transferparticipantroletypeid_index` (`transferParticipantRoleTypeId`),
  KEY `settlementtransferparticipant_ledgerentrytypeid_index` (`ledgerEntryTypeId`),
  CONSTRAINT `settlementtransferparticipant_ledgerentrytypeid_foreign` FOREIGN KEY (`ledgerEntryTypeId`) REFERENCES `ledgerEntryType` (`ledgerEntryTypeId`),
  CONSTRAINT `settlementtransferparticipant_participantcurrencyid_foreign` FOREIGN KEY (`participantCurrencyId`) REFERENCES `participantCurrency` (`participantCurrencyId`),
  CONSTRAINT `settlementtransferparticipant_settlementid_foreign` FOREIGN KEY (`settlementId`) REFERENCES `settlement` (`settlementId`),
  CONSTRAINT `settlementtransferparticipant_settlementwindowid_foreign` FOREIGN KEY (`settlementWindowId`) REFERENCES `settlementWindow` (`settlementWindowId`),
  CONSTRAINT `stp_transferparticipantroletypeid_foreign` FOREIGN KEY (`transferParticipantRoleTypeId`) REFERENCES `transferParticipantRoleType` (`transferParticipantRoleTypeId`)
) ENGINE=InnoDB DEFAULT CHARSET=utf8mb3;
/*!40101 SET character_set_client = @saved_cs_client */;

--
-- Dumping data for table `settlementTransferParticipant`
--

LOCK TABLES `settlementTransferParticipant` WRITE;
/*!40000 ALTER TABLE `settlementTransferParticipant` DISABLE KEYS */;
/*!40000 ALTER TABLE `settlementTransferParticipant` ENABLE KEYS */;
UNLOCK TABLES;

--
-- Table structure for table `settlementWindow`
--

DROP TABLE IF EXISTS `settlementWindow`;
/*!40101 SET @saved_cs_client     = @@character_set_client */;
/*!50503 SET character_set_client = utf8mb4 */;
CREATE TABLE `settlementWindow` (
  `settlementWindowId` bigint unsigned NOT NULL AUTO_INCREMENT,
  `reason` varchar(512) DEFAULT NULL,
  `createdDate` datetime NOT NULL DEFAULT CURRENT_TIMESTAMP,
  `currentStateChangeId` bigint unsigned DEFAULT NULL,
  PRIMARY KEY (`settlementWindowId`),
  KEY `settlementwindow_currentstatechangeid_foreign` (`currentStateChangeId`),
  CONSTRAINT `settlementwindow_currentstatechangeid_foreign` FOREIGN KEY (`currentStateChangeId`) REFERENCES `settlementWindowStateChange` (`settlementWindowStateChangeId`)
) ENGINE=InnoDB AUTO_INCREMENT=23 DEFAULT CHARSET=utf8mb3;
/*!40101 SET character_set_client = @saved_cs_client */;

--
-- Dumping data for table `settlementWindow`
--

LOCK TABLES `settlementWindow` WRITE;
/*!40000 ALTER TABLE `settlementWindow` DISABLE KEYS */;
INSERT INTO `settlementWindow` VALUES (1,'initial window','2023-03-30 15:16:52',92),(2,'string','2023-03-30 15:28:25',9),(3,'string','2023-03-30 15:28:32',14),(4,'string','2023-03-30 15:29:04',19),(5,'string','2023-03-30 15:29:24',23),(6,'string','2023-03-30 15:29:50',39),(7,'string','2023-03-30 15:29:58',40),(8,'string','2023-03-30 15:30:01',41),(9,'string','2023-03-30 15:30:03',42),(10,'string','2023-03-30 15:30:06',43),(11,'string','2023-03-30 15:30:09',93),(12,'string','2023-03-30 15:37:56',51),(13,'string','2023-03-30 15:38:03',56),(14,'string','2023-03-30 15:38:35',61),(15,'string','2023-03-30 15:38:54',65),(16,'string','2023-03-30 15:39:15',81),(17,'string','2023-03-30 15:39:18',82),(18,'string','2023-03-30 15:39:21',83),(19,'string','2023-03-30 15:39:24',84),(20,'string','2023-03-30 15:39:27',85),(21,'string','2023-03-30 15:39:30',91),(22,'string','2023-03-30 15:46:54',87);
/*!40000 ALTER TABLE `settlementWindow` ENABLE KEYS */;
UNLOCK TABLES;

--
-- Table structure for table `settlementWindowContent`
--

DROP TABLE IF EXISTS `settlementWindowContent`;
/*!40101 SET @saved_cs_client     = @@character_set_client */;
/*!50503 SET character_set_client = utf8mb4 */;
CREATE TABLE `settlementWindowContent` (
  `settlementWindowContentId` bigint unsigned NOT NULL AUTO_INCREMENT,
  `settlementWindowId` bigint unsigned NOT NULL,
  `ledgerAccountTypeId` int unsigned NOT NULL,
  `currencyId` varchar(3) NOT NULL,
  `createdDate` datetime NOT NULL DEFAULT CURRENT_TIMESTAMP,
  `currentStateChangeId` bigint unsigned DEFAULT NULL,
  `settlementId` bigint unsigned DEFAULT NULL,
  `SettlementModelId` int unsigned DEFAULT NULL,
  PRIMARY KEY (`settlementWindowContentId`),
  KEY `settlementwindowcontent_settlementwindowid_index` (`settlementWindowId`),
  KEY `settlementwindowcontent_ledgeraccounttypeid_index` (`ledgerAccountTypeId`),
  KEY `settlementwindowcontent_currencyid_index` (`currencyId`),
  KEY `settlementwindowcontent_currentstatechangeid_index` (`currentStateChangeId`),
  KEY `settlementwindowcontent_settlementid_index` (`settlementId`),
  KEY `settlementwindowcontent_settlementmodelid_foreign` (`SettlementModelId`),
  CONSTRAINT `settlementwindowcontent_currencyid_foreign` FOREIGN KEY (`currencyId`) REFERENCES `currency` (`currencyId`),
  CONSTRAINT `settlementwindowcontent_currentstatechangeid_foreign` FOREIGN KEY (`currentStateChangeId`) REFERENCES `settlementWindowContentStateChange` (`settlementWindowContentStateChangeId`),
  CONSTRAINT `settlementwindowcontent_ledgeraccounttypeid_foreign` FOREIGN KEY (`ledgerAccountTypeId`) REFERENCES `ledgerAccountType` (`ledgerAccountTypeId`),
  CONSTRAINT `settlementwindowcontent_settlementid_foreign` FOREIGN KEY (`settlementId`) REFERENCES `settlement` (`settlementId`),
  CONSTRAINT `settlementwindowcontent_settlementmodelid_foreign` FOREIGN KEY (`SettlementModelId`) REFERENCES `settlementModel` (`settlementModelId`),
  CONSTRAINT `settlementwindowcontent_settlementwindowid_foreign` FOREIGN KEY (`settlementWindowId`) REFERENCES `settlementWindow` (`settlementWindowId`)
) ENGINE=InnoDB AUTO_INCREMENT=25 DEFAULT CHARSET=utf8mb3;
/*!40101 SET character_set_client = @saved_cs_client */;

--
-- Dumping data for table `settlementWindowContent`
--

LOCK TABLES `settlementWindowContent` WRITE;
/*!40000 ALTER TABLE `settlementWindowContent` DISABLE KEYS */;
INSERT INTO `settlementWindowContent` VALUES (1,1,1,'USD','2023-03-30 15:28:25',59,13,1),(2,2,1,'TZS','2023-03-30 15:28:32',8,2,2),(3,2,1,'USD','2023-03-30 15:28:32',7,1,1),(4,3,1,'USD','2023-03-30 15:29:04',11,3,1),(5,4,1,'TZS','2023-03-30 15:29:24',14,4,2),(6,5,5,'INR','2023-03-30 15:29:50',16,5,4),(7,6,5,'INR','2023-03-30 15:29:58',22,6,4),(8,7,5,'INR','2023-03-30 15:30:01',23,6,4),(9,8,5,'INR','2023-03-30 15:30:03',24,6,4),(10,9,5,'INR','2023-03-30 15:30:06',25,6,4),(11,10,5,'INR','2023-03-30 15:30:09',26,6,4),(12,11,1,'USD','2023-03-30 15:37:56',60,13,1),(13,12,1,'TZS','2023-03-30 15:38:03',34,8,2),(14,12,1,'USD','2023-03-30 15:38:03',33,7,1),(15,13,1,'USD','2023-03-30 15:38:35',37,9,1),(16,14,1,'TZS','2023-03-30 15:38:55',40,10,2),(17,15,5,'INR','2023-03-30 15:39:15',42,11,4),(18,16,5,'INR','2023-03-30 15:39:18',48,12,4),(19,17,5,'INR','2023-03-30 15:39:21',49,12,4),(20,18,5,'INR','2023-03-30 15:39:24',50,12,4),(21,19,5,'INR','2023-03-30 15:39:27',51,12,4),(22,20,5,'INR','2023-03-30 15:39:30',52,12,4),(23,21,1,'TZS','2023-03-30 15:46:54',53,NULL,2),(24,21,1,'USD','2023-03-30 15:46:54',61,13,1);
/*!40000 ALTER TABLE `settlementWindowContent` ENABLE KEYS */;
UNLOCK TABLES;

--
-- Table structure for table `settlementWindowContentStateChange`
--

DROP TABLE IF EXISTS `settlementWindowContentStateChange`;
/*!40101 SET @saved_cs_client     = @@character_set_client */;
/*!50503 SET character_set_client = utf8mb4 */;
CREATE TABLE `settlementWindowContentStateChange` (
  `settlementWindowContentStateChangeId` bigint unsigned NOT NULL AUTO_INCREMENT,
  `settlementWindowContentId` bigint unsigned NOT NULL,
  `settlementWindowStateId` varchar(50) NOT NULL,
  `reason` varchar(512) DEFAULT NULL,
  `createdDate` datetime NOT NULL DEFAULT CURRENT_TIMESTAMP,
  PRIMARY KEY (`settlementWindowContentStateChangeId`),
  KEY `swcsc_settlementwindowcontentid_index` (`settlementWindowContentId`),
  KEY `swcsc_settlementwindowstateid_index` (`settlementWindowStateId`),
  CONSTRAINT `swc_settlementwindowcontentid_foreign` FOREIGN KEY (`settlementWindowContentId`) REFERENCES `settlementWindowContent` (`settlementWindowContentId`),
  CONSTRAINT `sws1_settlementwindowstateid_foreign` FOREIGN KEY (`settlementWindowStateId`) REFERENCES `settlementWindowState` (`settlementWindowStateId`)
) ENGINE=InnoDB AUTO_INCREMENT=62 DEFAULT CHARSET=utf8mb3;
/*!40101 SET character_set_client = @saved_cs_client */;

--
-- Dumping data for table `settlementWindowContentStateChange`
--

LOCK TABLES `settlementWindowContentStateChange` WRITE;
/*!40000 ALTER TABLE `settlementWindowContentStateChange` DISABLE KEYS */;
INSERT INTO `settlementWindowContentStateChange` VALUES (1,1,'CLOSED','string','2023-03-30 15:28:25'),(2,2,'CLOSED','string','2023-03-30 15:28:32'),(3,3,'CLOSED','string','2023-03-30 15:28:32'),(5,3,'PENDING_SETTLEMENT','TESTING','2023-03-30 15:28:35'),(6,2,'PENDING_SETTLEMENT','TESTING','2023-03-30 15:28:38'),(7,3,'SETTLED','All content aggregation records are SETTLED','2023-03-30 15:28:56'),(8,2,'SETTLED','All content aggregation records are SETTLED','2023-03-30 15:28:59'),(9,4,'CLOSED','string','2023-03-30 15:29:04'),(10,4,'PENDING_SETTLEMENT','TESTING','2023-03-30 15:29:08'),(11,4,'SETTLED','All content aggregation records are SETTLED','2023-03-30 15:29:18'),(12,5,'CLOSED','string','2023-03-30 15:29:24'),(13,5,'PENDING_SETTLEMENT','TESTING','2023-03-30 15:29:27'),(14,5,'SETTLED','All content aggregation records are SETTLED','2023-03-30 15:29:37'),(15,6,'CLOSED','string','2023-03-30 15:29:50'),(16,6,'PENDING_SETTLEMENT','TESTING','2023-03-30 15:29:55'),(17,7,'CLOSED','string','2023-03-30 15:29:58'),(18,8,'CLOSED','string','2023-03-30 15:30:01'),(19,9,'CLOSED','string','2023-03-30 15:30:03'),(20,10,'CLOSED','string','2023-03-30 15:30:06'),(21,11,'CLOSED','string','2023-03-30 15:30:09'),(22,7,'PENDING_SETTLEMENT','TESTING','2023-03-30 15:30:09'),(23,8,'PENDING_SETTLEMENT','TESTING','2023-03-30 15:30:09'),(24,9,'PENDING_SETTLEMENT','TESTING','2023-03-30 15:30:09'),(25,10,'PENDING_SETTLEMENT','TESTING','2023-03-30 15:30:09'),(26,11,'PENDING_SETTLEMENT','TESTING','2023-03-30 15:30:09'),(27,12,'CLOSED','string','2023-03-30 15:37:56'),(28,13,'CLOSED','string','2023-03-30 15:38:03'),(29,14,'CLOSED','string','2023-03-30 15:38:03'),(31,14,'PENDING_SETTLEMENT','TESTING','2023-03-30 15:38:06'),(32,13,'PENDING_SETTLEMENT','TESTING','2023-03-30 15:38:09'),(33,14,'SETTLED','All content aggregation records are SETTLED','2023-03-30 15:38:27'),(34,13,'SETTLED','All content aggregation records are SETTLED','2023-03-30 15:38:29'),(35,15,'CLOSED','string','2023-03-30 15:38:35'),(36,15,'PENDING_SETTLEMENT','TESTING','2023-03-30 15:38:38'),(37,15,'SETTLED','All content aggregation records are SETTLED','2023-03-30 15:38:48'),(38,16,'CLOSED','string','2023-03-30 15:38:55'),(39,16,'PENDING_SETTLEMENT','TESTING','2023-03-30 15:38:58'),(40,16,'SETTLED','All content aggregation records are SETTLED','2023-03-30 15:39:08'),(41,17,'CLOSED','string','2023-03-30 15:39:15'),(42,17,'PENDING_SETTLEMENT','TESTING','2023-03-30 15:39:15'),(43,18,'CLOSED','string','2023-03-30 15:39:18'),(44,19,'CLOSED','string','2023-03-30 15:39:21'),(45,20,'CLOSED','string','2023-03-30 15:39:24'),(46,21,'CLOSED','string','2023-03-30 15:39:27'),(47,22,'CLOSED','string','2023-03-30 15:39:30'),(48,18,'PENDING_SETTLEMENT','TESTING','2023-03-30 15:39:30'),(49,19,'PENDING_SETTLEMENT','TESTING','2023-03-30 15:39:30'),(50,20,'PENDING_SETTLEMENT','TESTING','2023-03-30 15:39:30'),(51,21,'PENDING_SETTLEMENT','TESTING','2023-03-30 15:39:30'),(52,22,'PENDING_SETTLEMENT','TESTING','2023-03-30 15:39:30'),(53,23,'CLOSED','string','2023-03-30 15:46:54'),(54,24,'CLOSED','string','2023-03-30 15:46:54'),(56,1,'PENDING_SETTLEMENT','TESTING','2023-03-30 15:46:59'),(57,12,'PENDING_SETTLEMENT','TESTING','2023-03-30 15:46:59'),(58,24,'PENDING_SETTLEMENT','TESTING','2023-03-30 15:46:59'),(59,1,'SETTLED','All content aggregation records are SETTLED','2023-03-30 15:47:01'),(60,12,'SETTLED','All content aggregation records are SETTLED','2023-03-30 15:47:01'),(61,24,'SETTLED','All content aggregation records are SETTLED','2023-03-30 15:47:01');
/*!40000 ALTER TABLE `settlementWindowContentStateChange` ENABLE KEYS */;
UNLOCK TABLES;

--
-- Table structure for table `settlementWindowState`
--

DROP TABLE IF EXISTS `settlementWindowState`;
/*!40101 SET @saved_cs_client     = @@character_set_client */;
/*!50503 SET character_set_client = utf8mb4 */;
CREATE TABLE `settlementWindowState` (
  `settlementWindowStateId` varchar(50) NOT NULL,
  `enumeration` varchar(50) NOT NULL,
  `description` varchar(512) DEFAULT NULL,
  `isActive` tinyint(1) NOT NULL DEFAULT '1',
  `createdDate` datetime NOT NULL DEFAULT CURRENT_TIMESTAMP,
  PRIMARY KEY (`settlementWindowStateId`)
) ENGINE=InnoDB DEFAULT CHARSET=utf8mb3;
/*!40101 SET character_set_client = @saved_cs_client */;

--
-- Dumping data for table `settlementWindowState`
--

LOCK TABLES `settlementWindowState` WRITE;
/*!40000 ALTER TABLE `settlementWindowState` DISABLE KEYS */;
INSERT INTO `settlementWindowState` VALUES ('ABORTED','ABORTED','Window returned to this state when the settlement was not possible. This window may now be included in a future settlement.',1,'2023-03-30 15:16:52'),('CLOSED','CLOSED','Settlement Window is not accepting any additional transfers. All new transfers are being allocated to the OPEN Settlement Window.',1,'2023-03-30 15:16:52'),('FAILED','FAILED','Used when close window processing failed and all retries have been exhausted.',1,'2023-03-30 15:16:52'),('OPEN','OPEN','Current window into which Fulfilled transfers are being allocated. Only one window should be open at a time.',1,'2023-03-30 15:16:52'),('PENDING_SETTLEMENT','PENDING_SETTLEMENT','The net settlement report for this window has been taken, with the parameter set to indicate that settlement is to be processed.',1,'2023-03-30 15:16:52'),('PROCESSING','PROCESSING','Intermediate state when closing a window.',1,'2023-03-30 15:16:52'),('SETTLED','SETTLED','The Hub Operator/Settlement Bank has confirmed that all the participants that engaged in the settlement window have now settled their payments in accordance with the net settlement report.',1,'2023-03-30 15:16:52');
/*!40000 ALTER TABLE `settlementWindowState` ENABLE KEYS */;
UNLOCK TABLES;

--
-- Table structure for table `settlementWindowStateChange`
--

DROP TABLE IF EXISTS `settlementWindowStateChange`;
/*!40101 SET @saved_cs_client     = @@character_set_client */;
/*!50503 SET character_set_client = utf8mb4 */;
CREATE TABLE `settlementWindowStateChange` (
  `settlementWindowStateChangeId` bigint unsigned NOT NULL AUTO_INCREMENT,
  `settlementWindowId` bigint unsigned NOT NULL,
  `settlementWindowStateId` varchar(50) NOT NULL,
  `reason` varchar(512) DEFAULT NULL,
  `createdDate` datetime NOT NULL DEFAULT CURRENT_TIMESTAMP,
  PRIMARY KEY (`settlementWindowStateChangeId`),
  KEY `settlementwindowstatechange_settlementwindowid_index` (`settlementWindowId`),
  KEY `settlementwindowstatechange_settlementwindowstateid_index` (`settlementWindowStateId`),
  CONSTRAINT `settlementwindowstatechange_settlementwindowid_foreign` FOREIGN KEY (`settlementWindowId`) REFERENCES `settlementWindow` (`settlementWindowId`),
  CONSTRAINT `settlementwindowstatechange_settlementwindowstateid_foreign` FOREIGN KEY (`settlementWindowStateId`) REFERENCES `settlementWindowState` (`settlementWindowStateId`)
) ENGINE=InnoDB AUTO_INCREMENT=94 DEFAULT CHARSET=utf8mb3;
/*!40101 SET character_set_client = @saved_cs_client */;

--
-- Dumping data for table `settlementWindowStateChange`
--

LOCK TABLES `settlementWindowStateChange` WRITE;
/*!40000 ALTER TABLE `settlementWindowStateChange` DISABLE KEYS */;
INSERT INTO `settlementWindowStateChange` VALUES (1,1,'OPEN','initial window','2023-03-30 15:16:52'),(2,1,'PROCESSING','string','2023-03-30 15:28:25'),(3,2,'OPEN','string','2023-03-30 15:28:25'),(4,1,'CLOSED','string','2023-03-30 15:28:25'),(5,2,'PROCESSING','string','2023-03-30 15:28:32'),(6,3,'OPEN','string','2023-03-30 15:28:32'),(7,2,'CLOSED','string','2023-03-30 15:28:32'),(8,2,'PENDING_SETTLEMENT','TESTING','2023-03-30 15:28:35'),(9,2,'SETTLED','All settlement window content is SETTLED','2023-03-30 15:28:59'),(10,3,'PROCESSING','string','2023-03-30 15:29:04'),(11,4,'OPEN','string','2023-03-30 15:29:04'),(12,3,'CLOSED','string','2023-03-30 15:29:04'),(13,3,'PENDING_SETTLEMENT','TESTING','2023-03-30 15:29:08'),(14,3,'SETTLED','All settlement window content is SETTLED','2023-03-30 15:29:18'),(15,4,'PROCESSING','string','2023-03-30 15:29:24'),(16,5,'OPEN','string','2023-03-30 15:29:24'),(17,4,'CLOSED','string','2023-03-30 15:29:24'),(18,4,'PENDING_SETTLEMENT','TESTING','2023-03-30 15:29:27'),(19,4,'SETTLED','All settlement window content is SETTLED','2023-03-30 15:29:37'),(20,5,'PROCESSING','string','2023-03-30 15:29:50'),(21,6,'OPEN','string','2023-03-30 15:29:50'),(22,5,'CLOSED','string','2023-03-30 15:29:50'),(23,5,'PENDING_SETTLEMENT','TESTING','2023-03-30 15:29:55'),(24,6,'PROCESSING','string','2023-03-30 15:29:58'),(25,7,'OPEN','string','2023-03-30 15:29:58'),(26,6,'CLOSED','string','2023-03-30 15:29:58'),(27,7,'PROCESSING','string','2023-03-30 15:30:01'),(28,8,'OPEN','string','2023-03-30 15:30:01'),(29,7,'CLOSED','string','2023-03-30 15:30:01'),(30,8,'PROCESSING','string','2023-03-30 15:30:03'),(31,9,'OPEN','string','2023-03-30 15:30:03'),(32,8,'CLOSED','string','2023-03-30 15:30:03'),(33,9,'PROCESSING','string','2023-03-30 15:30:06'),(34,10,'OPEN','string','2023-03-30 15:30:06'),(35,9,'CLOSED','string','2023-03-30 15:30:06'),(36,10,'PROCESSING','string','2023-03-30 15:30:09'),(37,11,'OPEN','string','2023-03-30 15:30:09'),(38,10,'CLOSED','string','2023-03-30 15:30:09'),(39,6,'PENDING_SETTLEMENT','TESTING','2023-03-30 15:30:09'),(40,7,'PENDING_SETTLEMENT','TESTING','2023-03-30 15:30:09'),(41,8,'PENDING_SETTLEMENT','TESTING','2023-03-30 15:30:09'),(42,9,'PENDING_SETTLEMENT','TESTING','2023-03-30 15:30:09'),(43,10,'PENDING_SETTLEMENT','TESTING','2023-03-30 15:30:09'),(44,11,'PROCESSING','string','2023-03-30 15:37:56'),(45,12,'OPEN','string','2023-03-30 15:37:56'),(46,11,'CLOSED','string','2023-03-30 15:37:56'),(47,12,'PROCESSING','string','2023-03-30 15:38:03'),(48,13,'OPEN','string','2023-03-30 15:38:03'),(49,12,'CLOSED','string','2023-03-30 15:38:03'),(50,12,'PENDING_SETTLEMENT','TESTING','2023-03-30 15:38:06'),(51,12,'SETTLED','All settlement window content is SETTLED','2023-03-30 15:38:29'),(52,13,'PROCESSING','string','2023-03-30 15:38:35'),(53,14,'OPEN','string','2023-03-30 15:38:35'),(54,13,'CLOSED','string','2023-03-30 15:38:35'),(55,13,'PENDING_SETTLEMENT','TESTING','2023-03-30 15:38:38'),(56,13,'SETTLED','All settlement window content is SETTLED','2023-03-30 15:38:48'),(57,14,'PROCESSING','string','2023-03-30 15:38:54'),(58,15,'OPEN','string','2023-03-30 15:38:54'),(59,14,'CLOSED','string','2023-03-30 15:38:55'),(60,14,'PENDING_SETTLEMENT','TESTING','2023-03-30 15:38:58'),(61,14,'SETTLED','All settlement window content is SETTLED','2023-03-30 15:39:08'),(62,15,'PROCESSING','string','2023-03-30 15:39:15'),(63,16,'OPEN','string','2023-03-30 15:39:15'),(64,15,'CLOSED','string','2023-03-30 15:39:15'),(65,15,'PENDING_SETTLEMENT','TESTING','2023-03-30 15:39:15'),(66,16,'PROCESSING','string','2023-03-30 15:39:18'),(67,17,'OPEN','string','2023-03-30 15:39:18'),(68,16,'CLOSED','string','2023-03-30 15:39:18'),(69,17,'PROCESSING','string','2023-03-30 15:39:21'),(70,18,'OPEN','string','2023-03-30 15:39:21'),(71,17,'CLOSED','string','2023-03-30 15:39:21'),(72,18,'PROCESSING','string','2023-03-30 15:39:24'),(73,19,'OPEN','string','2023-03-30 15:39:24'),(74,18,'CLOSED','string','2023-03-30 15:39:24'),(75,19,'PROCESSING','string','2023-03-30 15:39:27'),(76,20,'OPEN','string','2023-03-30 15:39:27'),(77,19,'CLOSED','string','2023-03-30 15:39:27'),(78,20,'PROCESSING','string','2023-03-30 15:39:30'),(79,21,'OPEN','string','2023-03-30 15:39:30'),(80,20,'CLOSED','string','2023-03-30 15:39:30'),(81,16,'PENDING_SETTLEMENT','TESTING','2023-03-30 15:39:30'),(82,17,'PENDING_SETTLEMENT','TESTING','2023-03-30 15:39:30'),(83,18,'PENDING_SETTLEMENT','TESTING','2023-03-30 15:39:30'),(84,19,'PENDING_SETTLEMENT','TESTING','2023-03-30 15:39:30'),(85,20,'PENDING_SETTLEMENT','TESTING','2023-03-30 15:39:30'),(86,21,'PROCESSING','string','2023-03-30 15:46:54'),(87,22,'OPEN','string','2023-03-30 15:46:54'),(88,21,'CLOSED','string','2023-03-30 15:46:54'),(89,1,'PENDING_SETTLEMENT','TESTING','2023-03-30 15:46:59'),(90,11,'PENDING_SETTLEMENT','TESTING','2023-03-30 15:46:59'),(91,21,'PENDING_SETTLEMENT','TESTING','2023-03-30 15:46:59'),(92,1,'SETTLED','All settlement window content is SETTLED','2023-03-30 15:47:01'),(93,11,'SETTLED','All settlement window content is SETTLED','2023-03-30 15:47:01');
/*!40000 ALTER TABLE `settlementWindowStateChange` ENABLE KEYS */;
UNLOCK TABLES;

--
-- Table structure for table `token`
--

DROP TABLE IF EXISTS `token`;
/*!40101 SET @saved_cs_client     = @@character_set_client */;
/*!50503 SET character_set_client = utf8mb4 */;
CREATE TABLE `token` (
  `tokenId` int unsigned NOT NULL AUTO_INCREMENT,
  `participantId` int unsigned NOT NULL,
  `value` varchar(256) NOT NULL,
  `expiration` bigint DEFAULT NULL,
  `createdDate` datetime NOT NULL DEFAULT CURRENT_TIMESTAMP,
  PRIMARY KEY (`tokenId`),
  UNIQUE KEY `token_value_unique` (`value`),
  KEY `token_participantid_index` (`participantId`),
  CONSTRAINT `token_participantid_foreign` FOREIGN KEY (`participantId`) REFERENCES `participant` (`participantId`)
) ENGINE=InnoDB DEFAULT CHARSET=utf8mb3;
/*!40101 SET character_set_client = @saved_cs_client */;

--
-- Dumping data for table `token`
--

LOCK TABLES `token` WRITE;
/*!40000 ALTER TABLE `token` DISABLE KEYS */;
/*!40000 ALTER TABLE `token` ENABLE KEYS */;
UNLOCK TABLES;

--
-- Table structure for table `transactionInitiator`
--

DROP TABLE IF EXISTS `transactionInitiator`;
/*!40101 SET @saved_cs_client     = @@character_set_client */;
/*!50503 SET character_set_client = utf8mb4 */;
CREATE TABLE `transactionInitiator` (
  `transactionInitiatorId` int unsigned NOT NULL AUTO_INCREMENT,
  `name` varchar(256) NOT NULL,
  `description` varchar(1024) DEFAULT NULL,
  `createdDate` datetime NOT NULL DEFAULT CURRENT_TIMESTAMP COMMENT 'System dateTime stamp pertaining to the inserted record',
  PRIMARY KEY (`transactionInitiatorId`),
  UNIQUE KEY `transactioninitiator_name_unique` (`name`)
) ENGINE=InnoDB AUTO_INCREMENT=3 DEFAULT CHARSET=utf8mb3;
/*!40101 SET character_set_client = @saved_cs_client */;

--
-- Dumping data for table `transactionInitiator`
--

LOCK TABLES `transactionInitiator` WRITE;
/*!40000 ALTER TABLE `transactionInitiator` DISABLE KEYS */;
INSERT INTO `transactionInitiator` VALUES (1,'PAYER','Sender of funds is initiating the transaction. The account to send from is either owned by the Payer or is connected to the Payer in some way','2023-03-30 15:16:52'),(2,'PAYEE','Recipient of the funds is initiating the transaction by sending a transaction request. The Payer must approve the transaction, either automatically by a pre-generated OTP or by pre-approval of the Payee, or manually by approving on their own Device','2023-03-30 15:16:52');
/*!40000 ALTER TABLE `transactionInitiator` ENABLE KEYS */;
UNLOCK TABLES;

--
-- Table structure for table `transactionInitiatorType`
--

DROP TABLE IF EXISTS `transactionInitiatorType`;
/*!40101 SET @saved_cs_client     = @@character_set_client */;
/*!50503 SET character_set_client = utf8mb4 */;
CREATE TABLE `transactionInitiatorType` (
  `transactionInitiatorTypeId` int unsigned NOT NULL AUTO_INCREMENT,
  `name` varchar(256) NOT NULL,
  `description` varchar(1024) DEFAULT NULL,
  `createdDate` datetime NOT NULL DEFAULT CURRENT_TIMESTAMP COMMENT 'System dateTime stamp pertaining to the inserted record',
  PRIMARY KEY (`transactionInitiatorTypeId`),
  UNIQUE KEY `transactioninitiatortype_name_unique` (`name`)
) ENGINE=InnoDB AUTO_INCREMENT=5 DEFAULT CHARSET=utf8mb3;
/*!40101 SET character_set_client = @saved_cs_client */;

--
-- Dumping data for table `transactionInitiatorType`
--

LOCK TABLES `transactionInitiatorType` WRITE;
/*!40000 ALTER TABLE `transactionInitiatorType` DISABLE KEYS */;
INSERT INTO `transactionInitiatorType` VALUES (1,'CONSUMER','Consumer is the initiator of the transaction','2023-03-30 15:16:52'),(2,'AGENT','Agent is the initiator of the transaction','2023-03-30 15:16:52'),(3,'BUSINESS','Business is the initiator of the transaction','2023-03-30 15:16:52'),(4,'DEVICE','Device is the initiator of the transaction','2023-03-30 15:16:52');
/*!40000 ALTER TABLE `transactionInitiatorType` ENABLE KEYS */;
UNLOCK TABLES;

--
-- Table structure for table `transactionReference`
--

DROP TABLE IF EXISTS `transactionReference`;
/*!40101 SET @saved_cs_client     = @@character_set_client */;
/*!50503 SET character_set_client = utf8mb4 */;
CREATE TABLE `transactionReference` (
  `transactionReferenceId` varchar(36) NOT NULL COMMENT 'Common ID (decided by the Payer FSP) between the FSPs for the future transaction object',
  `quoteId` varchar(36) DEFAULT NULL COMMENT 'Common ID between the FSPs for the quote object, decided by the Payer FSP',
  `createdDate` datetime NOT NULL DEFAULT CURRENT_TIMESTAMP COMMENT 'System row creation timestamp',
  PRIMARY KEY (`transactionReferenceId`),
  KEY `transactionreference_quoteid_index` (`quoteId`),
  CONSTRAINT `transactionreference_quoteid_foreign` FOREIGN KEY (`quoteId`) REFERENCES `quoteDuplicateCheck` (`quoteId`)
) ENGINE=InnoDB DEFAULT CHARSET=utf8mb3;
/*!40101 SET character_set_client = @saved_cs_client */;

--
-- Dumping data for table `transactionReference`
--

LOCK TABLES `transactionReference` WRITE;
/*!40000 ALTER TABLE `transactionReference` DISABLE KEYS */;
/*!40000 ALTER TABLE `transactionReference` ENABLE KEYS */;
UNLOCK TABLES;

--
-- Table structure for table `transactionScenario`
--

DROP TABLE IF EXISTS `transactionScenario`;
/*!40101 SET @saved_cs_client     = @@character_set_client */;
/*!50503 SET character_set_client = utf8mb4 */;
CREATE TABLE `transactionScenario` (
  `transactionScenarioId` int unsigned NOT NULL AUTO_INCREMENT,
  `name` varchar(256) NOT NULL,
  `description` varchar(1024) DEFAULT NULL,
  `createdDate` datetime NOT NULL DEFAULT CURRENT_TIMESTAMP COMMENT 'System dateTime stamp pertaining to the inserted record',
  PRIMARY KEY (`transactionScenarioId`),
  UNIQUE KEY `transactionscenario_name_unique` (`name`)
) ENGINE=InnoDB AUTO_INCREMENT=6 DEFAULT CHARSET=utf8mb3;
/*!40101 SET character_set_client = @saved_cs_client */;

--
-- Dumping data for table `transactionScenario`
--

LOCK TABLES `transactionScenario` WRITE;
/*!40000 ALTER TABLE `transactionScenario` DISABLE KEYS */;
INSERT INTO `transactionScenario` VALUES (1,'TRANSFER','Used for performing a P2P (Peer to Peer, or Consumer to Consumer) transaction','2023-03-30 15:16:52'),(2,'DEPOSIT','Used for performing a Cash-In (deposit) transaction. In a normal scenario, electronic funds are transferred from a Business account to a Consumer account, and physical cash is given from the Consumer to the Business User','2023-03-30 15:16:52'),(3,'WITHDRAWAL','Used for performing a Cash-Out (withdrawal) transaction. In a normal scenario, electronic funds are transferred from a Consumers account to a Business account, and physical cash is given from the Business User to the Consumer','2023-03-30 15:16:52'),(4,'PAYMENT','Usually used for performing a transaction from a Consumer to a Merchant or Organization, but could also be for a B2B (Business to Business) payment. The transaction could be online for a purchase in an Internet store, in a physical store where both the Consumer and Business User are present, a bill payment, a donation, and so on','2023-03-30 15:16:52'),(5,'REFUND','Used for performing a refund of transaction','2023-03-30 15:16:52');
/*!40000 ALTER TABLE `transactionScenario` ENABLE KEYS */;
UNLOCK TABLES;

--
-- Table structure for table `transactionSubScenario`
--

DROP TABLE IF EXISTS `transactionSubScenario`;
/*!40101 SET @saved_cs_client     = @@character_set_client */;
/*!50503 SET character_set_client = utf8mb4 */;
CREATE TABLE `transactionSubScenario` (
  `transactionSubScenarioId` int unsigned NOT NULL AUTO_INCREMENT,
  `name` varchar(256) NOT NULL,
  `description` varchar(1024) DEFAULT NULL COMMENT 'Possible sub-scenario, defined locally within the scheme',
  `createdDate` datetime NOT NULL DEFAULT CURRENT_TIMESTAMP COMMENT 'System dateTime stamp pertaining to the inserted record',
  PRIMARY KEY (`transactionSubScenarioId`)
) ENGINE=InnoDB DEFAULT CHARSET=utf8mb3;
/*!40101 SET character_set_client = @saved_cs_client */;

--
-- Dumping data for table `transactionSubScenario`
--

LOCK TABLES `transactionSubScenario` WRITE;
/*!40000 ALTER TABLE `transactionSubScenario` DISABLE KEYS */;
/*!40000 ALTER TABLE `transactionSubScenario` ENABLE KEYS */;
UNLOCK TABLES;

--
-- Table structure for table `transfer`
--

DROP TABLE IF EXISTS `transfer`;
/*!40101 SET @saved_cs_client     = @@character_set_client */;
/*!50503 SET character_set_client = utf8mb4 */;
CREATE TABLE `transfer` (
  `transferId` varchar(36) NOT NULL,
  `amount` decimal(18,4) NOT NULL,
  `currencyId` varchar(3) NOT NULL,
  `ilpCondition` varchar(256) NOT NULL,
  `expirationDate` datetime NOT NULL,
  `createdDate` datetime NOT NULL DEFAULT CURRENT_TIMESTAMP,
  PRIMARY KEY (`transferId`),
  KEY `transfer_currencyid_index` (`currencyId`),
  CONSTRAINT `transfer_currencyid_foreign` FOREIGN KEY (`currencyId`) REFERENCES `currency` (`currencyId`),
  CONSTRAINT `transfer_transferid_foreign` FOREIGN KEY (`transferId`) REFERENCES `transferDuplicateCheck` (`transferId`)
) ENGINE=InnoDB DEFAULT CHARSET=utf8mb3;
/*!40101 SET character_set_client = @saved_cs_client */;

--
-- Dumping data for table `transfer`
--

LOCK TABLES `transfer` WRITE;
/*!40000 ALTER TABLE `transfer` DISABLE KEYS */;
INSERT INTO `transfer` VALUES ('0037e13f-8b29-49d6-b1d0-5f14e0ae153e',2.0000,'TZS','kPLCKM62VY2jbekuw3apCTBg5zk_mVs9DD8-XpljQms','2023-03-31 15:39:50','2023-03-30 15:39:50'),('01292ebf-0e82-4f34-a800-1454173ae226',30.0000,'TZS','0','2023-04-04 15:38:14','2023-03-30 15:38:14'),('03291e9d-1df5-4fa5-9738-332b116d0e2a',100.0000,'USD','QCm6-p5qQSTyZGraSX4UuvawJwnUXIrFEwi4XxqTXRM','2023-03-30 15:37:13','2023-03-30 15:36:13'),('03b28213-9f91-464c-8878-2a3a23a45538',5000.0000,'USD','0','2023-04-04 15:25:20','2023-03-30 15:25:20'),('03bd7b70-196f-4290-b7d4-1bf10e7b6afb',55.0000,'USD','ZrmEzp1e9ySkwuMhOqOluS00aUR628ygc-25O7Uplz8','2023-03-30 15:30:03','2023-03-30 15:29:03'),('0593271b-b702-4ee0-98c5-f49939fbf1f6',25.0000,'TZS','EnaM4V0NRS3TN0Cco6eCmN4B-3-foWm95qZpOkMwyIg','2023-03-30 15:29:32','2023-03-30 15:28:31'),('06157145-c0ba-4256-9357-85758565932a',100.0000,'USD','qNisAT6I50gV3abDsWCPAnZLMEZDhf8akVpE6AH83zE','2023-03-30 15:37:12','2023-03-30 15:36:11'),('0655f9af-943d-41e3-86ad-c3fdf76b7c88',110.0000,'INR','Juzb0wlJ7EPPPttQQ4ssOhDgmJGrxkq0j8cwbrb-J_0','2023-03-30 15:40:24','2023-03-30 15:39:23'),('074e74e9-dbdf-4279-b40b-2f6f0c267c0d',35.0000,'USD','tAz7W7DMiyKYVE21B09PVBtX0I2qlF4pTRy30OU3AHM','2023-03-30 15:39:34','2023-03-30 15:38:34'),('082b4fe3-af25-40d7-893b-ccde5a81fb4d',789.5600,'TZS','CoTP5Tav02rOf2YWMivurxQMnI1sYx4MKHYfxuw7BoE','2023-03-30 15:47:01','2023-03-30 15:46:00'),('08e8ef49-4df4-4649-b464-c324c1b3ae3b',1.0000,'USD','GRzLaTP7DJ9t4P-a_BA0WA9wzzlsugf00-Tn6kESAfM','2023-03-30 15:28:34','2023-03-30 15:27:34'),('08ec4e1e-37fb-45bc-8db5-213944faffe4',100.0000,'TZS','9aZbOXtnF4M5szowV5eTGgDhY4c1Q8gnqt-2zi3g2zE','2023-03-30 15:45:12','2023-03-30 15:44:12'),('0979edf5-6fe3-4807-a8fc-7a79235aebcc',5000.0000,'TZS','0','2023-04-04 15:24:56','2023-03-30 15:24:56'),('0988aa7f-db40-4a78-ae17-b121992f84a9',104.0000,'USD','RteQHTOeEuffGmr5jdZkd-eIBHzvSUivtw1K7mBN_HA','2023-03-31 15:28:15','2023-03-30 15:28:14'),('09c1421d-0adb-4e8b-ad6d-8233b9d7fb15',55.0000,'TZS','xRv0ENqOV6k1qb_Iq1vJqMrGeU9P7V2w-uHFmCGSlWM','2023-03-30 15:29:31','2023-03-30 15:28:30'),('09e79cb0-5f8f-4bc8-a100-344eeff6f1e7',5000.0000,'TZS','0','2023-04-04 15:25:33','2023-03-30 15:25:33'),('0b89b060-45dd-471e-9725-0e7423e7f5ec',100.0000,'TZS','bYBQmgZYy_F6Iti-8X1bj_setQW0tzXIaWntzup5esc','2023-03-30 15:45:09','2023-03-30 15:44:09'),('0c6d1f94-515e-45a2-b340-3e02ce0017d8',100.0000,'TZS','Jl9-Xfejs5xnrBhxElTNrFQH68rJKUhgCQn66TQYLW8','2023-03-30 15:45:12','2023-03-30 15:44:12'),('0c911e1c-65bf-4b2d-91b3-e8667feb6fa0',211.1500,'INR','Wz-F_AYS_6RoKwNHIC8Coa8KJ2A8EqT3Tm6vL3mX_lQ','2023-03-30 15:31:07','2023-03-30 15:30:07'),('0e24a7e9-a152-4cbe-8d71-be1012db6e31',100.0000,'USD','n4MnlgoUIgQ-zHDOAPmp_AmudKQEDLKHtrT6WuCA62k','2023-03-30 15:28:31','2023-03-30 15:27:30'),('0e7a2c63-0075-4092-9247-8df2b0bfda4c',1.0000,'USD','GRzLaTP7DJ9t4P-a_BA0WA9wzzlsugf00-Tn6kESAfM','2023-03-30 15:38:01','2023-03-30 15:37:01'),('0ef3a9ec-921a-4e58-bc78-4c137da5b9a7',158.3600,'INR','eI5kTyzmZ4Yg0LziCPa-UZoj6k9P1ap1hHqaa9L8DXM','2023-03-30 15:31:07','2023-03-30 15:30:06'),('10c9656b-1135-427d-b3fd-b027d4811e14',10.0000,'USD','0','2023-04-04 15:37:20','2023-03-30 15:37:20'),('120cacd2-2d94-4e3d-87c9-9c67f83dfe77',22.0000,'INR','lpAgA40MU42rs4B4kH5B4SYSuWLrr0Dwi5U0CJ-ZE4A','2023-03-30 15:31:00','2023-03-30 15:29:59'),('12b914a5-fd79-4bff-bc9b-419462ed63e2',2000.0000,'INR','0','2023-04-04 15:29:41','2023-03-30 15:29:41'),('136cb165-e4ba-44af-a35a-00fb4bbbf0b2',10.0000,'USD','0','2023-04-04 15:27:48','2023-03-30 15:27:48'),('13763f01-75ea-45fe-9020-2e36e288dc38',211.1100,'INR','CpQZM9HeasnKmKCKpo92qdFW_DmM4pni5g4-37LruEE','2023-03-30 15:30:48','2023-03-30 15:29:48'),('13eb5fda-b2ed-4990-aa52-2a9f55467b06',5000.0000,'USD','0','2023-04-04 15:34:50','2023-03-30 15:34:50'),('1402d424-bd9a-40ec-9d6f-df7084e1a46f',5.0000,'USD','0','2023-04-04 15:29:10','2023-03-30 15:29:10'),('145a14a5-d1cc-4249-8dd4-ba28d0146d14',15.0000,'INR','jV-UYiZyEqtqf8nne_p1vmcEFAykGFbl400Hq1thnAA','2023-03-30 15:40:12','2023-03-30 15:39:12'),('146fc31c-a58d-4db0-b8e8-22397042a0d6',1.0000,'TZS','kPLCKM62VY2jbekuw3apCTBg5zk_mVs9DD8-XpljQms','2023-03-31 15:39:49','2023-03-30 15:39:49'),('1519d8e6-0d64-403f-9c5d-a7d0f0aa2a95',35.0000,'TZS','u1GwpDF3dqDY7XfTL-TMTJA8N_tL9CAGkl_gXIx67T8','2023-03-30 15:39:53','2023-03-30 15:38:53'),('1556d74c-11fc-42bc-9d4e-d9772c5ce069',101.0000,'USD','hPGKk7vJbfGGuq00EGnlfH6YxyxKH7VFOdGIbd3ocqo','2023-03-31 15:37:27','2023-03-30 15:37:27'),('16bdb9c9-4c78-4845-aaef-9722073e2ca3',2000.0000,'INR','0','2023-04-04 15:39:12','2023-03-30 15:39:12'),('17baf843-39e5-4ed0-a7b6-eed4e08a897a',10.0000,'USD','N1Bw6KbxTsFsQoOAAY9YrlLxa9Hn9F_ivHAag78Q_uY','2023-03-30 15:28:55','2023-03-30 15:27:54'),('17bb9609-9b76-46fc-a04e-7439208be1a5',1.0000,'USD','kPLCKM62VY2jbekuw3apCTBg5zk_mVs9DD8-XpljQms','2023-03-31 15:39:46','2023-03-30 15:39:46'),('1d8624b5-7579-425d-a67d-97740b4168b7',100.0000,'USD','0','2023-04-04 15:47:01','2023-03-30 15:47:01'),('1dc0f91c-89cb-4d6d-b406-51395d1196ed',75.0000,'USD','0','2023-04-04 15:38:41','2023-03-30 15:38:41'),('1ef36114-1c57-4edc-9de4-1542df184b72',60.0000,'TZS','9fUpyJJjhkjM0w0AM3NliZhmWGprAqZq0_nrineUEoM','2023-03-30 15:30:22','2023-03-30 15:29:22'),('1fa780f9-83ab-4954-8d59-cb7ee112128b',35.0000,'TZS','KBFPYJSXMKqEBVQSd0aH_D34nYewI4mFcU6jBkpjxIY','2023-03-30 15:30:23','2023-03-30 15:29:23'),('1febadf5-4b4c-4658-ae36-4b975692957d',1.0000,'USD','kPLCKM62VY2jbekuw3apCTBg5zk_mVs9DD8-XpljQms','2023-03-30 15:41:58','2023-03-30 15:41:56'),('221cb4a6-3849-4cf4-afe5-6cef23682943',5.0000,'TZS','0','2023-04-04 15:39:00','2023-03-30 15:39:00'),('225cfaa5-3a9a-4d2a-8bc5-7ad0f101a31f',5000.0000,'USD','0','2023-04-04 15:35:23','2023-03-30 15:35:23'),('22fcbfe3-f636-4889-8068-02154f279e05',25.0000,'USD','upniRB3gy8m-csEZ0RWZ-oDMIIesBH2Z5_Mw-c3VCe0','2023-03-30 15:39:35','2023-03-30 15:38:35'),('2307f67a-2348-4751-b72f-de04f4014dc3',1.0000,'USD','kPLCKM62VY2jbekuw3apCTBg5zk_mVs9DD8-XpljQms','2023-03-31 15:41:17','2023-03-30 15:41:16'),('25bbc1a3-a4dc-4be6-97de-a8f244a10743',30.0000,'TZS','0','2023-04-04 15:28:43','2023-03-30 15:28:43'),('263c094a-a302-48d0-9645-b62f80c25884',10.0000,'USD','0','2023-04-04 15:29:10','2023-03-30 15:29:10'),('265bd93a-3f70-4cc2-a44b-835189424114',100.0000,'USD','tHxiovnUaUH22ZHfdYN4mf1SmLKn1NmOvOq4X0GHnQQ','2023-03-30 15:29:10','2023-03-30 15:28:09'),('278c48cc-5ef3-4432-8005-b05dd6dfb0b8',1.0000,'USD','GRzLaTP7DJ9t4P-a_BA0WA9wzzlsugf00-Tn6kESAfM','2023-03-30 15:28:33','2023-03-30 15:27:32'),('27ab6bb2-d12c-42a0-beae-ddca5ded25c8',380.0000,'USD','0','2023-04-04 15:47:01','2023-03-30 15:47:01'),('281539fa-668b-4d75-a9b8-162bdca493b6',75.0000,'USD','0','2023-04-04 15:29:10','2023-03-30 15:29:10'),('2a62193d-9195-4d71-beb1-abd49d1bd252',123.4500,'TZS','oYnYQ7BRA-6omVI_Ob0d54gTkPBfwZRVOgktZBLUXYQ','2023-03-30 15:47:02','2023-03-30 15:46:01'),('2a927a8a-760f-44bf-a718-9edf1cc29e97',1.0000,'USD','kPLCKM62VY2jbekuw3apCTBg5zk_mVs9DD8-XpljQms','2023-03-31 15:39:48','2023-03-30 15:39:47'),('2af9dfd1-220f-4d5f-9b1a-1ad3fa545a11',100.0000,'TZS','mvtnimSei3XQvQDZYR3T8PpR1MHfM6QIztPk72cYdp0','2023-03-30 15:45:17','2023-03-30 15:44:16'),('2b0e8af1-5bf4-4682-a1ad-6a984244418a',80.0000,'USD','0','2023-04-04 15:29:10','2023-03-30 15:29:10'),('2bd9865e-e9b0-4197-90e9-f2e08af39f44',100.0000,'TZS','eb-_zsmluNWQ-QR90iF3zFiFjL3sTJVdFCoJANGA558','2023-03-30 15:45:09','2023-03-30 15:44:09'),('2ca3b6f5-42b0-48f4-b5f5-73ee18ae7e68',20.0000,'USD','Toi4IGVn7FGvlyZZRbTfyHuTxGwWyOamGyGEEn4t-lM','2023-03-30 15:39:35','2023-03-30 15:38:34'),('2cc01c10-7fd1-4e9c-bb19-bfe8ce023567',2000.0000,'INR','0','2023-04-04 15:39:12','2023-03-30 15:39:12'),('2db2f973-e761-4ae6-8869-e481efc8ac42',100.0000,'USD','GRzLaTP7DJ9t4P-a_BA0WA9wzzlsugf00-Tn6kESAfM','2023-03-30 15:27:17','2023-03-30 15:27:15'),('2e768760-b24f-443b-9f64-aad7e8a84f83',100.0000,'USD','PFnbGB56wOTM5c0sS_B0mUvZf1bKPYbSdd21VUpR280','2023-03-30 15:27:37','2023-03-30 15:26:36'),('2e8530b7-b8b1-4852-ad1e-0520b1d39834',10.0000,'USD','0','2023-04-04 15:27:41','2023-03-30 15:27:41'),('2f59581b-f2e4-4296-a6ff-9534088068ad',500000.0000,'TZS','0','2023-04-04 15:43:30','2023-03-30 15:43:30'),('3049bcca-b799-4304-a2d9-773562b1c4dd',150.0000,'INR','rZRLmy5ftS2evY6Bxz5z0CNKe2V1mFoBfYIC1r6FLf4','2023-03-30 15:31:06','2023-03-30 15:30:05'),('304a8d6f-0cf9-48f1-8400-52db9067ae62',1568.2468,'USD','0','2023-04-04 15:47:01','2023-03-30 15:47:01'),('3159a9ee-30a1-4dbf-a07e-4d83c7d439ad',10.0000,'USD','Yf0YhboO9TZI4qDEfkv9DfAU2O41g3K3j0_2jRfgfr4','2023-03-30 15:38:24','2023-03-30 15:37:24'),('31728a21-d87e-4015-8297-5f88e5394096',5000.0000,'USD','0','2023-04-04 15:25:15','2023-03-30 15:25:15'),('31f0f44b-36db-431b-883f-0e67ed599610',95.0000,'USD','0','2023-04-04 15:28:41','2023-03-30 15:28:41'),('3366f889-09ba-4a60-9fdc-922c1af62ace',211.1500,'INR','9HVKvO_QxTwMDI2cOjUpb7Pxaq-OG0017HQhTXg0GoI','2023-03-30 15:40:28','2023-03-30 15:39:28'),('344acbd0-4842-48d5-b283-61840e4507e1',1.0000,'USD','GRzLaTP7DJ9t4P-a_BA0WA9wzzlsugf00-Tn6kESAfM','2023-03-30 15:38:04','2023-03-30 15:37:03'),('344d6d3c-62b3-49ab-bed9-0ee11861d3ca',2000.0000,'INR','0','2023-04-04 15:39:12','2023-03-30 15:39:12'),('36515a29-750f-4a4e-bf2c-fd4bf5972919',789.5600,'TZS','1Q8ahusIanMxa8sonFNoswV6Itv5EPi_OYGBYaQ8ZxM','2023-03-30 15:47:01','2023-03-30 15:46:00'),('3674812c-51b9-4461-9ee2-be5c217bd7d6',80.0000,'TZS','0','2023-04-04 15:29:30','2023-03-30 15:29:30'),('387e3f07-aa10-49ff-b398-84b5863a7698',100.0000,'USD','GRzLaTP7DJ9t4P-a_BA0WA9wzzlsugf00-Tn6kESAfM','2023-03-30 15:28:38','2023-03-30 15:27:37'),('38f7597f-1815-4476-bdbd-de9275f9ee09',100.0000,'USD','5iGjUHKOnBPpVqE8kXSpO9zQa1UxAGMNHI0ogPGvqqQ','2023-03-30 15:36:36','2023-03-30 15:36:33'),('39623591-6ac8-49d5-bc3e-c96c399832f4',789.5600,'TZS','N1rfhCqeEwTEti_sKFGSSgWSrXxs993STXK6NKIn4aI','2023-03-30 15:47:23','2023-03-30 15:46:22'),('3d5ddf3e-e703-466a-a4c2-32635f42ab61',100.0000,'TZS','iIxl0gMF3RfOnAKB5inqno6V6OOGv822JmeHfwQnlMg','2023-03-30 15:45:12','2023-03-30 15:44:12'),('3e8c9a61-e2e5-47ad-9e23-246370d06e79',5000.0000,'INR','0','2023-04-04 15:35:39','2023-03-30 15:35:39'),('3efe2d69-255b-4105-b914-d384ee1ff7d3',100.0000,'USD','GRzLaTP7DJ9t4P-a_BA0WA9wzzlsugf00-Tn6kESAfM','2023-03-30 15:28:39','2023-03-30 15:27:39'),('3f3e5771-7ba3-46cb-864c-a30dfbc01b6a',100.0000,'TZS','6U8ogxawX3Ppot1ZNAsjy54tQSPYYtFFkJC8GOeVNfU','2023-03-30 15:45:17','2023-03-30 15:44:17'),('401b13d6-796b-434f-87bd-b56400e419b2',60.0000,'USD','SFDixaukbjuKmOu0A57ANkOH_zSZtQw7Id5Oab3exo4','2023-03-30 15:39:34','2023-03-30 15:38:33'),('41b68c88-0d4b-4c78-ba7c-74c455bb50a5',500000.0000,'USD','0','2023-04-04 15:43:41','2023-03-30 15:43:41'),('420370f7-e415-4435-b50b-26c251428f87',1.0000,'USD','GRzLaTP7DJ9t4P-a_BA0WA9wzzlsugf00-Tn6kESAfM','2023-03-30 15:36:15','2023-03-30 15:36:13'),('42549296-34bf-44df-adc4-3f1cf945f1d5',14.2100,'INR','9YRx0B2urOWap4OP00Ydyo8ciBoJwYND34BXL3pKt-8','2023-03-30 15:40:23','2023-03-30 15:39:23'),('438a43ab-252c-49e1-8792-a331ec72e283',100.0000,'USD','GRzLaTP7DJ9t4P-a_BA0WA9wzzlsugf00-Tn6kESAfM','2023-03-30 15:38:11','2023-03-30 15:37:10'),('4478b5cb-59a3-4c94-8f85-b54c352485fb',5.0000,'USD','0','2023-04-04 15:38:41','2023-03-30 15:38:41'),('44a1de8f-b17e-406b-a6aa-fe6b4db922a3',95.0000,'USD','0','2023-04-04 15:38:11','2023-03-30 15:38:11'),('4532d58f-06af-44af-8026-8222bec1d05b',104.0000,'USD','FpLxuhBG12RjzbTM4J3s4nRq2Vx0oRGS8Fngo4mQ8F8','2023-03-31 15:37:46','2023-03-30 15:37:46'),('45db99ac-4e83-4500-8e5c-3e3c0c92ec55',123.4500,'TZS','N5cQHYdSeGOR9tAWfRGvZOaOUVhHBqvSXQjtxrTtY8I','2023-03-30 15:47:02','2023-03-30 15:46:01'),('460f617a-cae3-4a52-9e03-e9196c0c8781',10.0000,'USD','uw1C-njL_HXwlKUAnCrKk71gzOYmBVYTHNe4l6F-Cig','2023-03-30 15:28:52','2023-03-30 15:27:52'),('462e2f50-936f-4a43-9014-1b22f87c52d8',150.0000,'INR','vwIsKd2izCHuCQZ5_SpQl4iWlwlwU6mbNepCsCNcItk','2023-03-30 15:40:18','2023-03-30 15:39:17'),('46b0dfeb-76f1-439b-b418-aae0291d75f5',99.0000,'INR','CTOwBU_-MIu-4JBOicU3hE0_IeFn47kbsHg5qudLA-k','2023-03-30 15:40:23','2023-03-30 15:39:22'),('4937b5f3-d128-4364-af8d-ef465ec5e424',100.0000,'USD','-Aet6ErSIoDzw-uaeBQkReUcY59GmSkpXmQ6XH1RizM','2023-03-30 15:27:36','2023-03-30 15:26:35'),('49c989f5-df83-4919-843c-75cee603715b',5000.0000,'USD','0','2023-04-04 15:34:39','2023-03-30 15:34:39'),('4ad2cd29-85a4-47b2-af16-31c63d92886a',333.0000,'INR','w_oL-tCzjFLDQ33IYmPOTlAhKUIF0SKORq-7Cz3cIAo','2023-03-30 15:40:21','2023-03-30 15:39:20'),('4bac4be3-4e84-48e1-930d-ad73838c4d07',34.5500,'INR','j_q_59jUuvYIWaqzMXuviTAC19lLI7lBGjTFuePHH4E','2023-03-30 15:30:58','2023-03-30 15:29:58'),('4d0a9f13-f599-451c-9434-ea800f649aa3',158.3600,'INR','vfNtCFvBi7DXSPNyPVzbEX19J3wFRsnpUeqDTh98dpM','2023-03-30 15:40:25','2023-03-30 15:39:24'),('50197ea7-9fea-4d5a-8abc-ecfd9726d6e9',55.0000,'TZS','_sWG7Ll93j2WwIdVHh0H9dGH2fHxWLqbjDkt_R6alY0','2023-03-30 15:39:53','2023-03-30 15:38:53'),('50391b00-978f-45ea-a075-7af309e161b8',87.8800,'INR','XWrLz38RfFKXLTP9QoLrnbif7gAMSZpitIL0lgkPBnk','2023-03-30 15:30:56','2023-03-30 15:29:56'),('512d6da5-2acc-41b3-abae-1efc34351654',56.0000,'INR','GKOGrkH99YgcNJ19vKx3v60JCk9CcPLREF-qcqc-e9U','2023-03-30 15:40:21','2023-03-30 15:39:21'),('518491da-fe7d-4300-8517-20f8957fe3b5',99.0000,'INR','JrQl747YzwIpdKULKJxHWsmGRRVJ17eD__YlVZDH8ok','2023-03-30 15:31:02','2023-03-30 15:30:02'),('531ced4b-38ce-40e6-88e6-5cac9bbaea25',100.0000,'USD','GRzLaTP7DJ9t4P-a_BA0WA9wzzlsugf00-Tn6kESAfM','2023-03-30 15:38:11','2023-03-30 15:28:11'),('5327fb39-5b70-4108-bd19-2004d647c70b',789.5600,'TZS','8wkY9cs3ZdszNYk5SGOldC6M2qS77yhFfzld3dsFBmc','2023-03-30 15:47:23','2023-03-30 15:46:22'),('5455852f-b907-4b0b-9ac4-1080a9f3627b',9524.8800,'USD','_k6XERb9P_JdaNdSlMxBTSkNyuupINKNUWCe6zLrpFw','2023-03-30 15:38:12','2023-03-30 15:37:12'),('54d6a51d-c335-4f28-8e3e-d27dcf417b5e',1.0000,'USD','kPLCKM62VY2jbekuw3apCTBg5zk_mVs9DD8-XpljQms','2023-03-31 15:39:49','2023-03-30 15:39:49'),('54e068d8-e03a-4df9-b968-7ee869f49917',10.0000,'USD','0','2023-04-04 15:37:13','2023-03-30 15:37:13'),('552bee22-e78c-418a-a8bd-100b51e74ce6',100.0000,'USD','09hwcteEvUIFC75FUPELp-aYNbvCRT7yWQqTQKNUNPA','2023-03-30 15:37:31','2023-03-30 15:36:30'),('56359c15-466f-4f62-9809-67e44c2b9804',100.0000,'USD','ruUG29aD-Wu7r_E3yAeaHU-7p5XLHzyNqbXR-Aq5DGc','2023-03-30 15:27:40','2023-03-30 15:26:40'),('5756a3c3-fe05-4f4c-8af2-c5f1cb4057f3',102.0000,'USD','g4vVxzbmMbXtGw4TDqXaSeJ5cDoVj6kS4NupPOTlT3s','2023-03-31 15:37:52','2023-03-30 15:37:52'),('58d329b7-2225-4eea-9518-f3163211919b',10.0000,'USD','0','2023-04-04 15:38:41','2023-03-30 15:38:41'),('58e5fba7-b782-4f5f-b6f5-03dc7dff8f00',100.0000,'TZS','SvTFdfHyKivasJQYimCqbsWE6X3bgmy1ez_5ZiFLiM0','2023-03-30 15:45:17','2023-03-30 15:44:17'),('59b9605b-36c1-41c1-8db2-6fa7fd4e07ad',100.0000,'TZS','0xUoZZTj0C7ClID4WKMiLgAZQkUx_Hw87nMwkHKd7uo','2023-03-30 15:45:09','2023-03-30 15:44:09'),('5a362d31-b7e1-4a7d-9996-697238f06337',1.0000,'USD','kPLCKM62VY2jbekuw3apCTBg5zk_mVs9DD8-XpljQms','2023-03-31 15:40:14','2023-03-30 15:40:14'),('5b11c771-a089-4cc9-ba18-a78dc18303b5',158.3600,'INR','4w70E0keW7MGfhAgT_EjIo24IOPCSokV1acuFfWMXdY','2023-03-30 15:40:16','2023-03-30 15:39:16'),('5b218178-f76a-4a4b-ab81-8ee69ff50ac1',678.9100,'TZS','wHC9x0wPoJeeXwkSsMAv8dLzqT3bPYNmYDG0G6IMQsU','2023-03-30 15:45:14','2023-03-30 15:44:14'),('5c896cbd-2c70-45e4-b8fd-3e001730e83e',35.0000,'USD','0','2023-04-04 15:38:11','2023-03-30 15:38:11'),('5ce60bd7-dcd2-49c5-bf56-47c3cd27a9a7',100.0000,'USD','PrxtZvRWonttNBQorbg7OAPLDlu3BsVtBJZmpNheeOY','2023-03-30 15:37:08','2023-03-30 15:36:08'),('5d36d2e4-e176-4e3a-9855-d1e0269de893',89.0000,'INR','Ue63bPXhAD9O0c4af8DBUoJIOmyNlwkS5k93yBp2wHg','2023-03-30 15:31:02','2023-03-30 15:30:01'),('5dfd57d0-fca1-4ba7-86e4-9e401528e23a',15.0000,'INR','TDqsXLa8uyorspmPKNkOFDNIJwo6o8mJTny6y2RzHJs','2023-03-30 15:40:24','2023-03-30 15:39:24'),('5e3b5e6f-dcc4-471d-a82f-5b5bb767944b',788.0000,'INR','SsdJYM8dEorGery-BQw_IQbhZZIdCF1mX76Mzo1-hzs','2023-03-30 15:40:20','2023-03-30 15:39:19'),('5e927a09-8a11-4405-ac05-05549d9c80d9',100.0000,'TZS','m-stEBkXvp5IkTha06LeM9fVIzgiEL8pdpZJmWJgN7U','2023-03-30 15:45:17','2023-03-30 15:44:16'),('5ee10494-d9c3-474a-82e1-02fdb19b181b',211.1500,'INR','QRpHEZ1sqU_fmB9k4CIZIJEDoVrKqMtOsm27PKlU_24','2023-03-30 15:40:28','2023-03-30 15:39:28'),('5f05b931-3bb8-456f-ae90-e0409574f236',15.0000,'INR','Ra6PCANmP1yNA9_GNCLH3W2RJpXYfKpK3WDECzxTmQY','2023-03-30 15:30:42','2023-03-30 15:29:41'),('5f1b7ab3-5a01-474a-b66c-94f10877423c',80.0000,'TZS','0','2023-04-04 15:39:00','2023-03-30 15:39:00'),('5f7ccba9-1703-4426-a737-27b5909d2afd',5000.0000,'USD','0','2023-04-04 15:42:16','2023-03-30 15:42:16'),('5fd04775-916d-4a2c-9c4e-e5004c7b4d46',100.0000,'USD','dFA9f84JfNzSjEfVJVKyRp0RQW5AJSOxJAhEsgn91-c','2023-03-30 15:27:38','2023-03-30 15:26:38'),('60314569-070f-4936-9be0-946e578edf00',678.9100,'TZS','WBqgh6lUTXZSW3qS7nu_AJ-4miFOEDG3ilKNeYL-IIg','2023-03-30 15:45:14','2023-03-30 15:44:14'),('60acf797-c287-493a-9c26-56c51c795d7d',211.1500,'INR','Q5oWfTCcfW6JLncS4e_VUszc0MkwmdY-wioPQE3jCcE','2023-03-30 15:31:05','2023-03-30 15:30:04'),('6237c1ed-6f0f-49b4-878b-70d4a24a665c',15.0000,'INR','MX-aAQ-SENNctnnQMJrZrjbcOgU9sraZIr71gH28O_8','2023-03-30 15:30:56','2023-03-30 15:29:55'),('6293bfd3-87dc-47fa-8a08-73a35accaa3d',22.0000,'INR','io-yfNp4u5S40qQ0r_qovcTzpvwkihNaFubWiQYpS74','2023-03-30 15:30:59','2023-03-30 15:29:58'),('6331d0a3-1560-4013-b612-88288a9692fa',789.5600,'TZS','9QnAfQ1maMa7CWaA-o5RM8YLA3Xu7YJcynHC5GZMJ98','2023-03-30 15:47:22','2023-03-30 15:46:22'),('63fb34db-fff8-4627-97e5-cc99b2eefeee',14.0500,'INR','4EJjBC-_T5UzGNmdKD5Vpo63M3fUjrKxh1F4yApufEs','2023-03-30 15:30:49','2023-03-30 15:29:48'),('6656ecf8-0b08-4e4c-b30c-c09017e0919e',25.0000,'TZS','hRB7ynsirNbg8ybs0arR07YiX-ZcE-mxKcRS5HjyS-I','2023-03-30 15:39:54','2023-03-30 15:38:54'),('678875b4-c91a-4b1f-ac0a-c92d9023757f',380.0000,'USD','0','2023-04-04 15:47:01','2023-03-30 15:47:01'),('67a569d2-30d1-40b3-8bf0-0df8596cce3b',101.0000,'USD','lF4zt9BxCaVuEsV7-IMnb0lwITGBO5YvGjvb_uznbqk','2023-03-31 15:27:56','2023-03-30 15:27:56'),('67f153b0-414a-484c-9708-56acc242c1bb',55.0000,'TZS','0','2023-04-04 15:38:14','2023-03-30 15:38:14'),('69723912-5d85-4b1e-98cb-b5d9dc5ca3a9',55.0000,'TZS','16E9PwoCHgSC-yNxi0elDUQ8PmxgDsFVUTY0AYHmjg0','2023-03-30 15:39:02','2023-03-30 15:38:01'),('6a5d152b-7305-49c4-ba2f-83bb3615f9df',158.3600,'INR','H957Z9SBii4lIq5FZAoemurBkrVUHy8QRhRycrXG7r4','2023-03-30 15:40:13','2023-03-30 15:39:13'),('6a6b96cf-a52c-4dc4-ad3f-2583e6721df0',110.0000,'INR','VeIB_mB_vtINwyD_6t62OOVVQCCeOFuYu_-zS-kvYqc','2023-03-30 15:31:03','2023-03-30 15:30:03'),('6b59e34c-3fb8-4b71-b5b0-05c30fd60323',20.0000,'TZS','mdltpezX-DelqvcLR9EQBXogx-nRi0CYjthHO3R2nVk','2023-03-30 15:29:31','2023-03-30 15:28:31'),('6d020054-19a5-47f6-89b4-301750e72829',102.0000,'USD','42mAnUQjw3BhIFcKzu6_LXXOlHxBzQJKffxB100irqI','2023-03-31 15:28:21','2023-03-30 15:28:21'),('6e81bc72-60a3-4442-b4f6-75676880d155',25.0000,'USD','GcCOdwNpqSC-ZYtdS5dO3J41raiGPIylDZoNMU5d0pU','2023-03-30 15:30:04','2023-03-30 15:29:04'),('6efc8f7c-b755-43ac-9f4f-fe515b318607',2.0000,'TZS','kPLCKM62VY2jbekuw3apCTBg5zk_mVs9DD8-XpljQms','2023-03-30 15:41:58','2023-03-30 15:41:56'),('71ebf773-a20d-4389-9545-045c48817548',150.0000,'INR','2iL9Yy0_R000fiB9Uf6SoO_jHveqbzZLg9M8qXWOa9g','2023-03-30 15:40:27','2023-03-30 15:39:26'),('71faba9a-55ab-484b-9819-1ee49f53c6d6',60.0000,'USD','ZWwAOXS5UZvvXS1thp1gOYkaAISWE3L9qYplzffbChc','2023-03-30 15:39:01','2023-03-30 15:38:01'),('72448f40-e07f-4dbc-b959-baa15269a18b',158.3600,'INR','KfToTfCOz3jR30JpK-5rplDobc2bWApH0YaAyV2yNGI','2023-03-30 15:31:04','2023-03-30 15:30:03'),('73600c2a-177c-4c2f-b3cc-192ae0c5ebac',100.0000,'TZS','i4cj4Rv9iJ3V2wXm9QZh68jdJmSVUWTkxRKa0xEL36s','2023-03-30 15:45:09','2023-03-30 15:44:09'),('75cb1b78-a0b1-436a-b86e-d74405826220',1.0000,'USD','kPLCKM62VY2jbekuw3apCTBg5zk_mVs9DD8-XpljQms','2023-03-31 15:39:53','2023-03-30 15:39:52'),('774eb290-7f66-449d-8373-a7c324dc672c',1.0000,'TZS','kPLCKM62VY2jbekuw3apCTBg5zk_mVs9DD8-XpljQms','2023-03-31 15:39:48','2023-03-30 15:39:47'),('79e2f4d6-7dee-411c-8630-5ed50abc70f5',60.0000,'USD','_au8hV1XcUUmWbd4YEhsOxGu1Rd63XMVzVTGoSJRvVE','2023-03-30 15:30:03','2023-03-30 15:29:03'),('7b76c0f2-451d-46f9-96cf-5023d1fe45e5',1.0000,'USD','GRzLaTP7DJ9t4P-a_BA0WA9wzzlsugf00-Tn6kESAfM','2023-03-30 15:26:43','2023-03-30 15:26:40'),('7c1168a5-a75e-4220-9a3f-b211f9b9fdef',100.0000,'TZS','r6UOnxaj_3Mor-wSBk2Ix18qcsS7o9wfs4zSkJG-jhs','2023-03-30 15:45:12','2023-03-30 15:44:12'),('7c6e16d8-7be3-46b3-942f-9684b488a5bf',35.0000,'USD','0','2023-04-04 15:28:41','2023-03-30 15:28:41'),('7c76a08f-2bf5-4f0b-8f64-21da732e4495',2.0000,'TZS','kPLCKM62VY2jbekuw3apCTBg5zk_mVs9DD8-XpljQms','2023-03-30 15:41:31','2023-03-30 15:41:29'),('7cce03ba-0984-4a6c-9143-7510c6554339',20.0000,'USD','0LJugmjsMf9-P0M9iN2mDc3cer92p1ndUeR8705JR28','2023-03-30 15:30:04','2023-03-30 15:29:03'),('80ea2193-c233-403c-b3e1-826520c617b8',5000.0000,'TZS','0','2023-04-04 15:25:06','2023-03-30 15:25:06'),('829be5f9-3b8a-4854-b7f8-d09b5b5e3e3f',150.0000,'INR','7HSS5HUg3TKoeNpbxK6meLNFV-O0XixhiH03AOcnR_s','2023-03-30 15:40:15','2023-03-30 15:39:14'),('829d07f3-7785-4052-958e-44c53564d423',789.5600,'TZS','7G6HGbv29c-Da1tjqgPv64_1UXE3l-QzP2aaIRByZs4','2023-03-30 15:47:22','2023-03-30 15:46:22'),('8347f975-a9ac-4226-aef0-1268fe4f3df7',35.0000,'USD','umn3Hu4Jq80IkZhZCSKUvebMRufkvjrpt2B0derd-dw','2023-03-30 15:30:04','2023-03-30 15:29:03'),('83f425ee-3669-4861-9357-af642bbba675',45.0000,'TZS','0','2023-04-04 15:28:43','2023-03-30 15:28:43'),('83fd482b-25b1-4377-9a8b-d5d3add98f86',211.1500,'INR','N8aCO2eyTAng9ShbkTXPc3m2CS1RgIr_FKqe8wOaM8Y','2023-03-30 15:30:57','2023-03-30 15:29:56'),('8549314c-3c58-47f3-b889-685d18e7d017',35.0000,'USD','dIiHrPN4vmmMVNv6M4Gne0RF4Uuc_-J5lvisOcxMH7E','2023-03-30 15:39:35','2023-03-30 15:38:34'),('854e6422-bdec-401f-b5d3-8ca139bb5ba9',22.0000,'INR','Mwufdlo4pNd6ACoWma-OCGk_BLts0KEZ8JUYt6Cee4s','2023-03-30 15:40:20','2023-03-30 15:39:20'),('866b84c5-15a6-4e6e-9167-c4f11b7a8d3c',20.0000,'TZS','5bvR0yYzPFNDPFCc2mEx1yAaJF_Et9bSL6yUZoWMQMw','2023-03-30 15:39:02','2023-03-30 15:38:02'),('86ad02eb-3af9-4c3c-9226-9b95a9ffd304',20.0000,'TZS','U484Xr6crjCal1vXbmYUQvxWRmGOMavJ0TtOpGWeiqc','2023-03-30 15:39:54','2023-03-30 15:38:53'),('877f158c-c3d1-4666-9b54-9db2d43f89fe',14.2100,'INR','n7yOpgS7Sm27XAnQCCuGr-UmNd0ZNdCKs4wFIPPMAJg','2023-03-30 15:31:05','2023-03-30 15:30:05'),('8863e181-053b-433c-87f3-d33bb35cfec5',100.0000,'TZS','LcXgANnLSndDsNqXzPIt2ALPXth0mnOfCbM2VJ8CxdE','2023-03-30 15:45:17','2023-03-30 15:44:17'),('89267d45-aa8e-44c1-8565-44e4d85984fc',14.2100,'INR','rXBiufBx_ndFvbzYvDPjkIbPqRnQl_zmed_zrSPPvyo','2023-03-30 15:40:29','2023-03-30 15:39:28'),('892a613d-e5a2-41df-ba53-3837e0fa6778',100.0000,'TZS','E8uhTlArd12J35gPkDpZaNKNR2TEMiG_Fim_5jbnt-8','2023-03-30 15:45:09','2023-03-30 15:44:09'),('89b26770-15bb-4d83-8972-21aa52d680c2',100.0000,'USD','GRzLaTP7DJ9t4P-a_BA0WA9wzzlsugf00-Tn6kESAfM','2023-03-30 15:38:08','2023-03-30 15:37:08'),('8a1c8ccd-8651-47f3-a57b-640170068d23',20.0000,'TZS','0','2023-04-04 15:28:43','2023-03-30 15:28:43'),('8d381525-4fcd-48b7-b5b9-0b0535f5ec2a',1.0000,'TZS','kPLCKM62VY2jbekuw3apCTBg5zk_mVs9DD8-XpljQms','2023-03-31 15:39:48','2023-03-30 15:39:48'),('8dae85fa-f4a4-4534-9206-b20e61d64e73',100.0000,'TZS','2HymHbiioCDYbg7Ub2_ngCdMb-QBI5PE74Gl1_0ZB4I','2023-03-30 15:45:17','2023-03-30 15:44:17'),('8f835e31-8b83-426e-9938-5ffbd157f750',150.0000,'INR','z78uPDReDrrkKXfpglaJfoqI3fMp8MacuD11ZEFtsZw','2023-03-30 15:30:49','2023-03-30 15:29:49'),('8faf2aa7-9982-4ea4-bea3-8fc5533584f4',14.2100,'INR','0v4lwtfs-Iz4Ja7vGpXXHOLItqG9CQMvrhxXlfcBVB4','2023-03-30 15:31:08','2023-03-30 15:30:08'),('9057241a-2b29-4117-be46-09e178095d54',35.0000,'USD','0','2023-04-04 15:38:11','2023-03-30 15:38:11'),('92d8b492-54b6-41dc-9919-f512734ccf21',5000.0000,'USD','0','2023-04-04 15:35:05','2023-03-30 15:35:05'),('93af34a1-9b05-40ee-8f32-83b3369cc4ef',55.0000,'TZS','OYOi9qQT_31zvQFK3QOY63Dg0-tKaaHxCeoH9lYs8eU','2023-03-30 15:30:23','2023-03-30 15:29:22'),('94b4e893-a4d9-4e58-843f-0e278ceeeacd',678.9100,'TZS','E1WdKouF-5FKx3oIDen0Tuox3coAH7i9UdVmvcv24K0','2023-03-30 15:45:14','2023-03-30 15:44:14'),('95d27c2a-3ca3-4ac7-9436-8157075aaeb5',5398.0000,'USD','bMkHrhX3q_vMx5igUMXBxzs-9Ru_MzqaC-3Ej2VvX4E','2023-03-30 15:28:41','2023-03-30 15:27:40'),('960b9b0f-d05d-48f3-97e2-02d9002a8033',1.0000,'TZS','kPLCKM62VY2jbekuw3apCTBg5zk_mVs9DD8-XpljQms','2023-03-31 15:40:14','2023-03-30 15:40:14'),('96cc34c6-c41f-498b-910c-bda050357e2d',60.0000,'USD','3_kVH7NIq5leg9Rh8Q9rrIQI_0TdQ2rPbfe8xTQCia8','2023-03-30 15:29:30','2023-03-30 15:28:30'),('9780feab-9d9c-4455-8cd0-8f88bfbc955c',56.0000,'INR','RxjvmuxZgxWz2_yG8r0WiJxYqF6x3EfNRNuCqSjEcbY','2023-03-30 15:31:01','2023-03-30 15:30:00'),('97c3fd11-6d47-4ad1-804e-a9805f0009b0',35.0000,'TZS','yPyG9tFgRWDyTBKAscr8i6Qkw9aPyvu5x60PfN5GHWg','2023-03-30 15:39:54','2023-03-30 15:38:54'),('9828a375-633b-4b19-aac9-1b3add577a3c',1.0000,'TZS','kPLCKM62VY2jbekuw3apCTBg5zk_mVs9DD8-XpljQms','2023-03-31 15:39:46','2023-03-30 15:39:46'),('98d18fc2-9069-4197-a52f-26ab8b9319cd',10.0000,'USD','mIstuv4f8J8UapD7osaqj__3FpT2S76Rh2C6BJl6VAg','2023-03-30 15:38:26','2023-03-30 15:37:26'),('9a1fee85-4973-4faa-a90d-81efea6a0440',10.0000,'TZS','0','2023-04-04 15:29:30','2023-03-30 15:29:30'),('9a3b5930-f5e3-4ebb-a375-4f487030137d',20.0000,'TZS','0','2023-04-04 15:38:14','2023-03-30 15:38:14'),('9a8af5a3-8841-401d-bb86-253e5b8ce4f8',5000.0000,'TZS','0','2023-04-04 15:34:31','2023-03-30 15:34:31'),('9bce31de-44af-423c-a325-816c41b99d9f',25.0000,'USD','0','2023-04-04 15:28:41','2023-03-30 15:28:41'),('9be682aa-ec53-493b-96ed-6479e69807a8',100.0000,'USD','O9bQBOIEYz1JY_MsgM33VUymGdAPSbYtOuiuRDE9658','2023-03-30 15:27:58','2023-03-30 15:26:58'),('9c256cfb-a2ce-4af3-9640-33caf4b39fc6',100.0000,'USD','gg32OzKEOHcxsBkwF_Qs3F3K5FLL2SgEBx3n2vs_QmE','2023-03-30 15:27:03','2023-03-30 15:27:00'),('9c3e87e0-b766-4ed6-865c-7f5e0bbecc96',2.0000,'AED','kPLCKM62VY2jbekuw3apCTBg5zk_mVs9DD8-XpljQms','2023-03-31 15:39:53','2023-03-30 15:39:52'),('9c47ba06-8d93-4f25-a42b-57953a7727e2',211.1100,'INR','Oy5iHda133_zQxjLk-JBdo7eYij5NFOzPtXsvW-xSaY','2023-03-30 15:40:14','2023-03-30 15:39:13'),('9d033cde-1c26-4dd7-88d9-297162236910',1.0000,'USD','kPLCKM62VY2jbekuw3apCTBg5zk_mVs9DD8-XpljQms','2023-03-31 15:39:48','2023-03-30 15:39:48'),('9db2b4bf-209e-4504-a01b-b9025edf7bf4',1.0000,'USD','GRzLaTP7DJ9t4P-a_BA0WA9wzzlsugf00-Tn6kESAfM','2023-03-30 15:28:36','2023-03-30 15:27:35'),('9ee476bf-d4dc-4415-92ac-189ea74f75ef',100.0000,'USD','9fWQE0bScqLM3GTy8u1GVvvga4M9GPT7SAP_aYqC0bo','2023-03-30 15:28:40','2023-03-30 15:27:39'),('9fe61fe2-8373-45f9-ae40-2ff5cb31c79b',5000.0000,'USD','0','2023-04-04 15:25:48','2023-03-30 15:25:48'),('9ff2ceb6-22ab-4db0-8623-82833769028c',100.0000,'USD','gNMLOHaxneanfwUajuj3Ams2MxROXjH3mgYys49k3pA','2023-03-30 15:28:39','2023-03-30 15:27:38'),('a01f0624-00f2-4052-88aa-c358853b2472',100.0000,'TZS','UAbPZJqegqrQ2V8UhBpv8ubyorN3Bfhib20VMZ_u3kA','2023-03-30 15:45:12','2023-03-30 15:44:12'),('a0d25aaa-ffb7-4d10-b291-1e413af79f26',1.0000,'USD','GRzLaTP7DJ9t4P-a_BA0WA9wzzlsugf00-Tn6kESAfM','2023-03-30 15:28:31','2023-03-30 15:27:31'),('a175b7f4-f7e9-4f5c-aea5-a431567cebe2',5000.0000,'USD','0','2023-04-04 15:25:04','2023-03-30 15:25:04'),('a1af1ee3-6e7a-470b-ba12-6084e444b7aa',45.0000,'INR','P6qBdO-bmpkKzN-cSW5tmNNCny_xleLalYC8z8Uof1U','2023-03-30 15:40:18','2023-03-30 15:39:18'),('a2158d3d-6c3c-4b09-8a11-71bd6b8e8954',20.0000,'TZS','4NOlcBdHEt4LkWukG40t8AFXhIMVggjFd6PwCTc4kVg','2023-03-30 15:30:23','2023-03-30 15:29:23'),('a2457ec8-dc06-4dc8-92e2-59c83c55961f',5000.0000,'USD','0','2023-04-04 15:25:30','2023-03-30 15:25:30'),('a276a63b-fa23-4bfd-bab8-e0ba1b244bba',1.0000,'USD','GRzLaTP7DJ9t4P-a_BA0WA9wzzlsugf00-Tn6kESAfM','2023-03-30 15:38:03','2023-03-30 15:37:02'),('a3b22780-d781-43c7-bf27-3f5d6d9de214',35.0000,'USD','sizatEosvSNvSzzUXFEc4xnf0PRonNC22cpkcIUfPGo','2023-03-30 15:39:02','2023-03-30 15:38:01'),('a3dbb28e-ab25-4b74-ac3e-e4a95a4bbe1a',103.0000,'USD','GukLl1mVf3Pudnub4iHi8OZBgIzLo2dOMHYNb4VWp08','2023-03-31 15:27:57','2023-03-30 15:27:57'),('a5d4ee2f-b2d7-46ca-a8d6-d56fff0fac5b',10.0000,'USD','D1z5WE6fWzV9n20dS13jQJi-kUP54gdeyQsYVwAWt0E','2023-03-30 15:38:26','2023-03-30 15:37:25'),('a5f902b0-a013-4147-9249-5943c35f9491',80.0000,'USD','0','2023-04-04 15:38:41','2023-03-30 15:38:41'),('a6557169-a9cc-434d-aa97-84a72991348c',14.2100,'INR','cGGOQ9rg2Ui9nQ0ZkInWYzAATT333Ci2dRZT6BWi434','2023-03-30 15:31:03','2023-03-30 15:30:02'),('a6609fd8-48d6-4b38-b9ec-dd28be340ae9',100.0000,'USD','ECMBPaZ6fgdKJqE9WuaUq401gbK4KwZ-hE2QhkqNBQs','2023-03-30 15:27:34','2023-03-30 15:26:34'),('a6c06e1a-cfd0-488b-b219-a95c78a251ca',2000.0000,'INR','0','2023-04-04 15:29:41','2023-03-30 15:29:41'),('a774f4f1-f833-4b7d-8434-623b69fa8ca3',5000.0000,'TZS','0','2023-04-04 15:35:24','2023-03-30 15:35:24'),('a786e7c6-7f40-4818-92bd-f081b4b5ce37',202.0000,'USD','0','2023-04-04 15:47:01','2023-03-30 15:47:01'),('a7ffc724-a797-479e-8b3d-5bf82621e1ba',100.0000,'USD','cdBOBCorONPUC42BUt88CKNkAOAHiT5Ohf17aC7Tv9A','2023-03-30 15:37:10','2023-03-30 15:36:09'),('a95f6dba-0727-4a7e-88e9-4cccc3322368',60.1234,'USD','QioChwAe6P-s2YMeUG6jga9mDwxT5SlEgLaGF7e4SP4','2023-03-30 15:29:11','2023-03-30 15:28:11'),('acec0c20-c121-4ce0-a79d-413daac8632d',1.0000,'USD','GRzLaTP7DJ9t4P-a_BA0WA9wzzlsugf00-Tn6kESAfM','2023-03-30 15:38:06','2023-03-30 15:37:05'),('acf9f81f-8981-4336-86f5-4126b5fc01d2',75.0000,'TZS','0','2023-04-04 15:29:30','2023-03-30 15:29:30'),('ad1f51a4-f927-4d9b-94a8-e84108edc2a7',100.0000,'USD','BDsOu0YeUxy_E-Anx9iOlvPhdbpiEvGfIatpO6v73Fw','2023-03-30 15:38:10','2023-03-30 15:37:10'),('af754401-2a9d-436a-8a26-6e03bbc17eac',100.0000,'TZS','rEpsJjJTkWkBqdZbvru7xKlzP7wF-xP5EALdBkQ1Twg','2023-03-30 15:45:17','2023-03-30 15:44:17'),('afaa42ab-ce4b-4f38-9749-5f0fb846bdec',100.0000,'USD','0','2023-04-04 15:47:01','2023-03-30 15:47:01'),('b0b087ae-7d91-40a4-9ea2-6c8b4ddb662d',25.0000,'USD','0','2023-04-04 15:38:11','2023-03-30 15:38:11'),('b1114f0a-7167-4e36-9764-23a13011fff6',211.1500,'INR','OfO5g6IYsUeSuJpKXrL82f9eb3xf6LiPFTYWZ_61i58','2023-03-30 15:31:04','2023-03-30 15:30:04'),('b1e6bb4f-3235-4bac-9368-f0ee1cd20a8a',5000.0000,'INR','0','2023-04-04 15:26:03','2023-03-30 15:26:03'),('b1ece5f3-da11-45d4-bc8c-9496ff147664',44.0000,'INR','kVbYme9-j6nfTkWMkVO44NOYSlmjTqVbqd71Gnry21A','2023-03-30 15:31:01','2023-03-30 15:30:01'),('b1fe01f6-4694-433b-a160-f801ef15612c',35.0000,'USD','AaMXoNnDbLd01KeUg338DCbPD6lUF_odR7UGR9W-iiM','2023-03-30 15:30:04','2023-03-30 15:29:04'),('b3923884-9072-48d1-a9b7-a6ebd0d491af',500000.0000,'USD','0','2023-04-04 15:43:16','2023-03-30 15:43:16'),('b45f5564-c62f-4b83-aeda-951139c3e118',211.1500,'INR','MTxPZszbobQxrkBZstvC44c5gH5at948pDGDNke8WAs','2023-03-30 15:40:26','2023-03-30 15:39:25'),('b4b0b766-4cc8-4561-8c0d-5a7b803db094',25.0000,'TZS','OYvwbb2Rr6NpR6fPgZpVoTGgv5AQGHPGdI10lfyCDNA','2023-03-30 15:30:24','2023-03-30 15:29:23'),('b553670c-0b40-4c98-aacb-9072526273a1',5.0000,'USD','I5Oy7GLU2DtElPeZptgdd31uQRv8lql7j47b4FxeYLQ','2023-03-30 15:29:23','2023-03-30 15:28:22'),('b69e895e-7d7c-4ca9-a0cb-0c737728389b',35.0000,'USD','GYzC1U0nPk3Qz0M1MVwSEa2Gf8MxgCPWF3jFzjr4Etw','2023-03-30 15:39:02','2023-03-30 15:38:02'),('b69f0fba-0932-4b72-b2ea-a8bf86a2a13b',5.0000,'USD','rCiJMCD65I2rxbyEety04R-s2LBF0vc3Wfhesh6Wok0','2023-03-30 15:38:54','2023-03-30 15:37:54'),('b7c384f3-da04-40b3-86d4-68dc5cbb15c2',25.0000,'TZS','yCK30MFFbOdBuMBFGjKOMpxDxKC1exBaphnGdFjWrfg','2023-03-30 15:39:03','2023-03-30 15:38:02'),('b982159d-3b69-41a2-8408-ffac8434bb89',87.8800,'INR','HoxWDrKo0lQJYHT-Na3Kt6a5XEe_VQsp1wUDUvaTdvo','2023-03-30 15:30:42','2023-03-30 15:29:42'),('b9ad4292-6903-484e-b79d-e6f0696cba04',5000.0000,'TZS','0','2023-04-04 15:34:42','2023-03-30 15:34:42'),('b9c8f3fe-1246-4c67-8bdb-83c54ef7819e',100.0000,'TZS','V-QJLyeirch8GWHT32F7lUQryNPt4xfZdzLmvhr8g4c','2023-03-30 15:45:12','2023-03-30 15:44:12'),('bbd9cd38-c7f2-4364-854d-376868795515',15.0000,'INR','m3CqWb_urWUD8J2An3hTgwl_oz_uS-WT7YvXnch9cwg','2023-03-30 15:31:06','2023-03-30 15:30:06'),('c220acb1-f8e0-4a5b-878a-01bd671be205',500000.0000,'TZS','0','2023-04-04 15:43:19','2023-03-30 15:43:19'),('c3af2351-692a-437f-97f8-8c5bc6bef5bd',1.0000,'USD','kPLCKM62VY2jbekuw3apCTBg5zk_mVs9DD8-XpljQms','2023-03-31 15:39:50','2023-03-30 15:39:50'),('c4417554-f66f-4285-aa83-c233e7d3835c',10.0000,'USD','0','2023-04-04 15:37:15','2023-03-30 15:37:15'),('c4a1ef4b-8ac7-4caa-b11c-a6a590f733a0',10.0000,'TZS','0','2023-04-04 15:39:00','2023-03-30 15:39:00'),('c53a13ae-ed33-4db9-8ab7-ef3717d81674',100.0000,'TZS','PicsRcpiXOcMpC7rjwgy8BxhCNbVi1Y0A-gYD2EAHI0','2023-03-30 15:45:09','2023-03-30 15:44:09'),('c69e5c23-10b6-49da-8ac3-c15346c19b42',10.0000,'USD','0','2023-04-04 15:27:44','2023-03-30 15:27:44'),('c73f12f7-7304-40ad-a4dd-f9305d33c225',100.0000,'TZS','1efL3iv1iUkQLGULCUD-zBFL6Tk_guwN7EaOCoKDgUM','2023-03-30 15:45:09','2023-03-30 15:44:09'),('c7be964a-831e-41a6-9d28-13dff96bb028',211.1500,'INR','IpxDnmyutd-LtPrLrPxhv4DqYcSWoaCOQ58PHOMMGGg','2023-03-30 15:40:25','2023-03-30 15:39:25'),('c96f869e-a5ee-40ed-8a58-c1c102b97369',105.1100,'USD','GRzLaTP7DJ9t4P-a_BA0WA9wzzlsugf00-Tn6kESAfM','2023-03-30 15:36:49','2023-03-30 15:36:47'),('ca1caa09-db32-4ff0-8d2c-9b5557c22a40',1.0000,'USD','kPLCKM62VY2jbekuw3apCTBg5zk_mVs9DD8-XpljQms','2023-03-31 15:40:14','2023-03-30 15:40:14'),('ca33750e-5b7a-449c-84cf-62f70f67aad6',55.0000,'TZS','0','2023-04-04 15:28:43','2023-03-30 15:28:43'),('cb0ea07d-8948-4753-8919-82d5e7ce6d26',1754.2468,'USD','0','2023-04-04 15:47:01','2023-03-30 15:47:01'),('cb1dd9d4-eb1a-4ff3-9d1e-84d4a623de27',5000.0000,'TZS','0','2023-04-04 15:25:49','2023-03-30 15:25:49'),('cd01fc33-6184-44c7-9eb3-3772ac133873',211.1500,'INR','4NNKlW1NC-B8CKHPDzRYK7M4c-zakcati0eSOIwElsE','2023-03-30 15:31:08','2023-03-30 15:30:07'),('cd0b1099-5452-4d12-a9af-2a4b54de022d',4.0000,'USD','0','2023-04-04 15:47:01','2023-03-30 15:47:01'),('cde993c4-9987-4095-a264-cf9e85b60a2a',2.0000,'TZS','kPLCKM62VY2jbekuw3apCTBg5zk_mVs9DD8-XpljQms','2023-03-31 15:41:17','2023-03-30 15:41:16'),('ce14010c-0f41-4716-845e-7d4dd48480ea',500000.0000,'TZS','0','2023-04-04 15:43:43','2023-03-30 15:43:43'),('ce4c160a-0fb1-4c80-acbf-d0abf2194aab',100.0000,'TZS','PvCTMln6Qaoj8E4UOZisQ_Jg8v2Y9GOqzsQRY2Oqn7Y','2023-03-30 15:45:09','2023-03-30 15:44:09'),('cefab975-2e57-4f6f-b597-985d65b968b7',75.0000,'TZS','0','2023-04-04 15:39:00','2023-03-30 15:39:00'),('cefbc20f-0a21-465a-a9a3-f384749e0816',103.0000,'USD','MY1pN1tTOQLhB9INwfjw0i6zMFQrnu2ycdX1mew5B3I','2023-03-31 15:37:28','2023-03-30 15:37:28'),('cfbceb98-9839-4b1d-b674-7831b1a263cc',100.0000,'TZS','WYV3hhFs1gg0tGWaPEJP2Ntel5Uipp6yIRQLplsyvvI','2023-03-30 15:45:09','2023-03-30 15:44:09'),('cfee0b72-a6a3-4712-9a6c-019c755a2d6b',100.0000,'USD','E6KX5ZQH4i8yxg2CoCrqmlUqDYXjPBrxe7SmYlr4n7g','2023-03-30 15:37:11','2023-03-30 15:36:10'),('cfefe2d6-0620-41ca-8d89-39f9a4b1cf63',2000.0000,'INR','0','2023-04-04 15:29:41','2023-03-30 15:29:41'),('d00cce9a-7fcd-4202-bbaa-e57e14329ff7',5000.0000,'INR','0','2023-04-04 15:25:58','2023-03-30 15:25:58'),('d01db26f-bc30-467d-a367-09e6345ef248',35.0000,'TZS','paJvXS-m3hTKJWcy1aAM0oed0MkPrOjGW4EAM0Qo1BE','2023-03-30 15:30:23','2023-03-30 15:29:22'),('d06c6752-b829-4c2a-989b-6f96956c413e',100.0000,'TZS','YGr15sj-yY3UbiM1dfW7IzLA8mkcGnzrIyQPLe_mbFE','2023-03-30 15:45:17','2023-03-30 15:44:16'),('d0d041bf-a909-4edb-9557-96fa705e8236',100.0000,'TZS','PyFymPjhpWZL3Vueiq2KFAQZyaAz1ymN4QvG791ZsuA','2023-03-30 15:45:12','2023-03-30 15:44:12'),('d2825ceb-096f-4ea6-a45b-9084ae727715',333.0000,'INR','6S8k_qscKGjUksPu0sLAq2rtEBEjklVMwKqmQd7_I04','2023-03-30 15:31:00','2023-03-30 15:30:00'),('d37b748a-988e-42af-92e0-8af93d355191',1.0000,'TZS','kPLCKM62VY2jbekuw3apCTBg5zk_mVs9DD8-XpljQms','2023-03-31 15:40:14','2023-03-30 15:40:14'),('d4595ae6-1a3e-41ca-8ec3-56e59e3e0938',3399.0000,'USD','LFS0vPYFGa3ii2lGL8an6Gh_0qTDK7wVDXiTswUwGM4','2023-03-30 15:28:41','2023-03-30 15:27:41'),('d4f0c84c-d37b-497c-991c-7fde1efd042b',5000.0000,'USD','0','2023-04-04 15:24:53','2023-03-30 15:24:53'),('d664984a-97e5-447c-aa78-79bd31109537',44.0000,'INR','MOjikwlTEqfqNzQSA5c-3UX6Gv_eigPdb74QMsIrdxY','2023-03-30 15:40:22','2023-03-30 15:39:21'),('d93280a5-70b6-414b-8276-4bc8f1b46a56',5000.0000,'INR','0','2023-04-04 15:35:34','2023-03-30 15:35:34'),('da64268b-62f3-470c-a7d7-481c323ee2c6',7525.8800,'USD','izT9u9MMKX6kgT_5WBHptb-fYHAZbQA0R_uscQyzlUQ','2023-03-30 15:38:13','2023-03-30 15:37:12'),('daed7c97-6ea8-46b7-90aa-af1f20a091d4',14.0500,'INR','kOryZd5A-sSZ4yapSSnKJdrOercMredY5XrmZwBtgrg','2023-03-30 15:40:14','2023-03-30 15:39:14'),('db68190b-dae8-49f0-b62c-3cac35ed4c7b',100.0000,'USD','GRzLaTP7DJ9t4P-a_BA0WA9wzzlsugf00-Tn6kESAfM','2023-03-30 15:47:42','2023-03-30 15:37:41'),('db965979-cc75-4bbc-bdbb-6a1005141ad1',35.0000,'USD','ZcVxDkZti1UWx0Xc6weB1TcRmSF7g-t_5z5di0cfHEU','2023-03-30 15:29:31','2023-03-30 15:28:30'),('dd816dd3-421e-426e-841c-bcfadfabb060',100.0000,'USD','GRzLaTP7DJ9t4P-a_BA0WA9wzzlsugf00-Tn6kESAfM','2023-03-30 15:36:47','2023-03-30 15:36:45'),('dec674af-b995-45ab-8bd1-8f1ca629099c',211.1500,'INR','bTttoitPcoLguS9GjYJhzI6tREXlSJpgqOGWgfW_TW4','2023-03-30 15:40:17','2023-03-30 15:39:17'),('defcbe09-31dc-4c31-9e2f-d7a35b28c018',55.0000,'USD','vKxpuUL1f5ynfcwuwcdXgVRWjYPgmSEeYm4ez4LiXKU','2023-03-30 15:39:34','2023-03-30 15:38:34'),('df132fa6-ad04-488a-9c2c-cf8300ae86a3',15.0000,'INR','kmLKTquB5NgjcXlmZHV-iZQxKn2_2-uSnNI1KG6byKA','2023-03-30 15:31:04','2023-03-30 15:30:03'),('df884a49-92c2-4b00-abd2-2df250137b40',105.1100,'USD','GRzLaTP7DJ9t4P-a_BA0WA9wzzlsugf00-Tn6kESAfM','2023-03-30 15:27:19','2023-03-30 15:27:17'),('dfaa70fa-2023-48e1-a677-588b0faa4c25',87.8800,'INR','P3kDJU05GVCFVw0TK0OQhC0ZfaNTMpwZ1kHMI4wwEXw','2023-03-30 15:40:13','2023-03-30 15:39:12'),('e0c20f96-897c-409a-9a17-92d0403b855b',789.5600,'TZS','BEed_7SxFkrp7EXuoru-LGlSw6mooF8-vPnp7HMaYc4','2023-03-30 15:47:22','2023-03-30 15:46:22'),('e21bb32d-1d0e-498e-bd22-11302dc3beb6',87.8800,'INR','CWRkAIGgkrX3aR_de9KAwuiH3G__Hq3JVdlhsO-79P4','2023-03-30 15:40:17','2023-03-30 15:39:16'),('e2562020-604e-46d9-8078-f563d0f7e71a',1.0000,'USD','kPLCKM62VY2jbekuw3apCTBg5zk_mVs9DD8-XpljQms','2023-03-30 15:41:31','2023-03-30 15:41:29'),('e26748cc-8c28-45c8-a367-d4de14f152af',100.0000,'TZS','-AzDUpgsBqL2qDd794EMeBaELAgI6pK-lGTuDhMR7Ro','2023-03-30 15:45:17','2023-03-30 15:44:17'),('e26c82dd-682e-4b55-839d-33fca335cca2',2000.0000,'INR','0','2023-04-04 15:39:12','2023-03-30 15:39:12'),('e2839240-9fce-43b4-a054-4ee4c22633d2',35.0000,'USD','0','2023-04-04 15:28:41','2023-03-30 15:28:41'),('e2b8ee72-32bb-4317-826a-d1b3b376795e',1.0000,'TZS','kPLCKM62VY2jbekuw3apCTBg5zk_mVs9DD8-XpljQms','2023-03-31 15:39:54','2023-03-30 15:39:53'),('e321629b-fccf-4301-8939-543a35ae8b9c',14.2100,'INR','R_2sRBiu8DkInFS5waMy0XQIPZeiC4vRqLBxf4VrV3A','2023-03-30 15:40:17','2023-03-30 15:39:17'),('e3341657-3eb1-47f2-80f6-a7a066623d1c',89.0000,'INR','MzScZMms-nqXbOKurCw0mzwoVgs-3IRablBDbsOtFP0','2023-03-30 15:40:22','2023-03-30 15:39:21'),('e337c4e1-bb87-4cff-ac41-b76061fc7643',100.0000,'USD','8dF8tl4LCf4ybztCBaBeNK8TekJ3V7DkOjJ17hSN620','2023-03-30 20:43:05','2023-03-30 15:43:05'),('e4571f51-8c5b-4edd-a621-68540c191834',15.0000,'INR','AsInUuUV9Jw0uRo0qQ7nuon6X_IsDLRJDGbpbSajF_I','2023-03-30 15:40:15','2023-03-30 15:39:15'),('e47d8ba3-c1bd-42a1-bb2f-dc6806310a72',5000.0000,'TZS','0','2023-04-04 15:34:58','2023-03-30 15:34:58'),('e6bb51dc-162c-424e-87e0-d32268440975',100.0000,'USD','R9HLTO28CRyo5lC_mV5qHGT_NKZGxkkKvpVD3JTU6jI','2023-03-30 15:38:01','2023-03-30 15:37:00'),('e75dadbd-5fb3-4d1e-a927-dad4d6edba44',45.0000,'TZS','0','2023-04-04 15:38:14','2023-03-30 15:38:14'),('e823c829-bb58-4708-a53d-40ad2bd43ca6',100.0000,'USD','RBhijZ3gwCaIwl1GRIS_v_RMyWTsGo60M-r-e5xvGCI','2023-03-30 15:38:11','2023-03-30 15:37:11'),('e87ded42-ea4e-4abd-b885-8a573f2906ca',150.0000,'INR','29F5ZRgBejx8gPJUrGXNAzQeEH8lrXo-4hZg9Um0twU','2023-03-30 15:30:58','2023-03-30 15:29:57'),('e8832b5f-3643-408b-bca8-4e6bac1a7da4',15.0000,'INR','PdIuybHjc8h8sbnbXWtmwtixfxZhBcCDPH0LBUe4Pgw','2023-03-30 15:40:27','2023-03-30 15:39:27'),('e9986c01-4106-48f9-9228-4a609b1f4afb',5000.0000,'TZS','0','2023-04-04 15:35:07','2023-03-30 15:35:07'),('ea5d9160-6e0f-4987-b46d-04cb2714a796',34.5500,'INR','stM83WcU5_Eywrf2rxVRBWvFHpRt78eKC9w_kaaMbTY','2023-03-30 15:40:19','2023-03-30 15:39:18'),('ec3031e6-cfc4-49e9-80f9-d905700341a9',789.5600,'TZS','48TIy-XQn9e9xyydjXUuKn4ivUm_37rJXA5gSJOXNRk','2023-03-30 15:47:23','2023-03-30 15:46:22'),('ecec47a6-b526-4063-a6b3-7e4704764607',788.0000,'INR','FNR7pXxf1Y7guCE9vke5zDcdTXprPAUr128aMgWB60U','2023-03-30 15:30:59','2023-03-30 15:29:59'),('ed2d47e5-74c5-45a3-a6ab-967bbab39848',2000.0000,'INR','0','2023-04-04 15:29:41','2023-03-30 15:29:41'),('ee30b0ff-62f7-4750-8616-940fdebecefd',35.0000,'USD','6R0PccFl8ziQimnTkso8bzO0b_HmSoS2DECSFMhwUs0','2023-03-30 15:29:32','2023-03-30 15:28:31'),('ef58d496-7061-4cab-b7c0-478f7e2fbd79',20.0000,'USD','0','2023-04-04 15:47:01','2023-03-30 15:47:01'),('f0a11fdd-9507-4913-9978-2887da728f5a',5000.0000,'USD','0','2023-04-04 15:42:29','2023-03-30 15:42:29'),('f236c01c-912f-4e95-aeba-139f49b0b995',5.0000,'TZS','0','2023-04-04 15:29:30','2023-03-30 15:29:30'),('f2994e96-b730-4e27-970e-ea63e17d7732',10.0000,'USD','pgYbMMRRwIP10NiB3AihZU2VsOvWS8QNWK0gDMic1sk','2023-03-30 15:28:55','2023-03-30 15:27:55'),('f3d919ad-d5a5-4c9c-b677-bb6317cd7ca3',100.0000,'TZS','3HYC-1YB23mjdx3qZKMF7otWcw36rN9JrbQop7Lwdl8','2023-03-30 15:45:17','2023-03-30 15:44:17'),('f405a695-c93a-4d4b-89d3-ddd6fe324ea2',150.0000,'INR','Za9i0actEBWZorLEDxKnDtGR8LWFKmHvFhuiIK4--jw','2023-03-30 15:40:29','2023-03-30 15:39:29'),('f4571830-1cf3-4d89-937a-f465956ede39',456.7800,'TZS','EJs_sDtIXOIDokbVyBnb_PMHj4uQ1f2sR2mOPc0im_E','2023-03-30 15:45:14','2023-03-30 15:44:14'),('f467ac79-511e-4f70-9ee9-e878bdce36c5',1.0000,'USD','kPLCKM62VY2jbekuw3apCTBg5zk_mVs9DD8-XpljQms','2023-03-31 15:39:54','2023-03-30 15:39:53'),('f55f0da2-4b33-4940-990f-2f6160dbb5cb',5000.0000,'USD','0','2023-04-04 15:34:28','2023-03-30 15:34:28'),('f5c498a5-2851-4ab8-9eff-d4bbdb03cd9d',158.3600,'INR','J11hZhQ12oJWMTOBdF2wZotvOwzSqQ2X1hLM5ydVTgE','2023-03-30 15:40:28','2023-03-30 15:39:27'),('f5f2ac4a-733c-42f1-ba4c-7df5b63110e3',100.0000,'USD','5zB5DsibsTABKzpYHLhxkbpWrbkDtQL5xq9JTp1KJRg','2023-03-30 15:38:41','2023-03-30 15:37:40'),('f61f3548-8364-45fa-8c49-860f07d71c75',100.0000,'TZS','Gy_0TwQCG7AfWDLfDyqZQV1HcC5cQqFsSZNKMMuA1Uc','2023-03-30 15:45:12','2023-03-30 15:44:12'),('f6bc66fa-bc17-4cd8-b4ce-0dc400492ac6',14.2100,'INR','IMn4-uni3srNq01Tq2OO_0ugPcHeJKMdwU4jbueypG4','2023-03-30 15:30:57','2023-03-30 15:29:57'),('f90626ae-f99c-4f22-945d-972dae9d0daa',5000.0000,'USD','0','2023-04-04 15:34:55','2023-03-30 15:34:55'),('f90bf2d4-57bd-43a7-85a2-6189b442db78',60.1234,'USD','7gufO3iQwsBfNAtA62taBgkW7N9k41KNp2v-Svh9W4Y','2023-03-30 15:38:42','2023-03-30 15:37:42'),('f9313692-0a0a-4af9-b110-27bee667a084',100.0000,'TZS','EYb8F-6hbrwxirl-cVvyQS59eMBtQyyky9blv5f4rLM','2023-03-30 15:45:09','2023-03-30 15:44:09'),('f9c7ee57-382b-4529-992f-80521cbaddaa',100.0000,'TZS','U2YL5dGCAuWwcL309ZxKA-7Ohz9wG0X1bXUtOVpmYas','2023-03-30 15:45:12','2023-03-30 15:44:12'),('fb3003dd-c3e3-43f1-84fc-b822ef5c1dd5',14.2100,'INR','XWwyvygQji08n7OI2iVctr6AsnKT7SomLxNUK_AckKU','2023-03-30 15:40:26','2023-03-30 15:39:26'),('fb5583c1-2e48-4127-9ed2-42b1fb8a3cb0',5000.0000,'TZS','0','2023-04-04 15:25:22','2023-03-30 15:25:22'),('fb951c0c-373d-45a3-97f0-3f4f40cbeaf0',22.0000,'INR','_nYQqkSaCa5KCWJreUDRqkCf90XizNdXqeIQevQTRG4','2023-03-30 15:40:19','2023-03-30 15:39:19'),('fc4dedb0-4c4f-4667-a171-72ddbc906fad',60.0000,'TZS','h5IYI6FUvxlWpiAB91o3AhGSQk4v7Ud_Iogj-F3CO_Q','2023-03-30 15:39:53','2023-03-30 15:38:52'),('fe551d60-8930-491f-8d96-4549baadba4f',500000.0000,'USD','0','2023-04-04 15:43:28','2023-03-30 15:43:28'),('ff56ee02-f293-44c8-b7b9-14eeb4be08ac',100.0000,'TZS','8YWDUQVsI7Euv1pul_yu3EfH9nTP24D97rtA0D_AvLg','2023-03-30 15:45:12','2023-03-30 15:44:12');
/*!40000 ALTER TABLE `transfer` ENABLE KEYS */;
UNLOCK TABLES;

--
-- Table structure for table `transferDuplicateCheck`
--

DROP TABLE IF EXISTS `transferDuplicateCheck`;
/*!40101 SET @saved_cs_client     = @@character_set_client */;
/*!50503 SET character_set_client = utf8mb4 */;
CREATE TABLE `transferDuplicateCheck` (
  `transferId` varchar(36) NOT NULL,
  `hash` varchar(256) NOT NULL,
  `createdDate` datetime NOT NULL DEFAULT CURRENT_TIMESTAMP,
  PRIMARY KEY (`transferId`)
) ENGINE=InnoDB DEFAULT CHARSET=utf8mb3;
/*!40101 SET character_set_client = @saved_cs_client */;

--
-- Dumping data for table `transferDuplicateCheck`
--

LOCK TABLES `transferDuplicateCheck` WRITE;
/*!40000 ALTER TABLE `transferDuplicateCheck` DISABLE KEYS */;
INSERT INTO `transferDuplicateCheck` VALUES ('0037e13f-8b29-49d6-b1d0-5f14e0ae153e','o2fIJd9cVBnX4FZF+DIoDlzdyhJ8W3RpFuDhhe5XfnQ','2023-03-30 15:39:50'),('01292ebf-0e82-4f34-a800-1454173ae226','TXCyIdzH2niIuCu637LjQIuYEPkdU08Ukv9G0vkH0xk','2023-03-30 15:38:14'),('03291e9d-1df5-4fa5-9738-332b116d0e2a','RxRbTlWaBDxhQMNxjoL7lT5JcMFmAjfmT/9M2YhTbmQ','2023-03-30 15:36:13'),('03b28213-9f91-464c-8878-2a3a23a45538','6gqc8d5lCyfbBj16g1xu/CRn/YH0dRlYCSdjGAl1768','2023-03-30 15:25:19'),('03bd7b70-196f-4290-b7d4-1bf10e7b6afb','fjYA8hUC5zyJjoLNOarw1MXWfuq43Vy1SnIFMxaksos','2023-03-30 15:29:03'),('0593271b-b702-4ee0-98c5-f49939fbf1f6','pcaIu5Qkkl5l31h6bsRSNgrbGhdszFCYWRq+1jVdE0c','2023-03-30 15:28:31'),('06157145-c0ba-4256-9357-85758565932a','pFzLHeXhTsMEYEhBNO0cPw9eW6Z/8vAs/zT9l9bmNH0','2023-03-30 15:36:11'),('0655f9af-943d-41e3-86ad-c3fdf76b7c88','d93yRysoZGtFmrqe6x8nfCOyXcLiyVrbg7VJykLyUZA','2023-03-30 15:39:23'),('074e74e9-dbdf-4279-b40b-2f6f0c267c0d','Q0Ix7yTNfVAlhAXlA52KWMP4isNO6uEJU9jka4w0B/w','2023-03-30 15:38:34'),('082b4fe3-af25-40d7-893b-ccde5a81fb4d','Ejghrn/i/2yic2RrxFb00AevU4hk+eFjVh53tKXWZ8o','2023-03-30 15:46:00'),('08e8ef49-4df4-4649-b464-c324c1b3ae3b','XtU4YKiW0ivrdzUziikAaW3Uqjr/YIzYpzyCJvSaBig','2023-03-30 15:27:34'),('08ec4e1e-37fb-45bc-8db5-213944faffe4','7R0pfY4/wrYmAFuDKf3At8EeuTfTHjRSE4akhqOD14Q','2023-03-30 15:44:12'),('0979edf5-6fe3-4807-a8fc-7a79235aebcc','0eGdKsheaYB4tGRlKh1mQtfQFxoF7JQEbsySYPmYhRE','2023-03-30 15:24:55'),('0988aa7f-db40-4a78-ae17-b121992f84a9','pjAdzdsGiGzJlQVFVfNAKNQP/bhO1vvX9PFsEd40Tdo','2023-03-30 15:28:14'),('09c1421d-0adb-4e8b-ad6d-8233b9d7fb15','ebR5aeGyNpmEtn3m2H4xcIPfPOHHpELDC9+gMZgX/Qc','2023-03-30 15:28:30'),('09e79cb0-5f8f-4bc8-a100-344eeff6f1e7','ksxu95IntjRMp5Ss6afnATHqSEVyHUUqoKyzZk/TZsQ','2023-03-30 15:25:32'),('0b89b060-45dd-471e-9725-0e7423e7f5ec','OYG0LBeYM99p3KIz9zVWJ6o2wp647gNOGV2DcVOCxG8','2023-03-30 15:44:09'),('0c6d1f94-515e-45a2-b340-3e02ce0017d8','1Aegct/Sp3LjiJTEqGhQt3qEyvjpC4kcOQ1wUG2RdPA','2023-03-30 15:44:12'),('0c911e1c-65bf-4b2d-91b3-e8667feb6fa0','UQcSa35uOgMBTp0xMMhrX0YfTG6eT/La8rpSA7ZHvMo','2023-03-30 15:30:07'),('0e24a7e9-a152-4cbe-8d71-be1012db6e31','kRuK6TsMQQsDDKmaFPZ9L5dRy/4dIow+u+2cA+q1RIM','2023-03-30 15:27:30'),('0e7a2c63-0075-4092-9247-8df2b0bfda4c','QtWPg9FG9E7UEOfqJVE6gXwM+CsdNu/pssGnksDVjXo','2023-03-30 15:37:01'),('0ef3a9ec-921a-4e58-bc78-4c137da5b9a7','3SWM6nqG19Zdy/wZGNa/o+CRhZHxkIIMOKOCo8okbk0','2023-03-30 15:30:06'),('10c9656b-1135-427d-b3fd-b027d4811e14','e5bZqJkaPLWU9TRuHu/uu+mrMgS3qLVFHpa9kD83l+8','2023-03-30 15:37:19'),('120cacd2-2d94-4e3d-87c9-9c67f83dfe77','vgG9UurKN2pG0gvkNNxJyYZJSKq3VjdE+e6KaBnDOhU','2023-03-30 15:29:59'),('12b914a5-fd79-4bff-bc9b-419462ed63e2','ZSLyxfjbfud120Ok7ZOK5QobZqTUY5N0M1xR5vAM1Wk','2023-03-30 15:29:40'),('136cb165-e4ba-44af-a35a-00fb4bbbf0b2','znndqilQijrPa/8u1VNyOxQKI+F9Z4g2GhiM4yPAF1Y','2023-03-30 15:27:47'),('13763f01-75ea-45fe-9020-2e36e288dc38','RCjX/lvGzTwul6DBTSkHBW0qr+fPT76mVSGtonmxpTc','2023-03-30 15:29:48'),('13eb5fda-b2ed-4990-aa52-2a9f55467b06','TPfjbd7QZFyAZUlWqECSnqKG6G5/QV4oOSx/93G/NeE','2023-03-30 15:34:50'),('1402d424-bd9a-40ec-9d6f-df7084e1a46f','OEfBlBUyQBdt0eECOT9xZqqfzohzSwGj0udldjIYOtI','2023-03-30 15:29:10'),('145a14a5-d1cc-4249-8dd4-ba28d0146d14','9Hv1pOUdIJjhAYMz9py8CIm4OFyjmk/KPdHa6K1lC6w','2023-03-30 15:39:12'),('146fc31c-a58d-4db0-b8e8-22397042a0d6','n9v2C31sw51DzDsjHXYWNZFQAqz7S20I42QEpSFTp/0','2023-03-30 15:39:49'),('1519d8e6-0d64-403f-9c5d-a7d0f0aa2a95','P0ONDz60XS4ilsHDbLu/kV7Jy+/Zj3ed2rIUsPDq5A4','2023-03-30 15:38:53'),('1556d74c-11fc-42bc-9d4e-d9772c5ce069','CppU/HV2YLl6nAmLXa22QmdCMDGkZ6dX6Et6DU+Bv4A','2023-03-30 15:37:27'),('16bdb9c9-4c78-4845-aaef-9722073e2ca3','MDVO8SKzUBNmdfn90N76HACO6zvL7Qd6nqRYq6IaPoY','2023-03-30 15:39:11'),('17baf843-39e5-4ed0-a7b6-eed4e08a897a','boHKv3LJcEuQZtgbWNrw/McgKw47+/WBtWsTfowdu9I','2023-03-30 15:27:54'),('17bb9609-9b76-46fc-a04e-7439208be1a5','tCWoa8u1WVo375RzM5MIhwuJGi3Y4yGEgsQoRtpmDoM','2023-03-30 15:39:46'),('1d8624b5-7579-425d-a67d-97740b4168b7','Xt2QOPxxXLHaXMaXJQ1oabICXo7MzpMNooiNvkAuZ6s','2023-03-30 15:47:01'),('1dc0f91c-89cb-4d6d-b406-51395d1196ed','PdYXZVx+ngTaI025HI8CUxdCs/SFr5waZTqeFM5z2c0','2023-03-30 15:38:41'),('1ef36114-1c57-4edc-9de4-1542df184b72','8xpPiT42uDGF8B6weCKCPnFxAm/n5KlWM9lvHOKaFXM','2023-03-30 15:29:22'),('1fa780f9-83ab-4954-8d59-cb7ee112128b','RaY6+DL86f3+2lvLF8A0g5QvHdlRK7vOCJKnKz0heIg','2023-03-30 15:29:23'),('1febadf5-4b4c-4658-ae36-4b975692957d','j04ziHp2/qFxX/nXpsE05uAbVT7t6+ON8IIjDaLXtRk','2023-03-30 15:41:56'),('221cb4a6-3849-4cf4-afe5-6cef23682943','mpMwJm3VvYNlkG8+9FteayP7zl/ggLmWv09JCzp0PVQ','2023-03-30 15:39:00'),('225cfaa5-3a9a-4d2a-8bc5-7ad0f101a31f','a0MfaMusl3IU1Ffwvh8bZm8A25kPeGkIHBASqDta0po','2023-03-30 15:35:22'),('22fcbfe3-f636-4889-8068-02154f279e05','0+8BDgLcjjhdVxQQY4eBIr/d5bRMbUAnXe8Zdtc1QtM','2023-03-30 15:38:35'),('2307f67a-2348-4751-b72f-de04f4014dc3','O3J1oXANDyHIt9Ox5aBUtydG0b4R1srbyFsFjFc5NEA','2023-03-30 15:41:16'),('25bbc1a3-a4dc-4be6-97de-a8f244a10743','iU1HMVgSMgcoBno7RfxIjX4sheO7e1rUgDOQzVslXfE','2023-03-30 15:28:43'),('263c094a-a302-48d0-9645-b62f80c25884','01OG9+LD64ocjvxRX5ovhSKSybm0j+Ls04pne0uIxWA','2023-03-30 15:29:10'),('265bd93a-3f70-4cc2-a44b-835189424114','XwvIY9EIVf96ajJhR3vRxvq2sI3U6HLs44qMJtNIVMo','2023-03-30 15:28:09'),('278c48cc-5ef3-4432-8005-b05dd6dfb0b8','zdwCQD+RJq7JLxU4Md6rQUhVOCHbjKebRhpjq3wFQVQ','2023-03-30 15:27:32'),('27ab6bb2-d12c-42a0-beae-ddca5ded25c8','BIk0pR40oZ2WKN/+qFjQ6S3wtLp/AeEIreyfJAa6Bdg','2023-03-30 15:47:01'),('281539fa-668b-4d75-a9b8-162bdca493b6','FlYyMulyXTG4MBIXTysRpkGVj4WHjFA9qd72GnEGetI','2023-03-30 15:29:10'),('2a62193d-9195-4d71-beb1-abd49d1bd252','v4ckJo8MslGpmfR2nULHQ0O1rjqQlGxwF26t+UNspMw','2023-03-30 15:46:01'),('2a927a8a-760f-44bf-a718-9edf1cc29e97','8pMPQyQE/IbZg8O+0Ps8h9vgkbxtYDgLT4JkP+qEUJU','2023-03-30 15:39:47'),('2af9dfd1-220f-4d5f-9b1a-1ad3fa545a11','X8HiPHg0leRdkjvpl9xPN5IbrcuWWh9aMTJmIK637ho','2023-03-30 15:44:16'),('2b0e8af1-5bf4-4682-a1ad-6a984244418a','z5pDWw8S/dJybyPH02JZGKOxACrQpV5ibHM8o0GWUWA','2023-03-30 15:29:10'),('2bd9865e-e9b0-4197-90e9-f2e08af39f44','YxSDvMiTmTcLzADtLV0UR0CZuTof7rS0OzPqOA505nA','2023-03-30 15:44:09'),('2ca3b6f5-42b0-48f4-b5f5-73ee18ae7e68','HqO7FHZFEsXWm6Q32B9rKyEiPI8aYvNauHNYPEIhTZU','2023-03-30 15:38:34'),('2cc01c10-7fd1-4e9c-bb19-bfe8ce023567','4aZpqBjW3Vq7P30Bgj1kSDUNTRHLnrkgmYZL97a3MR4','2023-03-30 15:39:11'),('2db2f973-e761-4ae6-8869-e481efc8ac42','63k/fQ4/W2vmbBALnApDv1XInXaB6OCFJsy/FAK1omM','2023-03-30 15:27:15'),('2e768760-b24f-443b-9f64-aad7e8a84f83','4mey3Cw3Xa0JE5sfl/pMcn3g6crzpCs6EBS9+faNWRE','2023-03-30 15:26:36'),('2e8530b7-b8b1-4852-ad1e-0520b1d39834','KjOoXBwQaNHIVxhTZelAEp3EEGXMGSrH5SQ5j1th160','2023-03-30 15:27:41'),('2f59581b-f2e4-4296-a6ff-9534088068ad','ENisNB/5M60h258yiY6+EIC6MTAtl3LSiBhgvXcn6uw','2023-03-30 15:43:30'),('3049bcca-b799-4304-a2d9-773562b1c4dd','0Ey2MltmLmjeUvACdmiwIxfWk4NWqbHN6+75SJ1vw0w','2023-03-30 15:30:05'),('304a8d6f-0cf9-48f1-8400-52db9067ae62','undPpXGxJJYsvA+CjXjRRtQ2o9FZaWKNLDoaSUI2H+U','2023-03-30 15:47:01'),('3159a9ee-30a1-4dbf-a07e-4d83c7d439ad','J3CGVlGvRelYVy2sQuRnoaSPm3BU2KDsRIzbAzkIzpw','2023-03-30 15:37:24'),('31728a21-d87e-4015-8297-5f88e5394096','Rxd08ElzNxfNE58/c8bbUBR82Jf5++5aQsT5knIJnWk','2023-03-30 15:25:15'),('31f0f44b-36db-431b-883f-0e67ed599610','WJpX75AmCJEXuHpGwdf/h3wCS56/rf+ceI8A7k0NnS0','2023-03-30 15:28:41'),('3366f889-09ba-4a60-9fdc-922c1af62ace','y70QZwC/cvr1A1HvpjT5wWTr0NiaDRgG22fqiv5jDNg','2023-03-30 15:39:28'),('344acbd0-4842-48d5-b283-61840e4507e1','v4cKtHxw4yeqvcqelijk22ZMKjRPBQf9pk6vbMtiS2E','2023-03-30 15:37:03'),('344d6d3c-62b3-49ab-bed9-0ee11861d3ca','n2WAJhsbSX1EcoxGBWc8bUqGLdzd3PO9epBPjRVhqj0','2023-03-30 15:39:11'),('36515a29-750f-4a4e-bf2c-fd4bf5972919','aUGegbAGTew2calsdEKq3O4sUY00UAQGU9U9Qtxudqg','2023-03-30 15:46:00'),('3674812c-51b9-4461-9ee2-be5c217bd7d6','lOtOcvj2leZN0ihsDK+9nted5Q/DjtrK6vFsQoDpER8','2023-03-30 15:29:30'),('387e3f07-aa10-49ff-b398-84b5863a7698','ZZ2um0MfTzFXOc3hSeSspIHWINx/RFpoX/GOPu+57qc','2023-03-30 15:27:37'),('38f7597f-1815-4476-bdbd-de9275f9ee09','uQLZL5C3CyQkXfLyIAbd71qMTNJ2t6hU53ZFh1JNu8M','2023-03-30 15:36:33'),('39623591-6ac8-49d5-bc3e-c96c399832f4','38URqGdqp+aPuCc45eTRRiKnIP+OCy+9rLe9rJZBVek','2023-03-30 15:46:22'),('3d5ddf3e-e703-466a-a4c2-32635f42ab61','M2K0oGtaEjv6BxfmmWygnyTb7Vsc1g1idm2AdcHQ21o','2023-03-30 15:44:12'),('3e8c9a61-e2e5-47ad-9e23-246370d06e79','u3XbHkmtEO1VkanosJbz8Kxe7IrBOhxNsQWIRAgeHn4','2023-03-30 15:35:39'),('3efe2d69-255b-4105-b914-d384ee1ff7d3','4IsstuFWE7ICH2D/PZY9OpXw34Lp2ZnpKjXC+fgiTzM','2023-03-30 15:27:39'),('3f3e5771-7ba3-46cb-864c-a30dfbc01b6a','bwo4w45gw+ZNt1rQmPEte8REhgX7M8XdLmc//1LNC90','2023-03-30 15:44:17'),('401b13d6-796b-434f-87bd-b56400e419b2','4HEc8VHmJGkEx+Oe1tq252fbUntZi+/9CMVlXnxrLz0','2023-03-30 15:38:33'),('41b68c88-0d4b-4c78-ba7c-74c455bb50a5','x2+30AqP21Fu5nU+n+orKvxoY1cL5QJPCdR4nJAXNpM','2023-03-30 15:43:40'),('420370f7-e415-4435-b50b-26c251428f87','0FPExIijPee8y+7lguaz/4E9CQ2siW5PkJyUEQ6vhu4','2023-03-30 15:36:13'),('42549296-34bf-44df-adc4-3f1cf945f1d5','r6CG38n0ya51yFAttz7vrAq7gCTYtn3DtciRU6xHOkc','2023-03-30 15:39:23'),('438a43ab-252c-49e1-8792-a331ec72e283','R2287IR60DO/jjmrXDaIOOIlnG99fhjBkRvQqkaLRbk','2023-03-30 15:37:10'),('4478b5cb-59a3-4c94-8f85-b54c352485fb','T6vBV3tpXfAGMuV+w/Q73QHSPcwHDbMSNPnhm0/CLPM','2023-03-30 15:38:41'),('44a1de8f-b17e-406b-a6aa-fe6b4db922a3','TXkULsqAmoN5fnP/YyST0CnTDqdYWwWN+bEmjS5T/LY','2023-03-30 15:38:11'),('4532d58f-06af-44af-8026-8222bec1d05b','wMWdGOVif5ggr3niZAFO76rQOoUoQMl5oCRCvoeaG9U','2023-03-30 15:37:46'),('45db99ac-4e83-4500-8e5c-3e3c0c92ec55','6U8b0VxXt4Oltoy+gNt/mXU9y4kLu70MrNBbd8BU5i4','2023-03-30 15:46:01'),('460f617a-cae3-4a52-9e03-e9196c0c8781','jrXQMnaevSu0/azcfDPc4uiUJ3hlNijFU4IW0RAHVE0','2023-03-30 15:27:52'),('462e2f50-936f-4a43-9014-1b22f87c52d8','rGgMq84EpuDga5yrtW/53LthuWCQoZXHS6+pScPelxk','2023-03-30 15:39:17'),('46b0dfeb-76f1-439b-b418-aae0291d75f5','aXKNf4VpdV2ePWUgL3Hr5UzG36NIs/PYaILlQgP0FQs','2023-03-30 15:39:22'),('4937b5f3-d128-4364-af8d-ef465ec5e424','YGuOf8O1zgiFOTMyTC3Igcx8TKeBMz6LWquWInPdI9k','2023-03-30 15:26:35'),('49c989f5-df83-4919-843c-75cee603715b','nxCDRpUcZBRaQ+z/qoPyWPGduVdtoKw47q4+ZMfAMwU','2023-03-30 15:34:39'),('4ad2cd29-85a4-47b2-af16-31c63d92886a','tha+Aw/CRDwqYCtBryegLeQCtwJUVEjzV9zZXFUugyc','2023-03-30 15:39:20'),('4bac4be3-4e84-48e1-930d-ad73838c4d07','qYTyYXx+ur/ACI7xXF2PGBUEmFS1vPrGqH/OZNZr3Xc','2023-03-30 15:29:58'),('4d0a9f13-f599-451c-9434-ea800f649aa3','NGgAeRWqdyx3DbBaKvneAvNAn8ugtjMGctIUDY630ic','2023-03-30 15:39:24'),('50197ea7-9fea-4d5a-8abc-ecfd9726d6e9','itkCznTDTTruo1nfLO9eC5ewZjMC1SZ1gRUWKhwZM+w','2023-03-30 15:38:53'),('50391b00-978f-45ea-a075-7af309e161b8','RNslTFgbCZT+5WKODsrAZzvkIwVFmbwEEFL3VByAhZg','2023-03-30 15:29:56'),('512d6da5-2acc-41b3-abae-1efc34351654','CMDrOcvWWqGImsA6VsAw1isLRpurXrXHAdV775MVx8o','2023-03-30 15:39:21'),('518491da-fe7d-4300-8517-20f8957fe3b5','Vq2nSQpryVnfpRhc91dWXV1zewoqisfi19Ik5vI/d2w','2023-03-30 15:30:02'),('531ced4b-38ce-40e6-88e6-5cac9bbaea25','jyKzIup6EXp3zdWFcJRMK+wRJnfzRMfO6EDnKYyN8as','2023-03-30 15:28:11'),('5327fb39-5b70-4108-bd19-2004d647c70b','yo4Z8GGaw2tBYB+g4W7e3aUqGOSvIIgOdfN3mwjeEIM','2023-03-30 15:46:22'),('5455852f-b907-4b0b-9ac4-1080a9f3627b','T6rLAygmdecvsZNVLeNkCb45Al/aH/9xWuEv7R2ZHYg','2023-03-30 15:37:12'),('54d6a51d-c335-4f28-8e3e-d27dcf417b5e','1jNnZVoS7O6fdT65kj7NGnSlpMhdsbgqhJbeBG155Es','2023-03-30 15:39:49'),('54e068d8-e03a-4df9-b968-7ee869f49917','bivS7ZaRXTROf5X18J4AX7RsJDzAckXamMQ44M2fObw','2023-03-30 15:37:13'),('552bee22-e78c-418a-a8bd-100b51e74ce6','AJH16YMK2GXgMQCe4nje2kIMWZbV2tsTtJmsh1GEz9c','2023-03-30 15:36:30'),('56359c15-466f-4f62-9809-67e44c2b9804','QG+A0aXbgpDRpThM+TV+v3FdZWRavGHtvz3VIn5GoN4','2023-03-30 15:26:40'),('5756a3c3-fe05-4f4c-8af2-c5f1cb4057f3','a7qi8a6YqEErOkQxCUGueDP67E4oJVdPqLzpcEyDks0','2023-03-30 15:37:52'),('58d329b7-2225-4eea-9518-f3163211919b','pwbgEYPONi0LTXHCP1n1XLbTrpMCv9T4QdHkSHz9z1U','2023-03-30 15:38:41'),('58e5fba7-b782-4f5f-b6f5-03dc7dff8f00','fM/j2Jp+8qT/6LKULyY2XnYK6uStUfmPlXDstlSomzo','2023-03-30 15:44:16'),('59b9605b-36c1-41c1-8db2-6fa7fd4e07ad','qJZcZBEWMTlECthqYcK8r9sm6O1/GipxGHH/o6nNrnU','2023-03-30 15:44:09'),('5a362d31-b7e1-4a7d-9996-697238f06337','1ANQPXneAMUIpnz3A2TC/mVR3vYg6iI/maqCdhnYd1w','2023-03-30 15:40:14'),('5b11c771-a089-4cc9-ba18-a78dc18303b5','2tF+5Rz8L6/vrnfAkCUKI6ey508ZZkDwRldokTeEHHs','2023-03-30 15:39:16'),('5b218178-f76a-4a4b-ab81-8ee69ff50ac1','zTg2M69C97KDUU/YQvQpK5cQsvVbuULT4tph1cLNxC8','2023-03-30 15:44:14'),('5c896cbd-2c70-45e4-b8fd-3e001730e83e','ek9GVpw6dLFkZ315+bPVmKIz2VBL3Vj5k9mMx6bCG50','2023-03-30 15:38:11'),('5ce60bd7-dcd2-49c5-bf56-47c3cd27a9a7','Ym3Z8jfu5WLMx26EA1+OAI+C39V68Hz4Z3JlPdybGj0','2023-03-30 15:36:08'),('5d36d2e4-e176-4e3a-9855-d1e0269de893','X2q23wlVIx5Jb/qsu4y15R7fPjeBSkJMQ+2kknDUJeQ','2023-03-30 15:30:01'),('5dfd57d0-fca1-4ba7-86e4-9e401528e23a','dSu3TBGVc0dcgQM2sXtBlOXrHaNg7R+537DRhxSO3Yo','2023-03-30 15:39:24'),('5e3b5e6f-dcc4-471d-a82f-5b5bb767944b','Cre2e3Kvpktlk9SWXGdreZv42G2s6FLv0cfdss0mchM','2023-03-30 15:39:19'),('5e927a09-8a11-4405-ac05-05549d9c80d9','hsBOMjQv2ePeA9Jia66oOYSkCP4MLAUwH667o7vbpTU','2023-03-30 15:44:16'),('5ee10494-d9c3-474a-82e1-02fdb19b181b','dH9qc+mbTKkuhp/JQhvnho2FWGnkGcBfWf/0PFUKJ+Y','2023-03-30 15:39:28'),('5f05b931-3bb8-456f-ae90-e0409574f236','dv2KQRqS7WGiurHJHnWBf0Cv/UAXIUIgyYUICsxJAug','2023-03-30 15:29:41'),('5f1b7ab3-5a01-474a-b66c-94f10877423c','Y50Uh+clr79ZM66iNgbiwMlHQSGA6oQiB+3iiZB/9v0','2023-03-30 15:39:00'),('5f7ccba9-1703-4426-a737-27b5909d2afd','QVUOCzqd0B6QIryahOS3ZBLwioOujtS/Gvnmh3R4pBY','2023-03-30 15:42:16'),('5fd04775-916d-4a2c-9c4e-e5004c7b4d46','H9ggbaZ7pga6cVGBplP0ptLAqhXKctr5U57cxPp8zHc','2023-03-30 15:26:38'),('60314569-070f-4936-9be0-946e578edf00','qsy51MG8zom/amYsV9p7Tktwp+xZ1rwpyxxV1nTiLI8','2023-03-30 15:44:14'),('60acf797-c287-493a-9c26-56c51c795d7d','D88n+AsylOZsRdhLJ+n5F6OdY2LjDXX7Eta2VGEUSzw','2023-03-30 15:30:04'),('6237c1ed-6f0f-49b4-878b-70d4a24a665c','MQiN5gCG1XAVeRFvoym+8tKVxboTx3VUS1fKbZJw/xM','2023-03-30 15:29:55'),('6293bfd3-87dc-47fa-8a08-73a35accaa3d','Lwrx1BjJ6QPmBkbdl4ZqaXKlSbs0uNErIOV1IxSos/k','2023-03-30 15:29:58'),('6331d0a3-1560-4013-b612-88288a9692fa','VGvTMDfdoSGGlKu2HmYSJ06QAlHCUCJivx/TZP8KLJc','2023-03-30 15:46:22'),('63fb34db-fff8-4627-97e5-cc99b2eefeee','UjcZqU6dCfbL0vi3ZwF679y1iExg6E2RZ7K3BJpt8l0','2023-03-30 15:29:48'),('6656ecf8-0b08-4e4c-b30c-c09017e0919e','p9ZkqAmSdqh4jhg3/gmQzrx0+rVKoyil7T98VHCIZVw','2023-03-30 15:38:54'),('678875b4-c91a-4b1f-ac0a-c92d9023757f','3+/+HL92CkXbGyvApcsxTfsGZWC6cbroId9MT6xmQgE','2023-03-30 15:47:01'),('67a569d2-30d1-40b3-8bf0-0df8596cce3b','UWEKIiXbXgTj2Y3kvnf4JClF7yopnR2YioThND8Fqzg','2023-03-30 15:27:56'),('67f153b0-414a-484c-9708-56acc242c1bb','zo46vPw407/+XykyKwrc7k7fR8ZbJXmBhMU7SYPAy3U','2023-03-30 15:38:14'),('69723912-5d85-4b1e-98cb-b5d9dc5ca3a9','undOo/KdNtZlMRswkCo2JUhjPVzXHxxbYkT6O9EWSwM','2023-03-30 15:38:01'),('6a5d152b-7305-49c4-ba2f-83bb3615f9df','TsvLrDrsLDP3LiSMzgV736vWCZp3w+KzOSLGiF+1L0g','2023-03-30 15:39:13'),('6a6b96cf-a52c-4dc4-ad3f-2583e6721df0','f4YIQ48W9nRYoVLkt/n/XSN69Z/25YrGfellZrFLB40','2023-03-30 15:30:03'),('6b59e34c-3fb8-4b71-b5b0-05c30fd60323','ziBnfxZvoQ152uPRF6pDanT8ckwKqzYXXbBkNfPOc8I','2023-03-30 15:28:31'),('6d020054-19a5-47f6-89b4-301750e72829','gw67ch3LxePYIl9lGC4s2IDaWac2z8sftDAGKcnST1k','2023-03-30 15:28:21'),('6e81bc72-60a3-4442-b4f6-75676880d155','PY4TrBYPraWJ2ehI3iLJ8Ipi2D48c9pw4QRLwxbU8/0','2023-03-30 15:29:04'),('6efc8f7c-b755-43ac-9f4f-fe515b318607','tZ/7F7Bxsd8dD6hlJBd9Y6bHTIsNDR3zaKJLypSQGSo','2023-03-30 15:41:56'),('71ebf773-a20d-4389-9545-045c48817548','BaaqPG0lIsVlYirErqKPq8E4I9HyQLPucZmglD8hgBQ','2023-03-30 15:39:26'),('71faba9a-55ab-484b-9819-1ee49f53c6d6','GeCxu09hMwUQPvml3LVnAWo45UGzFt1LEwsfvveoyjQ','2023-03-30 15:38:01'),('72448f40-e07f-4dbc-b959-baa15269a18b','1B1jqjXBlDppiFfyf1TPESLEtCfGqVPJxoe1NYVBHZo','2023-03-30 15:30:03'),('73600c2a-177c-4c2f-b3cc-192ae0c5ebac','68Zialhk9NIPSR79eFsz055OpHQEL+09F5ZVl+FuxuM','2023-03-30 15:44:09'),('75cb1b78-a0b1-436a-b86e-d74405826220','Rt0/FmdlRpw8AcrB25km2GCsfnxOeld1rfbJL4g15aQ','2023-03-30 15:39:52'),('774eb290-7f66-449d-8373-a7c324dc672c','EWlPfADDzzVVu6SyFgULEZgSZ+CEbwnMqJREOebOthc','2023-03-30 15:39:47'),('79e2f4d6-7dee-411c-8630-5ed50abc70f5','th45ApcWjy0lOvFlbFxzLsg+qI2h3PFtg7Pt06UF5H8','2023-03-30 15:29:03'),('7b76c0f2-451d-46f9-96cf-5023d1fe45e5','ShNks7nRH9rHeRJsVz3RYSowlqVHX36paIhtrUzs/gg','2023-03-30 15:26:40'),('7c1168a5-a75e-4220-9a3f-b211f9b9fdef','NN0b3Gm9IsY0/YZ0IWc9U6Q8+C0xh7VlxmAGhFWi0EM','2023-03-30 15:44:12'),('7c6e16d8-7be3-46b3-942f-9684b488a5bf','t7kgvz5udsy14Sd0YRtikQ449znmUrUVm9IxoyWlSHU','2023-03-30 15:28:41'),('7c76a08f-2bf5-4f0b-8f64-21da732e4495','wbUiAHuPr7sBbFm+w3T/hfKlaWp6A84nSIliy2g5nDI','2023-03-30 15:41:29'),('7cce03ba-0984-4a6c-9143-7510c6554339','vo46EoK1So6LhALtWhVd6kJ5SOsV52YixMYSUR28PEU','2023-03-30 15:29:03'),('80ea2193-c233-403c-b3e1-826520c617b8','OIxyPQ6573vtmU77yIwtbYy8LemrRODfP1rhKzrTJ/A','2023-03-30 15:25:06'),('829be5f9-3b8a-4854-b7f8-d09b5b5e3e3f','bSViQprZLKV5A2dAONREh+z+lh3mq/Kg3zSCJ+0T6kc','2023-03-30 15:39:14'),('829d07f3-7785-4052-958e-44c53564d423','LjbHuejoZTgASqQIeY4DvAOvjUI14RRUrN7EPrqyjyU','2023-03-30 15:46:22'),('8347f975-a9ac-4226-aef0-1268fe4f3df7','9086YTeqhP4kXJE/Hsuf8ankJEvIDMFq3Y/+Ue7zaiM','2023-03-30 15:29:03'),('83f425ee-3669-4861-9357-af642bbba675','T4sXBXtD2okhEJVQVWXBUPGP3/FeuVPJ3CXTwroekJo','2023-03-30 15:28:43'),('83fd482b-25b1-4377-9a8b-d5d3add98f86','eRxh38WRgvbxIbPKzCTS6TA0uonPEDffWEZwC/Yqq5s','2023-03-30 15:29:56'),('8549314c-3c58-47f3-b889-685d18e7d017','wdqCcrQwCSheWiyosgmUE9gMFebgFzJH1wQuOxTH3K8','2023-03-30 15:38:34'),('854e6422-bdec-401f-b5d3-8ca139bb5ba9','xHbKSXfhHLOJ4fvW98igkGZcD71GVr0t4KbOyuO2fpk','2023-03-30 15:39:20'),('866b84c5-15a6-4e6e-9167-c4f11b7a8d3c','TETEk8HTs7r2dQDckxgf8JyeP7W3bHJoDBDOrg3kocM','2023-03-30 15:38:02'),('86ad02eb-3af9-4c3c-9226-9b95a9ffd304','hkh4rOk4+Y8DEQOwsceEqP1MjE2p3L2LxwuWDaH938g','2023-03-30 15:38:53'),('877f158c-c3d1-4666-9b54-9db2d43f89fe','WzjVvCK9cVVp9pe8Y9UiUwonnge2VNHFkLF3n2ly04A','2023-03-30 15:30:05'),('8863e181-053b-433c-87f3-d33bb35cfec5','xXaWB2cn0lMmrlhuIPcMtriUFh6U3wEZDmN7fbL5V4c','2023-03-30 15:44:17'),('89267d45-aa8e-44c1-8565-44e4d85984fc','GMtIwR9G3adVwwX8u6/w0G7xVtvM5hlnAhqfYM7wzzA','2023-03-30 15:39:28'),('892a613d-e5a2-41df-ba53-3837e0fa6778','SsG7rbemfLp9PCz++o9unY4QjKxLLeat/dS0r2C3yWE','2023-03-30 15:44:09'),('89b26770-15bb-4d83-8972-21aa52d680c2','Oycv7Qp/FSJXxHgT/CzCqly8P9awDxB3IpmAPETyqNk','2023-03-30 15:37:08'),('8a1c8ccd-8651-47f3-a57b-640170068d23','/LF4KxGeAiWK7Rh6Q+3uicHZS8vNHoeN2s27uO0oEvg','2023-03-30 15:28:43'),('8d381525-4fcd-48b7-b5b9-0b0535f5ec2a','I9nlXWKwbJ2xufRWD6u+cnT7enleFfYMTUbjHf6vC4E','2023-03-30 15:39:48'),('8dae85fa-f4a4-4534-9206-b20e61d64e73','3031dKKXlgTktTh0R3WBtrDvisIuGK3jNLfwc31seeA','2023-03-30 15:44:17'),('8f835e31-8b83-426e-9938-5ffbd157f750','od+LoEd+hUvTw2mPZp5xDDUo3GBNBNSGabmOo8BteJs','2023-03-30 15:29:49'),('8faf2aa7-9982-4ea4-bea3-8fc5533584f4','vNi0SfUDK+6v1+j0VaDXZBUDYG6JfOFTGagU0nbV/PM','2023-03-30 15:30:08'),('9057241a-2b29-4117-be46-09e178095d54','tFpnam821VG4VAY0ASrM4jSa7GIaWSggSLge3cXrjtc','2023-03-30 15:38:11'),('92d8b492-54b6-41dc-9919-f512734ccf21','mz/YBJDBo2cGxrqwq3fDGFZ5p6RX9X/Sr7GEolfVJKI','2023-03-30 15:35:04'),('93af34a1-9b05-40ee-8f32-83b3369cc4ef','lZPjr+/97D5RVNPDSCMW7heZ0KWuXSELEPCKYrrCTz0','2023-03-30 15:29:22'),('94b4e893-a4d9-4e58-843f-0e278ceeeacd','+0KJlsa0qtaHMrLdeiL63y2/u63HwOaOQaoQlzJdTLs','2023-03-30 15:44:14'),('95d27c2a-3ca3-4ac7-9436-8157075aaeb5','lmrYFxZBi3WDsWjuCJF3jbz3oaCPI2Bz7xeIfx9EMo4','2023-03-30 15:27:40'),('960b9b0f-d05d-48f3-97e2-02d9002a8033','zTs4L8TlUsTGbzziHIvoqOCdpExh+hj95T8VpEpc684','2023-03-30 15:40:14'),('96cc34c6-c41f-498b-910c-bda050357e2d','hk+ubsTqxyg/nssJSpRS0F9LkAabNQtWbZbQnRBPe1o','2023-03-30 15:28:30'),('9780feab-9d9c-4455-8cd0-8f88bfbc955c','MTqdawraiiTEAxwVIuu8s630HXtnaxUF0G2dMNCbVts','2023-03-30 15:30:00'),('97c3fd11-6d47-4ad1-804e-a9805f0009b0','MfKEKxG33px4mYtRMxvdR8yQkips/Tgs57SA6tbfibI','2023-03-30 15:38:54'),('9828a375-633b-4b19-aac9-1b3add577a3c','rBsX/75y2FinPhEza8ydYzWW4DD/gCCw38f/0vIToS0','2023-03-30 15:39:46'),('98d18fc2-9069-4197-a52f-26ab8b9319cd','ZRPlMpPVtUtR1YpznvYaOwmmTpa07f2wdZkp7fBDKj0','2023-03-30 15:37:26'),('9a1fee85-4973-4faa-a90d-81efea6a0440','3sNPCZjXdSsHSZxreRAWCyaDSExocqnpELr83q5n96k','2023-03-30 15:29:30'),('9a3b5930-f5e3-4ebb-a375-4f487030137d','1jiPpB50uhjGSBstxcKSorVc7tz2fwJP6rwR8LJEPmA','2023-03-30 15:38:14'),('9a8af5a3-8841-401d-bb86-253e5b8ce4f8','zO4o4ApGN8scYa48t/vav3eFZBd+3jw0XFjVkaCbQjw','2023-03-30 15:34:30'),('9bce31de-44af-423c-a325-816c41b99d9f','mYQ5On7JZDMmIasOOMIbfqKeqZvoiXerCtii7Ffp8d4','2023-03-30 15:28:41'),('9be682aa-ec53-493b-96ed-6479e69807a8','SGu6tQlVe3bL49TjAJeyR7ORChFDy0sxlHeJlbh2x24','2023-03-30 15:26:58'),('9c256cfb-a2ce-4af3-9640-33caf4b39fc6','Hza7gOX2CnmVhfos6jvcF8mUECPb3S03dy9tNozzbBg','2023-03-30 15:27:00'),('9c3e87e0-b766-4ed6-865c-7f5e0bbecc96','x50ZbFoVEL7zIEIExdI4+IFyUv4kXz1EJ/tuNQ6j6Tc','2023-03-30 15:39:52'),('9c47ba06-8d93-4f25-a42b-57953a7727e2','Fe/dTjFocfS70gGKL8dgoDHQ+uizs2UjEuqoXcmKxTY','2023-03-30 15:39:13'),('9d033cde-1c26-4dd7-88d9-297162236910','d0Is0G5xJ/m448Jm0fzScWANq+2MfrE7HXOF9WE2Aa0','2023-03-30 15:39:48'),('9db2b4bf-209e-4504-a01b-b9025edf7bf4','6mBssEKbQ5sdoExZwNUCdv14OIj23m6FWY3OUNch+zQ','2023-03-30 15:27:35'),('9ee476bf-d4dc-4415-92ac-189ea74f75ef','T/k9DM/R+S0G52OaRb0aOsHqi8nd6DN9Fx3pRZFA+iQ','2023-03-30 15:27:39'),('9fe61fe2-8373-45f9-ae40-2ff5cb31c79b','hvbv3wimPKLMuO7mH4fj41JfoksfCtx13Ag2DQeGLek','2023-03-30 15:25:47'),('9ff2ceb6-22ab-4db0-8623-82833769028c','x4GKPNF38p/WgGPezLaPjr9onWA3b2fsBV7BlEnbLBk','2023-03-30 15:27:38'),('a01f0624-00f2-4052-88aa-c358853b2472','6pM7Y2e6CM1CP3XUa5zpYD0mof7VD4k8g2LrbGuerKg','2023-03-30 15:44:12'),('a0d25aaa-ffb7-4d10-b291-1e413af79f26','t2UAlY1K4EY3F3bXPXyjO4YsrwLVOMu8YFTDM7N4m4I','2023-03-30 15:27:31'),('a175b7f4-f7e9-4f5c-aea5-a431567cebe2','7Ke4DYEBhL8McQh7NrFP/FnQgAXp4lGx8MCNzACL5ZQ','2023-03-30 15:25:03'),('a1af1ee3-6e7a-470b-ba12-6084e444b7aa','mpWApUWSe3OovgSkE5s+elQmykq8t9v3XxYYz2Qjwdg','2023-03-30 15:39:18'),('a2158d3d-6c3c-4b09-8a11-71bd6b8e8954','UKWyNKLvvZrZXIYt3qJj0z4XW6GfoQWR3GHgtz8mU0k','2023-03-30 15:29:23'),('a2457ec8-dc06-4dc8-92e2-59c83c55961f','tv0nGTvPta4TQFYLwfWgkLS3ZcSurAJ8RSsmhgEWUJI','2023-03-30 15:25:30'),('a276a63b-fa23-4bfd-bab8-e0ba1b244bba','zlOykZZBCMNTf1mbU5N2qCHQVjpry2pE9dwCE3mBXfQ','2023-03-30 15:37:02'),('a3b22780-d781-43c7-bf27-3f5d6d9de214','zNB4cxjvP053cll1ZflFbhE7jd/iv6onSiKsswfyMDk','2023-03-30 15:38:01'),('a3dbb28e-ab25-4b74-ac3e-e4a95a4bbe1a','y2pJxiKkOLzPnAhmAjn1oqTpLk3uFJj0hyEXztbFtDQ','2023-03-30 15:27:57'),('a5d4ee2f-b2d7-46ca-a8d6-d56fff0fac5b','6m9ZIhWF1XHr36EH1vwzGlNWXh2CLL0wxTxTnV4tp04','2023-03-30 15:37:25'),('a5f902b0-a013-4147-9249-5943c35f9491','Y/AELAl6Uaci7u616B6cwacW6pJd7AHybmYtngboo8g','2023-03-30 15:38:41'),('a6557169-a9cc-434d-aa97-84a72991348c','7vAMWgjRO1yhRLRU+L9jRTvfkJjs+qlK2jr+gyN0oZg','2023-03-30 15:30:02'),('a6609fd8-48d6-4b38-b9ec-dd28be340ae9','9KoBbel37AoV1AofclGw0TnlUJZEc+mnYQxzU5A3AZ8','2023-03-30 15:26:34'),('a6c06e1a-cfd0-488b-b219-a95c78a251ca','dltRzm8xfMYLop5pbRL8EwnSs/AC4KgbqI+wwxWpMLc','2023-03-30 15:29:40'),('a774f4f1-f833-4b7d-8434-623b69fa8ca3','Ek6cjZ4otQVvtegLWZgbjXa9YCpelPNQ5mZtKRjNJO4','2023-03-30 15:35:24'),('a786e7c6-7f40-4818-92bd-f081b4b5ce37','zsV1eh0QEryValkE5D/aKbvsc47jT1Kr4GsS+V3o/Ac','2023-03-30 15:47:01'),('a7ffc724-a797-479e-8b3d-5bf82621e1ba','/s5pylOzm5pybeOtk9l0qHAcScPzXdjth8gQL2KXuPo','2023-03-30 15:36:09'),('a95f6dba-0727-4a7e-88e9-4cccc3322368','kZDH5hQUy/cA+olTdgQR9sA/sXptsqueoRraM9lUYJA','2023-03-30 15:28:11'),('acec0c20-c121-4ce0-a79d-413daac8632d','uCQ4HmSInBQDUQPlx04RlhcYfT3HTNko+zMwvPL5C8Q','2023-03-30 15:37:05'),('acf9f81f-8981-4336-86f5-4126b5fc01d2','Jx3x+wu7CHCmSM0NBIHcMS8ZLpheOkRHpu/kLstrDZI','2023-03-30 15:29:30'),('ad1f51a4-f927-4d9b-94a8-e84108edc2a7','ydfGkPKbygGrfZlmeQgQRgolU5uHZRM5St6k0AR9QQ8','2023-03-30 15:37:10'),('af754401-2a9d-436a-8a26-6e03bbc17eac','+6P+2P764M5lAJM30W2K1ROfHt1GbbpWe4W0Gje54sI','2023-03-30 15:44:17'),('afaa42ab-ce4b-4f38-9749-5f0fb846bdec','WP6G2EuBOUslXW0x1jPOPf6LQ2/jqQtsxnlJ1spCQXQ','2023-03-30 15:47:01'),('b0b087ae-7d91-40a4-9ea2-6c8b4ddb662d','SZn/PQuXvCV5dOGlelGzP+IJQG5gPs0/o17RnsIKYac','2023-03-30 15:38:11'),('b1114f0a-7167-4e36-9764-23a13011fff6','jbIW/auUIB+oGmBLqwuUApMbS5lj1vdxdn43cphjZsw','2023-03-30 15:30:04'),('b1e6bb4f-3235-4bac-9368-f0ee1cd20a8a','QC61YzItABFC9emlKLQxIpAetIk++J4BZhPYL4ZKZNA','2023-03-30 15:26:02'),('b1ece5f3-da11-45d4-bc8c-9496ff147664','deYRRx9rCPJRvgZVMBL0gg9dxqDaDvs0fWwnvlOSIjY','2023-03-30 15:30:01'),('b1fe01f6-4694-433b-a160-f801ef15612c','gov0CKkCuQ8IgHESeWKylWeDfxWqUXqNMizCjqqVDds','2023-03-30 15:29:04'),('b3923884-9072-48d1-a9b7-a6ebd0d491af','gFtuS0bo+bKxyGb+Ajv2JndXLdzAkFMNzZX/ipPpFng','2023-03-30 15:43:16'),('b45f5564-c62f-4b83-aeda-951139c3e118','OjIL5sOOKcWBR+eRU3QdyyX1xAC6t4TkjCDkYpBBvhc','2023-03-30 15:39:25'),('b4b0b766-4cc8-4561-8c0d-5a7b803db094','GP3UlGqRWjMl0J7H/E90U8ZqUBGrbI1HTWlXyAzYqLY','2023-03-30 15:29:23'),('b553670c-0b40-4c98-aacb-9072526273a1','6yPgb8OfG5IWmyEIhLyFnKKK4FG4QSPlURgxtTpvy/0','2023-03-30 15:28:22'),('b69e895e-7d7c-4ca9-a0cb-0c737728389b','EbCsD87luBAlBydwptvIzdKfdNTmwBY8EwBbInv5XXA','2023-03-30 15:38:02'),('b69f0fba-0932-4b72-b2ea-a8bf86a2a13b','2n5nWIbiN+oeIHhBIZSncU3HZoRwePYE6wwfOAKqtdM','2023-03-30 15:37:54'),('b7c384f3-da04-40b3-86d4-68dc5cbb15c2','E4QHWMHmSqWo6L7xRVDzgOVOagCcaO4XoDz/pkb456c','2023-03-30 15:38:02'),('b982159d-3b69-41a2-8408-ffac8434bb89','wf3RlnvijKvyLGOJUJ51sJMzVlGVlY2nP6cO8bR082Y','2023-03-30 15:29:42'),('b9ad4292-6903-484e-b79d-e6f0696cba04','BtBl8T5WlYyhhl8K0i0FcgaFyv+ggfg/sU6N2bpPGqg','2023-03-30 15:34:41'),('b9c8f3fe-1246-4c67-8bdb-83c54ef7819e','ZckT+AMiWpxQMYPIZicubJdMGQgEuPh/Z9g7zdKm/DA','2023-03-30 15:44:12'),('bbd9cd38-c7f2-4364-854d-376868795515','TS5xyg3zxW1F8ND0cc3ec23LzMxfofNQwH8xBPcdn9c','2023-03-30 15:30:06'),('c220acb1-f8e0-4a5b-878a-01bd671be205','EpbzQdvZsIPgeGHGYbUJawsBMZEpOQxF/Cfv6NMNzf0','2023-03-30 15:43:18'),('c3af2351-692a-437f-97f8-8c5bc6bef5bd','NaElvKvk4GNU7HX2qD5/8YPu3GGxuhXBr4fpRVI1FzU','2023-03-30 15:39:50'),('c4417554-f66f-4285-aa83-c233e7d3835c','2D21mhfKoNeWkJ8TnYeRPckPcxzqfE5UmVrqot4h5hw','2023-03-30 15:37:15'),('c4a1ef4b-8ac7-4caa-b11c-a6a590f733a0','jHE1t75MkhlRETiMgX5DktcspYugtC63ISq3ovgXPKU','2023-03-30 15:39:00'),('c53a13ae-ed33-4db9-8ab7-ef3717d81674','33jTk3P+5fBOlKIBGKyPdSYjFa57dNlQybBZ0k+hQdI','2023-03-30 15:44:09'),('c69e5c23-10b6-49da-8ac3-c15346c19b42','2TdrXlKNxe3eJjZgw+hInumaQHv2mzZE1e0hf8hxQHI','2023-03-30 15:27:43'),('c73f12f7-7304-40ad-a4dd-f9305d33c225','XLhfqNb7iRlNOMoS7rRvbazD9KhAhPIGCjwYAsbqmWM','2023-03-30 15:44:09'),('c7be964a-831e-41a6-9d28-13dff96bb028','X8wOjmQi7KZ9hb514x/t5KRSRRgeptdo0HmfcAEYLPg','2023-03-30 15:39:25'),('c96f869e-a5ee-40ed-8a58-c1c102b97369','GkfcTl/nmOOGkR9QN3jJF5y7hE7Nf1yKHSJXv4hRdSI','2023-03-30 15:36:47'),('ca1caa09-db32-4ff0-8d2c-9b5557c22a40','T1aAajUu4+McYSqRTT8Pp5y/LHHV4kznxBOvjkHsusI','2023-03-30 15:40:14'),('ca33750e-5b7a-449c-84cf-62f70f67aad6','zLh5CPDkoGFvMx5lHoHWX90OMyP+be1xKb0VT2IByYQ','2023-03-30 15:28:43'),('cb0ea07d-8948-4753-8919-82d5e7ce6d26','fD7yNayeNhYG5b1fu4IrrQgO4jiiTZWaprrQXU1Gnuo','2023-03-30 15:47:01'),('cb1dd9d4-eb1a-4ff3-9d1e-84d4a623de27','EoliiiUgP9J00cwaiqP9+i5lwKSAUxqOg2pMli3d6Ko','2023-03-30 15:25:49'),('cd01fc33-6184-44c7-9eb3-3772ac133873','ZYqphcgnLATgZTz4jWADnECrQG4YPYTqumikOONXvoM','2023-03-30 15:30:07'),('cd0b1099-5452-4d12-a9af-2a4b54de022d','kMw6pIWpSJAdkVZ5OKoMziHxt77pfW+LX6wEXtL3JsA','2023-03-30 15:47:01'),('cde993c4-9987-4095-a264-cf9e85b60a2a','GHLKfYeaYWZMXkq+1CJJ4qj0uColU5MzW/OlvMOUcgQ','2023-03-30 15:41:16'),('ce14010c-0f41-4716-845e-7d4dd48480ea','1ZhtqNnSgpNbxBtoDhMC4yMKYJZltBh9FUw3UANOvyU','2023-03-30 15:43:42'),('ce4c160a-0fb1-4c80-acbf-d0abf2194aab','zBdAb04FGmnigMVod1JNUWYXkzENi/tk3XgA8UR66So','2023-03-30 15:44:09'),('cefab975-2e57-4f6f-b597-985d65b968b7','tpd0hDDRP55UFRNVacq04cMEds/ERMNavlbn9nHQVc0','2023-03-30 15:39:00'),('cefbc20f-0a21-465a-a9a3-f384749e0816','Twy6r87UeFhq+7fKJ7LiB8Hbxv23GahUXEvSY3Vvz80','2023-03-30 15:37:28'),('cfbceb98-9839-4b1d-b674-7831b1a263cc','k9LeRPbwRpTnrBi1Svg+yHUvFMQKn7pGUVeryVH5ouE','2023-03-30 15:44:09'),('cfee0b72-a6a3-4712-9a6c-019c755a2d6b','3izV9uLTvlaMRVOfhc/W9RI3+iRGYSHCGCx9b3/veis','2023-03-30 15:36:10'),('cfefe2d6-0620-41ca-8d89-39f9a4b1cf63','irg+/qM6LjermD6aa9Anmpg7V/73glcMSJNPWsrqw4E','2023-03-30 15:29:40'),('d00cce9a-7fcd-4202-bbaa-e57e14329ff7','wF/Wa/AN00l3PiVsmm+yTF+yszKYd7761PWAeWcMHks','2023-03-30 15:25:58'),('d01db26f-bc30-467d-a367-09e6345ef248','UmiT7EJy2uGYdOuM+JCpjfqSlSPSkzvFSD6jQnd1ouk','2023-03-30 15:29:22'),('d06c6752-b829-4c2a-989b-6f96956c413e','glwr/ByqZm2dwlA7sl7NC2VxqyDtn1q0b2IP+qWT3bY','2023-03-30 15:44:16'),('d0d041bf-a909-4edb-9557-96fa705e8236','XJMyVw3QsuhHBlmBzHDWF9ZsTVtk/wS1jxW3fk6b6rk','2023-03-30 15:44:12'),('d2825ceb-096f-4ea6-a45b-9084ae727715','qGBKLJxDBlQpElkCUAAsG/ZVr7bTS0XeqWxtQregnKQ','2023-03-30 15:30:00'),('d37b748a-988e-42af-92e0-8af93d355191','H721rqOLw7droYcL1E6fUk1GEAXirBtKa/iEl3rhUyU','2023-03-30 15:40:14'),('d4595ae6-1a3e-41ca-8ec3-56e59e3e0938','PGq/5JAzWZ4GsAUq7ZdQm5OCmpbr89CP+U8YpXvkVH0','2023-03-30 15:27:41'),('d4f0c84c-d37b-497c-991c-7fde1efd042b','TuXk8cCmOIVymVV9UJoFlxOBfUVAcpJHdXBQFOdHpXc','2023-03-30 15:24:52'),('d664984a-97e5-447c-aa78-79bd31109537','szCetUg1bZ/mZbU0Kjg9693Et5sqt6Hq55fBji+zX+o','2023-03-30 15:39:21'),('d93280a5-70b6-414b-8276-4bc8f1b46a56','sba4F7cklnc1VTP2waagkJruwzMCJ0i5b18YZ0GbSXk','2023-03-30 15:35:33'),('da64268b-62f3-470c-a7d7-481c323ee2c6','WYH7mrqkmOZB/STGFOFVX9rGSVSTQG/EOG1yIIKzTBI','2023-03-30 15:37:12'),('daed7c97-6ea8-46b7-90aa-af1f20a091d4','lkLwSdQS6hNlXIfFp7OdcVyZ2OJdqDkDi8OlQluMjq4','2023-03-30 15:39:14'),('db68190b-dae8-49f0-b62c-3cac35ed4c7b','onjlWWQVgXcgJeC8n/hKz0QqIlFBx8Z0/Z5V0uL3EYQ','2023-03-30 15:37:41'),('db965979-cc75-4bbc-bdbb-6a1005141ad1','ZMoeSgWXmL8Ayi60lYhWg7K3KgWrKBNL6YUboB6tB7A','2023-03-30 15:28:30'),('dd816dd3-421e-426e-841c-bcfadfabb060','TOVUOLQZRSeAR/sZ4m7rfx7O++xmYguSlhLEMJkuxzo','2023-03-30 15:36:45'),('dec674af-b995-45ab-8bd1-8f1ca629099c','h9oKLbLMbV5BvMvHXUCJ2FIcvSUJsxWjYv4r7rrl7pI','2023-03-30 15:39:17'),('defcbe09-31dc-4c31-9e2f-d7a35b28c018','Z2V6OItVzQyVBykhdNX0Uxx/fIHl7E294G7arM2wGsU','2023-03-30 15:38:34'),('df132fa6-ad04-488a-9c2c-cf8300ae86a3','P/4ziWltm0YR6m4nD8AxWWldc1pTeDBf6w2wlBcRItw','2023-03-30 15:30:03'),('df884a49-92c2-4b00-abd2-2df250137b40','wprtOfK3CqSHU90EcIjRhzBghFbrAfKxjW7580sNsZI','2023-03-30 15:27:17'),('dfaa70fa-2023-48e1-a677-588b0faa4c25','ZHQIqnheJVHKUdHP4YV3u9dQZTLfOVqyaI8NVIZ10Vg','2023-03-30 15:39:12'),('e0c20f96-897c-409a-9a17-92d0403b855b','CauWfpatNPtadCZardE0rlKXsCofmhbyFRBtaLAsXmE','2023-03-30 15:46:21'),('e21bb32d-1d0e-498e-bd22-11302dc3beb6','8E5Tb2lc30YUFnTHRgu184bBr4WbT3BErJRPbyYsQGQ','2023-03-30 15:39:16'),('e2562020-604e-46d9-8078-f563d0f7e71a','1nn8LS8nnHI9W2USFAk36TE/0nMykhOguOQZL8kBGVM','2023-03-30 15:41:29'),('e26748cc-8c28-45c8-a367-d4de14f152af','A/qdvZrsu2jFYM1IhnINPSZZADWshUOtXMYT5JU8eQc','2023-03-30 15:44:17'),('e26c82dd-682e-4b55-839d-33fca335cca2','wQ6bhUrctAZBLdeUdpd38L8lGHUv0gSP3m45kxtqJe4','2023-03-30 15:39:11'),('e2839240-9fce-43b4-a054-4ee4c22633d2','eJgZnEPPkk/UtNhcB2bOUbFLh9sjU47RN4NC89hvD7w','2023-03-30 15:28:41'),('e2b8ee72-32bb-4317-826a-d1b3b376795e','Ev4Kj3FIBu86a88/C0WpnS24nj1O9yvwzm2XG1UMPzg','2023-03-30 15:39:53'),('e321629b-fccf-4301-8939-543a35ae8b9c','nyJs4RXzjjSL0ydV5Ur8rAiU4PEgVjbjt2jBmGO3NdY','2023-03-30 15:39:17'),('e3341657-3eb1-47f2-80f6-a7a066623d1c','HFNFPZfupv8LbU0vUycDcV8iWMPPBKNWHUE7xGeL4fM','2023-03-30 15:39:21'),('e337c4e1-bb87-4cff-ac41-b76061fc7643','jEf5nFJQ6Z7hiojxBVXUG2rtMvn/zvPr+REh9A9JkL8','2023-03-30 15:43:05'),('e4571f51-8c5b-4edd-a621-68540c191834','cpoxTmWkshpibmnbmfzbA6nNc/QXnGIrbB7mrf7UPPA','2023-03-30 15:39:15'),('e47d8ba3-c1bd-42a1-bb2f-dc6806310a72','eYqrKiSPeu5E/4ryXe3spBdAb2sITyd4Mg3a5wPPC5I','2023-03-30 15:34:57'),('e6bb51dc-162c-424e-87e0-d32268440975','LRSRHB7eZqrhK1KFB6jPw/wOjdmmW5s3fHDNa7zzFNk','2023-03-30 15:37:00'),('e75dadbd-5fb3-4d1e-a927-dad4d6edba44','vFHn49s1atEdF0soyixhsIIenPYncW6M7KhRpHX7mVE','2023-03-30 15:38:14'),('e823c829-bb58-4708-a53d-40ad2bd43ca6','YXgNIC8l94ePFCWvQqtJy7ZnVrLpnc0gGJpejt/RfGA','2023-03-30 15:37:11'),('e87ded42-ea4e-4abd-b885-8a573f2906ca','s4W+vMAieShyoJd4o97OFVBqwTxWcZUSQP0YEWiDKhw','2023-03-30 15:29:57'),('e8832b5f-3643-408b-bca8-4e6bac1a7da4','NgVWcaCbA8NPGeAWexmcWjKLoQROYlxx47GMVcpcZM8','2023-03-30 15:39:27'),('e9986c01-4106-48f9-9228-4a609b1f4afb','B0J8ZzBAyqpXAn3u6encR3teQbOi4ZrrNDeUdCzalkU','2023-03-30 15:35:07'),('ea5d9160-6e0f-4987-b46d-04cb2714a796','RmKG4zLyycchNj2RDuyUzv7ki28Y959Cro+R+rpbxE0','2023-03-30 15:39:18'),('ec3031e6-cfc4-49e9-80f9-d905700341a9','JYo6Gc0kDd0wIecVc3q8en+cd4/XCF0f9lysWMv/dbQ','2023-03-30 15:46:22'),('ecec47a6-b526-4063-a6b3-7e4704764607','gZ/kXDM7cpoPbDjVmDSKlLmbI0Pe67kVfJkXuy/6vcw','2023-03-30 15:29:59'),('ed2d47e5-74c5-45a3-a6ab-967bbab39848','Y3Gc2PudCe7ubVkg1K1Kt3t2CXyNjLyFPZIIFjDvjIo','2023-03-30 15:29:40'),('ee30b0ff-62f7-4750-8616-940fdebecefd','X869QJyii6TLxjz2i/HYFQhG5QdzdLzl2K8UmaZse5Y','2023-03-30 15:28:31'),('ef58d496-7061-4cab-b7c0-478f7e2fbd79','TaZbU6Q7zqKgYQc6tKD+xV9/C+JYYM0poF2maGx4lxk','2023-03-30 15:47:01'),('f0a11fdd-9507-4913-9978-2887da728f5a','pQo50Ac/3duhOB0Maqe3iZZYLJs0sCVNbeqCAjIiCgs','2023-03-30 15:42:28'),('f236c01c-912f-4e95-aeba-139f49b0b995','gnYWUSOTj5NFO51/eZ8rvIrtQ5DLSH3iKI3UhCwFQZ8','2023-03-30 15:29:30'),('f2994e96-b730-4e27-970e-ea63e17d7732','enEU1a02wo0x2+lv7V5bfQPH6BbZ5n9xT14RK5c9uvg','2023-03-30 15:27:55'),('f3d919ad-d5a5-4c9c-b677-bb6317cd7ca3','H9D3Fp8Go2hrra2va13s40klbEl5KLI4uHA5L1Ybw5M','2023-03-30 15:44:17'),('f405a695-c93a-4d4b-89d3-ddd6fe324ea2','shl39zl10cuFYg06KiQiYK6ZxlL4LOXsSHnJ9M9fhYM','2023-03-30 15:39:29'),('f4571830-1cf3-4d89-937a-f465956ede39','jqU/u07yE2Abpkt8hV0h4ij6VY37/2qdCftqbteCaQY','2023-03-30 15:44:14'),('f467ac79-511e-4f70-9ee9-e878bdce36c5','W1qI+toJkBQEjHVOsR3sW6ojLLdU3Ika5Bh77Y4j+/M','2023-03-30 15:39:53'),('f55f0da2-4b33-4940-990f-2f6160dbb5cb','Rd0oE+HZXur83Di9VgyI71mSibLMIzCVeh4aAQrLXe0','2023-03-30 15:34:28'),('f5c498a5-2851-4ab8-9eff-d4bbdb03cd9d','B/fggVtRNtkaRbEKcJqDbWEoMt7dLqeEEyl/xjZCGVI','2023-03-30 15:39:27'),('f5f2ac4a-733c-42f1-ba4c-7df5b63110e3','1B13epuZgSj+ekwxVM5BmVouWpnQPggE0ySOyPN3+bY','2023-03-30 15:37:40'),('f61f3548-8364-45fa-8c49-860f07d71c75','ZpSKDpfOv14u51JxxJj72mJwvWTp+RAPZU1+FijN0EE','2023-03-30 15:44:12'),('f6bc66fa-bc17-4cd8-b4ce-0dc400492ac6','iPeGAsR2NcR8S2mPZUX00ubeX4A6Mgrr2YYfFIjVgQk','2023-03-30 15:29:57'),('f90626ae-f99c-4f22-945d-972dae9d0daa','+fYL9C/t3cv+zFLf8TZHYm8xS+wA9ktgErE3X2WbQhY','2023-03-30 15:34:55'),('f90bf2d4-57bd-43a7-85a2-6189b442db78','PO30nYApzBkJHRbIhUplGwmuZ7QUU+vuwqMu3wKftbM','2023-03-30 15:37:42'),('f9313692-0a0a-4af9-b110-27bee667a084','ANf/Ex3Yhmk2Vo46MGPboiHoOCVIHzHAaGeJepyRKHo','2023-03-30 15:44:09'),('f9c7ee57-382b-4529-992f-80521cbaddaa','UswjgVXoyL3GvAtVSxKGB3OEtkYF1HRA4s6lc0s2Vw8','2023-03-30 15:44:12'),('fb3003dd-c3e3-43f1-84fc-b822ef5c1dd5','W+RLDAHHPkQDFsVP3MNxDHMHUalAQwhA7ZqsUWbX+ng','2023-03-30 15:39:26'),('fb5583c1-2e48-4127-9ed2-42b1fb8a3cb0','pGwMC159DdPLFklxOY03PzqhEuQTyTCMPp5wWGZDjPc','2023-03-30 15:25:22'),('fb951c0c-373d-45a3-97f0-3f4f40cbeaf0','mN/7MqbtFUsASUz4BSLT1VNWHngTnKRqyhaFCMYk3I8','2023-03-30 15:39:19'),('fc4dedb0-4c4f-4667-a171-72ddbc906fad','kKaLOTsZOdWXgq6manK4ucGz7Y4IV9eBZlbJ0yU2074','2023-03-30 15:38:52'),('fe551d60-8930-491f-8d96-4549baadba4f','45wL5gTQ7IfY5f9h73qEhSCCCpVMdMPM1PpBKkA6hVs','2023-03-30 15:43:27'),('ff56ee02-f293-44c8-b7b9-14eeb4be08ac','encxZijA9ubE/I9pvAEKwC5EfrOjwKpGNEd9SyEAoEA','2023-03-30 15:44:12');
/*!40000 ALTER TABLE `transferDuplicateCheck` ENABLE KEYS */;
UNLOCK TABLES;

--
-- Table structure for table `transferError`
--

DROP TABLE IF EXISTS `transferError`;
/*!40101 SET @saved_cs_client     = @@character_set_client */;
/*!50503 SET character_set_client = utf8mb4 */;
CREATE TABLE `transferError` (
  `transferId` varchar(36) NOT NULL,
  `transferStateChangeId` bigint unsigned NOT NULL,
  `errorCode` int unsigned NOT NULL,
  `errorDescription` varchar(128) NOT NULL,
  `createdDate` datetime NOT NULL DEFAULT CURRENT_TIMESTAMP,
  PRIMARY KEY (`transferId`),
  KEY `transfererror_transferstatechangeid_foreign` (`transferStateChangeId`),
  CONSTRAINT `transfererror_transferstatechangeid_foreign` FOREIGN KEY (`transferStateChangeId`) REFERENCES `transferStateChange` (`transferStateChangeId`)
) ENGINE=InnoDB DEFAULT CHARSET=utf8mb3;
/*!40101 SET character_set_client = @saved_cs_client */;

--
-- Dumping data for table `transferError`
--

LOCK TABLES `transferError` WRITE;
/*!40000 ALTER TABLE `transferError` DISABLE KEYS */;
INSERT INTO `transferError` VALUES ('0037e13f-8b29-49d6-b1d0-5f14e0ae153e',1034,5100,'An error occured','2023-03-30 15:39:51'),('082b4fe3-af25-40d7-893b-ccde5a81fb4d',1270,4001,'Cannot process the bulk transfer','2023-03-30 15:46:01'),('08e8ef49-4df4-4649-b464-c324c1b3ae3b',107,5101,'Payee transaction limit reached','2023-03-30 15:27:35'),('0988aa7f-db40-4a78-ae17-b121992f84a9',170,3100,'Generic validation error - fspiop-destination does not match payer fsp on the Fulfil callback response','2023-03-30 15:28:15'),('1febadf5-4b4c-4658-ae36-4b975692957d',1087,3303,'Transfer expired','2023-03-30 15:42:00'),('2307f67a-2348-4751-b72f-de04f4014dc3',1070,3100,'Generic validation error - Bulk fulfil failed validation - completedTimestamp fails because future timestamp was provided','2023-03-30 15:41:17'),('2a62193d-9195-4d71-beb1-abd49d1bd252',1332,3303,'Transfer expired','2023-03-30 15:47:15'),('2db2f973-e761-4ae6-8869-e481efc8ac42',87,5101,'Payee transaction limit reached','2023-03-30 15:27:17'),('344acbd0-4842-48d5-b283-61840e4507e1',595,5101,'Payee transaction limit reached','2023-03-30 15:37:04'),('36515a29-750f-4a4e-bf2c-fd4bf5972919',1268,4001,'Cannot process the bulk transfer','2023-03-30 15:46:01'),('387e3f07-aa10-49ff-b398-84b5863a7698',113,3100,'Participant testfsp2 is inactive','2023-03-30 15:27:37'),('38f7597f-1815-4476-bdbd-de9275f9ee09',571,3303,'Transfer expired','2023-03-30 15:36:45'),('39623591-6ac8-49d5-bc3e-c96c399832f4',1337,3303,'Transfer expired','2023-03-30 15:47:30'),('3efe2d69-255b-4105-b914-d384ee1ff7d3',118,3100,'Participant testfsp2 USD account is inactive','2023-03-30 15:27:39'),('420370f7-e415-4435-b50b-26c251428f87',563,3303,'Transfer expired','2023-03-30 15:36:15'),('438a43ab-252c-49e1-8792-a331ec72e283',606,3100,'Participant testfsp2 USD account is inactive','2023-03-30 15:37:10'),('4532d58f-06af-44af-8026-8222bec1d05b',658,3100,'Generic validation error - fspiop-destination does not match payer fsp on the Fulfil callback response','2023-03-30 15:37:46'),('45db99ac-4e83-4500-8e5c-3e3c0c92ec55',1333,3303,'Transfer expired','2023-03-30 15:47:15'),('531ced4b-38ce-40e6-88e6-5cac9bbaea25',163,3100,'Participant payeefspNOTFOUND not found','2023-03-30 15:28:11'),('5455852f-b907-4b0b-9ac4-1080a9f3627b',612,4001,'Payer FSP insufficient liquidity','2023-03-30 15:37:12'),('552bee22-e78c-418a-a8bd-100b51e74ce6',567,3100,'Generic validation error - invalid fulfilment','2023-03-30 15:36:33'),('5756a3c3-fe05-4f4c-8af2-c5f1cb4057f3',662,3100,'Generic validation error - fspiop-destination does not match payer fsp on the Fulfil callback response','2023-03-30 15:37:53'),('6331d0a3-1560-4013-b612-88288a9692fa',1286,4001,'Cannot process the bulk transfer','2023-03-30 15:46:22'),('6d020054-19a5-47f6-89b4-301750e72829',174,3100,'Generic validation error - fspiop-destination does not match payer fsp on the Fulfil callback response','2023-03-30 15:28:22'),('6efc8f7c-b755-43ac-9f4f-fe515b318607',1088,3303,'Transfer expired','2023-03-30 15:42:00'),('7b76c0f2-451d-46f9-96cf-5023d1fe45e5',75,3303,'Transfer expired','2023-03-30 15:26:45'),('7c76a08f-2bf5-4f0b-8f64-21da732e4495',1079,3303,'Transfer expired','2023-03-30 15:41:45'),('829d07f3-7785-4052-958e-44c53564d423',1284,4001,'Cannot process the bulk transfer','2023-03-30 15:46:22'),('89b26770-15bb-4d83-8972-21aa52d680c2',601,3100,'Participant testfsp2 is inactive','2023-03-30 15:37:08'),('95d27c2a-3ca3-4ac7-9436-8157075aaeb5',124,4001,'Payer FSP insufficient liquidity','2023-03-30 15:27:40'),('9be682aa-ec53-493b-96ed-6479e69807a8',79,3100,'Generic validation error - invalid fulfilment','2023-03-30 15:27:00'),('9c256cfb-a2ce-4af3-9640-33caf4b39fc6',83,3303,'Transfer expired','2023-03-30 15:27:15'),('9c3e87e0-b766-4ed6-865c-7f5e0bbecc96',1037,3100,'Participant testingtoolkitdfsp AED account not found','2023-03-30 15:39:52'),('9db2b4bf-209e-4504-a01b-b9025edf7bf4',111,5101,'Payee transaction limit reached','2023-03-30 15:27:36'),('a3dbb28e-ab25-4b74-ac3e-e4a95a4bbe1a',157,3100,'Generic validation error - invalid fulfilment','2023-03-30 15:27:58'),('acec0c20-c121-4ce0-a79d-413daac8632d',599,5101,'Payee transaction limit reached','2023-03-30 15:37:06'),('b553670c-0b40-4c98-aacb-9072526273a1',176,3100,'Payer FSP and Payee FSP should be different, unless on-us tranfers are allowed by the Scheme','2023-03-30 15:28:22'),('b69f0fba-0932-4b72-b2ea-a8bf86a2a13b',664,3100,'Payer FSP and Payee FSP should be different, unless on-us tranfers are allowed by the Scheme','2023-03-30 15:37:54'),('c3af2351-692a-437f-97f8-8c5bc6bef5bd',1033,5100,'An error occured','2023-03-30 15:39:51'),('c96f869e-a5ee-40ed-8a58-c1c102b97369',579,3303,'Transfer expired','2023-03-30 15:37:00'),('cde993c4-9987-4095-a264-cf9e85b60a2a',1071,3100,'Generic validation error - Bulk fulfil failed validation - completedTimestamp fails because future timestamp was provided','2023-03-30 15:41:17'),('cefbc20f-0a21-465a-a9a3-f384749e0816',645,3100,'Generic validation error - invalid fulfilment','2023-03-30 15:37:29'),('d4595ae6-1a3e-41ca-8ec3-56e59e3e0938',126,4200,'Payer limit error','2023-03-30 15:27:41'),('da64268b-62f3-470c-a7d7-481c323ee2c6',614,4200,'Payer limit error','2023-03-30 15:37:12'),('db68190b-dae8-49f0-b62c-3cac35ed4c7b',651,3100,'Participant payeefspNOTFOUND not found','2023-03-30 15:37:41'),('dd816dd3-421e-426e-841c-bcfadfabb060',575,5101,'Payee transaction limit reached','2023-03-30 15:36:47'),('df884a49-92c2-4b00-abd2-2df250137b40',91,3303,'Transfer expired','2023-03-30 15:27:30'),('e2562020-604e-46d9-8078-f563d0f7e71a',1078,3303,'Transfer expired','2023-03-30 15:41:45'),('ec3031e6-cfc4-49e9-80f9-d905700341a9',1338,3303,'Transfer expired','2023-03-30 15:47:30');
/*!40000 ALTER TABLE `transferError` ENABLE KEYS */;
UNLOCK TABLES;

--
-- Table structure for table `transferErrorDuplicateCheck`
--

DROP TABLE IF EXISTS `transferErrorDuplicateCheck`;
/*!40101 SET @saved_cs_client     = @@character_set_client */;
/*!50503 SET character_set_client = utf8mb4 */;
CREATE TABLE `transferErrorDuplicateCheck` (
  `transferId` varchar(36) NOT NULL,
  `hash` varchar(256) DEFAULT NULL,
  `createdDate` datetime NOT NULL DEFAULT CURRENT_TIMESTAMP,
  PRIMARY KEY (`transferId`),
  CONSTRAINT `transfererrorduplicatecheck_transferid_foreign` FOREIGN KEY (`transferId`) REFERENCES `transfer` (`transferId`)
) ENGINE=InnoDB DEFAULT CHARSET=utf8mb3;
/*!40101 SET character_set_client = @saved_cs_client */;

--
-- Dumping data for table `transferErrorDuplicateCheck`
--

LOCK TABLES `transferErrorDuplicateCheck` WRITE;
/*!40000 ALTER TABLE `transferErrorDuplicateCheck` DISABLE KEYS */;
INSERT INTO `transferErrorDuplicateCheck` VALUES ('08e8ef49-4df4-4649-b464-c324c1b3ae3b','zrx1hvQTe0xYlw5F2hKaEpqmjAFEVbohKRX/gV6L8eE','2023-03-30 15:27:34'),('2db2f973-e761-4ae6-8869-e481efc8ac42','zrx1hvQTe0xYlw5F2hKaEpqmjAFEVbohKRX/gV6L8eE','2023-03-30 15:27:16'),('344acbd0-4842-48d5-b283-61840e4507e1','zrx1hvQTe0xYlw5F2hKaEpqmjAFEVbohKRX/gV6L8eE','2023-03-30 15:37:04'),('9db2b4bf-209e-4504-a01b-b9025edf7bf4','zrx1hvQTe0xYlw5F2hKaEpqmjAFEVbohKRX/gV6L8eE','2023-03-30 15:27:36'),('acec0c20-c121-4ce0-a79d-413daac8632d','zrx1hvQTe0xYlw5F2hKaEpqmjAFEVbohKRX/gV6L8eE','2023-03-30 15:37:06'),('dd816dd3-421e-426e-841c-bcfadfabb060','zrx1hvQTe0xYlw5F2hKaEpqmjAFEVbohKRX/gV6L8eE','2023-03-30 15:36:46');
/*!40000 ALTER TABLE `transferErrorDuplicateCheck` ENABLE KEYS */;
UNLOCK TABLES;

--
-- Table structure for table `transferExtension`
--

DROP TABLE IF EXISTS `transferExtension`;
/*!40101 SET @saved_cs_client     = @@character_set_client */;
/*!50503 SET character_set_client = utf8mb4 */;
CREATE TABLE `transferExtension` (
  `transferExtensionId` bigint unsigned NOT NULL AUTO_INCREMENT,
  `transferId` varchar(36) NOT NULL,
  `key` varchar(128) NOT NULL,
  `value` text NOT NULL,
  `isFulfilment` tinyint(1) NOT NULL DEFAULT '0',
  `isError` tinyint(1) NOT NULL DEFAULT '0',
  `createdDate` datetime NOT NULL DEFAULT CURRENT_TIMESTAMP,
  PRIMARY KEY (`transferExtensionId`),
  KEY `transferextension_transferid_foreign` (`transferId`),
  CONSTRAINT `transferextension_transferid_foreign` FOREIGN KEY (`transferId`) REFERENCES `transfer` (`transferId`)
) ENGINE=InnoDB AUTO_INCREMENT=119 DEFAULT CHARSET=utf8mb3;
/*!40101 SET character_set_client = @saved_cs_client */;

--
-- Dumping data for table `transferExtension`
--

LOCK TABLES `transferExtension` WRITE;
/*!40000 ALTER TABLE `transferExtension` DISABLE KEYS */;
INSERT INTO `transferExtension` VALUES (1,'d4f0c84c-d37b-497c-991c-7fde1efd042b','externalReference','string',0,0,'2023-03-30 15:24:53'),(2,'d4f0c84c-d37b-497c-991c-7fde1efd042b','string','string',0,0,'2023-03-30 15:24:53'),(3,'0979edf5-6fe3-4807-a8fc-7a79235aebcc','externalReference','string',0,0,'2023-03-30 15:24:56'),(4,'0979edf5-6fe3-4807-a8fc-7a79235aebcc','string','string',0,0,'2023-03-30 15:24:56'),(5,'a175b7f4-f7e9-4f5c-aea5-a431567cebe2','externalReference','string',0,0,'2023-03-30 15:25:04'),(6,'a175b7f4-f7e9-4f5c-aea5-a431567cebe2','string','string',0,0,'2023-03-30 15:25:04'),(7,'80ea2193-c233-403c-b3e1-826520c617b8','externalReference','string',0,0,'2023-03-30 15:25:06'),(8,'80ea2193-c233-403c-b3e1-826520c617b8','string','string',0,0,'2023-03-30 15:25:06'),(9,'31728a21-d87e-4015-8297-5f88e5394096','externalReference','string',0,0,'2023-03-30 15:25:15'),(10,'31728a21-d87e-4015-8297-5f88e5394096','string','string',0,0,'2023-03-30 15:25:15'),(11,'03b28213-9f91-464c-8878-2a3a23a45538','externalReference','string',0,0,'2023-03-30 15:25:20'),(12,'03b28213-9f91-464c-8878-2a3a23a45538','string','string',0,0,'2023-03-30 15:25:20'),(13,'fb5583c1-2e48-4127-9ed2-42b1fb8a3cb0','externalReference','string',0,0,'2023-03-30 15:25:22'),(14,'fb5583c1-2e48-4127-9ed2-42b1fb8a3cb0','string','string',0,0,'2023-03-30 15:25:22'),(15,'a2457ec8-dc06-4dc8-92e2-59c83c55961f','externalReference','string',0,0,'2023-03-30 15:25:30'),(16,'a2457ec8-dc06-4dc8-92e2-59c83c55961f','string','string',0,0,'2023-03-30 15:25:30'),(17,'09e79cb0-5f8f-4bc8-a100-344eeff6f1e7','externalReference','string',0,0,'2023-03-30 15:25:33'),(18,'09e79cb0-5f8f-4bc8-a100-344eeff6f1e7','string','string',0,0,'2023-03-30 15:25:33'),(19,'9fe61fe2-8373-45f9-ae40-2ff5cb31c79b','externalReference','string',0,0,'2023-03-30 15:25:48'),(20,'9fe61fe2-8373-45f9-ae40-2ff5cb31c79b','string','string',0,0,'2023-03-30 15:25:48'),(21,'cb1dd9d4-eb1a-4ff3-9d1e-84d4a623de27','externalReference','string',0,0,'2023-03-30 15:25:49'),(22,'cb1dd9d4-eb1a-4ff3-9d1e-84d4a623de27','string','string',0,0,'2023-03-30 15:25:49'),(23,'d00cce9a-7fcd-4202-bbaa-e57e14329ff7','externalReference','string',0,0,'2023-03-30 15:25:58'),(24,'d00cce9a-7fcd-4202-bbaa-e57e14329ff7','string','string',0,0,'2023-03-30 15:25:58'),(25,'b1e6bb4f-3235-4bac-9368-f0ee1cd20a8a','externalReference','string',0,0,'2023-03-30 15:26:03'),(26,'b1e6bb4f-3235-4bac-9368-f0ee1cd20a8a','string','string',0,0,'2023-03-30 15:26:03'),(27,'2db2f973-e761-4ae6-8869-e481efc8ac42','errorDetail','This is an abort extension',0,1,'2023-03-30 15:27:16'),(28,'08e8ef49-4df4-4649-b464-c324c1b3ae3b','errorDetail','This is an abort extension',0,1,'2023-03-30 15:27:34'),(29,'9db2b4bf-209e-4504-a01b-b9025edf7bf4','errorDetail','This is an abort extension',0,1,'2023-03-30 15:27:36'),(30,'2e8530b7-b8b1-4852-ad1e-0520b1d39834','externalReference','string',0,0,'2023-03-30 15:27:41'),(31,'2e8530b7-b8b1-4852-ad1e-0520b1d39834','string','string',0,0,'2023-03-30 15:27:41'),(32,'c69e5c23-10b6-49da-8ac3-c15346c19b42','externalReference','string',0,0,'2023-03-30 15:27:44'),(33,'c69e5c23-10b6-49da-8ac3-c15346c19b42','string','string',0,0,'2023-03-30 15:27:44'),(34,'136cb165-e4ba-44af-a35a-00fb4bbbf0b2','externalReference','string',0,0,'2023-03-30 15:27:48'),(35,'136cb165-e4ba-44af-a35a-00fb4bbbf0b2','string','string',0,0,'2023-03-30 15:27:48'),(36,'12b914a5-fd79-4bff-bc9b-419462ed63e2','externalReference','string',0,0,'2023-03-30 15:29:41'),(37,'cfefe2d6-0620-41ca-8d89-39f9a4b1cf63','externalReference','string',0,0,'2023-03-30 15:29:41'),(38,'ed2d47e5-74c5-45a3-a6ab-967bbab39848','externalReference','string',0,0,'2023-03-30 15:29:41'),(39,'a6c06e1a-cfd0-488b-b219-a95c78a251ca','externalReference','string',0,0,'2023-03-30 15:29:41'),(40,'f55f0da2-4b33-4940-990f-2f6160dbb5cb','externalReference','string',0,0,'2023-03-30 15:34:28'),(41,'f55f0da2-4b33-4940-990f-2f6160dbb5cb','string','string',0,0,'2023-03-30 15:34:28'),(42,'9a8af5a3-8841-401d-bb86-253e5b8ce4f8','externalReference','string',0,0,'2023-03-30 15:34:31'),(43,'9a8af5a3-8841-401d-bb86-253e5b8ce4f8','string','string',0,0,'2023-03-30 15:34:31'),(44,'49c989f5-df83-4919-843c-75cee603715b','externalReference','string',0,0,'2023-03-30 15:34:39'),(45,'49c989f5-df83-4919-843c-75cee603715b','string','string',0,0,'2023-03-30 15:34:39'),(46,'b9ad4292-6903-484e-b79d-e6f0696cba04','externalReference','string',0,0,'2023-03-30 15:34:42'),(47,'b9ad4292-6903-484e-b79d-e6f0696cba04','string','string',0,0,'2023-03-30 15:34:42'),(48,'13eb5fda-b2ed-4990-aa52-2a9f55467b06','externalReference','string',0,0,'2023-03-30 15:34:50'),(49,'13eb5fda-b2ed-4990-aa52-2a9f55467b06','string','string',0,0,'2023-03-30 15:34:50'),(50,'f90626ae-f99c-4f22-945d-972dae9d0daa','externalReference','string',0,0,'2023-03-30 15:34:55'),(51,'f90626ae-f99c-4f22-945d-972dae9d0daa','string','string',0,0,'2023-03-30 15:34:55'),(52,'e47d8ba3-c1bd-42a1-bb2f-dc6806310a72','externalReference','string',0,0,'2023-03-30 15:34:58'),(53,'e47d8ba3-c1bd-42a1-bb2f-dc6806310a72','string','string',0,0,'2023-03-30 15:34:58'),(54,'92d8b492-54b6-41dc-9919-f512734ccf21','externalReference','string',0,0,'2023-03-30 15:35:05'),(55,'92d8b492-54b6-41dc-9919-f512734ccf21','string','string',0,0,'2023-03-30 15:35:05'),(56,'e9986c01-4106-48f9-9228-4a609b1f4afb','externalReference','string',0,0,'2023-03-30 15:35:07'),(57,'e9986c01-4106-48f9-9228-4a609b1f4afb','string','string',0,0,'2023-03-30 15:35:07'),(58,'225cfaa5-3a9a-4d2a-8bc5-7ad0f101a31f','externalReference','string',0,0,'2023-03-30 15:35:23'),(59,'225cfaa5-3a9a-4d2a-8bc5-7ad0f101a31f','string','string',0,0,'2023-03-30 15:35:23'),(60,'a774f4f1-f833-4b7d-8434-623b69fa8ca3','externalReference','string',0,0,'2023-03-30 15:35:24'),(61,'a774f4f1-f833-4b7d-8434-623b69fa8ca3','string','string',0,0,'2023-03-30 15:35:24'),(62,'d93280a5-70b6-414b-8276-4bc8f1b46a56','externalReference','string',0,0,'2023-03-30 15:35:34'),(63,'d93280a5-70b6-414b-8276-4bc8f1b46a56','string','string',0,0,'2023-03-30 15:35:34'),(64,'3e8c9a61-e2e5-47ad-9e23-246370d06e79','externalReference','string',0,0,'2023-03-30 15:35:39'),(65,'3e8c9a61-e2e5-47ad-9e23-246370d06e79','string','string',0,0,'2023-03-30 15:35:39'),(66,'dd816dd3-421e-426e-841c-bcfadfabb060','errorDetail','This is an abort extension',0,1,'2023-03-30 15:36:46'),(67,'344acbd0-4842-48d5-b283-61840e4507e1','errorDetail','This is an abort extension',0,1,'2023-03-30 15:37:04'),(68,'acec0c20-c121-4ce0-a79d-413daac8632d','errorDetail','This is an abort extension',0,1,'2023-03-30 15:37:06'),(69,'54e068d8-e03a-4df9-b968-7ee869f49917','externalReference','string',0,0,'2023-03-30 15:37:13'),(70,'54e068d8-e03a-4df9-b968-7ee869f49917','string','string',0,0,'2023-03-30 15:37:13'),(71,'c4417554-f66f-4285-aa83-c233e7d3835c','externalReference','string',0,0,'2023-03-30 15:37:15'),(72,'c4417554-f66f-4285-aa83-c233e7d3835c','string','string',0,0,'2023-03-30 15:37:15'),(73,'10c9656b-1135-427d-b3fd-b027d4811e14','externalReference','string',0,0,'2023-03-30 15:37:20'),(74,'10c9656b-1135-427d-b3fd-b027d4811e14','string','string',0,0,'2023-03-30 15:37:20'),(75,'16bdb9c9-4c78-4845-aaef-9722073e2ca3','externalReference','string',0,0,'2023-03-30 15:39:12'),(76,'2cc01c10-7fd1-4e9c-bb19-bfe8ce023567','externalReference','string',0,0,'2023-03-30 15:39:12'),(77,'e26c82dd-682e-4b55-839d-33fca335cca2','externalReference','string',0,0,'2023-03-30 15:39:12'),(78,'344d6d3c-62b3-49ab-bed9-0ee11861d3ca','externalReference','string',0,0,'2023-03-30 15:39:12'),(79,'17bb9609-9b76-46fc-a04e-7439208be1a5','extKey1','extValue1',0,0,'2023-03-30 15:39:46'),(80,'17bb9609-9b76-46fc-a04e-7439208be1a5','extKey2','extValue2',0,0,'2023-03-30 15:39:46'),(81,'2a927a8a-760f-44bf-a718-9edf1cc29e97','extKey1','extValue1',0,0,'2023-03-30 15:39:47'),(82,'2a927a8a-760f-44bf-a718-9edf1cc29e97','extKey2','extValue2',0,0,'2023-03-30 15:39:47'),(83,'9d033cde-1c26-4dd7-88d9-297162236910','extKey1','extValue1',0,0,'2023-03-30 15:39:48'),(84,'9d033cde-1c26-4dd7-88d9-297162236910','extKey2','extValue2',0,0,'2023-03-30 15:39:48'),(85,'54d6a51d-c335-4f28-8e3e-d27dcf417b5e','extKey1','extValue1',0,0,'2023-03-30 15:39:49'),(86,'54d6a51d-c335-4f28-8e3e-d27dcf417b5e','extKey2','extValue2',0,0,'2023-03-30 15:39:49'),(87,'c3af2351-692a-437f-97f8-8c5bc6bef5bd','extKey1','extValue1',0,0,'2023-03-30 15:39:50'),(88,'c3af2351-692a-437f-97f8-8c5bc6bef5bd','extKey2','extValue2',0,0,'2023-03-30 15:39:50'),(89,'75cb1b78-a0b1-436a-b86e-d74405826220','extKey1','extValue1',0,0,'2023-03-30 15:39:52'),(90,'75cb1b78-a0b1-436a-b86e-d74405826220','extKey2','extValue2',0,0,'2023-03-30 15:39:52'),(91,'f467ac79-511e-4f70-9ee9-e878bdce36c5','extKey1','extValue1',0,0,'2023-03-30 15:39:53'),(92,'f467ac79-511e-4f70-9ee9-e878bdce36c5','extKey2','extValue2',0,0,'2023-03-30 15:39:53'),(93,'ca1caa09-db32-4ff0-8d2c-9b5557c22a40','extKey1','extValue1',0,0,'2023-03-30 15:40:14'),(94,'ca1caa09-db32-4ff0-8d2c-9b5557c22a40','extKey2','extValue2',0,0,'2023-03-30 15:40:14'),(95,'5a362d31-b7e1-4a7d-9996-697238f06337','extKey1','extValue1',0,0,'2023-03-30 15:40:14'),(96,'5a362d31-b7e1-4a7d-9996-697238f06337','extKey2','extValue2',0,0,'2023-03-30 15:40:14'),(97,'2307f67a-2348-4751-b72f-de04f4014dc3','extKey1','extValue1',0,0,'2023-03-30 15:41:16'),(98,'2307f67a-2348-4751-b72f-de04f4014dc3','extKey2','extValue2',0,0,'2023-03-30 15:41:16'),(99,'e2562020-604e-46d9-8078-f563d0f7e71a','extKey1','extValue1',0,0,'2023-03-30 15:41:29'),(100,'e2562020-604e-46d9-8078-f563d0f7e71a','extKey2','extValue2',0,0,'2023-03-30 15:41:29'),(101,'1febadf5-4b4c-4658-ae36-4b975692957d','extKey1','extValue1',0,0,'2023-03-30 15:41:56'),(102,'1febadf5-4b4c-4658-ae36-4b975692957d','extKey2','extValue2',0,0,'2023-03-30 15:41:56'),(103,'5f7ccba9-1703-4426-a737-27b5909d2afd','externalReference','string',0,0,'2023-03-30 15:42:16'),(104,'5f7ccba9-1703-4426-a737-27b5909d2afd','string','string',0,0,'2023-03-30 15:42:16'),(105,'f0a11fdd-9507-4913-9978-2887da728f5a','externalReference','string',0,0,'2023-03-30 15:42:29'),(106,'f0a11fdd-9507-4913-9978-2887da728f5a','string','string',0,0,'2023-03-30 15:42:29'),(107,'b3923884-9072-48d1-a9b7-a6ebd0d491af','externalReference','string',0,0,'2023-03-30 15:43:16'),(108,'b3923884-9072-48d1-a9b7-a6ebd0d491af','string','string',0,0,'2023-03-30 15:43:16'),(109,'c220acb1-f8e0-4a5b-878a-01bd671be205','externalReference','string',0,0,'2023-03-30 15:43:19'),(110,'c220acb1-f8e0-4a5b-878a-01bd671be205','string','string',0,0,'2023-03-30 15:43:19'),(111,'fe551d60-8930-491f-8d96-4549baadba4f','externalReference','string',0,0,'2023-03-30 15:43:28'),(112,'fe551d60-8930-491f-8d96-4549baadba4f','string','string',0,0,'2023-03-30 15:43:28'),(113,'2f59581b-f2e4-4296-a6ff-9534088068ad','externalReference','string',0,0,'2023-03-30 15:43:30'),(114,'2f59581b-f2e4-4296-a6ff-9534088068ad','string','string',0,0,'2023-03-30 15:43:30'),(115,'41b68c88-0d4b-4c78-ba7c-74c455bb50a5','externalReference','string',0,0,'2023-03-30 15:43:41'),(116,'41b68c88-0d4b-4c78-ba7c-74c455bb50a5','string','string',0,0,'2023-03-30 15:43:41'),(117,'ce14010c-0f41-4716-845e-7d4dd48480ea','externalReference','string',0,0,'2023-03-30 15:43:43'),(118,'ce14010c-0f41-4716-845e-7d4dd48480ea','string','string',0,0,'2023-03-30 15:43:43');
/*!40000 ALTER TABLE `transferExtension` ENABLE KEYS */;
UNLOCK TABLES;

--
-- Table structure for table `transferFulfilment`
--

DROP TABLE IF EXISTS `transferFulfilment`;
/*!40101 SET @saved_cs_client     = @@character_set_client */;
/*!50503 SET character_set_client = utf8mb4 */;
CREATE TABLE `transferFulfilment` (
  `transferId` varchar(36) NOT NULL,
  `ilpFulfilment` varchar(256) DEFAULT NULL,
  `completedDate` datetime NOT NULL,
  `isValid` tinyint(1) DEFAULT NULL,
  `settlementWindowId` bigint unsigned DEFAULT NULL,
  `createdDate` datetime NOT NULL DEFAULT CURRENT_TIMESTAMP,
  PRIMARY KEY (`transferId`),
  KEY `transferfulfilment_settlementwindowid_foreign` (`settlementWindowId`),
  CONSTRAINT `transferfulfilment_settlementwindowid_foreign` FOREIGN KEY (`settlementWindowId`) REFERENCES `settlementWindow` (`settlementWindowId`),
  CONSTRAINT `transferfulfilment_transferid_foreign` FOREIGN KEY (`transferId`) REFERENCES `transferFulfilmentDuplicateCheck` (`transferId`)
) ENGINE=InnoDB DEFAULT CHARSET=utf8mb3;
/*!40101 SET character_set_client = @saved_cs_client */;

--
-- Dumping data for table `transferFulfilment`
--

LOCK TABLES `transferFulfilment` WRITE;
/*!40000 ALTER TABLE `transferFulfilment` DISABLE KEYS */;
INSERT INTO `transferFulfilment` VALUES ('01292ebf-0e82-4f34-a800-1454173ae226','0','2023-03-30 15:38:25',1,NULL,'2023-03-30 15:38:25'),('03291e9d-1df5-4fa5-9738-332b116d0e2a','DYBBJp78SL5NeIGU0H8kSmJcKJNd9TUupy9qWBDJ6Yk','2023-03-30 15:36:13',1,11,'2023-03-30 15:36:13'),('03b28213-9f91-464c-8878-2a3a23a45538','0','2023-03-30 15:25:20',1,NULL,'2023-03-30 15:25:20'),('03bd7b70-196f-4290-b7d4-1bf10e7b6afb','U-lojbh4J5EjEPX6PZlZ5vBZcMYoLPrFQhvdur1abTU','2023-03-30 15:29:03',1,3,'2023-03-30 15:29:03'),('0593271b-b702-4ee0-98c5-f49939fbf1f6','CdA2TP5_OTaVNoSM356voG_ib2GJ2YD-e2xbxLZuAaw','2023-03-30 15:28:32',1,2,'2023-03-30 15:28:32'),('06157145-c0ba-4256-9357-85758565932a','OjXZJNJMOdHc0ffPR3wWdPSEgg_aZyjVkP2vXGNWwUs','2023-03-30 15:36:12',1,11,'2023-03-30 15:36:12'),('0655f9af-943d-41e3-86ad-c3fdf76b7c88','KCZehP9XIivg_hfnSi8k1CTIKhvLP1-HpJj5vHIWNMo','2023-03-30 15:39:24',1,18,'2023-03-30 15:39:24'),('074e74e9-dbdf-4279-b40b-2f6f0c267c0d','wdPlr8a3C8iKeuKlinfkXjyR62VBWMuzhPMVqVcmsZI','2023-03-30 15:38:34',1,13,'2023-03-30 15:38:34'),('08ec4e1e-37fb-45bc-8db5-213944faffe4','f_gKV1xpHPXJXWGxpTtEil9dRZtTPO2pjnIiLhmtbT0','2023-03-30 15:44:13',1,21,'2023-03-30 15:44:13'),('0979edf5-6fe3-4807-a8fc-7a79235aebcc','0','2023-03-30 15:24:56',1,NULL,'2023-03-30 15:24:56'),('09c1421d-0adb-4e8b-ad6d-8233b9d7fb15','cHZhjNlfd67iJNhIly87jTYWeklT3PupDxDvbJ9ZZdY','2023-03-30 15:28:31',1,2,'2023-03-30 15:28:31'),('09e79cb0-5f8f-4bc8-a100-344eeff6f1e7','0','2023-03-30 15:25:33',1,NULL,'2023-03-30 15:25:33'),('0b89b060-45dd-471e-9725-0e7423e7f5ec','TeibyYDQmMqNwpiu6ILNmtGLZxVOHLMy40T-Nn-o61o','2023-03-30 15:44:10',1,21,'2023-03-30 15:44:10'),('0c6d1f94-515e-45a2-b340-3e02ce0017d8','RW2Q4CrzHYqCcRFRTqgkSLaendia3-XaOCMk0rEnctQ','2023-03-30 15:44:13',1,21,'2023-03-30 15:44:13'),('0c911e1c-65bf-4b2d-91b3-e8667feb6fa0','9NhO89YIWb_L4fDLSa6COchC9gMBwg-59VwJA0-3nX4','2023-03-30 15:30:07',1,10,'2023-03-30 15:30:07'),('0e24a7e9-a152-4cbe-8d71-be1012db6e31','KQoSVxz945g8z7rZqMUUskOv7-vq8RmaswzoVP-rEcc','2023-03-30 15:27:31',1,1,'2023-03-30 15:27:31'),('0e7a2c63-0075-4092-9247-8df2b0bfda4c','UNlJ98hZTY_dsw0cAqw4i_UN3v4utt7CZFB4yfLbVFA','2023-03-30 15:37:02',1,11,'2023-03-30 15:37:02'),('0ef3a9ec-921a-4e58-bc78-4c137da5b9a7','jLcyrGeuhhF7xyXz1CBZUXxHNyDMFLFYZigBJX9NG8o','2023-03-30 15:30:07',1,10,'2023-03-30 15:30:07'),('10c9656b-1135-427d-b3fd-b027d4811e14','0','2023-03-30 15:37:22',1,NULL,'2023-03-30 15:37:22'),('120cacd2-2d94-4e3d-87c9-9c67f83dfe77','E6VcAPFKIMqtq_zolGx7MUk_Nz4qu1SrpRV5ifi2dIs','2023-03-30 15:30:00',1,7,'2023-03-30 15:30:00'),('12b914a5-fd79-4bff-bc9b-419462ed63e2','0','2023-03-30 15:29:41',1,NULL,'2023-03-30 15:29:41'),('136cb165-e4ba-44af-a35a-00fb4bbbf0b2','0','2023-03-30 15:27:50',1,NULL,'2023-03-30 15:27:50'),('13763f01-75ea-45fe-9020-2e36e288dc38','8Kh_jpVNYZaM1Ex5U9bnzocy9tB_SLvXLo6KG3-FNRA','2023-03-30 15:29:48',1,5,'2023-03-30 15:29:48'),('13eb5fda-b2ed-4990-aa52-2a9f55467b06','0','2023-03-30 15:34:50',1,NULL,'2023-03-30 15:34:50'),('1402d424-bd9a-40ec-9d6f-df7084e1a46f','0','2023-03-30 15:29:15',1,NULL,'2023-03-30 15:29:15'),('145a14a5-d1cc-4249-8dd4-ba28d0146d14','-XvcNvcUBfQ7jbRH7wdB9KGm4dr46dJWf4-yuQn3J88','2023-03-30 15:39:12',1,15,'2023-03-30 15:39:12'),('146fc31c-a58d-4db0-b8e8-22397042a0d6','tChMwYE5Zw9ZDiU6cUQyeLmReAE55dG74MJKHPWNjvs','2023-03-30 15:39:50',1,21,'2023-03-30 15:39:50'),('1519d8e6-0d64-403f-9c5d-a7d0f0aa2a95','b1cgCrcHLXeOXTn_minksw4xoO10A46338M6DEKK-Zw','2023-03-30 15:38:54',1,14,'2023-03-30 15:38:54'),('1556d74c-11fc-42bc-9d4e-d9772c5ce069','ZBSpkbI2AbdpWHa5-gxM3WSioiqPjTvNr-EfWBkDLhc','2023-03-30 15:37:28',1,11,'2023-03-30 15:37:28'),('16bdb9c9-4c78-4845-aaef-9722073e2ca3','0','2023-03-30 15:39:12',1,NULL,'2023-03-30 15:39:12'),('17baf843-39e5-4ed0-a7b6-eed4e08a897a','HO-n5cjNv85uyXX_F3MGpctC0weqCngbR2JME75iXcg','2023-03-30 15:27:55',1,1,'2023-03-30 15:27:55'),('17bb9609-9b76-46fc-a04e-7439208be1a5','tChMwYE5Zw9ZDiU6cUQyeLmReAE55dG74MJKHPWNjvs','2023-03-30 15:39:47',1,21,'2023-03-30 15:39:47'),('1d8624b5-7579-425d-a67d-97740b4168b7','0','2023-03-30 15:47:01',1,NULL,'2023-03-30 15:47:01'),('1dc0f91c-89cb-4d6d-b406-51395d1196ed','0','2023-03-30 15:38:46',1,NULL,'2023-03-30 15:38:46'),('1ef36114-1c57-4edc-9de4-1542df184b72','V4wAso3UK3ysRQ6CeEYqORBaDCAEQgMvflUN7TaCtmQ','2023-03-30 15:29:22',1,4,'2023-03-30 15:29:22'),('1fa780f9-83ab-4954-8d59-cb7ee112128b','ZYDYWmsTb8UuEx2TdvrHl9WPwjjdlJupe4HaLtCyG0w','2023-03-30 15:29:24',1,4,'2023-03-30 15:29:24'),('221cb4a6-3849-4cf4-afe5-6cef23682943','0','2023-03-30 15:39:05',1,NULL,'2023-03-30 15:39:05'),('225cfaa5-3a9a-4d2a-8bc5-7ad0f101a31f','0','2023-03-30 15:35:23',1,NULL,'2023-03-30 15:35:23'),('22fcbfe3-f636-4889-8068-02154f279e05','jY_Nkxz0SUCHm8-_Rw4RSlDEgfKgvPz3rjw0-tJrmTQ','2023-03-30 15:38:35',1,13,'2023-03-30 15:38:35'),('25bbc1a3-a4dc-4be6-97de-a8f244a10743','0','2023-03-30 15:28:54',1,NULL,'2023-03-30 15:28:54'),('263c094a-a302-48d0-9645-b62f80c25884','0','2023-03-30 15:29:15',1,NULL,'2023-03-30 15:29:15'),('265bd93a-3f70-4cc2-a44b-835189424114','IcapM_7HEAVQ-UzyRTGw2cMWVe8U7IyUPkIseAxxxwU','2023-03-30 15:28:10',1,1,'2023-03-30 15:28:10'),('278c48cc-5ef3-4432-8005-b05dd6dfb0b8','UNlJ98hZTY_dsw0cAqw4i_UN3v4utt7CZFB4yfLbVFA','2023-03-30 15:27:33',1,1,'2023-03-30 15:27:33'),('27ab6bb2-d12c-42a0-beae-ddca5ded25c8','0','2023-03-30 15:47:01',1,NULL,'2023-03-30 15:47:01'),('281539fa-668b-4d75-a9b8-162bdca493b6','0','2023-03-30 15:29:16',1,NULL,'2023-03-30 15:29:16'),('2a927a8a-760f-44bf-a718-9edf1cc29e97','tChMwYE5Zw9ZDiU6cUQyeLmReAE55dG74MJKHPWNjvs','2023-03-30 15:39:48',1,21,'2023-03-30 15:39:48'),('2af9dfd1-220f-4d5f-9b1a-1ad3fa545a11','OiyRf9c_UMoSsSfRhNcJzoH6xWVtT64CFZ-d9bWT-KE','2023-03-30 15:44:17',1,21,'2023-03-30 15:44:17'),('2b0e8af1-5bf4-4682-a1ad-6a984244418a','0','2023-03-30 15:29:15',1,NULL,'2023-03-30 15:29:15'),('2bd9865e-e9b0-4197-90e9-f2e08af39f44','jf1BuJ-kAM0LpS9pWD1jXLIDKEH9HlfXT4M1FzGW7fc','2023-03-30 15:44:10',1,21,'2023-03-30 15:44:10'),('2ca3b6f5-42b0-48f4-b5f5-73ee18ae7e68','kvvm4A-I1R6s-XGdFpPxNhjh1Kke8qhUFStPQsmBXXU','2023-03-30 15:38:35',1,13,'2023-03-30 15:38:35'),('2cc01c10-7fd1-4e9c-bb19-bfe8ce023567','0','2023-03-30 15:39:12',1,NULL,'2023-03-30 15:39:12'),('2e768760-b24f-443b-9f64-aad7e8a84f83','jmw7hhIqckyh2JWVXdScec6N9mx98xnd0N1Pw6rrO5E','2023-03-30 15:26:37',1,1,'2023-03-30 15:26:37'),('2e8530b7-b8b1-4852-ad1e-0520b1d39834','0','2023-03-30 15:27:41',1,NULL,'2023-03-30 15:27:41'),('2f59581b-f2e4-4296-a6ff-9534088068ad','0','2023-03-30 15:43:30',1,NULL,'2023-03-30 15:43:30'),('3049bcca-b799-4304-a2d9-773562b1c4dd','0jhOhjGCZvhVxOMadGgyRbCe-o5uATwQMZJyAmX5vEc','2023-03-30 15:30:06',1,9,'2023-03-30 15:30:06'),('304a8d6f-0cf9-48f1-8400-52db9067ae62','0','2023-03-30 15:47:01',1,NULL,'2023-03-30 15:47:01'),('3159a9ee-30a1-4dbf-a07e-4d83c7d439ad','BPNDZT5ZG8-5lG0CfpL9gCLlkOxlGtJiiw8SaJICexk','2023-03-30 15:37:24',1,11,'2023-03-30 15:37:24'),('31728a21-d87e-4015-8297-5f88e5394096','0','2023-03-30 15:25:15',1,NULL,'2023-03-30 15:25:15'),('31f0f44b-36db-431b-883f-0e67ed599610','0','2023-03-30 15:28:51',1,NULL,'2023-03-30 15:28:51'),('3366f889-09ba-4a60-9fdc-922c1af62ace','tX2-zCE6oGoHkFP1Tsed4n3lXptSSLjP-VZ86Wmkdxs','2023-03-30 15:39:28',1,20,'2023-03-30 15:39:28'),('344d6d3c-62b3-49ab-bed9-0ee11861d3ca','0','2023-03-30 15:39:12',1,NULL,'2023-03-30 15:39:12'),('3674812c-51b9-4461-9ee2-be5c217bd7d6','0','2023-03-30 15:29:35',1,NULL,'2023-03-30 15:29:35'),('3d5ddf3e-e703-466a-a4c2-32635f42ab61','XhUiwZjrWy81jm3PzDYTCmV8Y_-O6SINyY9dtC1LJtc','2023-03-30 15:44:13',1,21,'2023-03-30 15:44:13'),('3e8c9a61-e2e5-47ad-9e23-246370d06e79','0','2023-03-30 15:35:39',1,NULL,'2023-03-30 15:35:39'),('3f3e5771-7ba3-46cb-864c-a30dfbc01b6a','NNkwOkrmkrB56b4KYSO1TJER58My3ovJSQUVry0J4Sk','2023-03-30 15:44:17',1,21,'2023-03-30 15:44:17'),('401b13d6-796b-434f-87bd-b56400e419b2','yo0s5PohUIcxI75AUOAbgVqd6Ler9BfCzUnm0fyGAnw','2023-03-30 15:38:34',1,13,'2023-03-30 15:38:34'),('41b68c88-0d4b-4c78-ba7c-74c455bb50a5','0','2023-03-30 15:43:41',1,NULL,'2023-03-30 15:43:41'),('42549296-34bf-44df-adc4-3f1cf945f1d5','Oyzxg-VNaYrOfyjxofy29bwzCPhdCjND9HlKfXb_0ok','2023-03-30 15:39:23',1,18,'2023-03-30 15:39:23'),('4478b5cb-59a3-4c94-8f85-b54c352485fb','0','2023-03-30 15:38:46',1,NULL,'2023-03-30 15:38:46'),('44a1de8f-b17e-406b-a6aa-fe6b4db922a3','0','2023-03-30 15:38:22',1,NULL,'2023-03-30 15:38:22'),('460f617a-cae3-4a52-9e03-e9196c0c8781','O_ZyZzjaRJyDYFKfq3QU9f9wAVVIm0Zy04dEw5RaCNY','2023-03-30 15:27:53',1,1,'2023-03-30 15:27:53'),('462e2f50-936f-4a43-9014-1b22f87c52d8','GQ5J7SjFeKOQ_4_kwZJyWy4MhLhq_Llw1F6VIvs4h1k','2023-03-30 15:39:18',1,16,'2023-03-30 15:39:18'),('46b0dfeb-76f1-439b-b418-aae0291d75f5','8LTAhhiVD0a764ozgOzT4kCQgUrMhwnpq2jxrj_QYKw','2023-03-30 15:39:23',1,18,'2023-03-30 15:39:23'),('4937b5f3-d128-4364-af8d-ef465ec5e424','DZClCSzILoKYIbGyx_2TxX-hq42j02CTj3EUkARuIhw','2023-03-30 15:26:36',1,1,'2023-03-30 15:26:36'),('49c989f5-df83-4919-843c-75cee603715b','0','2023-03-30 15:34:39',1,NULL,'2023-03-30 15:34:39'),('4ad2cd29-85a4-47b2-af16-31c63d92886a','hEvlKPyc_x89mr-Wf0yFVAiKL1klaPOkhw4Ex7jIrlk','2023-03-30 15:39:21',1,17,'2023-03-30 15:39:21'),('4bac4be3-4e84-48e1-930d-ad73838c4d07','vhOZnqsSd-DcLP0Pa16BHGblopGuvO7Vt4zA4iZmmeQ','2023-03-30 15:29:59',1,7,'2023-03-30 15:29:59'),('4d0a9f13-f599-451c-9434-ea800f649aa3','nRdSxG_U79OqVm0ptG9dPSWH2TSErUnz0aYwIeMgATs','2023-03-30 15:39:25',1,19,'2023-03-30 15:39:25'),('50197ea7-9fea-4d5a-8abc-ecfd9726d6e9','o2Js7FvEwaUDcb33GTNiBeRskQS9wbQxghJmWY18BUA','2023-03-30 15:38:53',1,14,'2023-03-30 15:38:53'),('50391b00-978f-45ea-a075-7af309e161b8','OQW4bxZ3WgIPRSkDat6hN2cGMltxrUE3oyG86WygIpo','2023-03-30 15:29:56',1,6,'2023-03-30 15:29:56'),('512d6da5-2acc-41b3-abae-1efc34351654','B7cXP5KtxpXJ30W1G0EIdQEl0Pgf7JwM7c92xxXKbWQ','2023-03-30 15:39:21',1,18,'2023-03-30 15:39:21'),('518491da-fe7d-4300-8517-20f8957fe3b5','66qMAy1J6t0k3Zi7bGcXrywbvaV_aVWtKJ1cMrLiYJs','2023-03-30 15:30:02',1,8,'2023-03-30 15:30:02'),('5327fb39-5b70-4108-bd19-2004d647c70b','JvYA7G-T8Ja5Cz7fi9FuAdzEOahVJPDfNxBa-eOLJHk','2023-03-30 15:46:23',1,21,'2023-03-30 15:46:23'),('54d6a51d-c335-4f28-8e3e-d27dcf417b5e','tChMwYE5Zw9ZDiU6cUQyeLmReAE55dG74MJKHPWNjvs','2023-03-30 15:39:50',1,21,'2023-03-30 15:39:50'),('54e068d8-e03a-4df9-b968-7ee869f49917','0','2023-03-30 15:37:13',1,NULL,'2023-03-30 15:37:13'),('552bee22-e78c-418a-a8bd-100b51e74ce6','_3cco-YN5OGpRKVWV3n6x6uNpBTH9tYUdOYmHA-----','2023-03-30 15:36:33',0,NULL,'2023-03-30 15:36:33'),('56359c15-466f-4f62-9809-67e44c2b9804','bcSwZ8fEc8dcHA3RCYqrPHhKpE95Tc2_0onTWewL_tw','2023-03-30 15:26:40',1,1,'2023-03-30 15:26:40'),('58d329b7-2225-4eea-9518-f3163211919b','0','2023-03-30 15:38:46',1,NULL,'2023-03-30 15:38:46'),('58e5fba7-b782-4f5f-b6f5-03dc7dff8f00','rvDyCSne-jCvv3feNxrmF5h4Pb2Kv-uQmNKCqZtzIR0','2023-03-30 15:44:17',1,21,'2023-03-30 15:44:17'),('59b9605b-36c1-41c1-8db2-6fa7fd4e07ad','OSnZmWSjjtcZXqil_H618TmDt3_rA5oEfxVk5g-xZ5M','2023-03-30 15:44:10',1,21,'2023-03-30 15:44:10'),('5a362d31-b7e1-4a7d-9996-697238f06337','tChMwYE5Zw9ZDiU6cUQyeLmReAE55dG74MJKHPWNjvs','2023-03-30 15:40:15',1,21,'2023-03-30 15:40:15'),('5b11c771-a089-4cc9-ba18-a78dc18303b5','PrlmhEopv55s-tb1wIxRjzKqXt1QIqjOLecQcTFQvfs','2023-03-30 15:39:16',1,16,'2023-03-30 15:39:16'),('5b218178-f76a-4a4b-ab81-8ee69ff50ac1','UnV8XmaTt_xS4PNrLMppezwN-5ApjM8LsDwx5KBc0Y4','2023-03-30 15:44:14',1,21,'2023-03-30 15:44:14'),('5c896cbd-2c70-45e4-b8fd-3e001730e83e','0','2023-03-30 15:38:22',1,NULL,'2023-03-30 15:38:22'),('5ce60bd7-dcd2-49c5-bf56-47c3cd27a9a7','R1TbI4e6D-vcQetsuv_OuHCrsGCJvJKcch-a9N2XRY0','2023-03-30 15:36:08',1,11,'2023-03-30 15:36:09'),('5d36d2e4-e176-4e3a-9855-d1e0269de893','nPoZOcRzp3d1YfbejXNS5cVtkgYDj7yh8Dz9K0mLr1o','2023-03-30 15:30:02',1,8,'2023-03-30 15:30:02'),('5dfd57d0-fca1-4ba7-86e4-9e401528e23a','BiNZ74b331CR2uUJH-GJ04Y17aEsu2haQtiCg3haNDw','2023-03-30 15:39:24',1,19,'2023-03-30 15:39:24'),('5e3b5e6f-dcc4-471d-a82f-5b5bb767944b','-XkNFe5qRXNXxxCjP3qy6u1qm_cRCOeZj_sK16xdslw','2023-03-30 15:39:20',1,17,'2023-03-30 15:39:20'),('5e927a09-8a11-4405-ac05-05549d9c80d9','LaluYpa0gYEh_BGZZUqpLYsKNETtS3DAdvvlBcNFNEo','2023-03-30 15:44:17',1,21,'2023-03-30 15:44:17'),('5ee10494-d9c3-474a-82e1-02fdb19b181b','ICVxFteqIkBJS5F-ns6OpDlIGdVbvdaky2r_w0i5qAg','2023-03-30 15:39:29',1,20,'2023-03-30 15:39:29'),('5f05b931-3bb8-456f-ae90-e0409574f236','AxJG7Gm0mb5zwfPviZYjkasRERULQEQzLtrWceWDHk4','2023-03-30 15:29:42',1,5,'2023-03-30 15:29:42'),('5f1b7ab3-5a01-474a-b66c-94f10877423c','0','2023-03-30 15:39:05',1,NULL,'2023-03-30 15:39:05'),('5f7ccba9-1703-4426-a737-27b5909d2afd','0','2023-03-30 15:42:16',1,NULL,'2023-03-30 15:42:16'),('5fd04775-916d-4a2c-9c4e-e5004c7b4d46','oySmrlgpjEhz6YMBssEhSBFHhBug49kmICVNxLvIKqs','2023-03-30 15:26:38',1,1,'2023-03-30 15:26:38'),('60314569-070f-4936-9be0-946e578edf00','wwPoz4LdmrIpwIgGBkswlG4kunNQ2bMn3VYg1gSCahg','2023-03-30 15:44:14',1,21,'2023-03-30 15:44:14'),('60acf797-c287-493a-9c26-56c51c795d7d','G2_GVHEQX9v17btxp0BolQQy5kOcLgKX-h7u0dmTYZI','2023-03-30 15:30:05',1,9,'2023-03-30 15:30:05'),('6237c1ed-6f0f-49b4-878b-70d4a24a665c','ar1Bx5GWMt1uzkh2_0vZtWiuXsY6wUNH8plAkKuJ9tk','2023-03-30 15:29:56',1,6,'2023-03-30 15:29:56'),('6293bfd3-87dc-47fa-8a08-73a35accaa3d','pYiMXjNwFlXZS1eWTvA3zsHMA1Zbjn8XG96aQBx6olw','2023-03-30 15:29:59',1,7,'2023-03-30 15:29:59'),('63fb34db-fff8-4627-97e5-cc99b2eefeee','qv92pX_ysTyOQTGdxovkDDTvalvMAJzwNSFCTzPryiQ','2023-03-30 15:29:49',1,5,'2023-03-30 15:29:49'),('6656ecf8-0b08-4e4c-b30c-c09017e0919e','F47fNetGTCncQbSG8xyvkIHtXix2Dgep3Yf2WfMjgLM','2023-03-30 15:38:54',1,14,'2023-03-30 15:38:54'),('678875b4-c91a-4b1f-ac0a-c92d9023757f','0','2023-03-30 15:47:01',1,NULL,'2023-03-30 15:47:01'),('67a569d2-30d1-40b3-8bf0-0df8596cce3b','3NxOGYy96aKjwga3QDeEhgMg7zX8J2leIFEz75CY0xw','2023-03-30 15:27:57',1,1,'2023-03-30 15:27:57'),('67f153b0-414a-484c-9708-56acc242c1bb','0','2023-03-30 15:38:25',1,NULL,'2023-03-30 15:38:25'),('69723912-5d85-4b1e-98cb-b5d9dc5ca3a9','wmsOTW-UNzFab7aN34sd4Rqg134ErPpwTpXN7XDi6qM','2023-03-30 15:38:02',1,12,'2023-03-30 15:38:02'),('6a5d152b-7305-49c4-ba2f-83bb3615f9df','vaVfhABGCO-tPWyUBprSU02opnxKZp8zfvDnXo4eJAM','2023-03-30 15:39:13',1,15,'2023-03-30 15:39:13'),('6a6b96cf-a52c-4dc4-ad3f-2583e6721df0','OMVLBGnwhI8smNmbDQEx70S3mGMo9zyK_RWCcxLAG9k','2023-03-30 15:30:03',1,8,'2023-03-30 15:30:03'),('6b59e34c-3fb8-4b71-b5b0-05c30fd60323','3K7vq5P0eXBy8AVYydxXW823TtIoy0_g9X04QX4hurI','2023-03-30 15:28:31',1,2,'2023-03-30 15:28:31'),('6e81bc72-60a3-4442-b4f6-75676880d155','6I_4cEcUu41XAhaunjHDKY65oOYoep-_iyWvlFlb7ys','2023-03-30 15:29:04',1,3,'2023-03-30 15:29:04'),('71ebf773-a20d-4389-9545-045c48817548','RgJUKch-_xpvCrBPFMzmyzxhvNLCQZMDNAuawKXdtG4','2023-03-30 15:39:27',1,19,'2023-03-30 15:39:27'),('71faba9a-55ab-484b-9819-1ee49f53c6d6','4OpquM75lfwj-c83WgD0OUgKVH1omG4G2fHO5zOevkM','2023-03-30 15:38:02',1,12,'2023-03-30 15:38:02'),('72448f40-e07f-4dbc-b959-baa15269a18b','ch2g5Wj54pIFE-SfaceFc-JXTcllpTgk90aK45ClMRg','2023-03-30 15:30:04',1,9,'2023-03-30 15:30:04'),('73600c2a-177c-4c2f-b3cc-192ae0c5ebac','X2WGZrlpWa-_z6fS-V9Y16wba6gMQQotMhkumTy45GA','2023-03-30 15:44:10',1,21,'2023-03-30 15:44:10'),('75cb1b78-a0b1-436a-b86e-d74405826220','tChMwYE5Zw9ZDiU6cUQyeLmReAE55dG74MJKHPWNjvs','2023-03-30 15:39:53',1,21,'2023-03-30 15:39:53'),('774eb290-7f66-449d-8373-a7c324dc672c','tChMwYE5Zw9ZDiU6cUQyeLmReAE55dG74MJKHPWNjvs','2023-03-30 15:39:48',1,21,'2023-03-30 15:39:48'),('79e2f4d6-7dee-411c-8630-5ed50abc70f5','E9nX9doS9kiUgjjglom6lA0-oKg67QWOMS8IyQuNpng','2023-03-30 15:29:03',1,3,'2023-03-30 15:29:03'),('7c1168a5-a75e-4220-9a3f-b211f9b9fdef','LvdM1pn-Y6Dkf4oEgUgOHrwduILLFeBUqi1fCOGOWlw','2023-03-30 15:44:13',1,21,'2023-03-30 15:44:13'),('7c6e16d8-7be3-46b3-942f-9684b488a5bf','0','2023-03-30 15:28:51',1,NULL,'2023-03-30 15:28:51'),('7cce03ba-0984-4a6c-9143-7510c6554339','_YTcO6bVJ-rU2hB5p1f33Ybmw5VMp8GK94xrMcB5sIo','2023-03-30 15:29:04',1,3,'2023-03-30 15:29:04'),('80ea2193-c233-403c-b3e1-826520c617b8','0','2023-03-30 15:25:06',1,NULL,'2023-03-30 15:25:06'),('829be5f9-3b8a-4854-b7f8-d09b5b5e3e3f','rhb_GqdNT2Zb67Fbd258ChqJMePDbSaJoVPARlQXgMo','2023-03-30 15:39:15',1,15,'2023-03-30 15:39:15'),('8347f975-a9ac-4226-aef0-1268fe4f3df7','Yp6jzjtboP1KZlvHdvKoacDycAmQ2t2of-WTEf3cQOg','2023-03-30 15:29:04',1,3,'2023-03-30 15:29:04'),('83f425ee-3669-4861-9357-af642bbba675','0','2023-03-30 15:28:54',1,NULL,'2023-03-30 15:28:54'),('83fd482b-25b1-4377-9a8b-d5d3add98f86','9wnu1na3YT2_BrV65-UtcOc3R2xoQMFGxK8evtPYlwA','2023-03-30 15:29:57',1,6,'2023-03-30 15:29:57'),('8549314c-3c58-47f3-b889-685d18e7d017','bSYDHRchsDGvX8dkgzeHWH50wQCbFWP65Ck9WD1zF-M','2023-03-30 15:38:35',1,13,'2023-03-30 15:38:35'),('854e6422-bdec-401f-b5d3-8ca139bb5ba9','zc3UPoNpRV6t2enrldyk--I7HVLwnsbZix3i9gPiVUw','2023-03-30 15:39:20',1,17,'2023-03-30 15:39:20'),('866b84c5-15a6-4e6e-9167-c4f11b7a8d3c','jlHOsBScqNFnOE10Z1KXkd4LsF0FQpg_FX2yolC7SS0','2023-03-30 15:38:02',1,12,'2023-03-30 15:38:02'),('86ad02eb-3af9-4c3c-9226-9b95a9ffd304','7RHaYYafLpEUH3uNOCo1iFWnbDCn7r1eH8JjPDCDeo4','2023-03-30 15:38:54',1,14,'2023-03-30 15:38:54'),('877f158c-c3d1-4666-9b54-9db2d43f89fe','iXijVv18oP626BMcUlZuGH60fekNeJxWZ92qF_wq7Hc','2023-03-30 15:30:05',1,9,'2023-03-30 15:30:05'),('8863e181-053b-433c-87f3-d33bb35cfec5','k5GKCrY60lumG2Gwej2gO4PMfOdjBiGvl--fenvNyEc','2023-03-30 15:44:17',1,21,'2023-03-30 15:44:17'),('89267d45-aa8e-44c1-8565-44e4d85984fc','HEgi4pPCxHFcUixrgulGnKUf5iaSirABqD3g4zAgmdE','2023-03-30 15:39:29',1,20,'2023-03-30 15:39:29'),('892a613d-e5a2-41df-ba53-3837e0fa6778','2c9CQsLBQQUfXOC8UXYc4nQBsduYfEH89rkfnf2Q-Po','2023-03-30 15:44:10',1,21,'2023-03-30 15:44:10'),('8a1c8ccd-8651-47f3-a57b-640170068d23','0','2023-03-30 15:28:54',1,NULL,'2023-03-30 15:28:54'),('8d381525-4fcd-48b7-b5b9-0b0535f5ec2a','tChMwYE5Zw9ZDiU6cUQyeLmReAE55dG74MJKHPWNjvs','2023-03-30 15:39:49',1,21,'2023-03-30 15:39:49'),('8dae85fa-f4a4-4534-9206-b20e61d64e73','g9yG7MVUS6HwbC63NIjr5nsaV3LsQV4-Rdz9_Zzww-k','2023-03-30 15:44:17',1,21,'2023-03-30 15:44:17'),('8f835e31-8b83-426e-9938-5ffbd157f750','Q3Pyi_xnZa1SV7TFxBR47tjoHiS-HJB733dy6yi8HAA','2023-03-30 15:29:49',1,5,'2023-03-30 15:29:49'),('8faf2aa7-9982-4ea4-bea3-8fc5533584f4','nRrvmbsNX4GUla4geOKEaJbrVzIZIJTyRCwiniUF364','2023-03-30 15:30:08',1,10,'2023-03-30 15:30:08'),('9057241a-2b29-4117-be46-09e178095d54','0','2023-03-30 15:38:22',1,NULL,'2023-03-30 15:38:22'),('92d8b492-54b6-41dc-9919-f512734ccf21','0','2023-03-30 15:35:05',1,NULL,'2023-03-30 15:35:05'),('93af34a1-9b05-40ee-8f32-83b3369cc4ef','TCN6x811clkGMexnZVYb7nrnLcWYylS4qka-R2oNZlU','2023-03-30 15:29:23',1,4,'2023-03-30 15:29:23'),('94b4e893-a4d9-4e58-843f-0e278ceeeacd','cADG1Tv84JQD2w3JYsbDCmPqfneFX8L0x-1n2RdzyCg','2023-03-30 15:44:14',1,21,'2023-03-30 15:44:14'),('960b9b0f-d05d-48f3-97e2-02d9002a8033','tChMwYE5Zw9ZDiU6cUQyeLmReAE55dG74MJKHPWNjvs','2023-03-30 15:40:15',1,21,'2023-03-30 15:40:15'),('96cc34c6-c41f-498b-910c-bda050357e2d','1avEueG96LuUEgMqABK5kIY9v8ROtGlS2Y46X789Z2o','2023-03-30 15:28:31',1,2,'2023-03-30 15:28:31'),('9780feab-9d9c-4455-8cd0-8f88bfbc955c','pWITOU3oVN07HLr_Zk81pQF4Skt-rtKULG7uzYSBZIU','2023-03-30 15:30:01',1,8,'2023-03-30 15:30:01'),('97c3fd11-6d47-4ad1-804e-a9805f0009b0','1pNynyGWKKGrn1QUEWMlZONR5JqhKf7gbXzhJBEm3sg','2023-03-30 15:38:54',1,14,'2023-03-30 15:38:54'),('9828a375-633b-4b19-aac9-1b3add577a3c','tChMwYE5Zw9ZDiU6cUQyeLmReAE55dG74MJKHPWNjvs','2023-03-30 15:39:47',1,21,'2023-03-30 15:39:47'),('98d18fc2-9069-4197-a52f-26ab8b9319cd','ptiXbY3tFw272QHrkcccupewmrxx8nXDq4Ge6BGHbCw','2023-03-30 15:37:26',1,11,'2023-03-30 15:37:26'),('9a1fee85-4973-4faa-a90d-81efea6a0440','0','2023-03-30 15:29:35',1,NULL,'2023-03-30 15:29:35'),('9a3b5930-f5e3-4ebb-a375-4f487030137d','0','2023-03-30 15:38:25',1,NULL,'2023-03-30 15:38:25'),('9a8af5a3-8841-401d-bb86-253e5b8ce4f8','0','2023-03-30 15:34:31',1,NULL,'2023-03-30 15:34:31'),('9bce31de-44af-423c-a325-816c41b99d9f','0','2023-03-30 15:28:51',1,NULL,'2023-03-30 15:28:51'),('9be682aa-ec53-493b-96ed-6479e69807a8','_3cco-YN5OGpRKVWV3n6x6uNpBTH9tYUdOYmHA-----','2023-03-30 15:27:00',0,NULL,'2023-03-30 15:27:00'),('9c47ba06-8d93-4f25-a42b-57953a7727e2','mvfZJrJ4wnia1NcRba_RqYFkCuIZZ8cxRLSTj3roWhM','2023-03-30 15:39:14',1,15,'2023-03-30 15:39:14'),('9d033cde-1c26-4dd7-88d9-297162236910','tChMwYE5Zw9ZDiU6cUQyeLmReAE55dG74MJKHPWNjvs','2023-03-30 15:39:49',1,21,'2023-03-30 15:39:49'),('9ee476bf-d4dc-4415-92ac-189ea74f75ef','zNnPGdyuuOkWhAralqqSmbHQcWj-4BXrc3iwYVXH-Hk','2023-03-30 15:27:40',1,1,'2023-03-30 15:27:40'),('9fe61fe2-8373-45f9-ae40-2ff5cb31c79b','0','2023-03-30 15:25:48',1,NULL,'2023-03-30 15:25:48'),('9ff2ceb6-22ab-4db0-8623-82833769028c','VNDYexh25TRptPPcx61av197IgJ4YA0ieovrUsjdfKk','2023-03-30 15:27:39',1,1,'2023-03-30 15:27:39'),('a01f0624-00f2-4052-88aa-c358853b2472','vFEvqztOQwykxXFfHFzZklUWOC9o1I7C85qM2_gzTAs','2023-03-30 15:44:13',1,21,'2023-03-30 15:44:13'),('a0d25aaa-ffb7-4d10-b291-1e413af79f26','UNlJ98hZTY_dsw0cAqw4i_UN3v4utt7CZFB4yfLbVFA','2023-03-30 15:27:32',1,1,'2023-03-30 15:27:32'),('a175b7f4-f7e9-4f5c-aea5-a431567cebe2','0','2023-03-30 15:25:04',1,NULL,'2023-03-30 15:25:04'),('a1af1ee3-6e7a-470b-ba12-6084e444b7aa','hGqKyJ-il8LQtSv4e5o0liGdP5TX29hufZ8p6-oAE-o','2023-03-30 15:39:18',1,17,'2023-03-30 15:39:18'),('a2158d3d-6c3c-4b09-8a11-71bd6b8e8954','VpZ_VD5JDRqZQyUS3yf73_elQmil5KSrKpqSTThDtBo','2023-03-30 15:29:23',1,4,'2023-03-30 15:29:23'),('a2457ec8-dc06-4dc8-92e2-59c83c55961f','0','2023-03-30 15:25:30',1,NULL,'2023-03-30 15:25:30'),('a276a63b-fa23-4bfd-bab8-e0ba1b244bba','UNlJ98hZTY_dsw0cAqw4i_UN3v4utt7CZFB4yfLbVFA','2023-03-30 15:37:03',1,11,'2023-03-30 15:37:03'),('a3b22780-d781-43c7-bf27-3f5d6d9de214','_XT-6KOmKQhyQEv_B81nQ4MQzL9UYJBxN4FYvd6BZgU','2023-03-30 15:38:02',1,12,'2023-03-30 15:38:02'),('a3dbb28e-ab25-4b74-ac3e-e4a95a4bbe1a','WLctttbu2HvTsa1XWvUoGRcQozHsqeu9Ahl2JW9Bsu8','2023-03-30 15:27:58',0,NULL,'2023-03-30 15:27:58'),('a5d4ee2f-b2d7-46ca-a8d6-d56fff0fac5b','fqc1SSaUyBgaxf45ucdHYrdNC8zjZWrEKcrM2J2XrCI','2023-03-30 15:37:26',1,11,'2023-03-30 15:37:26'),('a5f902b0-a013-4147-9249-5943c35f9491','0','2023-03-30 15:38:46',1,NULL,'2023-03-30 15:38:46'),('a6557169-a9cc-434d-aa97-84a72991348c','qGzeI2o_S6t9fetR_BFHoaVAicLBaaQFzmzEiwRmpj4','2023-03-30 15:30:03',1,8,'2023-03-30 15:30:03'),('a6609fd8-48d6-4b38-b9ec-dd28be340ae9','ifwUaaUVOhEI-cKHiwfYgppAWCzMsUXFjWvhzk7UieU','2023-03-30 15:26:35',1,1,'2023-03-30 15:26:35'),('a6c06e1a-cfd0-488b-b219-a95c78a251ca','0','2023-03-30 15:29:41',1,NULL,'2023-03-30 15:29:41'),('a774f4f1-f833-4b7d-8434-623b69fa8ca3','0','2023-03-30 15:35:24',1,NULL,'2023-03-30 15:35:24'),('a786e7c6-7f40-4818-92bd-f081b4b5ce37','0','2023-03-30 15:47:01',1,NULL,'2023-03-30 15:47:01'),('a7ffc724-a797-479e-8b3d-5bf82621e1ba','4BRvsZDNKaZa5hNLzmdkEXeGyS-OwS8VlAdo_1mBHRk','2023-03-30 15:36:10',1,11,'2023-03-30 15:36:10'),('a95f6dba-0727-4a7e-88e9-4cccc3322368','V4dzcGKBPtkMrNBjx8WQFYO54KjYlQa8kcrJay35rRM','2023-03-30 15:28:12',1,1,'2023-03-30 15:28:12'),('acf9f81f-8981-4336-86f5-4126b5fc01d2','0','2023-03-30 15:29:35',1,NULL,'2023-03-30 15:29:35'),('ad1f51a4-f927-4d9b-94a8-e84108edc2a7','A6TjvWU3P62K7dh8ewPqjWUNY-CuXtunudj7mf_9nEs','2023-03-30 15:37:10',1,11,'2023-03-30 15:37:10'),('af754401-2a9d-436a-8a26-6e03bbc17eac','f-5IHClxqeuz7L8AWfuJiQ9q6BH58OL3DtIsDnTwhdM','2023-03-30 15:44:17',1,21,'2023-03-30 15:44:17'),('afaa42ab-ce4b-4f38-9749-5f0fb846bdec','0','2023-03-30 15:47:01',1,NULL,'2023-03-30 15:47:01'),('b0b087ae-7d91-40a4-9ea2-6c8b4ddb662d','0','2023-03-30 15:38:22',1,NULL,'2023-03-30 15:38:22'),('b1114f0a-7167-4e36-9764-23a13011fff6','5QBLpL7TPeSjuFieWU2mUAjIiCoMFd0jcfNZZobI8sE','2023-03-30 15:30:04',1,9,'2023-03-30 15:30:04'),('b1e6bb4f-3235-4bac-9368-f0ee1cd20a8a','0','2023-03-30 15:26:03',1,NULL,'2023-03-30 15:26:03'),('b1ece5f3-da11-45d4-bc8c-9496ff147664','tFp4CgDccbGgBdDlkJv7GYHkDwMSFA7QycgeEvrkgrY','2023-03-30 15:30:01',1,8,'2023-03-30 15:30:01'),('b1fe01f6-4694-433b-a160-f801ef15612c','90_XbDGCWmJ2NZro-jsHhfw1zr-JOeG1u_Ktddd82ec','2023-03-30 15:29:04',1,3,'2023-03-30 15:29:04'),('b3923884-9072-48d1-a9b7-a6ebd0d491af','0','2023-03-30 15:43:16',1,NULL,'2023-03-30 15:43:16'),('b45f5564-c62f-4b83-aeda-951139c3e118','6Isn6dAL5oszp7A484cog5d9tagYb8hs9zN7IFDxd7Q','2023-03-30 15:39:26',1,19,'2023-03-30 15:39:26'),('b4b0b766-4cc8-4561-8c0d-5a7b803db094','YQX9_7gg3B8vWfMfmJrWPst7e6YvEdVZRhKVi1lvY50','2023-03-30 15:29:24',1,4,'2023-03-30 15:29:24'),('b69e895e-7d7c-4ca9-a0cb-0c737728389b','pku7wnT2J3thgB5YLdrX2AUW6LC9H_vwyheCJngEbGA','2023-03-30 15:38:02',1,12,'2023-03-30 15:38:02'),('b7c384f3-da04-40b3-86d4-68dc5cbb15c2','unSyhe3bkmhOHIow_hjwewNwzjtYrsAt18XBqQ0CjhE','2023-03-30 15:38:03',1,12,'2023-03-30 15:38:03'),('b982159d-3b69-41a2-8408-ffac8434bb89','M3BBWiqme3DP3dMcb1BpQ9vPZIweP08HvSv79t4uZvs','2023-03-30 15:29:42',1,5,'2023-03-30 15:29:42'),('b9ad4292-6903-484e-b79d-e6f0696cba04','0','2023-03-30 15:34:42',1,NULL,'2023-03-30 15:34:42'),('b9c8f3fe-1246-4c67-8bdb-83c54ef7819e','VnSVjZiVOL9i8lIeO465SDDmFs99OlvC5VBZaRwLsjs','2023-03-30 15:44:13',1,21,'2023-03-30 15:44:13'),('bbd9cd38-c7f2-4364-854d-376868795515','danpxVeFXsziv12wpCN_f7VdRO8l3_4SXOWVScgtRVM','2023-03-30 15:30:06',1,10,'2023-03-30 15:30:06'),('c220acb1-f8e0-4a5b-878a-01bd671be205','0','2023-03-30 15:43:19',1,NULL,'2023-03-30 15:43:19'),('c4417554-f66f-4285-aa83-c233e7d3835c','0','2023-03-30 15:37:17',1,NULL,'2023-03-30 15:37:17'),('c4a1ef4b-8ac7-4caa-b11c-a6a590f733a0','0','2023-03-30 15:39:05',1,NULL,'2023-03-30 15:39:05'),('c53a13ae-ed33-4db9-8ab7-ef3717d81674','g_rqEYuzkoqJaIACPRsjgHXuf1RtrHlIbXJNdsJ2e78','2023-03-30 15:44:10',1,21,'2023-03-30 15:44:10'),('c69e5c23-10b6-49da-8ac3-c15346c19b42','0','2023-03-30 15:27:46',1,NULL,'2023-03-30 15:27:46'),('c73f12f7-7304-40ad-a4dd-f9305d33c225','01eZJ0tSgLptWQxJC9GqEqStiZ8jF2uFxDAYXiZ4Ec8','2023-03-30 15:44:10',1,21,'2023-03-30 15:44:10'),('c7be964a-831e-41a6-9d28-13dff96bb028','uCGxc55CeAlQSFu1wajGzpbRq6R5dyF63C8i-gNHoKM','2023-03-30 15:39:25',1,19,'2023-03-30 15:39:25'),('ca1caa09-db32-4ff0-8d2c-9b5557c22a40','tChMwYE5Zw9ZDiU6cUQyeLmReAE55dG74MJKHPWNjvs','2023-03-30 15:40:14',1,21,'2023-03-30 15:40:14'),('ca33750e-5b7a-449c-84cf-62f70f67aad6','0','2023-03-30 15:28:54',1,NULL,'2023-03-30 15:28:54'),('cb0ea07d-8948-4753-8919-82d5e7ce6d26','0','2023-03-30 15:47:01',1,NULL,'2023-03-30 15:47:01'),('cb1dd9d4-eb1a-4ff3-9d1e-84d4a623de27','0','2023-03-30 15:25:49',1,NULL,'2023-03-30 15:25:49'),('cd01fc33-6184-44c7-9eb3-3772ac133873','KxkaUxNhyENYYlWvOvkBlK8oj_GSE0wXWWvgwgRgH8E','2023-03-30 15:30:08',1,10,'2023-03-30 15:30:08'),('cd0b1099-5452-4d12-a9af-2a4b54de022d','0','2023-03-30 15:47:01',1,NULL,'2023-03-30 15:47:01'),('ce14010c-0f41-4716-845e-7d4dd48480ea','0','2023-03-30 15:43:43',1,NULL,'2023-03-30 15:43:43'),('ce4c160a-0fb1-4c80-acbf-d0abf2194aab','oHO1mJbU9vJoQzMgjXJiM4Np30Qqbab7hbARY71gBt4','2023-03-30 15:44:10',1,21,'2023-03-30 15:44:10'),('cefab975-2e57-4f6f-b597-985d65b968b7','0','2023-03-30 15:39:06',1,NULL,'2023-03-30 15:39:06'),('cefbc20f-0a21-465a-a9a3-f384749e0816','WLctttbu2HvTsa1XWvUoGRcQozHsqeu9Ahl2JW9Bsu8','2023-03-30 15:37:29',0,NULL,'2023-03-30 15:37:29'),('cfbceb98-9839-4b1d-b674-7831b1a263cc','5d9iFJ7pqIZCBGHyzlKCRZJIMNEeC81dECw1b7XFXpQ','2023-03-30 15:44:10',1,21,'2023-03-30 15:44:10'),('cfee0b72-a6a3-4712-9a6c-019c755a2d6b','T7jbdPv4ymPJiX8C3ha3foxfXlkVIrIv228j6IurX-k','2023-03-30 15:36:11',1,11,'2023-03-30 15:36:11'),('cfefe2d6-0620-41ca-8d89-39f9a4b1cf63','0','2023-03-30 15:29:41',1,NULL,'2023-03-30 15:29:41'),('d00cce9a-7fcd-4202-bbaa-e57e14329ff7','0','2023-03-30 15:25:58',1,NULL,'2023-03-30 15:25:58'),('d01db26f-bc30-467d-a367-09e6345ef248','HhRU6sgUWsO76k5LRdujF5Pt5w2CJa6XI5TKJQpRL2g','2023-03-30 15:29:23',1,4,'2023-03-30 15:29:23'),('d06c6752-b829-4c2a-989b-6f96956c413e','lGgmq2hAuZeRjk-bDudubwJXHnGlPQ6aFDVlM4IYZ5k','2023-03-30 15:44:17',1,21,'2023-03-30 15:44:17'),('d0d041bf-a909-4edb-9557-96fa705e8236','MeEe0A0lBDhEILEsCDjrm2Lvgydimbx3HyV0tQC155w','2023-03-30 15:44:13',1,21,'2023-03-30 15:44:13'),('d2825ceb-096f-4ea6-a45b-9084ae727715','5GRFD6S5xF0A3PHNxyqVTM1SWeUqO16q3dS0s3N9gf0','2023-03-30 15:30:00',1,7,'2023-03-30 15:30:00'),('d37b748a-988e-42af-92e0-8af93d355191','tChMwYE5Zw9ZDiU6cUQyeLmReAE55dG74MJKHPWNjvs','2023-03-30 15:40:14',1,21,'2023-03-30 15:40:14'),('d4f0c84c-d37b-497c-991c-7fde1efd042b','0','2023-03-30 15:24:53',1,NULL,'2023-03-30 15:24:53'),('d664984a-97e5-447c-aa78-79bd31109537','B9mdM15rmjYw1JKNIzmHhBfPWOdzEGa-V_ypuzwW4Sw','2023-03-30 15:39:22',1,18,'2023-03-30 15:39:22'),('d93280a5-70b6-414b-8276-4bc8f1b46a56','0','2023-03-30 15:35:34',1,NULL,'2023-03-30 15:35:34'),('daed7c97-6ea8-46b7-90aa-af1f20a091d4','ZCYw4m9w42P7cHtp-5PsoLHUS7n4xgpFcu6kC6XT-2A','2023-03-30 15:39:14',1,15,'2023-03-30 15:39:14'),('db965979-cc75-4bbc-bdbb-6a1005141ad1','C1K-XYAKiC-4GrVXxuCF-FiB9WPh977OeEcJSsaIvxo','2023-03-30 15:28:31',1,2,'2023-03-30 15:28:31'),('dec674af-b995-45ab-8bd1-8f1ca629099c','TieeIV3h6xY00Whr-mW_K3eF6XIpYVQ53Mg-4KthYIM','2023-03-30 15:39:17',1,16,'2023-03-30 15:39:17'),('defcbe09-31dc-4c31-9e2f-d7a35b28c018','9AxyQaWpJXSRqPnyE59TgOe1aMLLwbSTIho-aYtvmik','2023-03-30 15:38:34',1,13,'2023-03-30 15:38:34'),('df132fa6-ad04-488a-9c2c-cf8300ae86a3','1kFl8e4SgGNRXJNucxLvKki8DXD4IHmBoC4LJpL2O9A','2023-03-30 15:30:04',1,9,'2023-03-30 15:30:04'),('dfaa70fa-2023-48e1-a677-588b0faa4c25','3UHKVtXpRgsu_8ipirjAQ67zeRgfB3lrMQlvXYVSJfg','2023-03-30 15:39:13',1,15,'2023-03-30 15:39:13'),('e0c20f96-897c-409a-9a17-92d0403b855b','w0D0xVPN7mctQ4lmbULMRq2nZ7Y9ZeEKwAChcOn25FI','2023-03-30 15:46:22',1,21,'2023-03-30 15:46:22'),('e21bb32d-1d0e-498e-bd22-11302dc3beb6','aw37dey1Q0UdmZwSyjEXGqrIET-x88NWjRfkD9Stmt8','2023-03-30 15:39:17',1,16,'2023-03-30 15:39:17'),('e26748cc-8c28-45c8-a367-d4de14f152af','5ZRaFH-Uc5AshaAoYgF6N9lAf8nhEhDz8Ujf_6UooSQ','2023-03-30 15:44:17',1,21,'2023-03-30 15:44:17'),('e26c82dd-682e-4b55-839d-33fca335cca2','0','2023-03-30 15:39:12',1,NULL,'2023-03-30 15:39:12'),('e2839240-9fce-43b4-a054-4ee4c22633d2','0','2023-03-30 15:28:51',1,NULL,'2023-03-30 15:28:51'),('e2b8ee72-32bb-4317-826a-d1b3b376795e','tChMwYE5Zw9ZDiU6cUQyeLmReAE55dG74MJKHPWNjvs','2023-03-30 15:39:54',1,21,'2023-03-30 15:39:54'),('e321629b-fccf-4301-8939-543a35ae8b9c','qJFBQFQkcgoHwfqGyCL8LJpKOZNq-wImMojLFW38IqE','2023-03-30 15:39:18',1,16,'2023-03-30 15:39:18'),('e3341657-3eb1-47f2-80f6-a7a066623d1c','p004fiwjaYCr2PEQ6uQYfBjlk0M2zv8KGINLBNWeU2M','2023-03-30 15:39:22',1,18,'2023-03-30 15:39:22'),('e337c4e1-bb87-4cff-ac41-b76061fc7643','I8WBoGsJuVTD9_ypZDPhsFth0knbgGbQuWbuqQjnkHs','2023-03-30 15:43:05',1,21,'2023-03-30 15:43:05'),('e4571f51-8c5b-4edd-a621-68540c191834','epSSGIxCzZnKuXxCZ69lPOFGhMgNiCVv3w0R5VP6eEo','2023-03-30 15:39:16',1,16,'2023-03-30 15:39:16'),('e47d8ba3-c1bd-42a1-bb2f-dc6806310a72','0','2023-03-30 15:34:58',1,NULL,'2023-03-30 15:34:58'),('e6bb51dc-162c-424e-87e0-d32268440975','2GEdriMQj7P5ikxPgYegQygItUmapkJQQUosn0fuXdo','2023-03-30 15:37:01',1,11,'2023-03-30 15:37:01'),('e75dadbd-5fb3-4d1e-a927-dad4d6edba44','0','2023-03-30 15:38:25',1,NULL,'2023-03-30 15:38:25'),('e823c829-bb58-4708-a53d-40ad2bd43ca6','waXlfLb4pUlWMm8dyxgO-_qOmYpyWiiub8taKson9Uc','2023-03-30 15:37:11',1,11,'2023-03-30 15:37:11'),('e87ded42-ea4e-4abd-b885-8a573f2906ca','1gDfPCqDjd5si2fQ6Ujn0_SWIw39WmVrDnAl7O7VywA','2023-03-30 15:29:58',1,6,'2023-03-30 15:29:58'),('e8832b5f-3643-408b-bca8-4e6bac1a7da4','6j8S5Rf6Eiv7wW1eeCOdnzixg26B7QyqjGf-1ye3M40','2023-03-30 15:39:27',1,20,'2023-03-30 15:39:27'),('e9986c01-4106-48f9-9228-4a609b1f4afb','0','2023-03-30 15:35:07',1,NULL,'2023-03-30 15:35:07'),('ea5d9160-6e0f-4987-b46d-04cb2714a796','TZEjHeTIhhRW1KwzGA5g30D8uWsiVQ1UPQcCAIYRC30','2023-03-30 15:39:19',1,17,'2023-03-30 15:39:19'),('ecec47a6-b526-4063-a6b3-7e4704764607','YxCDF0mtPKo2o3ELq_4jHYTvrpCpyR9B9C-ydzFowHw','2023-03-30 15:29:59',1,7,'2023-03-30 15:29:59'),('ed2d47e5-74c5-45a3-a6ab-967bbab39848','0','2023-03-30 15:29:41',1,NULL,'2023-03-30 15:29:41'),('ee30b0ff-62f7-4750-8616-940fdebecefd','mWcMp51bh5DCH754ifCP1MQM-VYEaS8-_mbDZrG6R9I','2023-03-30 15:28:32',1,2,'2023-03-30 15:28:32'),('ef58d496-7061-4cab-b7c0-478f7e2fbd79','0','2023-03-30 15:47:01',1,NULL,'2023-03-30 15:47:01'),('f0a11fdd-9507-4913-9978-2887da728f5a','0','2023-03-30 15:42:29',1,NULL,'2023-03-30 15:42:29'),('f236c01c-912f-4e95-aeba-139f49b0b995','0','2023-03-30 15:29:35',1,NULL,'2023-03-30 15:29:35'),('f2994e96-b730-4e27-970e-ea63e17d7732','IWaMvcHAC9tvPEQXCzMy-OvYMkxNJkS4J9E8u7RRzVE','2023-03-30 15:27:55',1,1,'2023-03-30 15:27:55'),('f3d919ad-d5a5-4c9c-b677-bb6317cd7ca3','si7RCJQ0dJzUtpiloiKw6_7rdou_xrDGQf8qGwCFiYk','2023-03-30 15:44:17',1,21,'2023-03-30 15:44:17'),('f405a695-c93a-4d4b-89d3-ddd6fe324ea2','4XsIty2wACxY-UAul3n3EPT_YcxaYFL9kJ9_JOY94Es','2023-03-30 15:39:30',1,20,'2023-03-30 15:39:30'),('f4571830-1cf3-4d89-937a-f465956ede39','_d3eHMUANXOFUIaJbZKpZag-KuLt4lIIsE9yEO5TQz0','2023-03-30 15:44:14',1,21,'2023-03-30 15:44:14'),('f467ac79-511e-4f70-9ee9-e878bdce36c5','tChMwYE5Zw9ZDiU6cUQyeLmReAE55dG74MJKHPWNjvs','2023-03-30 15:39:54',1,21,'2023-03-30 15:39:54'),('f55f0da2-4b33-4940-990f-2f6160dbb5cb','0','2023-03-30 15:34:28',1,NULL,'2023-03-30 15:34:28'),('f5c498a5-2851-4ab8-9eff-d4bbdb03cd9d','EyaF9cxz0QXVzgoxG1n1ZeqMduLm8bvYXzuiF4PdZEU','2023-03-30 15:39:28',1,20,'2023-03-30 15:39:28'),('f5f2ac4a-733c-42f1-ba4c-7df5b63110e3','FCWVYf38NCR8Ff-eUhIzAHWrLrsZIAtuKgJWGMzKWkI','2023-03-30 15:37:41',1,11,'2023-03-30 15:37:41'),('f61f3548-8364-45fa-8c49-860f07d71c75','ZQpLBup1hNdL1hx8GgnAUGOr_BAdCovtiVbkfeALA64','2023-03-30 15:44:13',1,21,'2023-03-30 15:44:13'),('f6bc66fa-bc17-4cd8-b4ce-0dc400492ac6','bNoJHspvI0NVPdH9zndAWeRo7cjuRRDvdzad_Ada-dQ','2023-03-30 15:29:57',1,6,'2023-03-30 15:29:57'),('f90626ae-f99c-4f22-945d-972dae9d0daa','0','2023-03-30 15:34:55',1,NULL,'2023-03-30 15:34:55'),('f90bf2d4-57bd-43a7-85a2-6189b442db78','MMoG5xn1b-GrfdvnUMUyeltjhjt45irSuyWT4CbhNUI','2023-03-30 15:37:42',1,11,'2023-03-30 15:37:42'),('f9313692-0a0a-4af9-b110-27bee667a084','EZSo1XBy7n_31Z2D9fQtdvR7FCnRJin5cXFoSU62EQI','2023-03-30 15:44:10',1,21,'2023-03-30 15:44:10'),('f9c7ee57-382b-4529-992f-80521cbaddaa','dCpd40JHHkxKgc4YT_buYVawFIl9f4OU48fC7iX35WM','2023-03-30 15:44:13',1,21,'2023-03-30 15:44:13'),('fb3003dd-c3e3-43f1-84fc-b822ef5c1dd5','TmMA9vqKY9zEKF8Ip2usvI2zC7UMSirUW4FUNfqVquE','2023-03-30 15:39:26',1,19,'2023-03-30 15:39:26'),('fb5583c1-2e48-4127-9ed2-42b1fb8a3cb0','0','2023-03-30 15:25:22',1,NULL,'2023-03-30 15:25:22'),('fb951c0c-373d-45a3-97f0-3f4f40cbeaf0','0KAo8O85n0BmiX95EEGaXjiB4aTN8X_GJzGoJMxpr98','2023-03-30 15:39:19',1,17,'2023-03-30 15:39:19'),('fc4dedb0-4c4f-4667-a171-72ddbc906fad','jXwCwWsTi9rQtjm4YjaMi4DQn7OQ1euQJLHH_o7S5JE','2023-03-30 15:38:53',1,14,'2023-03-30 15:38:53'),('fe551d60-8930-491f-8d96-4549baadba4f','0','2023-03-30 15:43:28',1,NULL,'2023-03-30 15:43:28'),('ff56ee02-f293-44c8-b7b9-14eeb4be08ac','NEfjDfQusRXJ1ZKxdWSLQh-fuF70_TTX8FhlNvRkNe0','2023-03-30 15:44:13',1,21,'2023-03-30 15:44:13');
/*!40000 ALTER TABLE `transferFulfilment` ENABLE KEYS */;
UNLOCK TABLES;

--
-- Table structure for table `transferFulfilmentDuplicateCheck`
--

DROP TABLE IF EXISTS `transferFulfilmentDuplicateCheck`;
/*!40101 SET @saved_cs_client     = @@character_set_client */;
/*!50503 SET character_set_client = utf8mb4 */;
CREATE TABLE `transferFulfilmentDuplicateCheck` (
  `transferId` varchar(36) NOT NULL,
  `hash` varchar(256) DEFAULT NULL,
  `createdDate` datetime NOT NULL DEFAULT CURRENT_TIMESTAMP,
  PRIMARY KEY (`transferId`),
  CONSTRAINT `transferfulfilmentduplicatecheck_transferid_foreign` FOREIGN KEY (`transferId`) REFERENCES `transfer` (`transferId`)
) ENGINE=InnoDB DEFAULT CHARSET=utf8mb3;
/*!40101 SET character_set_client = @saved_cs_client */;

--
-- Dumping data for table `transferFulfilmentDuplicateCheck`
--

LOCK TABLES `transferFulfilmentDuplicateCheck` WRITE;
/*!40000 ALTER TABLE `transferFulfilmentDuplicateCheck` DISABLE KEYS */;
INSERT INTO `transferFulfilmentDuplicateCheck` VALUES ('0037e13f-8b29-49d6-b1d0-5f14e0ae153e','xnGOHdnw9J1wqnWmEYpUqu4zYe5r6yFkhUj7kmjSYAc','2023-03-30 15:39:50'),('01292ebf-0e82-4f34-a800-1454173ae226',NULL,'2023-03-30 15:38:24'),('03291e9d-1df5-4fa5-9738-332b116d0e2a','X3zFaYOmeMOwjHPF1o79da24riqVYdY7syGeiZH7t/c','2023-03-30 15:36:13'),('03b28213-9f91-464c-8878-2a3a23a45538',NULL,'2023-03-30 15:25:19'),('03bd7b70-196f-4290-b7d4-1bf10e7b6afb','PJTLGfAO+ORO0/wCTVyLzWNBj9/uiKkwQ/tDF9SI8LM','2023-03-30 15:29:03'),('0593271b-b702-4ee0-98c5-f49939fbf1f6','tBEzPd+usJ6juv9zNFtWbiBLppIqNF2kWXcIggFtrb8','2023-03-30 15:28:31'),('06157145-c0ba-4256-9357-85758565932a','m3W2ae+RV9VAHalbOPFIavJ7tVnBp/+9aRDqJah/bsY','2023-03-30 15:36:11'),('0655f9af-943d-41e3-86ad-c3fdf76b7c88','RFhUk1heTMqrVSeq2TLjmJzH78Vnu2s0VSPg/0HIHsw','2023-03-30 15:39:23'),('074e74e9-dbdf-4279-b40b-2f6f0c267c0d','kzeQ/QgHcEMLJ9rGwbC09wJcA4GMvxDlb2wfQ9rkesY','2023-03-30 15:38:34'),('082b4fe3-af25-40d7-893b-ccde5a81fb4d','cB2Jyg0DlbnjaFr7mIwCmCODX76teolQjmvYWSPBNfo','2023-03-30 15:46:01'),('08ec4e1e-37fb-45bc-8db5-213944faffe4','KcxZYFpBem3OqChz0AueZUTniiN/zXJbTZtfczJ5MOU','2023-03-30 15:44:12'),('0979edf5-6fe3-4807-a8fc-7a79235aebcc',NULL,'2023-03-30 15:24:55'),('09c1421d-0adb-4e8b-ad6d-8233b9d7fb15','1bY4ujM8wwfsWx/LPza2HtKNkc5E/4EnbpCkjRAY9lQ','2023-03-30 15:28:30'),('09e79cb0-5f8f-4bc8-a100-344eeff6f1e7',NULL,'2023-03-30 15:25:32'),('0b89b060-45dd-471e-9725-0e7423e7f5ec','9u+ln5znwuf+DHPZaH3R8v2B6rcsM+nPa0pwCNl+9vo','2023-03-30 15:44:10'),('0c6d1f94-515e-45a2-b340-3e02ce0017d8','iw8tFhip4oPZ5E3RK3NiPXmsHpYKugPtBD03yL2U8C0','2023-03-30 15:44:12'),('0c911e1c-65bf-4b2d-91b3-e8667feb6fa0','F8HbXMSwxzxIEJWNSfdvkdNIudHESymmgtmHzyvatFI','2023-03-30 15:30:07'),('0e24a7e9-a152-4cbe-8d71-be1012db6e31','KHQnExWzBg8UYeP0RHV0EECYc1u//I4ZMatt3KbBDpk','2023-03-30 15:27:30'),('0e7a2c63-0075-4092-9247-8df2b0bfda4c','5SDC1INbubkkJiZ55h/W9wheY292pCkFOOPNmO5NRKo','2023-03-30 15:37:01'),('0ef3a9ec-921a-4e58-bc78-4c137da5b9a7','+FjfyB2guSoR04UPxlD76SlYYuH076Xrqh4eu1Ee9xA','2023-03-30 15:30:06'),('10c9656b-1135-427d-b3fd-b027d4811e14',NULL,'2023-03-30 15:37:21'),('120cacd2-2d94-4e3d-87c9-9c67f83dfe77','ijgi4gcYhGH3+Mh1X2ULxbR+a4OUS8sk+wTzI21b6Ik','2023-03-30 15:29:59'),('12b914a5-fd79-4bff-bc9b-419462ed63e2',NULL,'2023-03-30 15:29:40'),('136cb165-e4ba-44af-a35a-00fb4bbbf0b2',NULL,'2023-03-30 15:27:50'),('13763f01-75ea-45fe-9020-2e36e288dc38','6840dJ1f8iCA5TBcKtXm+/Bs6l8hgClVXj/JCFeKhQU','2023-03-30 15:29:48'),('13eb5fda-b2ed-4990-aa52-2a9f55467b06',NULL,'2023-03-30 15:34:50'),('1402d424-bd9a-40ec-9d6f-df7084e1a46f',NULL,'2023-03-30 15:29:15'),('145a14a5-d1cc-4249-8dd4-ba28d0146d14','UeYZbDZW9A2TzW8/6HgrgAPKFJSxXFEyMKg2QGz/So8','2023-03-30 15:39:12'),('146fc31c-a58d-4db0-b8e8-22397042a0d6','TSS2/eah1x+K25YXBv7QAZC3d35aXvXk9oLjVDlosaA','2023-03-30 15:39:49'),('1519d8e6-0d64-403f-9c5d-a7d0f0aa2a95','RSZ7dU+67nXKCi8t02rG0nvrh6lWyZPQKNOtSLJI+MY','2023-03-30 15:38:53'),('1556d74c-11fc-42bc-9d4e-d9772c5ce069','P6IesTzhy7jIEMwRCkbQPiAL5YTXdHH+JucMhWxeyyU','2023-03-30 15:37:27'),('16bdb9c9-4c78-4845-aaef-9722073e2ca3',NULL,'2023-03-30 15:39:11'),('17baf843-39e5-4ed0-a7b6-eed4e08a897a','BiNMg6qSBITwRx7NLqcDMrohR78FQ/8WjmPWAANQTmk','2023-03-30 15:27:54'),('17bb9609-9b76-46fc-a04e-7439208be1a5','TSS2/eah1x+K25YXBv7QAZC3d35aXvXk9oLjVDlosaA','2023-03-30 15:39:46'),('1d8624b5-7579-425d-a67d-97740b4168b7',NULL,'2023-03-30 15:47:01'),('1dc0f91c-89cb-4d6d-b406-51395d1196ed',NULL,'2023-03-30 15:38:46'),('1ef36114-1c57-4edc-9de4-1542df184b72','FAt1B/nUvdq79G/TlsQXTSoHD+9BiMFkt5aNgljjfyo','2023-03-30 15:29:22'),('1fa780f9-83ab-4954-8d59-cb7ee112128b','HmDhOGsqCDMjwxr8nojjgfCZ8Or+qALd0F8e715Hug0','2023-03-30 15:29:23'),('221cb4a6-3849-4cf4-afe5-6cef23682943',NULL,'2023-03-30 15:39:05'),('225cfaa5-3a9a-4d2a-8bc5-7ad0f101a31f',NULL,'2023-03-30 15:35:22'),('22fcbfe3-f636-4889-8068-02154f279e05','V7iaWfzH+4Th4Tgax+YfO/0ezOU23IAUy2aGmO/cWVI','2023-03-30 15:38:35'),('2307f67a-2348-4751-b72f-de04f4014dc3','xdQc9ui0nXAI4q2PvRCWXm6arKmE9KXwJLMOV3/sgB4','2023-03-30 15:41:16'),('25bbc1a3-a4dc-4be6-97de-a8f244a10743',NULL,'2023-03-30 15:28:54'),('263c094a-a302-48d0-9645-b62f80c25884',NULL,'2023-03-30 15:29:15'),('265bd93a-3f70-4cc2-a44b-835189424114','PFDUgf+9wuve+J4dQzduNiAufMezETNarZ6PHmV02S8','2023-03-30 15:28:09'),('278c48cc-5ef3-4432-8005-b05dd6dfb0b8','Jhih35HAuZoSZw0g6mRtrz+nKD6FgB8qRSW5wuD0C3M','2023-03-30 15:27:33'),('27ab6bb2-d12c-42a0-beae-ddca5ded25c8',NULL,'2023-03-30 15:47:01'),('281539fa-668b-4d75-a9b8-162bdca493b6',NULL,'2023-03-30 15:29:15'),('2a927a8a-760f-44bf-a718-9edf1cc29e97','TSS2/eah1x+K25YXBv7QAZC3d35aXvXk9oLjVDlosaA','2023-03-30 15:39:47'),('2af9dfd1-220f-4d5f-9b1a-1ad3fa545a11','E402NhifAMeitC6Rxxpv9rjJJqVm5NgM89TGlXSSk6o','2023-03-30 15:44:17'),('2b0e8af1-5bf4-4682-a1ad-6a984244418a',NULL,'2023-03-30 15:29:15'),('2bd9865e-e9b0-4197-90e9-f2e08af39f44','aLIl2a13Zcl84RbeMYVLs2qKRQo9RD5kiRqbu8Vr31M','2023-03-30 15:44:09'),('2ca3b6f5-42b0-48f4-b5f5-73ee18ae7e68','tObLYS+/LCbrVVFBpYNAWNDrtltEYZn1emfT7u8XLf0','2023-03-30 15:38:34'),('2cc01c10-7fd1-4e9c-bb19-bfe8ce023567',NULL,'2023-03-30 15:39:11'),('2db2f973-e761-4ae6-8869-e481efc8ac42','gHaOHfAhBr9myEwIIkgDBYbhNLZkBXFF1rysPNTXRS4','2023-03-30 15:27:16'),('2e768760-b24f-443b-9f64-aad7e8a84f83','yqS+5iKjOh6iLZAilIrYsl+mTp3g7XXo9FPgwjWz78g','2023-03-30 15:26:37'),('2e8530b7-b8b1-4852-ad1e-0520b1d39834',NULL,'2023-03-30 15:27:41'),('2f59581b-f2e4-4296-a6ff-9534088068ad',NULL,'2023-03-30 15:43:30'),('3049bcca-b799-4304-a2d9-773562b1c4dd','hB7qJJrlf1HISOpnTvbT8oLLpTZrhwdTgMgdetC18lI','2023-03-30 15:30:05'),('304a8d6f-0cf9-48f1-8400-52db9067ae62',NULL,'2023-03-30 15:47:01'),('3159a9ee-30a1-4dbf-a07e-4d83c7d439ad','0mh3k1Ckr40uqYQIBqeUfFAo1cJSMGm6QIgtMWY8xzs','2023-03-30 15:37:24'),('31728a21-d87e-4015-8297-5f88e5394096',NULL,'2023-03-30 15:25:15'),('31f0f44b-36db-431b-883f-0e67ed599610',NULL,'2023-03-30 15:28:51'),('3366f889-09ba-4a60-9fdc-922c1af62ace','G/7Wa9gBHwLes0+RFTYgynTVybcYjijx64NmMkgKOP4','2023-03-30 15:39:28'),('344d6d3c-62b3-49ab-bed9-0ee11861d3ca',NULL,'2023-03-30 15:39:11'),('36515a29-750f-4a4e-bf2c-fd4bf5972919','9V7i1Jfo5zOnW0rbw9GXWEpoYTd28Ui2nlBdHF1EnnY','2023-03-30 15:46:01'),('3674812c-51b9-4461-9ee2-be5c217bd7d6',NULL,'2023-03-30 15:29:35'),('3d5ddf3e-e703-466a-a4c2-32635f42ab61','qdPzTvXO7v7wF5uGYyWXVxH23X/F+aZ6NZ+0gfzYZiU','2023-03-30 15:44:12'),('3e8c9a61-e2e5-47ad-9e23-246370d06e79',NULL,'2023-03-30 15:35:39'),('3f3e5771-7ba3-46cb-864c-a30dfbc01b6a','G2KVuXyevnRN8KAGK6LTkfqV8mWd2A5vVY13WaI73EM','2023-03-30 15:44:17'),('401b13d6-796b-434f-87bd-b56400e419b2','QjYOh68cBi1LsHY+agWadIsgAMBQ1vzYLJP4xWFAEcg','2023-03-30 15:38:33'),('41b68c88-0d4b-4c78-ba7c-74c455bb50a5',NULL,'2023-03-30 15:43:40'),('42549296-34bf-44df-adc4-3f1cf945f1d5','ZkIibaTr7lcdl5D09fXDBhnhcyDLCUJPkhjUvEefJMQ','2023-03-30 15:39:23'),('4478b5cb-59a3-4c94-8f85-b54c352485fb',NULL,'2023-03-30 15:38:46'),('44a1de8f-b17e-406b-a6aa-fe6b4db922a3',NULL,'2023-03-30 15:38:21'),('460f617a-cae3-4a52-9e03-e9196c0c8781','y/pnP0z5KEUOzsWaJmr5xVxdpdnleV5EfH3okZ8Ce2k','2023-03-30 15:27:52'),('462e2f50-936f-4a43-9014-1b22f87c52d8','gHLUs9p47mKufEv+OzyYXTzZTkcA/XUD8vccmYq0tYE','2023-03-30 15:39:18'),('46b0dfeb-76f1-439b-b418-aae0291d75f5','9tgvpLzWRBHLkaGrqewKTeUkeL8CCw30LibyEdKLxQ8','2023-03-30 15:39:22'),('4937b5f3-d128-4364-af8d-ef465ec5e424','4m1oi+csP8uEoRTYeSh6ugJqzJfYTendkM2VdhQmaiM','2023-03-30 15:26:35'),('49c989f5-df83-4919-843c-75cee603715b',NULL,'2023-03-30 15:34:39'),('4ad2cd29-85a4-47b2-af16-31c63d92886a','NkIXdPZjzkYnJKoE/ce7pfeWPYmuzuUjkZlTTSzrnuU','2023-03-30 15:39:20'),('4bac4be3-4e84-48e1-930d-ad73838c4d07','UmLNo7af6AOSKq/yhaBOhAOJytCqoi+VZp7HjtFInUs','2023-03-30 15:29:58'),('4d0a9f13-f599-451c-9434-ea800f649aa3','83Ez0yOFlcPHYoYOrX80kYrw9hVq1fD//nuTf8s262o','2023-03-30 15:39:24'),('50197ea7-9fea-4d5a-8abc-ecfd9726d6e9','xnxxZE769aFwn2CdzimXHE2id8H8w1ppJSeErmrAOAs','2023-03-30 15:38:53'),('50391b00-978f-45ea-a075-7af309e161b8','jsCpgfKFVlkVF/6+xBHRJbSrKx03SlMKOAB8N0dv+PU','2023-03-30 15:29:56'),('512d6da5-2acc-41b3-abae-1efc34351654','rFaPmVY/caB2pQWxzhO5riqeCCp5FL7jJ6LOlGN0kI0','2023-03-30 15:39:21'),('518491da-fe7d-4300-8517-20f8957fe3b5','Z6dKJv2FnGQt4CHvcg5aYmlnHgGt4ZXL1npc2Nqdva0','2023-03-30 15:30:02'),('5327fb39-5b70-4108-bd19-2004d647c70b','W80YeKSz78mhcolFYb5rpJiEpj2UBBt/5Z7YRT6uJlk','2023-03-30 15:46:23'),('54d6a51d-c335-4f28-8e3e-d27dcf417b5e','TSS2/eah1x+K25YXBv7QAZC3d35aXvXk9oLjVDlosaA','2023-03-30 15:39:49'),('54e068d8-e03a-4df9-b968-7ee869f49917',NULL,'2023-03-30 15:37:13'),('552bee22-e78c-418a-a8bd-100b51e74ce6','UT1ao2LN6NHyd8P/yRXoXRXytVoMouk2/u1+7Q5dijQ','2023-03-30 15:36:32'),('56359c15-466f-4f62-9809-67e44c2b9804','Fg4jLPbXp8JWHvjMR6k6F18Vlg8m7df2ZembWhVMk0Y','2023-03-30 15:26:40'),('58d329b7-2225-4eea-9518-f3163211919b',NULL,'2023-03-30 15:38:46'),('58e5fba7-b782-4f5f-b6f5-03dc7dff8f00','Yjbq/xKqqwAlZ25Tx4+KpBzXxG57d3rD1IN/Wl/gTAk','2023-03-30 15:44:17'),('59b9605b-36c1-41c1-8db2-6fa7fd4e07ad','TZC9e/P5JUPrGyjJszRcUXZsv1k34ufVB/OIbx3yRXY','2023-03-30 15:44:09'),('5a362d31-b7e1-4a7d-9996-697238f06337','TSS2/eah1x+K25YXBv7QAZC3d35aXvXk9oLjVDlosaA','2023-03-30 15:40:14'),('5b11c771-a089-4cc9-ba18-a78dc18303b5','ljIiEnSWPBGVVs6JEnXN5ACyeKwt2lTMQgeDM35Bf2A','2023-03-30 15:39:16'),('5b218178-f76a-4a4b-ab81-8ee69ff50ac1','4ntSE0lyqlGujVDhtgtZrLuI8sPqqYpFare7GJ9qAIY','2023-03-30 15:44:14'),('5c896cbd-2c70-45e4-b8fd-3e001730e83e',NULL,'2023-03-30 15:38:21'),('5ce60bd7-dcd2-49c5-bf56-47c3cd27a9a7','PF5cYvFvXHZ+l+ZKFZzKkCpeganp8U08s0shLGNGCac','2023-03-30 15:36:08'),('5d36d2e4-e176-4e3a-9855-d1e0269de893','CbMdE1QfuRjvgZ+slTfZhnSM/k0TydercqkRkFzD1rk','2023-03-30 15:30:01'),('5dfd57d0-fca1-4ba7-86e4-9e401528e23a','tKnKpq6TlIWvOcf5GgupCj5Ue8rIjAPnOjpbZYPB5Lw','2023-03-30 15:39:24'),('5e3b5e6f-dcc4-471d-a82f-5b5bb767944b','Zc9WAi1VCUqaF7lg4qAeQEx9pa5moDwHNEJw8f9Gsp0','2023-03-30 15:39:19'),('5e927a09-8a11-4405-ac05-05549d9c80d9','k2KQeIS0XESJq2gqaejThLdxH9UGsXPq6RBxQnBcGYo','2023-03-30 15:44:17'),('5ee10494-d9c3-474a-82e1-02fdb19b181b','e5fyWvPjmTrkRhJo4zo/yDTObV1kMZpxKEeiDOcPkP0','2023-03-30 15:39:28'),('5f05b931-3bb8-456f-ae90-e0409574f236','J0cktIp4k1apNkXFEVzSX1NzBq5Wud/Spf15A1hkPfA','2023-03-30 15:29:41'),('5f1b7ab3-5a01-474a-b66c-94f10877423c',NULL,'2023-03-30 15:39:05'),('5f7ccba9-1703-4426-a737-27b5909d2afd',NULL,'2023-03-30 15:42:16'),('5fd04775-916d-4a2c-9c4e-e5004c7b4d46','IR9PlcP/Yta8UIqOjPJJwOsgXr1tX1uwNU0Sd8S47B8','2023-03-30 15:26:38'),('60314569-070f-4936-9be0-946e578edf00','45XVmyslZnTRiZEMJTj8H4g9z5vp0HZyKSfBb0JxkMM','2023-03-30 15:44:14'),('60acf797-c287-493a-9c26-56c51c795d7d','XpYciaksPjzPW4zmc6PViKlBSFmJr2h9RjAJiE4cJSI','2023-03-30 15:30:04'),('6237c1ed-6f0f-49b4-878b-70d4a24a665c','8TGw8fBodk2poIp6dn3lzGirgEiVlNm6QJnlU5LhTnA','2023-03-30 15:29:55'),('6293bfd3-87dc-47fa-8a08-73a35accaa3d','lj/puwR7RSEuQ4AUFXqpNMJgNgqsmCu7U55+Bk4l7Xw','2023-03-30 15:29:58'),('6331d0a3-1560-4013-b612-88288a9692fa','Oq7FDAZddXGAwVPrUFDS+MLuny2L+gu0ECiOujQ4ZL0','2023-03-30 15:46:22'),('63fb34db-fff8-4627-97e5-cc99b2eefeee','6wTYDZMh/pL0K1GVsgRKm/beqJ4uQvDSpUdOrmO1LKk','2023-03-30 15:29:48'),('6656ecf8-0b08-4e4c-b30c-c09017e0919e','zX/otEKxtyGl8cTDTpHEzW78poj6XV2vYD3NnViW0MI','2023-03-30 15:38:54'),('678875b4-c91a-4b1f-ac0a-c92d9023757f',NULL,'2023-03-30 15:47:01'),('67a569d2-30d1-40b3-8bf0-0df8596cce3b','w5bBHbLJme0KF3c1vbiOHP9RSkajRnRpq3b/rcsTh3I','2023-03-30 15:27:56'),('67f153b0-414a-484c-9708-56acc242c1bb',NULL,'2023-03-30 15:38:24'),('69723912-5d85-4b1e-98cb-b5d9dc5ca3a9','hneRiRFX18B/8LDP4EgL37O3TBgiRK4cK7k4hYsisiA','2023-03-30 15:38:01'),('6a5d152b-7305-49c4-ba2f-83bb3615f9df','N0m8/r66/JuVgYF30KgP7JrSa8YLocBqRxZtsONWMJc','2023-03-30 15:39:13'),('6a6b96cf-a52c-4dc4-ad3f-2583e6721df0','6IPSvf+4iAv0ESnxr6rmXbUhiJR7tNngS0s8zTlulg4','2023-03-30 15:30:03'),('6b59e34c-3fb8-4b71-b5b0-05c30fd60323','piipmpEXI5Wx6lVFT5Rf2UOL5iPM9QTuwRHhUQVolRw','2023-03-30 15:28:31'),('6e81bc72-60a3-4442-b4f6-75676880d155','6+OGAKTfw9oEtOhR2sWTkqobCi5ohQXn8+Xw3/tYlbU','2023-03-30 15:29:04'),('71ebf773-a20d-4389-9545-045c48817548','exiqkD+RPmhYs9qDofd7RIymMoPIPtq7LPTrN6YDZAo','2023-03-30 15:39:26'),('71faba9a-55ab-484b-9819-1ee49f53c6d6','Dg1gLUfpHY0Hy90c2r0sZCqXQgrtrUj1zxKu6tyAi4g','2023-03-30 15:38:01'),('72448f40-e07f-4dbc-b959-baa15269a18b','gg1ZkKxrH9bAL7u01TgvlkWM9o6I9KHrGR7tlW9p8s0','2023-03-30 15:30:04'),('73600c2a-177c-4c2f-b3cc-192ae0c5ebac','21yOAqJQOh5PQ8/KdgQiq+DtgYIrT9REmgU4i7L5bSQ','2023-03-30 15:44:09'),('75cb1b78-a0b1-436a-b86e-d74405826220','TSS2/eah1x+K25YXBv7QAZC3d35aXvXk9oLjVDlosaA','2023-03-30 15:39:53'),('774eb290-7f66-449d-8373-a7c324dc672c','TSS2/eah1x+K25YXBv7QAZC3d35aXvXk9oLjVDlosaA','2023-03-30 15:39:47'),('79e2f4d6-7dee-411c-8630-5ed50abc70f5','3tDweWY7VWDr4w/z3Sh0hNEpSZHKeqqY19HXTvAIZK8','2023-03-30 15:29:03'),('7c1168a5-a75e-4220-9a3f-b211f9b9fdef','OD2WdE87m88XLBTymmkRulr68xt8csJeUKq6pdQCl5g','2023-03-30 15:44:12'),('7c6e16d8-7be3-46b3-942f-9684b488a5bf',NULL,'2023-03-30 15:28:51'),('7cce03ba-0984-4a6c-9143-7510c6554339','Ru+1CwzgWfnhfYYBXPMBivz7Abdg9XEbGssvZ8iSiCE','2023-03-30 15:29:03'),('80ea2193-c233-403c-b3e1-826520c617b8',NULL,'2023-03-30 15:25:06'),('829be5f9-3b8a-4854-b7f8-d09b5b5e3e3f','cvGteisFJqsjg5DpjI1Ag1BwWRi/RFIUAAHcP7+Q2uY','2023-03-30 15:39:14'),('829d07f3-7785-4052-958e-44c53564d423','+9Zjak6qB/0JONK0aG1vsd+QcLUqA1uLOy2f2bxAGgE','2023-03-30 15:46:22'),('8347f975-a9ac-4226-aef0-1268fe4f3df7','jJXcXmYuxyYLaLZpVM3bjMKSyte816VKbRSsQgUT1hY','2023-03-30 15:29:03'),('83f425ee-3669-4861-9357-af642bbba675',NULL,'2023-03-30 15:28:54'),('83fd482b-25b1-4377-9a8b-d5d3add98f86','fYv7iEsmnLifTAE1lvqCsUHxlHG7kpIWzSxghRA32DY','2023-03-30 15:29:56'),('8549314c-3c58-47f3-b889-685d18e7d017','gV5pSnmxUaNUrLO8NbVmw3IPJtSUD1MAhBsEz4C5B64','2023-03-30 15:38:34'),('854e6422-bdec-401f-b5d3-8ca139bb5ba9','SrjRa9jTQn8YWQ0wsv2IbkX+uaohOJwu3iMntEBqVpM','2023-03-30 15:39:20'),('866b84c5-15a6-4e6e-9167-c4f11b7a8d3c','EyNH8b80yY8aslxwqKQJena9iwH0sIJ1taO/ukBOQro','2023-03-30 15:38:02'),('86ad02eb-3af9-4c3c-9226-9b95a9ffd304','NybhAF2X3LBLE/kzRhSNRLZ3QGt1A3NHxvhAk0Wm0qI','2023-03-30 15:38:53'),('877f158c-c3d1-4666-9b54-9db2d43f89fe','tHZymsjVkWBay3O/wnt0Ca8LRzaMkMgc5SPcR5Uw6Wo','2023-03-30 15:30:05'),('8863e181-053b-433c-87f3-d33bb35cfec5','MChPRWVq4/zgFeegrPVnheR+5j5w2OlDes667bjQpso','2023-03-30 15:44:17'),('89267d45-aa8e-44c1-8565-44e4d85984fc','RiD4Sh0PFCzv5OOEmMs6M7qpAc9GRrlnZ7viVszcvlY','2023-03-30 15:39:29'),('892a613d-e5a2-41df-ba53-3837e0fa6778','SpMcscUTxoFimSGJ+O9ECXwEJUJyU7uxJic/3MFCHHA','2023-03-30 15:44:09'),('8a1c8ccd-8651-47f3-a57b-640170068d23',NULL,'2023-03-30 15:28:54'),('8d381525-4fcd-48b7-b5b9-0b0535f5ec2a','TSS2/eah1x+K25YXBv7QAZC3d35aXvXk9oLjVDlosaA','2023-03-30 15:39:48'),('8dae85fa-f4a4-4534-9206-b20e61d64e73','nE/Ux9oVooadG7uY/EaxUSZbZDtjY70pP5sCe6QqNCM','2023-03-30 15:44:17'),('8f835e31-8b83-426e-9938-5ffbd157f750','pn2pi3lLsH9uV5ze1cWQcoB3sWj0sOeG6ZicrosVs/8','2023-03-30 15:29:49'),('8faf2aa7-9982-4ea4-bea3-8fc5533584f4','gmf1jTgDYNaOhWaVq2Qhwp7TFuyK5FYQRGYkytU1xcc','2023-03-30 15:30:08'),('9057241a-2b29-4117-be46-09e178095d54',NULL,'2023-03-30 15:38:21'),('92d8b492-54b6-41dc-9919-f512734ccf21',NULL,'2023-03-30 15:35:04'),('93af34a1-9b05-40ee-8f32-83b3369cc4ef','pbIKXUp2pITK7ka7D5bAKYJqVt0Zdu33uWFGZV2CYEQ','2023-03-30 15:29:22'),('94b4e893-a4d9-4e58-843f-0e278ceeeacd','RA9gX7LiXehQMBKMRiUrSx82FcIo9LGUZRyssT6+5g8','2023-03-30 15:44:14'),('960b9b0f-d05d-48f3-97e2-02d9002a8033','TSS2/eah1x+K25YXBv7QAZC3d35aXvXk9oLjVDlosaA','2023-03-30 15:40:14'),('96cc34c6-c41f-498b-910c-bda050357e2d','dySKJaEWKjMgDWohR44cJGdNfvY3e+G/jVf8tPFsd88','2023-03-30 15:28:30'),('9780feab-9d9c-4455-8cd0-8f88bfbc955c','vNG+b1V7aujM07LyhILSsTx87LXL1kC69EH7WQh7u/s','2023-03-30 15:30:00'),('97c3fd11-6d47-4ad1-804e-a9805f0009b0','IaZKiM9C9iIro0DIZLAbIeAQjBLeKjwhizoOv3z9LN8','2023-03-30 15:38:54'),('9828a375-633b-4b19-aac9-1b3add577a3c','TSS2/eah1x+K25YXBv7QAZC3d35aXvXk9oLjVDlosaA','2023-03-30 15:39:46'),('98d18fc2-9069-4197-a52f-26ab8b9319cd','xtCworDaRKIDFyicKCVgEyz/L3iYnibyb8rgmsvVmzs','2023-03-30 15:37:26'),('9a1fee85-4973-4faa-a90d-81efea6a0440',NULL,'2023-03-30 15:29:34'),('9a3b5930-f5e3-4ebb-a375-4f487030137d',NULL,'2023-03-30 15:38:24'),('9a8af5a3-8841-401d-bb86-253e5b8ce4f8',NULL,'2023-03-30 15:34:30'),('9bce31de-44af-423c-a325-816c41b99d9f',NULL,'2023-03-30 15:28:51'),('9be682aa-ec53-493b-96ed-6479e69807a8','lubKBXaNGYTvN2KYA3FcPZbDAt4ZDvDu99/6CJ1dNgQ','2023-03-30 15:27:00'),('9c47ba06-8d93-4f25-a42b-57953a7727e2','7lACci3rnFoROLx0DfyNHtCXExXCcaz1urIwHAZ2lK0','2023-03-30 15:39:13'),('9d033cde-1c26-4dd7-88d9-297162236910','TSS2/eah1x+K25YXBv7QAZC3d35aXvXk9oLjVDlosaA','2023-03-30 15:39:48'),('9ee476bf-d4dc-4415-92ac-189ea74f75ef','tdL0KOqqjhe6pGMzBDo9+iC0x4ejthvivZaJTmXrKUY','2023-03-30 15:27:39'),('9fe61fe2-8373-45f9-ae40-2ff5cb31c79b',NULL,'2023-03-30 15:25:47'),('9ff2ceb6-22ab-4db0-8623-82833769028c','iNSMmlhWaZ89S6DrX44uO/7Ph1BpAE2qMP4hV29tFpQ','2023-03-30 15:27:38'),('a01f0624-00f2-4052-88aa-c358853b2472','nYij7TmfGyBtT0k3GGZdqXe9mYAyfnSqEfPN7Sumc88','2023-03-30 15:44:12'),('a0d25aaa-ffb7-4d10-b291-1e413af79f26','vbLlFCxzVpABMdFYGSThc4kAXPxHbPeBfWPFt3nfu9c','2023-03-30 15:27:31'),('a175b7f4-f7e9-4f5c-aea5-a431567cebe2',NULL,'2023-03-30 15:25:03'),('a1af1ee3-6e7a-470b-ba12-6084e444b7aa','3T9HXIgBg9Qs6/mVC2YY4Xay+IwrWHUgTzzu7ESJOaM','2023-03-30 15:39:18'),('a2158d3d-6c3c-4b09-8a11-71bd6b8e8954','sJV3BwQxcmarOfC7j2DaVj+0Vjz5TYs2Fya6546e6Hc','2023-03-30 15:29:23'),('a2457ec8-dc06-4dc8-92e2-59c83c55961f',NULL,'2023-03-30 15:25:30'),('a276a63b-fa23-4bfd-bab8-e0ba1b244bba','IoDIhNQU9CRdHqdPfEovUAkAZe8h9COftKbFeGQqZZg','2023-03-30 15:37:03'),('a3b22780-d781-43c7-bf27-3f5d6d9de214','lOZ5s3pPpmYzis3EtP0MO56cu2d39xk+AUVd75lbxwA','2023-03-30 15:38:01'),('a3dbb28e-ab25-4b74-ac3e-e4a95a4bbe1a','cUCI4USKUqNO5UnQaeakd0vPGtKPAUpqw5Zd/82hdWo','2023-03-30 15:27:58'),('a5d4ee2f-b2d7-46ca-a8d6-d56fff0fac5b','3plvk1+TKTMCwgtH23objRsghp3V8vCFMW8Bua6cbfA','2023-03-30 15:37:25'),('a5f902b0-a013-4147-9249-5943c35f9491',NULL,'2023-03-30 15:38:46'),('a6557169-a9cc-434d-aa97-84a72991348c','stVjQJbl88u/p7LjkQsVXDC0D4/oDrXt5swv1rYn0Z4','2023-03-30 15:30:02'),('a6609fd8-48d6-4b38-b9ec-dd28be340ae9','zIHM6eyB/DaViZuR07H8Y51syRZ+3Xpsz9zlwrS1NPw','2023-03-30 15:26:34'),('a6c06e1a-cfd0-488b-b219-a95c78a251ca',NULL,'2023-03-30 15:29:40'),('a774f4f1-f833-4b7d-8434-623b69fa8ca3',NULL,'2023-03-30 15:35:24'),('a786e7c6-7f40-4818-92bd-f081b4b5ce37',NULL,'2023-03-30 15:47:01'),('a7ffc724-a797-479e-8b3d-5bf82621e1ba','K+n3sUX9TlDZIepNf+k/WjT9hakq3kQ1LPY6xx1pGk8','2023-03-30 15:36:09'),('a95f6dba-0727-4a7e-88e9-4cccc3322368','SmirzjH6ag0YFY/YlQLLPIl8owSYybPy/hQgWaIyeoc','2023-03-30 15:28:11'),('acf9f81f-8981-4336-86f5-4126b5fc01d2',NULL,'2023-03-30 15:29:35'),('ad1f51a4-f927-4d9b-94a8-e84108edc2a7','3obR9MfWRf27aw9iE21jRUEwdXlEp7oygX/7UA0TNrg','2023-03-30 15:37:10'),('af754401-2a9d-436a-8a26-6e03bbc17eac','iAizxEyVD3z5RecZCG6ukcFJ4nJqPa1pn/x3qK7PMAA','2023-03-30 15:44:17'),('afaa42ab-ce4b-4f38-9749-5f0fb846bdec',NULL,'2023-03-30 15:47:01'),('b0b087ae-7d91-40a4-9ea2-6c8b4ddb662d',NULL,'2023-03-30 15:38:21'),('b1114f0a-7167-4e36-9764-23a13011fff6','bMOJdrF/Sqo0aGIBf3vDiF9CAtdq+xq8CTKj/lNh1TY','2023-03-30 15:30:04'),('b1e6bb4f-3235-4bac-9368-f0ee1cd20a8a',NULL,'2023-03-30 15:26:02'),('b1ece5f3-da11-45d4-bc8c-9496ff147664','yD5p5DJtmPi0QAgBCaAGMY/OwYtkCxf9PFX1KBMfJuE','2023-03-30 15:30:01'),('b1fe01f6-4694-433b-a160-f801ef15612c','uz4CW3Cx1Wb805y6dFG/gTSqlNChldOxDF2gOEnYuXQ','2023-03-30 15:29:04'),('b3923884-9072-48d1-a9b7-a6ebd0d491af',NULL,'2023-03-30 15:43:16'),('b45f5564-c62f-4b83-aeda-951139c3e118','XpcEAPTBec4bsMr/napw6kWazB+yDmlsJG+XpxDMp1I','2023-03-30 15:39:25'),('b4b0b766-4cc8-4561-8c0d-5a7b803db094','H4mk1AoRtuvTuzfsq8Fa7kxZU6qjD155P9YutdEx15o','2023-03-30 15:29:23'),('b69e895e-7d7c-4ca9-a0cb-0c737728389b','XVKV763mjDU7L2ccNMgyU4yv5dEBFvKJZNHPFCRw68M','2023-03-30 15:38:02'),('b7c384f3-da04-40b3-86d4-68dc5cbb15c2','qfGJjjqNFz5ourJBcYc3AMtCWst1H4ZebBielvhdZ00','2023-03-30 15:38:02'),('b982159d-3b69-41a2-8408-ffac8434bb89','Oi+L3yu71VJhjeyE6EBUzSMNPgPkw0HTxP1FG+4LvGg','2023-03-30 15:29:42'),('b9ad4292-6903-484e-b79d-e6f0696cba04',NULL,'2023-03-30 15:34:41'),('b9c8f3fe-1246-4c67-8bdb-83c54ef7819e','K/hB7ZudyI8w6/RVjvqmon+ijDWC736qLAmsb+VPfhM','2023-03-30 15:44:12'),('bbd9cd38-c7f2-4364-854d-376868795515','KfE2VJ7zdXNrmHlP5g88t1FUS/7RdworwDJzSTAj52E','2023-03-30 15:30:06'),('c220acb1-f8e0-4a5b-878a-01bd671be205',NULL,'2023-03-30 15:43:18'),('c3af2351-692a-437f-97f8-8c5bc6bef5bd','p5L+UM8CahC9gW8cpXD2cogO6z6xwcBHUkbEGQzNYLU','2023-03-30 15:39:50'),('c4417554-f66f-4285-aa83-c233e7d3835c',NULL,'2023-03-30 15:37:17'),('c4a1ef4b-8ac7-4caa-b11c-a6a590f733a0',NULL,'2023-03-30 15:39:05'),('c53a13ae-ed33-4db9-8ab7-ef3717d81674','s1706I2VONHmm5VTIgIRJxLc3qvLTfF4+PLPNbsh/hg','2023-03-30 15:44:09'),('c69e5c23-10b6-49da-8ac3-c15346c19b42',NULL,'2023-03-30 15:27:45'),('c73f12f7-7304-40ad-a4dd-f9305d33c225','6qq5QESAxOzn6kQu9r94SYUAJbL07gfamDmI3XfyQiE','2023-03-30 15:44:09'),('c7be964a-831e-41a6-9d28-13dff96bb028','wWdq4bKUqBe0oIA8Sp9LHPzAlhwXj35udFCiWSDM1Do','2023-03-30 15:39:25'),('ca1caa09-db32-4ff0-8d2c-9b5557c22a40','TSS2/eah1x+K25YXBv7QAZC3d35aXvXk9oLjVDlosaA','2023-03-30 15:40:14'),('ca33750e-5b7a-449c-84cf-62f70f67aad6',NULL,'2023-03-30 15:28:54'),('cb0ea07d-8948-4753-8919-82d5e7ce6d26',NULL,'2023-03-30 15:47:01'),('cb1dd9d4-eb1a-4ff3-9d1e-84d4a623de27',NULL,'2023-03-30 15:25:49'),('cd01fc33-6184-44c7-9eb3-3772ac133873','apAokl0qlZF39sAKDAzeqPXLa3fPYgEEepsUePwaBe0','2023-03-30 15:30:07'),('cd0b1099-5452-4d12-a9af-2a4b54de022d',NULL,'2023-03-30 15:47:01'),('cde993c4-9987-4095-a264-cf9e85b60a2a','nlKGqgFr4YwOA8bVhIa1eJDW+TIrD5CfLhKiwn1mxpI','2023-03-30 15:41:16'),('ce14010c-0f41-4716-845e-7d4dd48480ea',NULL,'2023-03-30 15:43:42'),('ce4c160a-0fb1-4c80-acbf-d0abf2194aab','Lb1t7ClVmRxwo8vM/9CGEE9vJD+nF5Yr39aY0iauHAE','2023-03-30 15:44:10'),('cefab975-2e57-4f6f-b597-985d65b968b7',NULL,'2023-03-30 15:39:05'),('cefbc20f-0a21-465a-a9a3-f384749e0816','/lVm8eEZmowukOycoXo8l7RHCsQ58wNlFRGPfkyTy9Q','2023-03-30 15:37:29'),('cfbceb98-9839-4b1d-b674-7831b1a263cc','PxW5Pbk1+Wc0LvX98lsh/HWe3yHqOGVnvULIw9XO25c','2023-03-30 15:44:09'),('cfee0b72-a6a3-4712-9a6c-019c755a2d6b','A5oYEVYjuu7k3t7wn2z+KQADE4fqxD+v2MBFnO+fV9Y','2023-03-30 15:36:10'),('cfefe2d6-0620-41ca-8d89-39f9a4b1cf63',NULL,'2023-03-30 15:29:40'),('d00cce9a-7fcd-4202-bbaa-e57e14329ff7',NULL,'2023-03-30 15:25:58'),('d01db26f-bc30-467d-a367-09e6345ef248','oRxhZhIPMRtKxAvtXNyq4JcKRLwDzGSFDE1+JNGnpsU','2023-03-30 15:29:23'),('d06c6752-b829-4c2a-989b-6f96956c413e','xEYsMBAYCxiyxmmtyweHKE49hQsbVaCUVb2Ja+dXtk4','2023-03-30 15:44:17'),('d0d041bf-a909-4edb-9557-96fa705e8236','yzhm4JH+DCLpqMSzE6gEq8Sdeiy6Sm3AOLMyFpqauTI','2023-03-30 15:44:12'),('d2825ceb-096f-4ea6-a45b-9084ae727715','2Q05RAazr+ZcRkkafMdPKnba0WWDiepCBwiSsA1ouu4','2023-03-30 15:30:00'),('d37b748a-988e-42af-92e0-8af93d355191','TSS2/eah1x+K25YXBv7QAZC3d35aXvXk9oLjVDlosaA','2023-03-30 15:40:14'),('d4f0c84c-d37b-497c-991c-7fde1efd042b',NULL,'2023-03-30 15:24:52'),('d664984a-97e5-447c-aa78-79bd31109537','iCoZrpq3WwTwEhgoJioQVPeYjN/sWrfv/kjU6AEZ7Sg','2023-03-30 15:39:21'),('d93280a5-70b6-414b-8276-4bc8f1b46a56',NULL,'2023-03-30 15:35:33'),('daed7c97-6ea8-46b7-90aa-af1f20a091d4','g1B5kvguBEbI82n3qLNsqvHIK75G3cyQRI1Fa6sjmcc','2023-03-30 15:39:14'),('db965979-cc75-4bbc-bdbb-6a1005141ad1','g8wpZTiX0O0gRDjWpuUw5De/ByJH8kzfqbwFx6OoFUE','2023-03-30 15:28:31'),('dd816dd3-421e-426e-841c-bcfadfabb060','Z+nJrFTmsAEm1NUrNmeQV1P1tMCwDBwNEsYF/fmQLnU','2023-03-30 15:36:46'),('dec674af-b995-45ab-8bd1-8f1ca629099c','0S7pdBkdke7OH+IuOTA3huKivhoMnMrrWAj7RC2Lnmc','2023-03-30 15:39:17'),('defcbe09-31dc-4c31-9e2f-d7a35b28c018','o0CZczI4vE/ytcO3s9K/x9poHIO1EQIHgsleqoThjyk','2023-03-30 15:38:34'),('df132fa6-ad04-488a-9c2c-cf8300ae86a3','FKBjkn2vGDmy7zrtbB7VSDz+55WgxgQx4jAl5ZVzgTc','2023-03-30 15:30:03'),('dfaa70fa-2023-48e1-a677-588b0faa4c25','GUyxf9yEVNDvmxUcxvUsAa546vWchZejmgQHcw0FUW0','2023-03-30 15:39:12'),('e0c20f96-897c-409a-9a17-92d0403b855b','llXlolWSCHTeaQfTEebTT3aWLD6XwsfQ7csty+0dWb4','2023-03-30 15:46:22'),('e21bb32d-1d0e-498e-bd22-11302dc3beb6','D0VczLyJfI33g5A60hNVJ8HJKbU9Kjo4TuXTyUdotnk','2023-03-30 15:39:16'),('e26748cc-8c28-45c8-a367-d4de14f152af','kfq12KK60XmmEf0imL3UuSe/dNFfiwysq715OBvklNM','2023-03-30 15:44:17'),('e26c82dd-682e-4b55-839d-33fca335cca2',NULL,'2023-03-30 15:39:11'),('e2839240-9fce-43b4-a054-4ee4c22633d2',NULL,'2023-03-30 15:28:51'),('e2b8ee72-32bb-4317-826a-d1b3b376795e','TSS2/eah1x+K25YXBv7QAZC3d35aXvXk9oLjVDlosaA','2023-03-30 15:39:53'),('e321629b-fccf-4301-8939-543a35ae8b9c','KZ9ENykd11DTTWC8UsEjxxBu6+Qn5t40p5OmdQ2Uwyw','2023-03-30 15:39:17'),('e3341657-3eb1-47f2-80f6-a7a066623d1c','obqYQRnikIRV7iplQEgLBhQeLuhMUtKyJbMQWnR+xtQ','2023-03-30 15:39:22'),('e337c4e1-bb87-4cff-ac41-b76061fc7643','JTSHWj83FBJrGvXPb6/rhE9qzcsHssK4RXzQ7ayuLPc','2023-03-30 15:43:05'),('e4571f51-8c5b-4edd-a621-68540c191834','AdnzfsHI+L7Sr4conEUpSNhWnbB50HRw1rerzq3MzJ8','2023-03-30 15:39:15'),('e47d8ba3-c1bd-42a1-bb2f-dc6806310a72',NULL,'2023-03-30 15:34:57'),('e6bb51dc-162c-424e-87e0-d32268440975','0PSPUZKzREUSh3LnStd4kch42q493dil4Nn+JhyftC4','2023-03-30 15:37:00'),('e75dadbd-5fb3-4d1e-a927-dad4d6edba44',NULL,'2023-03-30 15:38:24'),('e823c829-bb58-4708-a53d-40ad2bd43ca6','mOg2qdHy9YTzrQAJMkSxqeHJsnp4SMGdaI4jzBZ32xo','2023-03-30 15:37:11'),('e87ded42-ea4e-4abd-b885-8a573f2906ca','zst5kzPYynfaB7X+b1dj7v9ftcw95SefzNT8DfL2QRU','2023-03-30 15:29:57'),('e8832b5f-3643-408b-bca8-4e6bac1a7da4','x+sJXaBa2SDNFkhz7kdQri+M+sM2NDh7hhJEO7r+ves','2023-03-30 15:39:27'),('e9986c01-4106-48f9-9228-4a609b1f4afb',NULL,'2023-03-30 15:35:07'),('ea5d9160-6e0f-4987-b46d-04cb2714a796','5KorrbMiNRdhMQzTUxiGUCU6+/LUWQy4U9i1kycNtAg','2023-03-30 15:39:18'),('ecec47a6-b526-4063-a6b3-7e4704764607','HLVg9Ti810EawTAmQJcVhypTCigEC+Q/wwm8eJuIcjQ','2023-03-30 15:29:59'),('ed2d47e5-74c5-45a3-a6ab-967bbab39848',NULL,'2023-03-30 15:29:40'),('ee30b0ff-62f7-4750-8616-940fdebecefd','Qwmuz/P2M8eL0IISGPt8U32tObJSSzp367uX460lLEA','2023-03-30 15:28:31'),('ef58d496-7061-4cab-b7c0-478f7e2fbd79',NULL,'2023-03-30 15:47:01'),('f0a11fdd-9507-4913-9978-2887da728f5a',NULL,'2023-03-30 15:42:28'),('f236c01c-912f-4e95-aeba-139f49b0b995',NULL,'2023-03-30 15:29:34'),('f2994e96-b730-4e27-970e-ea63e17d7732','2O+22Cj/MxYtITp+RbfXu5O5mfUckwir5h5IL0HMces','2023-03-30 15:27:55'),('f3d919ad-d5a5-4c9c-b677-bb6317cd7ca3','qvpaCLPKhR1RB/IRrpfQHu5Fw8ESkfFLtRrxJfdz7Wg','2023-03-30 15:44:17'),('f405a695-c93a-4d4b-89d3-ddd6fe324ea2','F8BJbAiRjTuoKmmh92JDSYIBdqdR/gBJgvz0dlrHcj0','2023-03-30 15:39:29'),('f4571830-1cf3-4d89-937a-f465956ede39','2eFa5Gzxfc+7T5JGcZ19wQ4k5cf0ws5CD/nCgWL3LC4','2023-03-30 15:44:14'),('f467ac79-511e-4f70-9ee9-e878bdce36c5','TSS2/eah1x+K25YXBv7QAZC3d35aXvXk9oLjVDlosaA','2023-03-30 15:39:53'),('f55f0da2-4b33-4940-990f-2f6160dbb5cb',NULL,'2023-03-30 15:34:28'),('f5c498a5-2851-4ab8-9eff-d4bbdb03cd9d','EFGoowMwTOiLzDjTIVEwDVMkGosnxemKL49vfPnUKZg','2023-03-30 15:39:27'),('f5f2ac4a-733c-42f1-ba4c-7df5b63110e3','GIzuum7N6NYQ62kW875CUAL6hLCX22v8BVoeI2TlHvM','2023-03-30 15:37:40'),('f61f3548-8364-45fa-8c49-860f07d71c75','z8/jv7EcRjSSoWzTWM5yNwPFnuqgYRvA50aLOikpq8Q','2023-03-30 15:44:12'),('f6bc66fa-bc17-4cd8-b4ce-0dc400492ac6','cNAOefX8BodvC3vmx5Pm8pcRl6WyXMffFz7Bt2EsBh4','2023-03-30 15:29:57'),('f90626ae-f99c-4f22-945d-972dae9d0daa',NULL,'2023-03-30 15:34:55'),('f90bf2d4-57bd-43a7-85a2-6189b442db78','bRmQmn1MU3FPuPUSK+pggDBw9egr6uOHGsUGTqSlL7Q','2023-03-30 15:37:42'),('f9313692-0a0a-4af9-b110-27bee667a084','xXAgG71X7na9VZR19/Gb4BeMGQRy89qQafxS8a9sRVg','2023-03-30 15:44:10'),('f9c7ee57-382b-4529-992f-80521cbaddaa','H5RcRP5DGWxc9ZmXqHmXHljYKbhYQurzLzWFKjvHNQ8','2023-03-30 15:44:12'),('fb3003dd-c3e3-43f1-84fc-b822ef5c1dd5','qUFSY5pkL3EWy9qiETpvsBE824xVWMV9Wr31G2Jg3RM','2023-03-30 15:39:26'),('fb5583c1-2e48-4127-9ed2-42b1fb8a3cb0',NULL,'2023-03-30 15:25:22'),('fb951c0c-373d-45a3-97f0-3f4f40cbeaf0','MYJfIY0dHSk3MlkMRBQ5LhrubWe6q32DNMvYAXXLhzA','2023-03-30 15:39:19'),('fc4dedb0-4c4f-4667-a171-72ddbc906fad','JUcnq7NbdNCFUm+GyOPs1HnnVahW7X7ebRQvqRjsi/A','2023-03-30 15:38:53'),('fe551d60-8930-491f-8d96-4549baadba4f',NULL,'2023-03-30 15:43:27'),('ff56ee02-f293-44c8-b7b9-14eeb4be08ac','j4cuApIr+LQ45XZAzbQz8jZljA4D2zrA9Z8ZLBqU7is','2023-03-30 15:44:12');
/*!40000 ALTER TABLE `transferFulfilmentDuplicateCheck` ENABLE KEYS */;
UNLOCK TABLES;

--
-- Table structure for table `transferParticipant`
--

DROP TABLE IF EXISTS `transferParticipant`;
/*!40101 SET @saved_cs_client     = @@character_set_client */;
/*!50503 SET character_set_client = utf8mb4 */;
CREATE TABLE `transferParticipant` (
  `transferParticipantId` bigint unsigned NOT NULL AUTO_INCREMENT,
  `transferId` varchar(36) NOT NULL,
  `participantCurrencyId` int unsigned NOT NULL,
  `transferParticipantRoleTypeId` int unsigned NOT NULL,
  `ledgerEntryTypeId` int unsigned NOT NULL,
  `amount` decimal(18,4) NOT NULL,
  `createdDate` datetime NOT NULL DEFAULT CURRENT_TIMESTAMP,
  PRIMARY KEY (`transferParticipantId`),
  KEY `transferparticipant_transferid_index` (`transferId`),
  KEY `transferparticipant_participantcurrencyid_index` (`participantCurrencyId`),
  KEY `transferparticipant_transferparticipantroletypeid_index` (`transferParticipantRoleTypeId`),
  KEY `transferparticipant_ledgerentrytypeid_index` (`ledgerEntryTypeId`),
  KEY `getTransferInfoToChangePosition` (`transferId`,`transferParticipantRoleTypeId`,`ledgerEntryTypeId`),
  CONSTRAINT `transferparticipant_ledgerentrytypeid_foreign` FOREIGN KEY (`ledgerEntryTypeId`) REFERENCES `ledgerEntryType` (`ledgerEntryTypeId`),
  CONSTRAINT `transferparticipant_participantcurrencyid_foreign` FOREIGN KEY (`participantCurrencyId`) REFERENCES `participantCurrency` (`participantCurrencyId`),
  CONSTRAINT `transferparticipant_transferid_foreign` FOREIGN KEY (`transferId`) REFERENCES `transfer` (`transferId`),
  CONSTRAINT `transferparticipant_transferparticipantroletypeid_foreign` FOREIGN KEY (`transferParticipantRoleTypeId`) REFERENCES `transferParticipantRoleType` (`transferParticipantRoleTypeId`)
) ENGINE=InnoDB AUTO_INCREMENT=1237 DEFAULT CHARSET=utf8mb3;
/*!40101 SET character_set_client = @saved_cs_client */;

--
-- Dumping data for table `transferParticipant`
--

LOCK TABLES `transferParticipant` WRITE;
/*!40000 ALTER TABLE `transferParticipant` DISABLE KEYS */;
INSERT INTO `transferParticipant` VALUES (1,'d4f0c84c-d37b-497c-991c-7fde1efd042b',2,3,9,5000.0000,'2023-03-30 15:24:53'),(2,'d4f0c84c-d37b-497c-991c-7fde1efd042b',8,4,9,-5000.0000,'2023-03-30 15:24:53'),(3,'0979edf5-6fe3-4807-a8fc-7a79235aebcc',4,3,9,5000.0000,'2023-03-30 15:24:56'),(4,'0979edf5-6fe3-4807-a8fc-7a79235aebcc',10,4,9,-5000.0000,'2023-03-30 15:24:56'),(5,'a175b7f4-f7e9-4f5c-aea5-a431567cebe2',2,3,9,5000.0000,'2023-03-30 15:25:04'),(6,'a175b7f4-f7e9-4f5c-aea5-a431567cebe2',16,4,9,-5000.0000,'2023-03-30 15:25:04'),(7,'80ea2193-c233-403c-b3e1-826520c617b8',4,3,9,5000.0000,'2023-03-30 15:25:06'),(8,'80ea2193-c233-403c-b3e1-826520c617b8',18,4,9,-5000.0000,'2023-03-30 15:25:06'),(9,'31728a21-d87e-4015-8297-5f88e5394096',2,3,9,5000.0000,'2023-03-30 15:25:15'),(10,'31728a21-d87e-4015-8297-5f88e5394096',24,4,9,-5000.0000,'2023-03-30 15:25:15'),(11,'03b28213-9f91-464c-8878-2a3a23a45538',2,3,9,5000.0000,'2023-03-30 15:25:20'),(12,'03b28213-9f91-464c-8878-2a3a23a45538',32,4,9,-5000.0000,'2023-03-30 15:25:20'),(13,'fb5583c1-2e48-4127-9ed2-42b1fb8a3cb0',4,3,9,5000.0000,'2023-03-30 15:25:22'),(14,'fb5583c1-2e48-4127-9ed2-42b1fb8a3cb0',34,4,9,-5000.0000,'2023-03-30 15:25:22'),(15,'a2457ec8-dc06-4dc8-92e2-59c83c55961f',2,3,9,5000.0000,'2023-03-30 15:25:30'),(16,'a2457ec8-dc06-4dc8-92e2-59c83c55961f',40,4,9,-5000.0000,'2023-03-30 15:25:30'),(17,'09e79cb0-5f8f-4bc8-a100-344eeff6f1e7',4,3,9,5000.0000,'2023-03-30 15:25:33'),(18,'09e79cb0-5f8f-4bc8-a100-344eeff6f1e7',42,4,9,-5000.0000,'2023-03-30 15:25:33'),(19,'9fe61fe2-8373-45f9-ae40-2ff5cb31c79b',2,3,9,5000.0000,'2023-03-30 15:25:48'),(20,'9fe61fe2-8373-45f9-ae40-2ff5cb31c79b',48,4,9,-5000.0000,'2023-03-30 15:25:48'),(21,'cb1dd9d4-eb1a-4ff3-9d1e-84d4a623de27',4,3,9,5000.0000,'2023-03-30 15:25:49'),(22,'cb1dd9d4-eb1a-4ff3-9d1e-84d4a623de27',50,4,9,-5000.0000,'2023-03-30 15:25:49'),(23,'d00cce9a-7fcd-4202-bbaa-e57e14329ff7',6,3,9,5000.0000,'2023-03-30 15:25:58'),(24,'d00cce9a-7fcd-4202-bbaa-e57e14329ff7',64,4,9,-5000.0000,'2023-03-30 15:25:58'),(25,'b1e6bb4f-3235-4bac-9368-f0ee1cd20a8a',6,3,9,5000.0000,'2023-03-30 15:26:03'),(26,'b1e6bb4f-3235-4bac-9368-f0ee1cd20a8a',68,4,9,-5000.0000,'2023-03-30 15:26:03'),(27,'a6609fd8-48d6-4b38-b9ec-dd28be340ae9',47,1,1,100.0000,'2023-03-30 15:26:34'),(28,'a6609fd8-48d6-4b38-b9ec-dd28be340ae9',15,2,1,-100.0000,'2023-03-30 15:26:34'),(29,'4937b5f3-d128-4364-af8d-ef465ec5e424',47,1,1,100.0000,'2023-03-30 15:26:35'),(30,'4937b5f3-d128-4364-af8d-ef465ec5e424',15,2,1,-100.0000,'2023-03-30 15:26:35'),(31,'2e768760-b24f-443b-9f64-aad7e8a84f83',47,1,1,100.0000,'2023-03-30 15:26:36'),(32,'2e768760-b24f-443b-9f64-aad7e8a84f83',15,2,1,-100.0000,'2023-03-30 15:26:36'),(33,'5fd04775-916d-4a2c-9c4e-e5004c7b4d46',47,1,1,100.0000,'2023-03-30 15:26:38'),(34,'5fd04775-916d-4a2c-9c4e-e5004c7b4d46',15,2,1,-100.0000,'2023-03-30 15:26:38'),(35,'56359c15-466f-4f62-9809-67e44c2b9804',47,1,1,100.0000,'2023-03-30 15:26:40'),(36,'56359c15-466f-4f62-9809-67e44c2b9804',15,2,1,-100.0000,'2023-03-30 15:26:40'),(37,'7b76c0f2-451d-46f9-96cf-5023d1fe45e5',47,1,1,1.0000,'2023-03-30 15:26:40'),(38,'7b76c0f2-451d-46f9-96cf-5023d1fe45e5',23,2,1,-1.0000,'2023-03-30 15:26:40'),(39,'9be682aa-ec53-493b-96ed-6479e69807a8',47,1,1,100.0000,'2023-03-30 15:26:58'),(40,'9be682aa-ec53-493b-96ed-6479e69807a8',23,2,1,-100.0000,'2023-03-30 15:26:58'),(41,'9c256cfb-a2ce-4af3-9640-33caf4b39fc6',47,1,1,100.0000,'2023-03-30 15:27:00'),(42,'9c256cfb-a2ce-4af3-9640-33caf4b39fc6',23,2,1,-100.0000,'2023-03-30 15:27:00'),(43,'2db2f973-e761-4ae6-8869-e481efc8ac42',47,1,1,100.0000,'2023-03-30 15:27:15'),(44,'2db2f973-e761-4ae6-8869-e481efc8ac42',23,2,1,-100.0000,'2023-03-30 15:27:15'),(45,'df884a49-92c2-4b00-abd2-2df250137b40',47,1,1,105.1100,'2023-03-30 15:27:17'),(46,'df884a49-92c2-4b00-abd2-2df250137b40',23,2,1,-105.1100,'2023-03-30 15:27:17'),(47,'0e24a7e9-a152-4cbe-8d71-be1012db6e31',47,1,1,100.0000,'2023-03-30 15:27:30'),(48,'0e24a7e9-a152-4cbe-8d71-be1012db6e31',15,2,1,-100.0000,'2023-03-30 15:27:30'),(49,'a0d25aaa-ffb7-4d10-b291-1e413af79f26',47,1,1,1.0000,'2023-03-30 15:27:31'),(50,'a0d25aaa-ffb7-4d10-b291-1e413af79f26',23,2,1,-1.0000,'2023-03-30 15:27:31'),(51,'278c48cc-5ef3-4432-8005-b05dd6dfb0b8',47,1,1,1.0000,'2023-03-30 15:27:32'),(52,'278c48cc-5ef3-4432-8005-b05dd6dfb0b8',23,2,1,-1.0000,'2023-03-30 15:27:32'),(53,'08e8ef49-4df4-4649-b464-c324c1b3ae3b',47,1,1,1.0000,'2023-03-30 15:27:34'),(54,'08e8ef49-4df4-4649-b464-c324c1b3ae3b',23,2,1,-1.0000,'2023-03-30 15:27:34'),(55,'9db2b4bf-209e-4504-a01b-b9025edf7bf4',47,1,1,1.0000,'2023-03-30 15:27:35'),(56,'9db2b4bf-209e-4504-a01b-b9025edf7bf4',23,2,1,-1.0000,'2023-03-30 15:27:35'),(57,'387e3f07-aa10-49ff-b398-84b5863a7698',31,1,1,100.0000,'2023-03-30 15:27:37'),(58,'387e3f07-aa10-49ff-b398-84b5863a7698',39,2,1,-100.0000,'2023-03-30 15:27:37'),(59,'9ff2ceb6-22ab-4db0-8623-82833769028c',31,1,1,100.0000,'2023-03-30 15:27:38'),(60,'9ff2ceb6-22ab-4db0-8623-82833769028c',39,2,1,-100.0000,'2023-03-30 15:27:38'),(61,'3efe2d69-255b-4105-b914-d384ee1ff7d3',31,1,1,100.0000,'2023-03-30 15:27:39'),(62,'3efe2d69-255b-4105-b914-d384ee1ff7d3',39,2,1,-100.0000,'2023-03-30 15:27:39'),(63,'9ee476bf-d4dc-4415-92ac-189ea74f75ef',31,1,1,100.0000,'2023-03-30 15:27:39'),(64,'9ee476bf-d4dc-4415-92ac-189ea74f75ef',39,2,1,-100.0000,'2023-03-30 15:27:39'),(65,'95d27c2a-3ca3-4ac7-9436-8157075aaeb5',47,1,1,5398.0000,'2023-03-30 15:27:40'),(66,'95d27c2a-3ca3-4ac7-9436-8157075aaeb5',15,2,1,-5398.0000,'2023-03-30 15:27:40'),(67,'d4595ae6-1a3e-41ca-8ec3-56e59e3e0938',47,1,1,3399.0000,'2023-03-30 15:27:41'),(68,'d4595ae6-1a3e-41ca-8ec3-56e59e3e0938',15,2,1,-3399.0000,'2023-03-30 15:27:41'),(69,'2e8530b7-b8b1-4852-ad1e-0520b1d39834',2,3,9,10.0000,'2023-03-30 15:27:41'),(70,'2e8530b7-b8b1-4852-ad1e-0520b1d39834',48,4,9,-10.0000,'2023-03-30 15:27:41'),(71,'c69e5c23-10b6-49da-8ac3-c15346c19b42',2,3,10,-10.0000,'2023-03-30 15:27:44'),(72,'c69e5c23-10b6-49da-8ac3-c15346c19b42',48,4,10,10.0000,'2023-03-30 15:27:44'),(73,'136cb165-e4ba-44af-a35a-00fb4bbbf0b2',2,3,10,-10.0000,'2023-03-30 15:27:48'),(74,'136cb165-e4ba-44af-a35a-00fb4bbbf0b2',48,4,10,10.0000,'2023-03-30 15:27:48'),(75,'460f617a-cae3-4a52-9e03-e9196c0c8781',47,1,1,10.0000,'2023-03-30 15:27:52'),(76,'460f617a-cae3-4a52-9e03-e9196c0c8781',15,2,1,-10.0000,'2023-03-30 15:27:52'),(77,'17baf843-39e5-4ed0-a7b6-eed4e08a897a',7,1,1,10.0000,'2023-03-30 15:27:54'),(78,'17baf843-39e5-4ed0-a7b6-eed4e08a897a',15,2,1,-10.0000,'2023-03-30 15:27:54'),(79,'f2994e96-b730-4e27-970e-ea63e17d7732',39,1,1,10.0000,'2023-03-30 15:27:55'),(80,'f2994e96-b730-4e27-970e-ea63e17d7732',31,2,1,-10.0000,'2023-03-30 15:27:55'),(81,'67a569d2-30d1-40b3-8bf0-0df8596cce3b',47,1,1,101.0000,'2023-03-30 15:27:56'),(82,'67a569d2-30d1-40b3-8bf0-0df8596cce3b',55,2,1,-101.0000,'2023-03-30 15:27:56'),(83,'a3dbb28e-ab25-4b74-ac3e-e4a95a4bbe1a',47,1,1,103.0000,'2023-03-30 15:27:57'),(84,'a3dbb28e-ab25-4b74-ac3e-e4a95a4bbe1a',55,2,1,-103.0000,'2023-03-30 15:27:57'),(85,'265bd93a-3f70-4cc2-a44b-835189424114',47,1,1,100.0000,'2023-03-30 15:28:09'),(86,'265bd93a-3f70-4cc2-a44b-835189424114',15,2,1,-100.0000,'2023-03-30 15:28:09'),(87,'531ced4b-38ce-40e6-88e6-5cac9bbaea25',7,1,1,100.0000,'2023-03-30 15:28:11'),(88,'a95f6dba-0727-4a7e-88e9-4cccc3322368',47,1,1,60.1234,'2023-03-30 15:28:11'),(89,'a95f6dba-0727-4a7e-88e9-4cccc3322368',15,2,1,-60.1234,'2023-03-30 15:28:11'),(90,'0988aa7f-db40-4a78-ae17-b121992f84a9',47,1,1,104.0000,'2023-03-30 15:28:14'),(91,'0988aa7f-db40-4a78-ae17-b121992f84a9',55,2,1,-104.0000,'2023-03-30 15:28:14'),(92,'6d020054-19a5-47f6-89b4-301750e72829',47,1,1,102.0000,'2023-03-30 15:28:21'),(93,'6d020054-19a5-47f6-89b4-301750e72829',55,2,1,-102.0000,'2023-03-30 15:28:21'),(94,'b553670c-0b40-4c98-aacb-9072526273a1',15,1,1,5.0000,'2023-03-30 15:28:22'),(95,'b553670c-0b40-4c98-aacb-9072526273a1',15,2,1,-5.0000,'2023-03-30 15:28:22'),(96,'96cc34c6-c41f-498b-910c-bda050357e2d',31,1,1,60.0000,'2023-03-30 15:28:30'),(97,'96cc34c6-c41f-498b-910c-bda050357e2d',39,2,1,-60.0000,'2023-03-30 15:28:30'),(98,'09c1421d-0adb-4e8b-ad6d-8233b9d7fb15',33,1,1,55.0000,'2023-03-30 15:28:30'),(99,'09c1421d-0adb-4e8b-ad6d-8233b9d7fb15',17,2,1,-55.0000,'2023-03-30 15:28:30'),(100,'db965979-cc75-4bbc-bdbb-6a1005141ad1',7,1,1,35.0000,'2023-03-30 15:28:30'),(101,'db965979-cc75-4bbc-bdbb-6a1005141ad1',31,2,1,-35.0000,'2023-03-30 15:28:30'),(102,'6b59e34c-3fb8-4b71-b5b0-05c30fd60323',41,1,1,20.0000,'2023-03-30 15:28:31'),(103,'6b59e34c-3fb8-4b71-b5b0-05c30fd60323',9,2,1,-20.0000,'2023-03-30 15:28:31'),(104,'ee30b0ff-62f7-4750-8616-940fdebecefd',15,1,1,35.0000,'2023-03-30 15:28:31'),(105,'ee30b0ff-62f7-4750-8616-940fdebecefd',39,2,1,-35.0000,'2023-03-30 15:28:31'),(106,'0593271b-b702-4ee0-98c5-f49939fbf1f6',17,1,1,25.0000,'2023-03-30 15:28:31'),(107,'0593271b-b702-4ee0-98c5-f49939fbf1f6',9,2,1,-25.0000,'2023-03-30 15:28:31'),(108,'e2839240-9fce-43b4-a054-4ee4c22633d2',1,3,7,35.0000,'2023-03-30 15:28:41'),(109,'e2839240-9fce-43b4-a054-4ee4c22633d2',7,5,7,-35.0000,'2023-03-30 15:28:41'),(110,'7c6e16d8-7be3-46b3-942f-9684b488a5bf',1,3,7,35.0000,'2023-03-30 15:28:41'),(111,'7c6e16d8-7be3-46b3-942f-9684b488a5bf',15,5,7,-35.0000,'2023-03-30 15:28:41'),(112,'9bce31de-44af-423c-a325-816c41b99d9f',1,3,7,25.0000,'2023-03-30 15:28:41'),(113,'9bce31de-44af-423c-a325-816c41b99d9f',31,5,7,-25.0000,'2023-03-30 15:28:41'),(114,'31f0f44b-36db-431b-883f-0e67ed599610',1,3,6,-95.0000,'2023-03-30 15:28:41'),(115,'31f0f44b-36db-431b-883f-0e67ed599610',39,5,6,95.0000,'2023-03-30 15:28:41'),(116,'83f425ee-3669-4861-9357-af642bbba675',3,3,6,-45.0000,'2023-03-30 15:28:43'),(117,'83f425ee-3669-4861-9357-af642bbba675',9,5,6,45.0000,'2023-03-30 15:28:43'),(118,'25bbc1a3-a4dc-4be6-97de-a8f244a10743',3,3,6,-30.0000,'2023-03-30 15:28:43'),(119,'25bbc1a3-a4dc-4be6-97de-a8f244a10743',17,5,6,30.0000,'2023-03-30 15:28:43'),(120,'ca33750e-5b7a-449c-84cf-62f70f67aad6',3,3,7,55.0000,'2023-03-30 15:28:43'),(121,'ca33750e-5b7a-449c-84cf-62f70f67aad6',33,5,7,-55.0000,'2023-03-30 15:28:43'),(122,'8a1c8ccd-8651-47f3-a57b-640170068d23',3,3,7,20.0000,'2023-03-30 15:28:43'),(123,'8a1c8ccd-8651-47f3-a57b-640170068d23',41,5,7,-20.0000,'2023-03-30 15:28:43'),(124,'79e2f4d6-7dee-411c-8630-5ed50abc70f5',31,1,1,60.0000,'2023-03-30 15:29:03'),(125,'79e2f4d6-7dee-411c-8630-5ed50abc70f5',39,2,1,-60.0000,'2023-03-30 15:29:03'),(126,'03bd7b70-196f-4290-b7d4-1bf10e7b6afb',31,1,1,55.0000,'2023-03-30 15:29:03'),(127,'03bd7b70-196f-4290-b7d4-1bf10e7b6afb',15,2,1,-55.0000,'2023-03-30 15:29:03'),(128,'8347f975-a9ac-4226-aef0-1268fe4f3df7',7,1,1,35.0000,'2023-03-30 15:29:03'),(129,'8347f975-a9ac-4226-aef0-1268fe4f3df7',31,2,1,-35.0000,'2023-03-30 15:29:03'),(130,'7cce03ba-0984-4a6c-9143-7510c6554339',39,1,1,20.0000,'2023-03-30 15:29:03'),(131,'7cce03ba-0984-4a6c-9143-7510c6554339',7,2,1,-20.0000,'2023-03-30 15:29:03'),(132,'b1fe01f6-4694-433b-a160-f801ef15612c',15,1,1,35.0000,'2023-03-30 15:29:04'),(133,'b1fe01f6-4694-433b-a160-f801ef15612c',39,2,1,-35.0000,'2023-03-30 15:29:04'),(134,'6e81bc72-60a3-4442-b4f6-75676880d155',15,1,1,25.0000,'2023-03-30 15:29:04'),(135,'6e81bc72-60a3-4442-b4f6-75676880d155',7,2,1,-25.0000,'2023-03-30 15:29:04'),(136,'263c094a-a302-48d0-9645-b62f80c25884',1,3,6,-10.0000,'2023-03-30 15:29:10'),(137,'263c094a-a302-48d0-9645-b62f80c25884',7,5,6,10.0000,'2023-03-30 15:29:10'),(138,'1402d424-bd9a-40ec-9d6f-df7084e1a46f',1,3,7,5.0000,'2023-03-30 15:29:10'),(139,'1402d424-bd9a-40ec-9d6f-df7084e1a46f',15,5,7,-5.0000,'2023-03-30 15:29:10'),(140,'2b0e8af1-5bf4-4682-a1ad-6a984244418a',1,3,7,80.0000,'2023-03-30 15:29:10'),(141,'2b0e8af1-5bf4-4682-a1ad-6a984244418a',31,5,7,-80.0000,'2023-03-30 15:29:10'),(142,'281539fa-668b-4d75-a9b8-162bdca493b6',1,3,6,-75.0000,'2023-03-30 15:29:10'),(143,'281539fa-668b-4d75-a9b8-162bdca493b6',39,5,6,75.0000,'2023-03-30 15:29:10'),(144,'1ef36114-1c57-4edc-9de4-1542df184b72',33,1,1,60.0000,'2023-03-30 15:29:22'),(145,'1ef36114-1c57-4edc-9de4-1542df184b72',41,2,1,-60.0000,'2023-03-30 15:29:22'),(146,'93af34a1-9b05-40ee-8f32-83b3369cc4ef',33,1,1,55.0000,'2023-03-30 15:29:22'),(147,'93af34a1-9b05-40ee-8f32-83b3369cc4ef',17,2,1,-55.0000,'2023-03-30 15:29:22'),(148,'d01db26f-bc30-467d-a367-09e6345ef248',9,1,1,35.0000,'2023-03-30 15:29:22'),(149,'d01db26f-bc30-467d-a367-09e6345ef248',33,2,1,-35.0000,'2023-03-30 15:29:22'),(150,'a2158d3d-6c3c-4b09-8a11-71bd6b8e8954',41,1,1,20.0000,'2023-03-30 15:29:23'),(151,'a2158d3d-6c3c-4b09-8a11-71bd6b8e8954',9,2,1,-20.0000,'2023-03-30 15:29:23'),(152,'1fa780f9-83ab-4954-8d59-cb7ee112128b',17,1,1,35.0000,'2023-03-30 15:29:23'),(153,'1fa780f9-83ab-4954-8d59-cb7ee112128b',41,2,1,-35.0000,'2023-03-30 15:29:23'),(154,'b4b0b766-4cc8-4561-8c0d-5a7b803db094',17,1,1,25.0000,'2023-03-30 15:29:23'),(155,'b4b0b766-4cc8-4561-8c0d-5a7b803db094',9,2,1,-25.0000,'2023-03-30 15:29:23'),(156,'9a1fee85-4973-4faa-a90d-81efea6a0440',3,3,6,-10.0000,'2023-03-30 15:29:30'),(157,'9a1fee85-4973-4faa-a90d-81efea6a0440',9,5,6,10.0000,'2023-03-30 15:29:30'),(158,'f236c01c-912f-4e95-aeba-139f49b0b995',3,3,7,5.0000,'2023-03-30 15:29:30'),(159,'f236c01c-912f-4e95-aeba-139f49b0b995',17,5,7,-5.0000,'2023-03-30 15:29:30'),(160,'3674812c-51b9-4461-9ee2-be5c217bd7d6',3,3,7,80.0000,'2023-03-30 15:29:30'),(161,'3674812c-51b9-4461-9ee2-be5c217bd7d6',33,5,7,-80.0000,'2023-03-30 15:29:30'),(162,'acf9f81f-8981-4336-86f5-4126b5fc01d2',3,3,6,-75.0000,'2023-03-30 15:29:30'),(163,'acf9f81f-8981-4336-86f5-4126b5fc01d2',41,5,6,75.0000,'2023-03-30 15:29:30'),(164,'12b914a5-fd79-4bff-bc9b-419462ed63e2',6,3,9,2000.0000,'2023-03-30 15:29:41'),(165,'12b914a5-fd79-4bff-bc9b-419462ed63e2',36,4,9,-2000.0000,'2023-03-30 15:29:41'),(166,'cfefe2d6-0620-41ca-8d89-39f9a4b1cf63',6,3,9,2000.0000,'2023-03-30 15:29:41'),(167,'cfefe2d6-0620-41ca-8d89-39f9a4b1cf63',44,4,9,-2000.0000,'2023-03-30 15:29:41'),(168,'ed2d47e5-74c5-45a3-a6ab-967bbab39848',6,3,9,2000.0000,'2023-03-30 15:29:41'),(169,'ed2d47e5-74c5-45a3-a6ab-967bbab39848',64,4,9,-2000.0000,'2023-03-30 15:29:41'),(170,'a6c06e1a-cfd0-488b-b219-a95c78a251ca',6,3,9,2000.0000,'2023-03-30 15:29:41'),(171,'a6c06e1a-cfd0-488b-b219-a95c78a251ca',68,4,9,-2000.0000,'2023-03-30 15:29:41'),(172,'5f05b931-3bb8-456f-ae90-e0409574f236',63,1,1,15.0000,'2023-03-30 15:29:41'),(173,'5f05b931-3bb8-456f-ae90-e0409574f236',35,2,1,-15.0000,'2023-03-30 15:29:41'),(174,'5f05b931-3bb8-456f-ae90-e0409574f236',63,1,1,-15.0000,'2023-03-30 15:29:41'),(175,'5f05b931-3bb8-456f-ae90-e0409574f236',35,2,1,15.0000,'2023-03-30 15:29:41'),(176,'5f05b931-3bb8-456f-ae90-e0409574f236',64,1,1,15.0000,'2023-03-30 15:29:41'),(177,'5f05b931-3bb8-456f-ae90-e0409574f236',36,2,1,-15.0000,'2023-03-30 15:29:41'),(181,'5f05b931-3bb8-456f-ae90-e0409574f236',37,2,2,-0.0900,'2023-03-30 15:29:41'),(182,'5f05b931-3bb8-456f-ae90-e0409574f236',65,1,2,0.0900,'2023-03-30 15:29:41'),(183,'b982159d-3b69-41a2-8408-ffac8434bb89',43,1,1,87.8800,'2023-03-30 15:29:42'),(184,'b982159d-3b69-41a2-8408-ffac8434bb89',35,2,1,-87.8800,'2023-03-30 15:29:42'),(185,'b982159d-3b69-41a2-8408-ffac8434bb89',43,1,1,-87.8800,'2023-03-30 15:29:42'),(186,'b982159d-3b69-41a2-8408-ffac8434bb89',35,2,1,87.8800,'2023-03-30 15:29:42'),(187,'b982159d-3b69-41a2-8408-ffac8434bb89',44,1,1,87.8800,'2023-03-30 15:29:42'),(188,'b982159d-3b69-41a2-8408-ffac8434bb89',36,2,1,-87.8800,'2023-03-30 15:29:42'),(192,'13763f01-75ea-45fe-9020-2e36e288dc38',43,1,1,211.1100,'2023-03-30 15:29:48'),(193,'13763f01-75ea-45fe-9020-2e36e288dc38',35,2,1,-211.1100,'2023-03-30 15:29:48'),(194,'13763f01-75ea-45fe-9020-2e36e288dc38',43,1,1,-211.1100,'2023-03-30 15:29:48'),(195,'13763f01-75ea-45fe-9020-2e36e288dc38',35,2,1,211.1100,'2023-03-30 15:29:48'),(196,'13763f01-75ea-45fe-9020-2e36e288dc38',44,1,1,211.1100,'2023-03-30 15:29:48'),(197,'13763f01-75ea-45fe-9020-2e36e288dc38',37,2,2,-1.2700,'2023-03-30 15:29:48'),(198,'13763f01-75ea-45fe-9020-2e36e288dc38',45,1,2,1.2700,'2023-03-30 15:29:48'),(199,'13763f01-75ea-45fe-9020-2e36e288dc38',36,2,1,-211.1100,'2023-03-30 15:29:48'),(203,'63fb34db-fff8-4627-97e5-cc99b2eefeee',43,1,1,14.0500,'2023-03-30 15:29:48'),(204,'63fb34db-fff8-4627-97e5-cc99b2eefeee',35,2,1,-14.0500,'2023-03-30 15:29:48'),(205,'63fb34db-fff8-4627-97e5-cc99b2eefeee',37,2,2,-0.0800,'2023-03-30 15:29:48'),(206,'63fb34db-fff8-4627-97e5-cc99b2eefeee',45,1,2,0.0800,'2023-03-30 15:29:48'),(207,'63fb34db-fff8-4627-97e5-cc99b2eefeee',43,1,1,-14.0500,'2023-03-30 15:29:48'),(208,'63fb34db-fff8-4627-97e5-cc99b2eefeee',35,2,1,14.0500,'2023-03-30 15:29:48'),(209,'63fb34db-fff8-4627-97e5-cc99b2eefeee',44,1,1,14.0500,'2023-03-30 15:29:48'),(210,'63fb34db-fff8-4627-97e5-cc99b2eefeee',36,2,1,-14.0500,'2023-03-30 15:29:48'),(214,'8f835e31-8b83-426e-9938-5ffbd157f750',67,1,1,150.0000,'2023-03-30 15:29:49'),(215,'8f835e31-8b83-426e-9938-5ffbd157f750',35,2,1,-150.0000,'2023-03-30 15:29:49'),(216,'8f835e31-8b83-426e-9938-5ffbd157f750',67,1,1,-150.0000,'2023-03-30 15:29:49'),(217,'8f835e31-8b83-426e-9938-5ffbd157f750',35,2,1,150.0000,'2023-03-30 15:29:49'),(218,'8f835e31-8b83-426e-9938-5ffbd157f750',68,1,1,150.0000,'2023-03-30 15:29:49'),(219,'8f835e31-8b83-426e-9938-5ffbd157f750',36,2,1,-150.0000,'2023-03-30 15:29:49'),(223,'8f835e31-8b83-426e-9938-5ffbd157f750',37,2,2,-0.9000,'2023-03-30 15:29:49'),(224,'8f835e31-8b83-426e-9938-5ffbd157f750',69,1,2,0.9000,'2023-03-30 15:29:49'),(225,'6237c1ed-6f0f-49b4-878b-70d4a24a665c',63,1,1,15.0000,'2023-03-30 15:29:55'),(226,'6237c1ed-6f0f-49b4-878b-70d4a24a665c',35,2,1,-15.0000,'2023-03-30 15:29:55'),(227,'6237c1ed-6f0f-49b4-878b-70d4a24a665c',37,2,2,-0.0900,'2023-03-30 15:29:55'),(228,'6237c1ed-6f0f-49b4-878b-70d4a24a665c',65,1,2,0.0900,'2023-03-30 15:29:55'),(229,'6237c1ed-6f0f-49b4-878b-70d4a24a665c',63,1,1,-15.0000,'2023-03-30 15:29:55'),(230,'6237c1ed-6f0f-49b4-878b-70d4a24a665c',35,2,1,15.0000,'2023-03-30 15:29:55'),(231,'6237c1ed-6f0f-49b4-878b-70d4a24a665c',64,1,1,15.0000,'2023-03-30 15:29:55'),(232,'6237c1ed-6f0f-49b4-878b-70d4a24a665c',36,2,1,-15.0000,'2023-03-30 15:29:55'),(236,'50391b00-978f-45ea-a075-7af309e161b8',43,1,1,87.8800,'2023-03-30 15:29:56'),(237,'50391b00-978f-45ea-a075-7af309e161b8',35,2,1,-87.8800,'2023-03-30 15:29:56'),(238,'50391b00-978f-45ea-a075-7af309e161b8',43,1,1,-87.8800,'2023-03-30 15:29:56'),(239,'50391b00-978f-45ea-a075-7af309e161b8',35,2,1,87.8800,'2023-03-30 15:29:56'),(240,'50391b00-978f-45ea-a075-7af309e161b8',44,1,1,87.8800,'2023-03-30 15:29:56'),(241,'50391b00-978f-45ea-a075-7af309e161b8',36,2,1,-87.8800,'2023-03-30 15:29:56'),(245,'83fd482b-25b1-4377-9a8b-d5d3add98f86',43,1,1,211.1500,'2023-03-30 15:29:56'),(246,'83fd482b-25b1-4377-9a8b-d5d3add98f86',35,2,1,-211.1500,'2023-03-30 15:29:56'),(247,'83fd482b-25b1-4377-9a8b-d5d3add98f86',37,2,2,-1.2700,'2023-03-30 15:29:56'),(248,'83fd482b-25b1-4377-9a8b-d5d3add98f86',45,1,2,1.2700,'2023-03-30 15:29:56'),(249,'83fd482b-25b1-4377-9a8b-d5d3add98f86',43,1,1,-211.1500,'2023-03-30 15:29:56'),(250,'83fd482b-25b1-4377-9a8b-d5d3add98f86',35,2,1,211.1500,'2023-03-30 15:29:56'),(251,'83fd482b-25b1-4377-9a8b-d5d3add98f86',44,1,1,211.1500,'2023-03-30 15:29:56'),(252,'83fd482b-25b1-4377-9a8b-d5d3add98f86',36,2,1,-211.1500,'2023-03-30 15:29:56'),(256,'f6bc66fa-bc17-4cd8-b4ce-0dc400492ac6',43,1,1,14.2100,'2023-03-30 15:29:57'),(257,'f6bc66fa-bc17-4cd8-b4ce-0dc400492ac6',35,2,1,-14.2100,'2023-03-30 15:29:57'),(258,'f6bc66fa-bc17-4cd8-b4ce-0dc400492ac6',43,1,1,-14.2100,'2023-03-30 15:29:57'),(259,'f6bc66fa-bc17-4cd8-b4ce-0dc400492ac6',35,2,1,14.2100,'2023-03-30 15:29:57'),(260,'f6bc66fa-bc17-4cd8-b4ce-0dc400492ac6',44,1,1,14.2100,'2023-03-30 15:29:57'),(261,'f6bc66fa-bc17-4cd8-b4ce-0dc400492ac6',36,2,1,-14.2100,'2023-03-30 15:29:57'),(265,'f6bc66fa-bc17-4cd8-b4ce-0dc400492ac6',37,2,2,-0.0900,'2023-03-30 15:29:57'),(266,'f6bc66fa-bc17-4cd8-b4ce-0dc400492ac6',45,1,2,0.0900,'2023-03-30 15:29:57'),(267,'e87ded42-ea4e-4abd-b885-8a573f2906ca',67,1,1,150.0000,'2023-03-30 15:29:57'),(268,'e87ded42-ea4e-4abd-b885-8a573f2906ca',35,2,1,-150.0000,'2023-03-30 15:29:57'),(269,'e87ded42-ea4e-4abd-b885-8a573f2906ca',37,2,2,-0.9000,'2023-03-30 15:29:57'),(270,'e87ded42-ea4e-4abd-b885-8a573f2906ca',69,1,2,0.9000,'2023-03-30 15:29:57'),(271,'e87ded42-ea4e-4abd-b885-8a573f2906ca',67,1,1,-150.0000,'2023-03-30 15:29:57'),(272,'e87ded42-ea4e-4abd-b885-8a573f2906ca',35,2,1,150.0000,'2023-03-30 15:29:57'),(273,'e87ded42-ea4e-4abd-b885-8a573f2906ca',68,1,1,150.0000,'2023-03-30 15:29:57'),(274,'e87ded42-ea4e-4abd-b885-8a573f2906ca',36,2,1,-150.0000,'2023-03-30 15:29:57'),(278,'4bac4be3-4e84-48e1-930d-ad73838c4d07',67,1,1,34.5500,'2023-03-30 15:29:58'),(279,'4bac4be3-4e84-48e1-930d-ad73838c4d07',43,2,1,-34.5500,'2023-03-30 15:29:58'),(280,'4bac4be3-4e84-48e1-930d-ad73838c4d07',67,1,1,-34.5500,'2023-03-30 15:29:58'),(281,'4bac4be3-4e84-48e1-930d-ad73838c4d07',43,2,1,34.5500,'2023-03-30 15:29:58'),(282,'4bac4be3-4e84-48e1-930d-ad73838c4d07',68,1,1,34.5500,'2023-03-30 15:29:58'),(283,'4bac4be3-4e84-48e1-930d-ad73838c4d07',45,2,2,-0.2100,'2023-03-30 15:29:58'),(284,'4bac4be3-4e84-48e1-930d-ad73838c4d07',69,1,2,0.2100,'2023-03-30 15:29:58'),(285,'4bac4be3-4e84-48e1-930d-ad73838c4d07',44,2,1,-34.5500,'2023-03-30 15:29:58'),(289,'6293bfd3-87dc-47fa-8a08-73a35accaa3d',63,1,1,22.0000,'2023-03-30 15:29:58'),(290,'6293bfd3-87dc-47fa-8a08-73a35accaa3d',43,2,1,-22.0000,'2023-03-30 15:29:58'),(291,'6293bfd3-87dc-47fa-8a08-73a35accaa3d',63,1,1,-22.0000,'2023-03-30 15:29:59'),(292,'6293bfd3-87dc-47fa-8a08-73a35accaa3d',43,2,1,22.0000,'2023-03-30 15:29:59'),(293,'6293bfd3-87dc-47fa-8a08-73a35accaa3d',64,1,1,22.0000,'2023-03-30 15:29:59'),(294,'6293bfd3-87dc-47fa-8a08-73a35accaa3d',44,2,1,-22.0000,'2023-03-30 15:29:59'),(298,'ecec47a6-b526-4063-a6b3-7e4704764607',63,1,1,788.0000,'2023-03-30 15:29:59'),(299,'ecec47a6-b526-4063-a6b3-7e4704764607',43,2,1,-788.0000,'2023-03-30 15:29:59'),(300,'ecec47a6-b526-4063-a6b3-7e4704764607',45,2,2,-4.7300,'2023-03-30 15:29:59'),(301,'ecec47a6-b526-4063-a6b3-7e4704764607',65,1,2,4.7300,'2023-03-30 15:29:59'),(302,'ecec47a6-b526-4063-a6b3-7e4704764607',63,1,1,-788.0000,'2023-03-30 15:29:59'),(303,'ecec47a6-b526-4063-a6b3-7e4704764607',43,2,1,788.0000,'2023-03-30 15:29:59'),(304,'ecec47a6-b526-4063-a6b3-7e4704764607',64,1,1,788.0000,'2023-03-30 15:29:59'),(305,'ecec47a6-b526-4063-a6b3-7e4704764607',44,2,1,-788.0000,'2023-03-30 15:29:59'),(309,'120cacd2-2d94-4e3d-87c9-9c67f83dfe77',63,1,1,22.0000,'2023-03-30 15:29:59'),(310,'120cacd2-2d94-4e3d-87c9-9c67f83dfe77',35,2,1,-22.0000,'2023-03-30 15:29:59'),(311,'120cacd2-2d94-4e3d-87c9-9c67f83dfe77',63,1,1,-22.0000,'2023-03-30 15:29:59'),(312,'120cacd2-2d94-4e3d-87c9-9c67f83dfe77',35,2,1,22.0000,'2023-03-30 15:29:59'),(313,'120cacd2-2d94-4e3d-87c9-9c67f83dfe77',64,1,1,22.0000,'2023-03-30 15:29:59'),(314,'120cacd2-2d94-4e3d-87c9-9c67f83dfe77',36,2,1,-22.0000,'2023-03-30 15:29:59'),(318,'120cacd2-2d94-4e3d-87c9-9c67f83dfe77',37,2,2,-0.1300,'2023-03-30 15:30:00'),(319,'120cacd2-2d94-4e3d-87c9-9c67f83dfe77',65,1,2,0.1300,'2023-03-30 15:30:00'),(320,'d2825ceb-096f-4ea6-a45b-9084ae727715',43,1,1,333.0000,'2023-03-30 15:30:00'),(321,'d2825ceb-096f-4ea6-a45b-9084ae727715',35,2,1,-333.0000,'2023-03-30 15:30:00'),(322,'d2825ceb-096f-4ea6-a45b-9084ae727715',43,1,1,-333.0000,'2023-03-30 15:30:00'),(323,'d2825ceb-096f-4ea6-a45b-9084ae727715',35,2,1,333.0000,'2023-03-30 15:30:00'),(324,'d2825ceb-096f-4ea6-a45b-9084ae727715',44,1,1,333.0000,'2023-03-30 15:30:00'),(325,'d2825ceb-096f-4ea6-a45b-9084ae727715',36,2,1,-333.0000,'2023-03-30 15:30:00'),(329,'d2825ceb-096f-4ea6-a45b-9084ae727715',37,2,2,-2.0000,'2023-03-30 15:30:00'),(330,'d2825ceb-096f-4ea6-a45b-9084ae727715',45,1,2,2.0000,'2023-03-30 15:30:00'),(331,'9780feab-9d9c-4455-8cd0-8f88bfbc955c',63,1,1,56.0000,'2023-03-30 15:30:00'),(332,'9780feab-9d9c-4455-8cd0-8f88bfbc955c',35,2,1,-56.0000,'2023-03-30 15:30:00'),(333,'9780feab-9d9c-4455-8cd0-8f88bfbc955c',63,1,1,-56.0000,'2023-03-30 15:30:01'),(334,'9780feab-9d9c-4455-8cd0-8f88bfbc955c',35,2,1,56.0000,'2023-03-30 15:30:01'),(335,'9780feab-9d9c-4455-8cd0-8f88bfbc955c',64,1,1,56.0000,'2023-03-30 15:30:01'),(336,'9780feab-9d9c-4455-8cd0-8f88bfbc955c',36,2,1,-56.0000,'2023-03-30 15:30:01'),(340,'9780feab-9d9c-4455-8cd0-8f88bfbc955c',37,2,2,-0.3400,'2023-03-30 15:30:01'),(341,'9780feab-9d9c-4455-8cd0-8f88bfbc955c',65,1,2,0.3400,'2023-03-30 15:30:01'),(342,'b1ece5f3-da11-45d4-bc8c-9496ff147664',43,1,1,44.0000,'2023-03-30 15:30:01'),(343,'b1ece5f3-da11-45d4-bc8c-9496ff147664',35,2,1,-44.0000,'2023-03-30 15:30:01'),(344,'b1ece5f3-da11-45d4-bc8c-9496ff147664',37,2,2,-0.2600,'2023-03-30 15:30:01'),(345,'b1ece5f3-da11-45d4-bc8c-9496ff147664',45,1,2,0.2600,'2023-03-30 15:30:01'),(346,'b1ece5f3-da11-45d4-bc8c-9496ff147664',43,1,1,-44.0000,'2023-03-30 15:30:01'),(347,'b1ece5f3-da11-45d4-bc8c-9496ff147664',35,2,1,44.0000,'2023-03-30 15:30:01'),(348,'b1ece5f3-da11-45d4-bc8c-9496ff147664',44,1,1,44.0000,'2023-03-30 15:30:01'),(349,'b1ece5f3-da11-45d4-bc8c-9496ff147664',36,2,1,-44.0000,'2023-03-30 15:30:01'),(353,'5d36d2e4-e176-4e3a-9855-d1e0269de893',35,1,1,89.0000,'2023-03-30 15:30:01'),(354,'5d36d2e4-e176-4e3a-9855-d1e0269de893',43,2,1,-89.0000,'2023-03-30 15:30:01'),(355,'5d36d2e4-e176-4e3a-9855-d1e0269de893',35,1,1,-89.0000,'2023-03-30 15:30:01'),(356,'5d36d2e4-e176-4e3a-9855-d1e0269de893',43,2,1,89.0000,'2023-03-30 15:30:01'),(357,'5d36d2e4-e176-4e3a-9855-d1e0269de893',36,1,1,89.0000,'2023-03-30 15:30:01'),(358,'5d36d2e4-e176-4e3a-9855-d1e0269de893',44,2,1,-89.0000,'2023-03-30 15:30:01'),(362,'518491da-fe7d-4300-8517-20f8957fe3b5',67,1,1,99.0000,'2023-03-30 15:30:02'),(363,'518491da-fe7d-4300-8517-20f8957fe3b5',35,2,1,-99.0000,'2023-03-30 15:30:02'),(364,'518491da-fe7d-4300-8517-20f8957fe3b5',37,2,2,-0.5900,'2023-03-30 15:30:02'),(365,'518491da-fe7d-4300-8517-20f8957fe3b5',69,1,2,0.5900,'2023-03-30 15:30:02'),(366,'518491da-fe7d-4300-8517-20f8957fe3b5',67,1,1,-99.0000,'2023-03-30 15:30:02'),(367,'518491da-fe7d-4300-8517-20f8957fe3b5',35,2,1,99.0000,'2023-03-30 15:30:02'),(368,'518491da-fe7d-4300-8517-20f8957fe3b5',68,1,1,99.0000,'2023-03-30 15:30:02'),(369,'518491da-fe7d-4300-8517-20f8957fe3b5',36,2,1,-99.0000,'2023-03-30 15:30:02'),(373,'a6557169-a9cc-434d-aa97-84a72991348c',63,1,1,14.2100,'2023-03-30 15:30:02'),(374,'a6557169-a9cc-434d-aa97-84a72991348c',35,2,1,-14.2100,'2023-03-30 15:30:02'),(375,'a6557169-a9cc-434d-aa97-84a72991348c',37,2,2,-0.0900,'2023-03-30 15:30:02'),(376,'a6557169-a9cc-434d-aa97-84a72991348c',65,1,2,0.0900,'2023-03-30 15:30:02'),(377,'a6557169-a9cc-434d-aa97-84a72991348c',63,1,1,-14.2100,'2023-03-30 15:30:02'),(378,'a6557169-a9cc-434d-aa97-84a72991348c',35,2,1,14.2100,'2023-03-30 15:30:02'),(379,'a6557169-a9cc-434d-aa97-84a72991348c',64,1,1,14.2100,'2023-03-30 15:30:02'),(380,'a6557169-a9cc-434d-aa97-84a72991348c',36,2,1,-14.2100,'2023-03-30 15:30:02'),(384,'6a6b96cf-a52c-4dc4-ad3f-2583e6721df0',43,1,1,110.0000,'2023-03-30 15:30:03'),(385,'6a6b96cf-a52c-4dc4-ad3f-2583e6721df0',35,2,1,-110.0000,'2023-03-30 15:30:03'),(386,'6a6b96cf-a52c-4dc4-ad3f-2583e6721df0',37,2,2,-0.6600,'2023-03-30 15:30:03'),(387,'6a6b96cf-a52c-4dc4-ad3f-2583e6721df0',45,1,2,0.6600,'2023-03-30 15:30:03'),(388,'6a6b96cf-a52c-4dc4-ad3f-2583e6721df0',43,1,1,-110.0000,'2023-03-30 15:30:03'),(389,'6a6b96cf-a52c-4dc4-ad3f-2583e6721df0',35,2,1,110.0000,'2023-03-30 15:30:03'),(390,'6a6b96cf-a52c-4dc4-ad3f-2583e6721df0',44,1,1,110.0000,'2023-03-30 15:30:03'),(391,'6a6b96cf-a52c-4dc4-ad3f-2583e6721df0',36,2,1,-110.0000,'2023-03-30 15:30:03'),(395,'df132fa6-ad04-488a-9c2c-cf8300ae86a3',63,1,1,15.0000,'2023-03-30 15:30:03'),(396,'df132fa6-ad04-488a-9c2c-cf8300ae86a3',35,2,1,-15.0000,'2023-03-30 15:30:03'),(397,'df132fa6-ad04-488a-9c2c-cf8300ae86a3',63,1,1,-15.0000,'2023-03-30 15:30:03'),(398,'df132fa6-ad04-488a-9c2c-cf8300ae86a3',35,2,1,15.0000,'2023-03-30 15:30:03'),(399,'df132fa6-ad04-488a-9c2c-cf8300ae86a3',64,1,1,15.0000,'2023-03-30 15:30:03'),(400,'df132fa6-ad04-488a-9c2c-cf8300ae86a3',36,2,1,-15.0000,'2023-03-30 15:30:03'),(404,'df132fa6-ad04-488a-9c2c-cf8300ae86a3',37,2,2,-0.0900,'2023-03-30 15:30:03'),(405,'df132fa6-ad04-488a-9c2c-cf8300ae86a3',65,1,2,0.0900,'2023-03-30 15:30:03'),(406,'72448f40-e07f-4dbc-b959-baa15269a18b',35,1,1,158.3600,'2023-03-30 15:30:03'),(407,'72448f40-e07f-4dbc-b959-baa15269a18b',43,2,1,-158.3600,'2023-03-30 15:30:03'),(408,'72448f40-e07f-4dbc-b959-baa15269a18b',37,1,2,0.9500,'2023-03-30 15:30:04'),(409,'72448f40-e07f-4dbc-b959-baa15269a18b',45,2,2,-0.9500,'2023-03-30 15:30:04'),(410,'72448f40-e07f-4dbc-b959-baa15269a18b',35,1,1,-158.3600,'2023-03-30 15:30:04'),(411,'72448f40-e07f-4dbc-b959-baa15269a18b',43,2,1,158.3600,'2023-03-30 15:30:04'),(412,'72448f40-e07f-4dbc-b959-baa15269a18b',36,1,1,158.3600,'2023-03-30 15:30:04'),(413,'72448f40-e07f-4dbc-b959-baa15269a18b',44,2,1,-158.3600,'2023-03-30 15:30:04'),(417,'b1114f0a-7167-4e36-9764-23a13011fff6',35,1,1,211.1500,'2023-03-30 15:30:04'),(418,'b1114f0a-7167-4e36-9764-23a13011fff6',67,2,1,-211.1500,'2023-03-30 15:30:04'),(419,'b1114f0a-7167-4e36-9764-23a13011fff6',35,1,1,-211.1500,'2023-03-30 15:30:04'),(420,'b1114f0a-7167-4e36-9764-23a13011fff6',67,2,1,211.1500,'2023-03-30 15:30:04'),(421,'b1114f0a-7167-4e36-9764-23a13011fff6',36,1,1,211.1500,'2023-03-30 15:30:04'),(422,'b1114f0a-7167-4e36-9764-23a13011fff6',68,2,1,-211.1500,'2023-03-30 15:30:04'),(426,'60acf797-c287-493a-9c26-56c51c795d7d',35,1,1,211.1500,'2023-03-30 15:30:04'),(427,'60acf797-c287-493a-9c26-56c51c795d7d',43,2,1,-211.1500,'2023-03-30 15:30:04'),(428,'60acf797-c287-493a-9c26-56c51c795d7d',35,1,1,-211.1500,'2023-03-30 15:30:04'),(429,'60acf797-c287-493a-9c26-56c51c795d7d',43,2,1,211.1500,'2023-03-30 15:30:04'),(430,'60acf797-c287-493a-9c26-56c51c795d7d',36,1,1,211.1500,'2023-03-30 15:30:04'),(431,'60acf797-c287-493a-9c26-56c51c795d7d',44,2,1,-211.1500,'2023-03-30 15:30:04'),(435,'60acf797-c287-493a-9c26-56c51c795d7d',37,1,2,1.2700,'2023-03-30 15:30:04'),(436,'60acf797-c287-493a-9c26-56c51c795d7d',45,2,2,-1.2700,'2023-03-30 15:30:04'),(437,'877f158c-c3d1-4666-9b54-9db2d43f89fe',63,1,1,14.2100,'2023-03-30 15:30:05'),(438,'877f158c-c3d1-4666-9b54-9db2d43f89fe',35,2,1,-14.2100,'2023-03-30 15:30:05'),(439,'877f158c-c3d1-4666-9b54-9db2d43f89fe',37,2,2,-0.0900,'2023-03-30 15:30:05'),(440,'877f158c-c3d1-4666-9b54-9db2d43f89fe',65,1,2,0.0900,'2023-03-30 15:30:05'),(441,'877f158c-c3d1-4666-9b54-9db2d43f89fe',63,1,1,-14.2100,'2023-03-30 15:30:05'),(442,'877f158c-c3d1-4666-9b54-9db2d43f89fe',35,2,1,14.2100,'2023-03-30 15:30:05'),(443,'877f158c-c3d1-4666-9b54-9db2d43f89fe',64,1,1,14.2100,'2023-03-30 15:30:05'),(444,'877f158c-c3d1-4666-9b54-9db2d43f89fe',36,2,1,-14.2100,'2023-03-30 15:30:05'),(448,'3049bcca-b799-4304-a2d9-773562b1c4dd',43,1,1,150.0000,'2023-03-30 15:30:05'),(449,'3049bcca-b799-4304-a2d9-773562b1c4dd',35,2,1,-150.0000,'2023-03-30 15:30:05'),(450,'3049bcca-b799-4304-a2d9-773562b1c4dd',43,1,1,-150.0000,'2023-03-30 15:30:05'),(451,'3049bcca-b799-4304-a2d9-773562b1c4dd',35,2,1,150.0000,'2023-03-30 15:30:05'),(452,'3049bcca-b799-4304-a2d9-773562b1c4dd',44,1,1,150.0000,'2023-03-30 15:30:05'),(453,'3049bcca-b799-4304-a2d9-773562b1c4dd',36,2,1,-150.0000,'2023-03-30 15:30:05'),(457,'3049bcca-b799-4304-a2d9-773562b1c4dd',37,2,2,-0.9000,'2023-03-30 15:30:05'),(458,'3049bcca-b799-4304-a2d9-773562b1c4dd',45,1,2,0.9000,'2023-03-30 15:30:05'),(459,'bbd9cd38-c7f2-4364-854d-376868795515',43,1,1,15.0000,'2023-03-30 15:30:06'),(460,'bbd9cd38-c7f2-4364-854d-376868795515',63,2,1,-15.0000,'2023-03-30 15:30:06'),(461,'bbd9cd38-c7f2-4364-854d-376868795515',43,1,1,-15.0000,'2023-03-30 15:30:06'),(462,'bbd9cd38-c7f2-4364-854d-376868795515',63,2,1,15.0000,'2023-03-30 15:30:06'),(463,'bbd9cd38-c7f2-4364-854d-376868795515',44,1,1,15.0000,'2023-03-30 15:30:06'),(464,'bbd9cd38-c7f2-4364-854d-376868795515',64,2,1,-15.0000,'2023-03-30 15:30:06'),(468,'bbd9cd38-c7f2-4364-854d-376868795515',45,1,2,0.0900,'2023-03-30 15:30:06'),(469,'bbd9cd38-c7f2-4364-854d-376868795515',65,2,2,-0.0900,'2023-03-30 15:30:06'),(470,'0ef3a9ec-921a-4e58-bc78-4c137da5b9a7',67,1,1,158.3600,'2023-03-30 15:30:06'),(471,'0ef3a9ec-921a-4e58-bc78-4c137da5b9a7',35,2,1,-158.3600,'2023-03-30 15:30:06'),(472,'0ef3a9ec-921a-4e58-bc78-4c137da5b9a7',37,2,2,-0.9500,'2023-03-30 15:30:06'),(473,'0ef3a9ec-921a-4e58-bc78-4c137da5b9a7',69,1,2,0.9500,'2023-03-30 15:30:06'),(474,'0ef3a9ec-921a-4e58-bc78-4c137da5b9a7',67,1,1,-158.3600,'2023-03-30 15:30:06'),(475,'0ef3a9ec-921a-4e58-bc78-4c137da5b9a7',35,2,1,158.3600,'2023-03-30 15:30:06'),(476,'0ef3a9ec-921a-4e58-bc78-4c137da5b9a7',68,1,1,158.3600,'2023-03-30 15:30:06'),(477,'0ef3a9ec-921a-4e58-bc78-4c137da5b9a7',36,2,1,-158.3600,'2023-03-30 15:30:06'),(481,'0c911e1c-65bf-4b2d-91b3-e8667feb6fa0',35,1,1,211.1500,'2023-03-30 15:30:07'),(482,'0c911e1c-65bf-4b2d-91b3-e8667feb6fa0',63,2,1,-211.1500,'2023-03-30 15:30:07'),(483,'0c911e1c-65bf-4b2d-91b3-e8667feb6fa0',35,1,1,-211.1500,'2023-03-30 15:30:07'),(484,'0c911e1c-65bf-4b2d-91b3-e8667feb6fa0',63,2,1,211.1500,'2023-03-30 15:30:07'),(485,'0c911e1c-65bf-4b2d-91b3-e8667feb6fa0',36,1,1,211.1500,'2023-03-30 15:30:07'),(486,'0c911e1c-65bf-4b2d-91b3-e8667feb6fa0',64,2,1,-211.1500,'2023-03-30 15:30:07'),(490,'cd01fc33-6184-44c7-9eb3-3772ac133873',63,1,1,211.1500,'2023-03-30 15:30:07'),(491,'cd01fc33-6184-44c7-9eb3-3772ac133873',43,2,1,-211.1500,'2023-03-30 15:30:07'),(492,'cd01fc33-6184-44c7-9eb3-3772ac133873',45,2,2,-1.2700,'2023-03-30 15:30:07'),(493,'cd01fc33-6184-44c7-9eb3-3772ac133873',65,1,2,1.2700,'2023-03-30 15:30:07'),(494,'cd01fc33-6184-44c7-9eb3-3772ac133873',63,1,1,-211.1500,'2023-03-30 15:30:07'),(495,'cd01fc33-6184-44c7-9eb3-3772ac133873',43,2,1,211.1500,'2023-03-30 15:30:07'),(496,'cd01fc33-6184-44c7-9eb3-3772ac133873',64,1,1,211.1500,'2023-03-30 15:30:07'),(497,'cd01fc33-6184-44c7-9eb3-3772ac133873',44,2,1,-211.1500,'2023-03-30 15:30:07'),(501,'8faf2aa7-9982-4ea4-bea3-8fc5533584f4',63,1,1,14.2100,'2023-03-30 15:30:08'),(502,'8faf2aa7-9982-4ea4-bea3-8fc5533584f4',35,2,1,-14.2100,'2023-03-30 15:30:08'),(503,'8faf2aa7-9982-4ea4-bea3-8fc5533584f4',37,2,2,-0.0900,'2023-03-30 15:30:08'),(504,'8faf2aa7-9982-4ea4-bea3-8fc5533584f4',65,1,2,0.0900,'2023-03-30 15:30:08'),(505,'8faf2aa7-9982-4ea4-bea3-8fc5533584f4',63,1,1,-14.2100,'2023-03-30 15:30:08'),(506,'8faf2aa7-9982-4ea4-bea3-8fc5533584f4',35,2,1,14.2100,'2023-03-30 15:30:08'),(507,'8faf2aa7-9982-4ea4-bea3-8fc5533584f4',64,1,1,14.2100,'2023-03-30 15:30:08'),(508,'8faf2aa7-9982-4ea4-bea3-8fc5533584f4',36,2,1,-14.2100,'2023-03-30 15:30:08'),(512,'f55f0da2-4b33-4940-990f-2f6160dbb5cb',2,3,9,5000.0000,'2023-03-30 15:34:28'),(513,'f55f0da2-4b33-4940-990f-2f6160dbb5cb',8,4,9,-5000.0000,'2023-03-30 15:34:28'),(514,'9a8af5a3-8841-401d-bb86-253e5b8ce4f8',4,3,9,5000.0000,'2023-03-30 15:34:31'),(515,'9a8af5a3-8841-401d-bb86-253e5b8ce4f8',10,4,9,-5000.0000,'2023-03-30 15:34:31'),(516,'49c989f5-df83-4919-843c-75cee603715b',2,3,9,5000.0000,'2023-03-30 15:34:39'),(517,'49c989f5-df83-4919-843c-75cee603715b',16,4,9,-5000.0000,'2023-03-30 15:34:39'),(518,'b9ad4292-6903-484e-b79d-e6f0696cba04',4,3,9,5000.0000,'2023-03-30 15:34:42'),(519,'b9ad4292-6903-484e-b79d-e6f0696cba04',18,4,9,-5000.0000,'2023-03-30 15:34:42'),(520,'13eb5fda-b2ed-4990-aa52-2a9f55467b06',2,3,9,5000.0000,'2023-03-30 15:34:50'),(521,'13eb5fda-b2ed-4990-aa52-2a9f55467b06',24,4,9,-5000.0000,'2023-03-30 15:34:50'),(522,'f90626ae-f99c-4f22-945d-972dae9d0daa',2,3,9,5000.0000,'2023-03-30 15:34:55'),(523,'f90626ae-f99c-4f22-945d-972dae9d0daa',32,4,9,-5000.0000,'2023-03-30 15:34:55'),(524,'e47d8ba3-c1bd-42a1-bb2f-dc6806310a72',4,3,9,5000.0000,'2023-03-30 15:34:58'),(525,'e47d8ba3-c1bd-42a1-bb2f-dc6806310a72',34,4,9,-5000.0000,'2023-03-30 15:34:58'),(526,'92d8b492-54b6-41dc-9919-f512734ccf21',2,3,9,5000.0000,'2023-03-30 15:35:05'),(527,'92d8b492-54b6-41dc-9919-f512734ccf21',40,4,9,-5000.0000,'2023-03-30 15:35:05'),(528,'e9986c01-4106-48f9-9228-4a609b1f4afb',4,3,9,5000.0000,'2023-03-30 15:35:07'),(529,'e9986c01-4106-48f9-9228-4a609b1f4afb',42,4,9,-5000.0000,'2023-03-30 15:35:07'),(530,'225cfaa5-3a9a-4d2a-8bc5-7ad0f101a31f',2,3,9,5000.0000,'2023-03-30 15:35:23'),(531,'225cfaa5-3a9a-4d2a-8bc5-7ad0f101a31f',48,4,9,-5000.0000,'2023-03-30 15:35:23'),(532,'a774f4f1-f833-4b7d-8434-623b69fa8ca3',4,3,9,5000.0000,'2023-03-30 15:35:24'),(533,'a774f4f1-f833-4b7d-8434-623b69fa8ca3',50,4,9,-5000.0000,'2023-03-30 15:35:24'),(534,'d93280a5-70b6-414b-8276-4bc8f1b46a56',6,3,9,5000.0000,'2023-03-30 15:35:34'),(535,'d93280a5-70b6-414b-8276-4bc8f1b46a56',64,4,9,-5000.0000,'2023-03-30 15:35:34'),(536,'3e8c9a61-e2e5-47ad-9e23-246370d06e79',6,3,9,5000.0000,'2023-03-30 15:35:39'),(537,'3e8c9a61-e2e5-47ad-9e23-246370d06e79',68,4,9,-5000.0000,'2023-03-30 15:35:39'),(538,'5ce60bd7-dcd2-49c5-bf56-47c3cd27a9a7',47,1,1,100.0000,'2023-03-30 15:36:08'),(539,'5ce60bd7-dcd2-49c5-bf56-47c3cd27a9a7',15,2,1,-100.0000,'2023-03-30 15:36:08'),(540,'a7ffc724-a797-479e-8b3d-5bf82621e1ba',47,1,1,100.0000,'2023-03-30 15:36:09'),(541,'a7ffc724-a797-479e-8b3d-5bf82621e1ba',15,2,1,-100.0000,'2023-03-30 15:36:09'),(542,'cfee0b72-a6a3-4712-9a6c-019c755a2d6b',47,1,1,100.0000,'2023-03-30 15:36:10'),(543,'cfee0b72-a6a3-4712-9a6c-019c755a2d6b',15,2,1,-100.0000,'2023-03-30 15:36:10'),(544,'06157145-c0ba-4256-9357-85758565932a',47,1,1,100.0000,'2023-03-30 15:36:11'),(545,'06157145-c0ba-4256-9357-85758565932a',15,2,1,-100.0000,'2023-03-30 15:36:11'),(546,'03291e9d-1df5-4fa5-9738-332b116d0e2a',47,1,1,100.0000,'2023-03-30 15:36:13'),(547,'03291e9d-1df5-4fa5-9738-332b116d0e2a',15,2,1,-100.0000,'2023-03-30 15:36:13'),(548,'420370f7-e415-4435-b50b-26c251428f87',47,1,1,1.0000,'2023-03-30 15:36:13'),(549,'420370f7-e415-4435-b50b-26c251428f87',23,2,1,-1.0000,'2023-03-30 15:36:13'),(550,'552bee22-e78c-418a-a8bd-100b51e74ce6',47,1,1,100.0000,'2023-03-30 15:36:30'),(551,'552bee22-e78c-418a-a8bd-100b51e74ce6',23,2,1,-100.0000,'2023-03-30 15:36:30'),(552,'38f7597f-1815-4476-bdbd-de9275f9ee09',47,1,1,100.0000,'2023-03-30 15:36:33'),(553,'38f7597f-1815-4476-bdbd-de9275f9ee09',23,2,1,-100.0000,'2023-03-30 15:36:33'),(554,'dd816dd3-421e-426e-841c-bcfadfabb060',47,1,1,100.0000,'2023-03-30 15:36:45'),(555,'dd816dd3-421e-426e-841c-bcfadfabb060',23,2,1,-100.0000,'2023-03-30 15:36:45'),(556,'c96f869e-a5ee-40ed-8a58-c1c102b97369',47,1,1,105.1100,'2023-03-30 15:36:47'),(557,'c96f869e-a5ee-40ed-8a58-c1c102b97369',23,2,1,-105.1100,'2023-03-30 15:36:47'),(558,'e6bb51dc-162c-424e-87e0-d32268440975',47,1,1,100.0000,'2023-03-30 15:37:00'),(559,'e6bb51dc-162c-424e-87e0-d32268440975',15,2,1,-100.0000,'2023-03-30 15:37:00'),(560,'0e7a2c63-0075-4092-9247-8df2b0bfda4c',47,1,1,1.0000,'2023-03-30 15:37:01'),(561,'0e7a2c63-0075-4092-9247-8df2b0bfda4c',23,2,1,-1.0000,'2023-03-30 15:37:01'),(562,'a276a63b-fa23-4bfd-bab8-e0ba1b244bba',47,1,1,1.0000,'2023-03-30 15:37:02'),(563,'a276a63b-fa23-4bfd-bab8-e0ba1b244bba',23,2,1,-1.0000,'2023-03-30 15:37:02'),(564,'344acbd0-4842-48d5-b283-61840e4507e1',47,1,1,1.0000,'2023-03-30 15:37:03'),(565,'344acbd0-4842-48d5-b283-61840e4507e1',23,2,1,-1.0000,'2023-03-30 15:37:03'),(566,'acec0c20-c121-4ce0-a79d-413daac8632d',47,1,1,1.0000,'2023-03-30 15:37:05'),(567,'acec0c20-c121-4ce0-a79d-413daac8632d',23,2,1,-1.0000,'2023-03-30 15:37:05'),(568,'89b26770-15bb-4d83-8972-21aa52d680c2',31,1,1,100.0000,'2023-03-30 15:37:08'),(569,'89b26770-15bb-4d83-8972-21aa52d680c2',39,2,1,-100.0000,'2023-03-30 15:37:08'),(570,'ad1f51a4-f927-4d9b-94a8-e84108edc2a7',31,1,1,100.0000,'2023-03-30 15:37:10'),(571,'ad1f51a4-f927-4d9b-94a8-e84108edc2a7',39,2,1,-100.0000,'2023-03-30 15:37:10'),(572,'438a43ab-252c-49e1-8792-a331ec72e283',31,1,1,100.0000,'2023-03-30 15:37:10'),(573,'438a43ab-252c-49e1-8792-a331ec72e283',39,2,1,-100.0000,'2023-03-30 15:37:10'),(574,'e823c829-bb58-4708-a53d-40ad2bd43ca6',31,1,1,100.0000,'2023-03-30 15:37:11'),(575,'e823c829-bb58-4708-a53d-40ad2bd43ca6',39,2,1,-100.0000,'2023-03-30 15:37:11'),(576,'5455852f-b907-4b0b-9ac4-1080a9f3627b',47,1,1,9524.8800,'2023-03-30 15:37:12'),(577,'5455852f-b907-4b0b-9ac4-1080a9f3627b',15,2,1,-9524.8800,'2023-03-30 15:37:12'),(578,'da64268b-62f3-470c-a7d7-481c323ee2c6',47,1,1,7525.8800,'2023-03-30 15:37:12'),(579,'da64268b-62f3-470c-a7d7-481c323ee2c6',15,2,1,-7525.8800,'2023-03-30 15:37:12'),(580,'54e068d8-e03a-4df9-b968-7ee869f49917',2,3,9,10.0000,'2023-03-30 15:37:13'),(581,'54e068d8-e03a-4df9-b968-7ee869f49917',48,4,9,-10.0000,'2023-03-30 15:37:13'),(582,'c4417554-f66f-4285-aa83-c233e7d3835c',2,3,10,-10.0000,'2023-03-30 15:37:15'),(583,'c4417554-f66f-4285-aa83-c233e7d3835c',48,4,10,10.0000,'2023-03-30 15:37:15'),(584,'10c9656b-1135-427d-b3fd-b027d4811e14',2,3,10,-10.0000,'2023-03-30 15:37:20'),(585,'10c9656b-1135-427d-b3fd-b027d4811e14',48,4,10,10.0000,'2023-03-30 15:37:20'),(586,'3159a9ee-30a1-4dbf-a07e-4d83c7d439ad',47,1,1,10.0000,'2023-03-30 15:37:24'),(587,'3159a9ee-30a1-4dbf-a07e-4d83c7d439ad',15,2,1,-10.0000,'2023-03-30 15:37:24'),(588,'a5d4ee2f-b2d7-46ca-a8d6-d56fff0fac5b',7,1,1,10.0000,'2023-03-30 15:37:25'),(589,'a5d4ee2f-b2d7-46ca-a8d6-d56fff0fac5b',15,2,1,-10.0000,'2023-03-30 15:37:25'),(590,'98d18fc2-9069-4197-a52f-26ab8b9319cd',39,1,1,10.0000,'2023-03-30 15:37:26'),(591,'98d18fc2-9069-4197-a52f-26ab8b9319cd',31,2,1,-10.0000,'2023-03-30 15:37:26'),(592,'1556d74c-11fc-42bc-9d4e-d9772c5ce069',47,1,1,101.0000,'2023-03-30 15:37:27'),(593,'1556d74c-11fc-42bc-9d4e-d9772c5ce069',55,2,1,-101.0000,'2023-03-30 15:37:27'),(594,'cefbc20f-0a21-465a-a9a3-f384749e0816',47,1,1,103.0000,'2023-03-30 15:37:28'),(595,'cefbc20f-0a21-465a-a9a3-f384749e0816',55,2,1,-103.0000,'2023-03-30 15:37:28'),(596,'f5f2ac4a-733c-42f1-ba4c-7df5b63110e3',47,1,1,100.0000,'2023-03-30 15:37:40'),(597,'f5f2ac4a-733c-42f1-ba4c-7df5b63110e3',15,2,1,-100.0000,'2023-03-30 15:37:40'),(598,'db68190b-dae8-49f0-b62c-3cac35ed4c7b',7,1,1,100.0000,'2023-03-30 15:37:41'),(599,'f90bf2d4-57bd-43a7-85a2-6189b442db78',47,1,1,60.1234,'2023-03-30 15:37:42'),(600,'f90bf2d4-57bd-43a7-85a2-6189b442db78',15,2,1,-60.1234,'2023-03-30 15:37:42'),(601,'4532d58f-06af-44af-8026-8222bec1d05b',47,1,1,104.0000,'2023-03-30 15:37:46'),(602,'4532d58f-06af-44af-8026-8222bec1d05b',55,2,1,-104.0000,'2023-03-30 15:37:46'),(603,'5756a3c3-fe05-4f4c-8af2-c5f1cb4057f3',47,1,1,102.0000,'2023-03-30 15:37:52'),(604,'5756a3c3-fe05-4f4c-8af2-c5f1cb4057f3',55,2,1,-102.0000,'2023-03-30 15:37:52'),(605,'b69f0fba-0932-4b72-b2ea-a8bf86a2a13b',15,1,1,5.0000,'2023-03-30 15:37:54'),(606,'b69f0fba-0932-4b72-b2ea-a8bf86a2a13b',15,2,1,-5.0000,'2023-03-30 15:37:54'),(607,'71faba9a-55ab-484b-9819-1ee49f53c6d6',31,1,1,60.0000,'2023-03-30 15:38:01'),(608,'71faba9a-55ab-484b-9819-1ee49f53c6d6',39,2,1,-60.0000,'2023-03-30 15:38:01'),(609,'69723912-5d85-4b1e-98cb-b5d9dc5ca3a9',33,1,1,55.0000,'2023-03-30 15:38:01'),(610,'69723912-5d85-4b1e-98cb-b5d9dc5ca3a9',17,2,1,-55.0000,'2023-03-30 15:38:01'),(611,'a3b22780-d781-43c7-bf27-3f5d6d9de214',7,1,1,35.0000,'2023-03-30 15:38:01'),(612,'a3b22780-d781-43c7-bf27-3f5d6d9de214',31,2,1,-35.0000,'2023-03-30 15:38:01'),(613,'866b84c5-15a6-4e6e-9167-c4f11b7a8d3c',41,1,1,20.0000,'2023-03-30 15:38:02'),(614,'866b84c5-15a6-4e6e-9167-c4f11b7a8d3c',9,2,1,-20.0000,'2023-03-30 15:38:02'),(615,'b69e895e-7d7c-4ca9-a0cb-0c737728389b',15,1,1,35.0000,'2023-03-30 15:38:02'),(616,'b69e895e-7d7c-4ca9-a0cb-0c737728389b',39,2,1,-35.0000,'2023-03-30 15:38:02'),(617,'b7c384f3-da04-40b3-86d4-68dc5cbb15c2',17,1,1,25.0000,'2023-03-30 15:38:02'),(618,'b7c384f3-da04-40b3-86d4-68dc5cbb15c2',9,2,1,-25.0000,'2023-03-30 15:38:02'),(619,'9057241a-2b29-4117-be46-09e178095d54',1,3,7,35.0000,'2023-03-30 15:38:11'),(620,'9057241a-2b29-4117-be46-09e178095d54',7,5,7,-35.0000,'2023-03-30 15:38:11'),(621,'5c896cbd-2c70-45e4-b8fd-3e001730e83e',1,3,7,35.0000,'2023-03-30 15:38:11'),(622,'5c896cbd-2c70-45e4-b8fd-3e001730e83e',15,5,7,-35.0000,'2023-03-30 15:38:11'),(623,'b0b087ae-7d91-40a4-9ea2-6c8b4ddb662d',1,3,7,25.0000,'2023-03-30 15:38:11'),(624,'b0b087ae-7d91-40a4-9ea2-6c8b4ddb662d',31,5,7,-25.0000,'2023-03-30 15:38:11'),(625,'44a1de8f-b17e-406b-a6aa-fe6b4db922a3',1,3,6,-95.0000,'2023-03-30 15:38:11'),(626,'44a1de8f-b17e-406b-a6aa-fe6b4db922a3',39,5,6,95.0000,'2023-03-30 15:38:11'),(627,'e75dadbd-5fb3-4d1e-a927-dad4d6edba44',3,3,6,-45.0000,'2023-03-30 15:38:14'),(628,'e75dadbd-5fb3-4d1e-a927-dad4d6edba44',9,5,6,45.0000,'2023-03-30 15:38:14'),(629,'01292ebf-0e82-4f34-a800-1454173ae226',3,3,6,-30.0000,'2023-03-30 15:38:14'),(630,'01292ebf-0e82-4f34-a800-1454173ae226',17,5,6,30.0000,'2023-03-30 15:38:14'),(631,'67f153b0-414a-484c-9708-56acc242c1bb',3,3,7,55.0000,'2023-03-30 15:38:14'),(632,'67f153b0-414a-484c-9708-56acc242c1bb',33,5,7,-55.0000,'2023-03-30 15:38:14'),(633,'9a3b5930-f5e3-4ebb-a375-4f487030137d',3,3,7,20.0000,'2023-03-30 15:38:14'),(634,'9a3b5930-f5e3-4ebb-a375-4f487030137d',41,5,7,-20.0000,'2023-03-30 15:38:14'),(635,'401b13d6-796b-434f-87bd-b56400e419b2',31,1,1,60.0000,'2023-03-30 15:38:33'),(636,'401b13d6-796b-434f-87bd-b56400e419b2',39,2,1,-60.0000,'2023-03-30 15:38:33'),(637,'defcbe09-31dc-4c31-9e2f-d7a35b28c018',31,1,1,55.0000,'2023-03-30 15:38:34'),(638,'defcbe09-31dc-4c31-9e2f-d7a35b28c018',15,2,1,-55.0000,'2023-03-30 15:38:34'),(639,'074e74e9-dbdf-4279-b40b-2f6f0c267c0d',7,1,1,35.0000,'2023-03-30 15:38:34'),(640,'074e74e9-dbdf-4279-b40b-2f6f0c267c0d',31,2,1,-35.0000,'2023-03-30 15:38:34'),(641,'2ca3b6f5-42b0-48f4-b5f5-73ee18ae7e68',39,1,1,20.0000,'2023-03-30 15:38:34'),(642,'2ca3b6f5-42b0-48f4-b5f5-73ee18ae7e68',7,2,1,-20.0000,'2023-03-30 15:38:34'),(643,'8549314c-3c58-47f3-b889-685d18e7d017',15,1,1,35.0000,'2023-03-30 15:38:34'),(644,'8549314c-3c58-47f3-b889-685d18e7d017',39,2,1,-35.0000,'2023-03-30 15:38:34'),(645,'22fcbfe3-f636-4889-8068-02154f279e05',15,1,1,25.0000,'2023-03-30 15:38:35'),(646,'22fcbfe3-f636-4889-8068-02154f279e05',7,2,1,-25.0000,'2023-03-30 15:38:35'),(647,'58d329b7-2225-4eea-9518-f3163211919b',1,3,6,-10.0000,'2023-03-30 15:38:41'),(648,'58d329b7-2225-4eea-9518-f3163211919b',7,5,6,10.0000,'2023-03-30 15:38:41'),(649,'4478b5cb-59a3-4c94-8f85-b54c352485fb',1,3,7,5.0000,'2023-03-30 15:38:41'),(650,'4478b5cb-59a3-4c94-8f85-b54c352485fb',15,5,7,-5.0000,'2023-03-30 15:38:41'),(651,'a5f902b0-a013-4147-9249-5943c35f9491',1,3,7,80.0000,'2023-03-30 15:38:41'),(652,'a5f902b0-a013-4147-9249-5943c35f9491',31,5,7,-80.0000,'2023-03-30 15:38:41'),(653,'1dc0f91c-89cb-4d6d-b406-51395d1196ed',1,3,6,-75.0000,'2023-03-30 15:38:41'),(654,'1dc0f91c-89cb-4d6d-b406-51395d1196ed',39,5,6,75.0000,'2023-03-30 15:38:41'),(655,'fc4dedb0-4c4f-4667-a171-72ddbc906fad',33,1,1,60.0000,'2023-03-30 15:38:52'),(656,'fc4dedb0-4c4f-4667-a171-72ddbc906fad',41,2,1,-60.0000,'2023-03-30 15:38:52'),(657,'50197ea7-9fea-4d5a-8abc-ecfd9726d6e9',33,1,1,55.0000,'2023-03-30 15:38:53'),(658,'50197ea7-9fea-4d5a-8abc-ecfd9726d6e9',17,2,1,-55.0000,'2023-03-30 15:38:53'),(659,'1519d8e6-0d64-403f-9c5d-a7d0f0aa2a95',9,1,1,35.0000,'2023-03-30 15:38:53'),(660,'1519d8e6-0d64-403f-9c5d-a7d0f0aa2a95',33,2,1,-35.0000,'2023-03-30 15:38:53'),(661,'86ad02eb-3af9-4c3c-9226-9b95a9ffd304',41,1,1,20.0000,'2023-03-30 15:38:53'),(662,'86ad02eb-3af9-4c3c-9226-9b95a9ffd304',9,2,1,-20.0000,'2023-03-30 15:38:53'),(663,'97c3fd11-6d47-4ad1-804e-a9805f0009b0',17,1,1,35.0000,'2023-03-30 15:38:54'),(664,'97c3fd11-6d47-4ad1-804e-a9805f0009b0',41,2,1,-35.0000,'2023-03-30 15:38:54'),(665,'6656ecf8-0b08-4e4c-b30c-c09017e0919e',17,1,1,25.0000,'2023-03-30 15:38:54'),(666,'6656ecf8-0b08-4e4c-b30c-c09017e0919e',9,2,1,-25.0000,'2023-03-30 15:38:54'),(667,'c4a1ef4b-8ac7-4caa-b11c-a6a590f733a0',3,3,6,-10.0000,'2023-03-30 15:39:00'),(668,'c4a1ef4b-8ac7-4caa-b11c-a6a590f733a0',9,5,6,10.0000,'2023-03-30 15:39:00'),(669,'221cb4a6-3849-4cf4-afe5-6cef23682943',3,3,7,5.0000,'2023-03-30 15:39:00'),(670,'221cb4a6-3849-4cf4-afe5-6cef23682943',17,5,7,-5.0000,'2023-03-30 15:39:00'),(671,'5f1b7ab3-5a01-474a-b66c-94f10877423c',3,3,7,80.0000,'2023-03-30 15:39:00'),(672,'5f1b7ab3-5a01-474a-b66c-94f10877423c',33,5,7,-80.0000,'2023-03-30 15:39:00'),(673,'cefab975-2e57-4f6f-b597-985d65b968b7',3,3,6,-75.0000,'2023-03-30 15:39:00'),(674,'cefab975-2e57-4f6f-b597-985d65b968b7',41,5,6,75.0000,'2023-03-30 15:39:00'),(675,'16bdb9c9-4c78-4845-aaef-9722073e2ca3',6,3,9,2000.0000,'2023-03-30 15:39:12'),(676,'16bdb9c9-4c78-4845-aaef-9722073e2ca3',36,4,9,-2000.0000,'2023-03-30 15:39:12'),(677,'2cc01c10-7fd1-4e9c-bb19-bfe8ce023567',6,3,9,2000.0000,'2023-03-30 15:39:12'),(678,'2cc01c10-7fd1-4e9c-bb19-bfe8ce023567',44,4,9,-2000.0000,'2023-03-30 15:39:12'),(679,'e26c82dd-682e-4b55-839d-33fca335cca2',6,3,9,2000.0000,'2023-03-30 15:39:12'),(680,'e26c82dd-682e-4b55-839d-33fca335cca2',64,4,9,-2000.0000,'2023-03-30 15:39:12'),(681,'344d6d3c-62b3-49ab-bed9-0ee11861d3ca',6,3,9,2000.0000,'2023-03-30 15:39:12'),(682,'344d6d3c-62b3-49ab-bed9-0ee11861d3ca',68,4,9,-2000.0000,'2023-03-30 15:39:12'),(683,'145a14a5-d1cc-4249-8dd4-ba28d0146d14',63,1,1,15.0000,'2023-03-30 15:39:12'),(684,'145a14a5-d1cc-4249-8dd4-ba28d0146d14',35,2,1,-15.0000,'2023-03-30 15:39:12'),(685,'145a14a5-d1cc-4249-8dd4-ba28d0146d14',37,2,2,-0.0900,'2023-03-30 15:39:12'),(686,'145a14a5-d1cc-4249-8dd4-ba28d0146d14',65,1,2,0.0900,'2023-03-30 15:39:12'),(687,'145a14a5-d1cc-4249-8dd4-ba28d0146d14',63,1,1,-15.0000,'2023-03-30 15:39:12'),(688,'145a14a5-d1cc-4249-8dd4-ba28d0146d14',35,2,1,15.0000,'2023-03-30 15:39:12'),(689,'145a14a5-d1cc-4249-8dd4-ba28d0146d14',64,1,1,15.0000,'2023-03-30 15:39:12'),(690,'145a14a5-d1cc-4249-8dd4-ba28d0146d14',36,2,1,-15.0000,'2023-03-30 15:39:12'),(694,'dfaa70fa-2023-48e1-a677-588b0faa4c25',43,1,1,87.8800,'2023-03-30 15:39:12'),(695,'dfaa70fa-2023-48e1-a677-588b0faa4c25',35,2,1,-87.8800,'2023-03-30 15:39:12'),(696,'dfaa70fa-2023-48e1-a677-588b0faa4c25',43,1,1,-87.8800,'2023-03-30 15:39:12'),(697,'dfaa70fa-2023-48e1-a677-588b0faa4c25',35,2,1,87.8800,'2023-03-30 15:39:12'),(698,'dfaa70fa-2023-48e1-a677-588b0faa4c25',44,1,1,87.8800,'2023-03-30 15:39:12'),(699,'dfaa70fa-2023-48e1-a677-588b0faa4c25',36,2,1,-87.8800,'2023-03-30 15:39:12'),(703,'6a5d152b-7305-49c4-ba2f-83bb3615f9df',35,1,1,158.3600,'2023-03-30 15:39:13'),(704,'6a5d152b-7305-49c4-ba2f-83bb3615f9df',67,2,1,-158.3600,'2023-03-30 15:39:13'),(705,'6a5d152b-7305-49c4-ba2f-83bb3615f9df',37,1,2,0.9500,'2023-03-30 15:39:13'),(706,'6a5d152b-7305-49c4-ba2f-83bb3615f9df',69,2,2,-0.9500,'2023-03-30 15:39:13'),(707,'6a5d152b-7305-49c4-ba2f-83bb3615f9df',35,1,1,-158.3600,'2023-03-30 15:39:13'),(708,'6a5d152b-7305-49c4-ba2f-83bb3615f9df',67,2,1,158.3600,'2023-03-30 15:39:13'),(709,'6a5d152b-7305-49c4-ba2f-83bb3615f9df',36,1,1,158.3600,'2023-03-30 15:39:13'),(710,'6a5d152b-7305-49c4-ba2f-83bb3615f9df',68,2,1,-158.3600,'2023-03-30 15:39:13'),(714,'9c47ba06-8d93-4f25-a42b-57953a7727e2',43,1,1,211.1100,'2023-03-30 15:39:13'),(715,'9c47ba06-8d93-4f25-a42b-57953a7727e2',35,2,1,-211.1100,'2023-03-30 15:39:13'),(716,'9c47ba06-8d93-4f25-a42b-57953a7727e2',37,2,2,-1.2700,'2023-03-30 15:39:13'),(717,'9c47ba06-8d93-4f25-a42b-57953a7727e2',45,1,2,1.2700,'2023-03-30 15:39:13'),(718,'9c47ba06-8d93-4f25-a42b-57953a7727e2',43,1,1,-211.1100,'2023-03-30 15:39:13'),(719,'9c47ba06-8d93-4f25-a42b-57953a7727e2',35,2,1,211.1100,'2023-03-30 15:39:13'),(720,'9c47ba06-8d93-4f25-a42b-57953a7727e2',44,1,1,211.1100,'2023-03-30 15:39:13'),(721,'9c47ba06-8d93-4f25-a42b-57953a7727e2',36,2,1,-211.1100,'2023-03-30 15:39:13'),(725,'daed7c97-6ea8-46b7-90aa-af1f20a091d4',43,1,1,14.0500,'2023-03-30 15:39:14'),(726,'daed7c97-6ea8-46b7-90aa-af1f20a091d4',35,2,1,-14.0500,'2023-03-30 15:39:14'),(727,'daed7c97-6ea8-46b7-90aa-af1f20a091d4',43,1,1,-14.0500,'2023-03-30 15:39:14'),(728,'daed7c97-6ea8-46b7-90aa-af1f20a091d4',35,2,1,14.0500,'2023-03-30 15:39:14'),(729,'daed7c97-6ea8-46b7-90aa-af1f20a091d4',44,1,1,14.0500,'2023-03-30 15:39:14'),(730,'daed7c97-6ea8-46b7-90aa-af1f20a091d4',36,2,1,-14.0500,'2023-03-30 15:39:14'),(734,'daed7c97-6ea8-46b7-90aa-af1f20a091d4',37,2,2,-0.0800,'2023-03-30 15:39:14'),(735,'daed7c97-6ea8-46b7-90aa-af1f20a091d4',45,1,2,0.0800,'2023-03-30 15:39:14'),(736,'829be5f9-3b8a-4854-b7f8-d09b5b5e3e3f',67,1,1,150.0000,'2023-03-30 15:39:14'),(737,'829be5f9-3b8a-4854-b7f8-d09b5b5e3e3f',35,2,1,-150.0000,'2023-03-30 15:39:14'),(738,'829be5f9-3b8a-4854-b7f8-d09b5b5e3e3f',67,1,1,-150.0000,'2023-03-30 15:39:14'),(739,'829be5f9-3b8a-4854-b7f8-d09b5b5e3e3f',35,2,1,150.0000,'2023-03-30 15:39:14'),(740,'829be5f9-3b8a-4854-b7f8-d09b5b5e3e3f',68,1,1,150.0000,'2023-03-30 15:39:14'),(741,'829be5f9-3b8a-4854-b7f8-d09b5b5e3e3f',37,2,2,-0.9000,'2023-03-30 15:39:14'),(742,'829be5f9-3b8a-4854-b7f8-d09b5b5e3e3f',69,1,2,0.9000,'2023-03-30 15:39:14'),(743,'829be5f9-3b8a-4854-b7f8-d09b5b5e3e3f',36,2,1,-150.0000,'2023-03-30 15:39:14'),(747,'e4571f51-8c5b-4edd-a621-68540c191834',63,1,1,15.0000,'2023-03-30 15:39:15'),(748,'e4571f51-8c5b-4edd-a621-68540c191834',35,2,1,-15.0000,'2023-03-30 15:39:15'),(749,'e4571f51-8c5b-4edd-a621-68540c191834',63,1,1,-15.0000,'2023-03-30 15:39:15'),(750,'e4571f51-8c5b-4edd-a621-68540c191834',35,2,1,15.0000,'2023-03-30 15:39:15'),(751,'e4571f51-8c5b-4edd-a621-68540c191834',64,1,1,15.0000,'2023-03-30 15:39:15'),(752,'e4571f51-8c5b-4edd-a621-68540c191834',36,2,1,-15.0000,'2023-03-30 15:39:15'),(756,'e4571f51-8c5b-4edd-a621-68540c191834',37,2,2,-0.0900,'2023-03-30 15:39:15'),(757,'e4571f51-8c5b-4edd-a621-68540c191834',65,1,2,0.0900,'2023-03-30 15:39:15'),(758,'5b11c771-a089-4cc9-ba18-a78dc18303b5',35,1,1,158.3600,'2023-03-30 15:39:16'),(759,'5b11c771-a089-4cc9-ba18-a78dc18303b5',67,2,1,-158.3600,'2023-03-30 15:39:16'),(760,'5b11c771-a089-4cc9-ba18-a78dc18303b5',37,1,2,0.9500,'2023-03-30 15:39:16'),(761,'5b11c771-a089-4cc9-ba18-a78dc18303b5',69,2,2,-0.9500,'2023-03-30 15:39:16'),(762,'5b11c771-a089-4cc9-ba18-a78dc18303b5',35,1,1,-158.3600,'2023-03-30 15:39:16'),(763,'5b11c771-a089-4cc9-ba18-a78dc18303b5',67,2,1,158.3600,'2023-03-30 15:39:16'),(764,'5b11c771-a089-4cc9-ba18-a78dc18303b5',36,1,1,158.3600,'2023-03-30 15:39:16'),(765,'5b11c771-a089-4cc9-ba18-a78dc18303b5',68,2,1,-158.3600,'2023-03-30 15:39:16'),(769,'e21bb32d-1d0e-498e-bd22-11302dc3beb6',43,1,1,87.8800,'2023-03-30 15:39:16'),(770,'e21bb32d-1d0e-498e-bd22-11302dc3beb6',35,2,1,-87.8800,'2023-03-30 15:39:16'),(771,'e21bb32d-1d0e-498e-bd22-11302dc3beb6',43,1,1,-87.8800,'2023-03-30 15:39:16'),(772,'e21bb32d-1d0e-498e-bd22-11302dc3beb6',35,2,1,87.8800,'2023-03-30 15:39:16'),(773,'e21bb32d-1d0e-498e-bd22-11302dc3beb6',44,1,1,87.8800,'2023-03-30 15:39:16'),(774,'e21bb32d-1d0e-498e-bd22-11302dc3beb6',36,2,1,-87.8800,'2023-03-30 15:39:16'),(778,'dec674af-b995-45ab-8bd1-8f1ca629099c',43,1,1,211.1500,'2023-03-30 15:39:17'),(779,'dec674af-b995-45ab-8bd1-8f1ca629099c',35,2,1,-211.1500,'2023-03-30 15:39:17'),(780,'dec674af-b995-45ab-8bd1-8f1ca629099c',37,2,2,-1.2700,'2023-03-30 15:39:17'),(781,'dec674af-b995-45ab-8bd1-8f1ca629099c',45,1,2,1.2700,'2023-03-30 15:39:17'),(782,'dec674af-b995-45ab-8bd1-8f1ca629099c',43,1,1,-211.1500,'2023-03-30 15:39:17'),(783,'dec674af-b995-45ab-8bd1-8f1ca629099c',35,2,1,211.1500,'2023-03-30 15:39:17'),(784,'dec674af-b995-45ab-8bd1-8f1ca629099c',44,1,1,211.1500,'2023-03-30 15:39:17'),(785,'dec674af-b995-45ab-8bd1-8f1ca629099c',36,2,1,-211.1500,'2023-03-30 15:39:17'),(789,'e321629b-fccf-4301-8939-543a35ae8b9c',43,1,1,14.2100,'2023-03-30 15:39:17'),(790,'e321629b-fccf-4301-8939-543a35ae8b9c',35,2,1,-14.2100,'2023-03-30 15:39:17'),(791,'e321629b-fccf-4301-8939-543a35ae8b9c',43,1,1,-14.2100,'2023-03-30 15:39:17'),(792,'e321629b-fccf-4301-8939-543a35ae8b9c',35,2,1,14.2100,'2023-03-30 15:39:17'),(793,'e321629b-fccf-4301-8939-543a35ae8b9c',44,1,1,14.2100,'2023-03-30 15:39:17'),(794,'e321629b-fccf-4301-8939-543a35ae8b9c',36,2,1,-14.2100,'2023-03-30 15:39:17'),(798,'e321629b-fccf-4301-8939-543a35ae8b9c',37,2,2,-0.0900,'2023-03-30 15:39:17'),(799,'e321629b-fccf-4301-8939-543a35ae8b9c',45,1,2,0.0900,'2023-03-30 15:39:17'),(800,'462e2f50-936f-4a43-9014-1b22f87c52d8',67,1,1,150.0000,'2023-03-30 15:39:17'),(801,'462e2f50-936f-4a43-9014-1b22f87c52d8',35,2,1,-150.0000,'2023-03-30 15:39:17'),(802,'462e2f50-936f-4a43-9014-1b22f87c52d8',67,1,1,-150.0000,'2023-03-30 15:39:18'),(803,'462e2f50-936f-4a43-9014-1b22f87c52d8',35,2,1,150.0000,'2023-03-30 15:39:18'),(804,'462e2f50-936f-4a43-9014-1b22f87c52d8',68,1,1,150.0000,'2023-03-30 15:39:18'),(805,'462e2f50-936f-4a43-9014-1b22f87c52d8',36,2,1,-150.0000,'2023-03-30 15:39:18'),(809,'462e2f50-936f-4a43-9014-1b22f87c52d8',37,2,2,-0.9000,'2023-03-30 15:39:18'),(810,'462e2f50-936f-4a43-9014-1b22f87c52d8',69,1,2,0.9000,'2023-03-30 15:39:18'),(811,'a1af1ee3-6e7a-470b-ba12-6084e444b7aa',63,1,1,45.0000,'2023-03-30 15:39:18'),(812,'a1af1ee3-6e7a-470b-ba12-6084e444b7aa',67,2,1,-45.0000,'2023-03-30 15:39:18'),(813,'a1af1ee3-6e7a-470b-ba12-6084e444b7aa',65,1,2,0.2700,'2023-03-30 15:39:18'),(814,'a1af1ee3-6e7a-470b-ba12-6084e444b7aa',69,2,2,-0.2700,'2023-03-30 15:39:18'),(815,'a1af1ee3-6e7a-470b-ba12-6084e444b7aa',63,1,1,-45.0000,'2023-03-30 15:39:18'),(816,'a1af1ee3-6e7a-470b-ba12-6084e444b7aa',67,2,1,45.0000,'2023-03-30 15:39:18'),(817,'a1af1ee3-6e7a-470b-ba12-6084e444b7aa',64,1,1,45.0000,'2023-03-30 15:39:18'),(818,'a1af1ee3-6e7a-470b-ba12-6084e444b7aa',68,2,1,-45.0000,'2023-03-30 15:39:18'),(822,'ea5d9160-6e0f-4987-b46d-04cb2714a796',67,1,1,34.5500,'2023-03-30 15:39:18'),(823,'ea5d9160-6e0f-4987-b46d-04cb2714a796',43,2,1,-34.5500,'2023-03-30 15:39:18'),(824,'ea5d9160-6e0f-4987-b46d-04cb2714a796',45,2,2,-0.2100,'2023-03-30 15:39:18'),(825,'ea5d9160-6e0f-4987-b46d-04cb2714a796',69,1,2,0.2100,'2023-03-30 15:39:18'),(826,'ea5d9160-6e0f-4987-b46d-04cb2714a796',67,1,1,-34.5500,'2023-03-30 15:39:18'),(827,'ea5d9160-6e0f-4987-b46d-04cb2714a796',43,2,1,34.5500,'2023-03-30 15:39:18'),(828,'ea5d9160-6e0f-4987-b46d-04cb2714a796',68,1,1,34.5500,'2023-03-30 15:39:18'),(829,'ea5d9160-6e0f-4987-b46d-04cb2714a796',44,2,1,-34.5500,'2023-03-30 15:39:18'),(833,'fb951c0c-373d-45a3-97f0-3f4f40cbeaf0',63,1,1,22.0000,'2023-03-30 15:39:19'),(834,'fb951c0c-373d-45a3-97f0-3f4f40cbeaf0',43,2,1,-22.0000,'2023-03-30 15:39:19'),(835,'fb951c0c-373d-45a3-97f0-3f4f40cbeaf0',63,1,1,-22.0000,'2023-03-30 15:39:19'),(836,'fb951c0c-373d-45a3-97f0-3f4f40cbeaf0',43,2,1,22.0000,'2023-03-30 15:39:19'),(837,'fb951c0c-373d-45a3-97f0-3f4f40cbeaf0',64,1,1,22.0000,'2023-03-30 15:39:19'),(838,'fb951c0c-373d-45a3-97f0-3f4f40cbeaf0',44,2,1,-22.0000,'2023-03-30 15:39:19'),(842,'5e3b5e6f-dcc4-471d-a82f-5b5bb767944b',63,1,1,788.0000,'2023-03-30 15:39:19'),(843,'5e3b5e6f-dcc4-471d-a82f-5b5bb767944b',43,2,1,-788.0000,'2023-03-30 15:39:19'),(844,'5e3b5e6f-dcc4-471d-a82f-5b5bb767944b',45,2,2,-4.7300,'2023-03-30 15:39:19'),(845,'5e3b5e6f-dcc4-471d-a82f-5b5bb767944b',65,1,2,4.7300,'2023-03-30 15:39:19'),(846,'5e3b5e6f-dcc4-471d-a82f-5b5bb767944b',63,1,1,-788.0000,'2023-03-30 15:39:19'),(847,'5e3b5e6f-dcc4-471d-a82f-5b5bb767944b',43,2,1,788.0000,'2023-03-30 15:39:19'),(848,'5e3b5e6f-dcc4-471d-a82f-5b5bb767944b',64,1,1,788.0000,'2023-03-30 15:39:19'),(849,'5e3b5e6f-dcc4-471d-a82f-5b5bb767944b',44,2,1,-788.0000,'2023-03-30 15:39:19'),(853,'854e6422-bdec-401f-b5d3-8ca139bb5ba9',63,1,1,22.0000,'2023-03-30 15:39:20'),(854,'854e6422-bdec-401f-b5d3-8ca139bb5ba9',35,2,1,-22.0000,'2023-03-30 15:39:20'),(855,'854e6422-bdec-401f-b5d3-8ca139bb5ba9',37,2,2,-0.1300,'2023-03-30 15:39:20'),(856,'854e6422-bdec-401f-b5d3-8ca139bb5ba9',65,1,2,0.1300,'2023-03-30 15:39:20'),(857,'854e6422-bdec-401f-b5d3-8ca139bb5ba9',63,1,1,-22.0000,'2023-03-30 15:39:20'),(858,'854e6422-bdec-401f-b5d3-8ca139bb5ba9',35,2,1,22.0000,'2023-03-30 15:39:20'),(859,'854e6422-bdec-401f-b5d3-8ca139bb5ba9',64,1,1,22.0000,'2023-03-30 15:39:20'),(860,'854e6422-bdec-401f-b5d3-8ca139bb5ba9',36,2,1,-22.0000,'2023-03-30 15:39:20'),(864,'4ad2cd29-85a4-47b2-af16-31c63d92886a',43,1,1,333.0000,'2023-03-30 15:39:20'),(865,'4ad2cd29-85a4-47b2-af16-31c63d92886a',35,2,1,-333.0000,'2023-03-30 15:39:20'),(866,'4ad2cd29-85a4-47b2-af16-31c63d92886a',37,2,2,-2.0000,'2023-03-30 15:39:20'),(867,'4ad2cd29-85a4-47b2-af16-31c63d92886a',45,1,2,2.0000,'2023-03-30 15:39:20'),(868,'4ad2cd29-85a4-47b2-af16-31c63d92886a',43,1,1,-333.0000,'2023-03-30 15:39:20'),(869,'4ad2cd29-85a4-47b2-af16-31c63d92886a',35,2,1,333.0000,'2023-03-30 15:39:20'),(870,'4ad2cd29-85a4-47b2-af16-31c63d92886a',44,1,1,333.0000,'2023-03-30 15:39:20'),(871,'4ad2cd29-85a4-47b2-af16-31c63d92886a',36,2,1,-333.0000,'2023-03-30 15:39:20'),(875,'512d6da5-2acc-41b3-abae-1efc34351654',63,1,1,56.0000,'2023-03-30 15:39:21'),(876,'512d6da5-2acc-41b3-abae-1efc34351654',35,2,1,-56.0000,'2023-03-30 15:39:21'),(877,'512d6da5-2acc-41b3-abae-1efc34351654',37,2,2,-0.3400,'2023-03-30 15:39:21'),(878,'512d6da5-2acc-41b3-abae-1efc34351654',65,1,2,0.3400,'2023-03-30 15:39:21'),(879,'512d6da5-2acc-41b3-abae-1efc34351654',63,1,1,-56.0000,'2023-03-30 15:39:21'),(880,'512d6da5-2acc-41b3-abae-1efc34351654',35,2,1,56.0000,'2023-03-30 15:39:21'),(881,'512d6da5-2acc-41b3-abae-1efc34351654',64,1,1,56.0000,'2023-03-30 15:39:21'),(882,'512d6da5-2acc-41b3-abae-1efc34351654',36,2,1,-56.0000,'2023-03-30 15:39:21'),(886,'d664984a-97e5-447c-aa78-79bd31109537',43,1,1,44.0000,'2023-03-30 15:39:21'),(887,'d664984a-97e5-447c-aa78-79bd31109537',35,2,1,-44.0000,'2023-03-30 15:39:21'),(888,'d664984a-97e5-447c-aa78-79bd31109537',43,1,1,-44.0000,'2023-03-30 15:39:21'),(889,'d664984a-97e5-447c-aa78-79bd31109537',35,2,1,44.0000,'2023-03-30 15:39:21'),(890,'d664984a-97e5-447c-aa78-79bd31109537',44,1,1,44.0000,'2023-03-30 15:39:21'),(891,'d664984a-97e5-447c-aa78-79bd31109537',36,2,1,-44.0000,'2023-03-30 15:39:21'),(895,'d664984a-97e5-447c-aa78-79bd31109537',37,2,2,-0.2600,'2023-03-30 15:39:21'),(896,'d664984a-97e5-447c-aa78-79bd31109537',45,1,2,0.2600,'2023-03-30 15:39:21'),(897,'e3341657-3eb1-47f2-80f6-a7a066623d1c',35,1,1,89.0000,'2023-03-30 15:39:21'),(898,'e3341657-3eb1-47f2-80f6-a7a066623d1c',43,2,1,-89.0000,'2023-03-30 15:39:21'),(899,'e3341657-3eb1-47f2-80f6-a7a066623d1c',35,1,1,-89.0000,'2023-03-30 15:39:22'),(900,'e3341657-3eb1-47f2-80f6-a7a066623d1c',43,2,1,89.0000,'2023-03-30 15:39:22'),(901,'e3341657-3eb1-47f2-80f6-a7a066623d1c',36,1,1,89.0000,'2023-03-30 15:39:22'),(902,'e3341657-3eb1-47f2-80f6-a7a066623d1c',44,2,1,-89.0000,'2023-03-30 15:39:22'),(906,'46b0dfeb-76f1-439b-b418-aae0291d75f5',67,1,1,99.0000,'2023-03-30 15:39:22'),(907,'46b0dfeb-76f1-439b-b418-aae0291d75f5',35,2,1,-99.0000,'2023-03-30 15:39:22'),(908,'46b0dfeb-76f1-439b-b418-aae0291d75f5',37,2,2,-0.5900,'2023-03-30 15:39:22'),(909,'46b0dfeb-76f1-439b-b418-aae0291d75f5',69,1,2,0.5900,'2023-03-30 15:39:22'),(910,'46b0dfeb-76f1-439b-b418-aae0291d75f5',67,1,1,-99.0000,'2023-03-30 15:39:22'),(911,'46b0dfeb-76f1-439b-b418-aae0291d75f5',35,2,1,99.0000,'2023-03-30 15:39:22'),(912,'46b0dfeb-76f1-439b-b418-aae0291d75f5',68,1,1,99.0000,'2023-03-30 15:39:22'),(913,'46b0dfeb-76f1-439b-b418-aae0291d75f5',36,2,1,-99.0000,'2023-03-30 15:39:22'),(917,'42549296-34bf-44df-adc4-3f1cf945f1d5',63,1,1,14.2100,'2023-03-30 15:39:23'),(918,'42549296-34bf-44df-adc4-3f1cf945f1d5',35,2,1,-14.2100,'2023-03-30 15:39:23'),(919,'42549296-34bf-44df-adc4-3f1cf945f1d5',63,1,1,-14.2100,'2023-03-30 15:39:23'),(920,'42549296-34bf-44df-adc4-3f1cf945f1d5',35,2,1,14.2100,'2023-03-30 15:39:23'),(921,'42549296-34bf-44df-adc4-3f1cf945f1d5',64,1,1,14.2100,'2023-03-30 15:39:23'),(922,'42549296-34bf-44df-adc4-3f1cf945f1d5',36,2,1,-14.2100,'2023-03-30 15:39:23'),(926,'42549296-34bf-44df-adc4-3f1cf945f1d5',37,2,2,-0.0900,'2023-03-30 15:39:23'),(927,'42549296-34bf-44df-adc4-3f1cf945f1d5',65,1,2,0.0900,'2023-03-30 15:39:23'),(928,'0655f9af-943d-41e3-86ad-c3fdf76b7c88',43,1,1,110.0000,'2023-03-30 15:39:23'),(929,'0655f9af-943d-41e3-86ad-c3fdf76b7c88',35,2,1,-110.0000,'2023-03-30 15:39:23'),(930,'0655f9af-943d-41e3-86ad-c3fdf76b7c88',37,2,2,-0.6600,'2023-03-30 15:39:23'),(931,'0655f9af-943d-41e3-86ad-c3fdf76b7c88',45,1,2,0.6600,'2023-03-30 15:39:23'),(932,'0655f9af-943d-41e3-86ad-c3fdf76b7c88',43,1,1,-110.0000,'2023-03-30 15:39:23'),(933,'0655f9af-943d-41e3-86ad-c3fdf76b7c88',35,2,1,110.0000,'2023-03-30 15:39:23'),(934,'0655f9af-943d-41e3-86ad-c3fdf76b7c88',44,1,1,110.0000,'2023-03-30 15:39:23'),(935,'0655f9af-943d-41e3-86ad-c3fdf76b7c88',36,2,1,-110.0000,'2023-03-30 15:39:23'),(939,'5dfd57d0-fca1-4ba7-86e4-9e401528e23a',63,1,1,15.0000,'2023-03-30 15:39:24'),(940,'5dfd57d0-fca1-4ba7-86e4-9e401528e23a',35,2,1,-15.0000,'2023-03-30 15:39:24'),(941,'5dfd57d0-fca1-4ba7-86e4-9e401528e23a',63,1,1,-15.0000,'2023-03-30 15:39:24'),(942,'5dfd57d0-fca1-4ba7-86e4-9e401528e23a',35,2,1,15.0000,'2023-03-30 15:39:24'),(943,'5dfd57d0-fca1-4ba7-86e4-9e401528e23a',64,1,1,15.0000,'2023-03-30 15:39:24'),(944,'5dfd57d0-fca1-4ba7-86e4-9e401528e23a',36,2,1,-15.0000,'2023-03-30 15:39:24'),(948,'5dfd57d0-fca1-4ba7-86e4-9e401528e23a',37,2,2,-0.0900,'2023-03-30 15:39:24'),(949,'5dfd57d0-fca1-4ba7-86e4-9e401528e23a',65,1,2,0.0900,'2023-03-30 15:39:24'),(950,'4d0a9f13-f599-451c-9434-ea800f649aa3',35,1,1,158.3600,'2023-03-30 15:39:24'),(951,'4d0a9f13-f599-451c-9434-ea800f649aa3',43,2,1,-158.3600,'2023-03-30 15:39:24'),(952,'4d0a9f13-f599-451c-9434-ea800f649aa3',37,1,2,0.9500,'2023-03-30 15:39:24'),(953,'4d0a9f13-f599-451c-9434-ea800f649aa3',45,2,2,-0.9500,'2023-03-30 15:39:24'),(954,'4d0a9f13-f599-451c-9434-ea800f649aa3',35,1,1,-158.3600,'2023-03-30 15:39:24'),(955,'4d0a9f13-f599-451c-9434-ea800f649aa3',43,2,1,158.3600,'2023-03-30 15:39:24'),(956,'4d0a9f13-f599-451c-9434-ea800f649aa3',36,1,1,158.3600,'2023-03-30 15:39:24'),(957,'4d0a9f13-f599-451c-9434-ea800f649aa3',44,2,1,-158.3600,'2023-03-30 15:39:24'),(961,'c7be964a-831e-41a6-9d28-13dff96bb028',35,1,1,211.1500,'2023-03-30 15:39:25'),(962,'c7be964a-831e-41a6-9d28-13dff96bb028',67,2,1,-211.1500,'2023-03-30 15:39:25'),(963,'c7be964a-831e-41a6-9d28-13dff96bb028',35,1,1,-211.1500,'2023-03-30 15:39:25'),(964,'c7be964a-831e-41a6-9d28-13dff96bb028',67,2,1,211.1500,'2023-03-30 15:39:25'),(965,'c7be964a-831e-41a6-9d28-13dff96bb028',36,1,1,211.1500,'2023-03-30 15:39:25'),(966,'c7be964a-831e-41a6-9d28-13dff96bb028',68,2,1,-211.1500,'2023-03-30 15:39:25'),(970,'b45f5564-c62f-4b83-aeda-951139c3e118',35,1,1,211.1500,'2023-03-30 15:39:25'),(971,'b45f5564-c62f-4b83-aeda-951139c3e118',43,2,1,-211.1500,'2023-03-30 15:39:25'),(972,'b45f5564-c62f-4b83-aeda-951139c3e118',37,1,2,1.2700,'2023-03-30 15:39:25'),(973,'b45f5564-c62f-4b83-aeda-951139c3e118',45,2,2,-1.2700,'2023-03-30 15:39:25'),(974,'b45f5564-c62f-4b83-aeda-951139c3e118',35,1,1,-211.1500,'2023-03-30 15:39:25'),(975,'b45f5564-c62f-4b83-aeda-951139c3e118',43,2,1,211.1500,'2023-03-30 15:39:25'),(976,'b45f5564-c62f-4b83-aeda-951139c3e118',36,1,1,211.1500,'2023-03-30 15:39:25'),(977,'b45f5564-c62f-4b83-aeda-951139c3e118',44,2,1,-211.1500,'2023-03-30 15:39:25'),(981,'fb3003dd-c3e3-43f1-84fc-b822ef5c1dd5',63,1,1,14.2100,'2023-03-30 15:39:26'),(982,'fb3003dd-c3e3-43f1-84fc-b822ef5c1dd5',35,2,1,-14.2100,'2023-03-30 15:39:26'),(983,'fb3003dd-c3e3-43f1-84fc-b822ef5c1dd5',37,2,2,-0.0900,'2023-03-30 15:39:26'),(984,'fb3003dd-c3e3-43f1-84fc-b822ef5c1dd5',65,1,2,0.0900,'2023-03-30 15:39:26'),(985,'fb3003dd-c3e3-43f1-84fc-b822ef5c1dd5',63,1,1,-14.2100,'2023-03-30 15:39:26'),(986,'fb3003dd-c3e3-43f1-84fc-b822ef5c1dd5',35,2,1,14.2100,'2023-03-30 15:39:26'),(987,'fb3003dd-c3e3-43f1-84fc-b822ef5c1dd5',64,1,1,14.2100,'2023-03-30 15:39:26'),(988,'fb3003dd-c3e3-43f1-84fc-b822ef5c1dd5',36,2,1,-14.2100,'2023-03-30 15:39:26'),(992,'71ebf773-a20d-4389-9545-045c48817548',43,1,1,150.0000,'2023-03-30 15:39:26'),(993,'71ebf773-a20d-4389-9545-045c48817548',35,2,1,-150.0000,'2023-03-30 15:39:26'),(994,'71ebf773-a20d-4389-9545-045c48817548',37,2,2,-0.9000,'2023-03-30 15:39:26'),(995,'71ebf773-a20d-4389-9545-045c48817548',45,1,2,0.9000,'2023-03-30 15:39:26'),(996,'71ebf773-a20d-4389-9545-045c48817548',43,1,1,-150.0000,'2023-03-30 15:39:26'),(997,'71ebf773-a20d-4389-9545-045c48817548',35,2,1,150.0000,'2023-03-30 15:39:26'),(998,'71ebf773-a20d-4389-9545-045c48817548',44,1,1,150.0000,'2023-03-30 15:39:26'),(999,'71ebf773-a20d-4389-9545-045c48817548',36,2,1,-150.0000,'2023-03-30 15:39:26'),(1003,'e8832b5f-3643-408b-bca8-4e6bac1a7da4',43,1,1,15.0000,'2023-03-30 15:39:27'),(1004,'e8832b5f-3643-408b-bca8-4e6bac1a7da4',63,2,1,-15.0000,'2023-03-30 15:39:27'),(1005,'e8832b5f-3643-408b-bca8-4e6bac1a7da4',45,1,2,0.0900,'2023-03-30 15:39:27'),(1006,'e8832b5f-3643-408b-bca8-4e6bac1a7da4',65,2,2,-0.0900,'2023-03-30 15:39:27'),(1007,'e8832b5f-3643-408b-bca8-4e6bac1a7da4',43,1,1,-15.0000,'2023-03-30 15:39:27'),(1008,'e8832b5f-3643-408b-bca8-4e6bac1a7da4',63,2,1,15.0000,'2023-03-30 15:39:27'),(1009,'e8832b5f-3643-408b-bca8-4e6bac1a7da4',44,1,1,15.0000,'2023-03-30 15:39:27'),(1010,'e8832b5f-3643-408b-bca8-4e6bac1a7da4',64,2,1,-15.0000,'2023-03-30 15:39:27'),(1014,'f5c498a5-2851-4ab8-9eff-d4bbdb03cd9d',67,1,1,158.3600,'2023-03-30 15:39:27'),(1015,'f5c498a5-2851-4ab8-9eff-d4bbdb03cd9d',35,2,1,-158.3600,'2023-03-30 15:39:27'),(1016,'f5c498a5-2851-4ab8-9eff-d4bbdb03cd9d',37,2,2,-0.9500,'2023-03-30 15:39:27'),(1017,'f5c498a5-2851-4ab8-9eff-d4bbdb03cd9d',69,1,2,0.9500,'2023-03-30 15:39:27'),(1018,'f5c498a5-2851-4ab8-9eff-d4bbdb03cd9d',67,1,1,-158.3600,'2023-03-30 15:39:27'),(1019,'f5c498a5-2851-4ab8-9eff-d4bbdb03cd9d',35,2,1,158.3600,'2023-03-30 15:39:27'),(1020,'f5c498a5-2851-4ab8-9eff-d4bbdb03cd9d',68,1,1,158.3600,'2023-03-30 15:39:27'),(1021,'f5c498a5-2851-4ab8-9eff-d4bbdb03cd9d',36,2,1,-158.3600,'2023-03-30 15:39:27'),(1025,'3366f889-09ba-4a60-9fdc-922c1af62ace',35,1,1,211.1500,'2023-03-30 15:39:28'),(1026,'3366f889-09ba-4a60-9fdc-922c1af62ace',63,2,1,-211.1500,'2023-03-30 15:39:28'),(1027,'3366f889-09ba-4a60-9fdc-922c1af62ace',35,1,1,-211.1500,'2023-03-30 15:39:28'),(1028,'3366f889-09ba-4a60-9fdc-922c1af62ace',63,2,1,211.1500,'2023-03-30 15:39:28'),(1029,'3366f889-09ba-4a60-9fdc-922c1af62ace',36,1,1,211.1500,'2023-03-30 15:39:28'),(1030,'3366f889-09ba-4a60-9fdc-922c1af62ace',64,2,1,-211.1500,'2023-03-30 15:39:28'),(1034,'5ee10494-d9c3-474a-82e1-02fdb19b181b',63,1,1,211.1500,'2023-03-30 15:39:28'),(1035,'5ee10494-d9c3-474a-82e1-02fdb19b181b',43,2,1,-211.1500,'2023-03-30 15:39:28'),(1036,'5ee10494-d9c3-474a-82e1-02fdb19b181b',45,2,2,-1.2700,'2023-03-30 15:39:28'),(1037,'5ee10494-d9c3-474a-82e1-02fdb19b181b',65,1,2,1.2700,'2023-03-30 15:39:28'),(1038,'5ee10494-d9c3-474a-82e1-02fdb19b181b',63,1,1,-211.1500,'2023-03-30 15:39:28'),(1039,'5ee10494-d9c3-474a-82e1-02fdb19b181b',43,2,1,211.1500,'2023-03-30 15:39:28'),(1040,'5ee10494-d9c3-474a-82e1-02fdb19b181b',64,1,1,211.1500,'2023-03-30 15:39:28'),(1041,'5ee10494-d9c3-474a-82e1-02fdb19b181b',44,2,1,-211.1500,'2023-03-30 15:39:28'),(1045,'89267d45-aa8e-44c1-8565-44e4d85984fc',63,1,1,14.2100,'2023-03-30 15:39:28'),(1046,'89267d45-aa8e-44c1-8565-44e4d85984fc',35,2,1,-14.2100,'2023-03-30 15:39:28'),(1047,'89267d45-aa8e-44c1-8565-44e4d85984fc',63,1,1,-14.2100,'2023-03-30 15:39:29'),(1048,'89267d45-aa8e-44c1-8565-44e4d85984fc',35,2,1,14.2100,'2023-03-30 15:39:29'),(1049,'89267d45-aa8e-44c1-8565-44e4d85984fc',64,1,1,14.2100,'2023-03-30 15:39:29'),(1050,'89267d45-aa8e-44c1-8565-44e4d85984fc',36,2,1,-14.2100,'2023-03-30 15:39:29'),(1054,'89267d45-aa8e-44c1-8565-44e4d85984fc',37,2,2,-0.0900,'2023-03-30 15:39:29'),(1055,'89267d45-aa8e-44c1-8565-44e4d85984fc',65,1,2,0.0900,'2023-03-30 15:39:29'),(1056,'f405a695-c93a-4d4b-89d3-ddd6fe324ea2',43,1,1,150.0000,'2023-03-30 15:39:29'),(1057,'f405a695-c93a-4d4b-89d3-ddd6fe324ea2',67,2,1,-150.0000,'2023-03-30 15:39:29'),(1058,'f405a695-c93a-4d4b-89d3-ddd6fe324ea2',45,1,2,0.9000,'2023-03-30 15:39:29'),(1059,'f405a695-c93a-4d4b-89d3-ddd6fe324ea2',69,2,2,-0.9000,'2023-03-30 15:39:29'),(1060,'f405a695-c93a-4d4b-89d3-ddd6fe324ea2',43,1,1,-150.0000,'2023-03-30 15:39:29'),(1061,'f405a695-c93a-4d4b-89d3-ddd6fe324ea2',67,2,1,150.0000,'2023-03-30 15:39:29'),(1062,'f405a695-c93a-4d4b-89d3-ddd6fe324ea2',44,1,1,150.0000,'2023-03-30 15:39:29'),(1063,'f405a695-c93a-4d4b-89d3-ddd6fe324ea2',68,2,1,-150.0000,'2023-03-30 15:39:29'),(1067,'17bb9609-9b76-46fc-a04e-7439208be1a5',47,1,1,1.0000,'2023-03-30 15:39:46'),(1068,'17bb9609-9b76-46fc-a04e-7439208be1a5',15,2,1,-1.0000,'2023-03-30 15:39:46'),(1069,'9828a375-633b-4b19-aac9-1b3add577a3c',49,1,1,1.0000,'2023-03-30 15:39:46'),(1070,'9828a375-633b-4b19-aac9-1b3add577a3c',17,2,1,-1.0000,'2023-03-30 15:39:46'),(1071,'2a927a8a-760f-44bf-a718-9edf1cc29e97',47,1,1,1.0000,'2023-03-30 15:39:47'),(1072,'2a927a8a-760f-44bf-a718-9edf1cc29e97',15,2,1,-1.0000,'2023-03-30 15:39:47'),(1073,'774eb290-7f66-449d-8373-a7c324dc672c',49,1,1,1.0000,'2023-03-30 15:39:47'),(1074,'774eb290-7f66-449d-8373-a7c324dc672c',17,2,1,-1.0000,'2023-03-30 15:39:47'),(1075,'8d381525-4fcd-48b7-b5b9-0b0535f5ec2a',49,1,1,1.0000,'2023-03-30 15:39:48'),(1076,'8d381525-4fcd-48b7-b5b9-0b0535f5ec2a',17,2,1,-1.0000,'2023-03-30 15:39:48'),(1077,'9d033cde-1c26-4dd7-88d9-297162236910',47,1,1,1.0000,'2023-03-30 15:39:48'),(1078,'9d033cde-1c26-4dd7-88d9-297162236910',15,2,1,-1.0000,'2023-03-30 15:39:48'),(1079,'146fc31c-a58d-4db0-b8e8-22397042a0d6',49,1,1,1.0000,'2023-03-30 15:39:49'),(1080,'146fc31c-a58d-4db0-b8e8-22397042a0d6',17,2,1,-1.0000,'2023-03-30 15:39:49'),(1081,'54d6a51d-c335-4f28-8e3e-d27dcf417b5e',47,1,1,1.0000,'2023-03-30 15:39:49'),(1082,'54d6a51d-c335-4f28-8e3e-d27dcf417b5e',15,2,1,-1.0000,'2023-03-30 15:39:49'),(1083,'c3af2351-692a-437f-97f8-8c5bc6bef5bd',47,1,1,1.0000,'2023-03-30 15:39:50'),(1084,'c3af2351-692a-437f-97f8-8c5bc6bef5bd',23,2,1,-1.0000,'2023-03-30 15:39:50'),(1085,'0037e13f-8b29-49d6-b1d0-5f14e0ae153e',49,1,1,2.0000,'2023-03-30 15:39:50'),(1086,'0037e13f-8b29-49d6-b1d0-5f14e0ae153e',29,2,1,-2.0000,'2023-03-30 15:39:50'),(1087,'75cb1b78-a0b1-436a-b86e-d74405826220',47,1,1,1.0000,'2023-03-30 15:39:52'),(1088,'75cb1b78-a0b1-436a-b86e-d74405826220',15,2,1,-1.0000,'2023-03-30 15:39:52'),(1089,'f467ac79-511e-4f70-9ee9-e878bdce36c5',47,1,1,1.0000,'2023-03-30 15:39:53'),(1090,'f467ac79-511e-4f70-9ee9-e878bdce36c5',15,2,1,-1.0000,'2023-03-30 15:39:53'),(1091,'e2b8ee72-32bb-4317-826a-d1b3b376795e',49,1,1,1.0000,'2023-03-30 15:39:53'),(1092,'e2b8ee72-32bb-4317-826a-d1b3b376795e',17,2,1,-1.0000,'2023-03-30 15:39:53'),(1093,'ca1caa09-db32-4ff0-8d2c-9b5557c22a40',47,1,1,1.0000,'2023-03-30 15:40:14'),(1094,'ca1caa09-db32-4ff0-8d2c-9b5557c22a40',15,2,1,-1.0000,'2023-03-30 15:40:14'),(1095,'d37b748a-988e-42af-92e0-8af93d355191',49,1,1,1.0000,'2023-03-30 15:40:14'),(1096,'d37b748a-988e-42af-92e0-8af93d355191',17,2,1,-1.0000,'2023-03-30 15:40:14'),(1097,'5a362d31-b7e1-4a7d-9996-697238f06337',47,1,1,1.0000,'2023-03-30 15:40:14'),(1098,'5a362d31-b7e1-4a7d-9996-697238f06337',15,2,1,-1.0000,'2023-03-30 15:40:14'),(1099,'960b9b0f-d05d-48f3-97e2-02d9002a8033',49,1,1,1.0000,'2023-03-30 15:40:14'),(1100,'960b9b0f-d05d-48f3-97e2-02d9002a8033',17,2,1,-1.0000,'2023-03-30 15:40:14'),(1101,'2307f67a-2348-4751-b72f-de04f4014dc3',47,1,1,1.0000,'2023-03-30 15:41:16'),(1102,'2307f67a-2348-4751-b72f-de04f4014dc3',23,2,1,-1.0000,'2023-03-30 15:41:16'),(1103,'cde993c4-9987-4095-a264-cf9e85b60a2a',49,1,1,2.0000,'2023-03-30 15:41:16'),(1104,'cde993c4-9987-4095-a264-cf9e85b60a2a',29,2,1,-2.0000,'2023-03-30 15:41:16'),(1105,'e2562020-604e-46d9-8078-f563d0f7e71a',47,1,1,1.0000,'2023-03-30 15:41:29'),(1106,'e2562020-604e-46d9-8078-f563d0f7e71a',23,2,1,-1.0000,'2023-03-30 15:41:29'),(1107,'7c76a08f-2bf5-4f0b-8f64-21da732e4495',49,1,1,2.0000,'2023-03-30 15:41:29'),(1108,'7c76a08f-2bf5-4f0b-8f64-21da732e4495',29,2,1,-2.0000,'2023-03-30 15:41:29'),(1109,'1febadf5-4b4c-4658-ae36-4b975692957d',47,1,1,1.0000,'2023-03-30 15:41:56'),(1110,'1febadf5-4b4c-4658-ae36-4b975692957d',23,2,1,-1.0000,'2023-03-30 15:41:56'),(1111,'6efc8f7c-b755-43ac-9f4f-fe515b318607',49,1,1,2.0000,'2023-03-30 15:41:56'),(1112,'6efc8f7c-b755-43ac-9f4f-fe515b318607',29,2,1,-2.0000,'2023-03-30 15:41:56'),(1113,'5f7ccba9-1703-4426-a737-27b5909d2afd',2,3,9,5000.0000,'2023-03-30 15:42:16'),(1114,'5f7ccba9-1703-4426-a737-27b5909d2afd',72,4,9,-5000.0000,'2023-03-30 15:42:16'),(1115,'f0a11fdd-9507-4913-9978-2887da728f5a',2,3,9,5000.0000,'2023-03-30 15:42:29'),(1116,'f0a11fdd-9507-4913-9978-2887da728f5a',76,4,9,-5000.0000,'2023-03-30 15:42:29'),(1117,'e337c4e1-bb87-4cff-ac41-b76061fc7643',71,1,1,100.0000,'2023-03-30 15:43:05'),(1118,'e337c4e1-bb87-4cff-ac41-b76061fc7643',75,2,1,-100.0000,'2023-03-30 15:43:05'),(1119,'b3923884-9072-48d1-a9b7-a6ebd0d491af',2,3,9,500000.0000,'2023-03-30 15:43:16'),(1120,'b3923884-9072-48d1-a9b7-a6ebd0d491af',88,4,9,-500000.0000,'2023-03-30 15:43:16'),(1121,'c220acb1-f8e0-4a5b-878a-01bd671be205',4,3,9,500000.0000,'2023-03-30 15:43:19'),(1122,'c220acb1-f8e0-4a5b-878a-01bd671be205',90,4,9,-500000.0000,'2023-03-30 15:43:19'),(1123,'fe551d60-8930-491f-8d96-4549baadba4f',2,3,9,500000.0000,'2023-03-30 15:43:28'),(1124,'fe551d60-8930-491f-8d96-4549baadba4f',96,4,9,-500000.0000,'2023-03-30 15:43:28'),(1125,'2f59581b-f2e4-4296-a6ff-9534088068ad',4,3,9,500000.0000,'2023-03-30 15:43:30'),(1126,'2f59581b-f2e4-4296-a6ff-9534088068ad',98,4,9,-500000.0000,'2023-03-30 15:43:30'),(1127,'41b68c88-0d4b-4c78-ba7c-74c455bb50a5',2,3,9,500000.0000,'2023-03-30 15:43:41'),(1128,'41b68c88-0d4b-4c78-ba7c-74c455bb50a5',104,4,9,-500000.0000,'2023-03-30 15:43:41'),(1129,'ce14010c-0f41-4716-845e-7d4dd48480ea',4,3,9,500000.0000,'2023-03-30 15:43:43'),(1130,'ce14010c-0f41-4716-845e-7d4dd48480ea',106,4,9,-500000.0000,'2023-03-30 15:43:43'),(1131,'2bd9865e-e9b0-4197-90e9-f2e08af39f44',89,1,1,100.0000,'2023-03-30 15:44:09'),(1132,'2bd9865e-e9b0-4197-90e9-f2e08af39f44',97,2,1,-100.0000,'2023-03-30 15:44:09'),(1133,'cfbceb98-9839-4b1d-b674-7831b1a263cc',89,1,1,100.0000,'2023-03-30 15:44:09'),(1134,'cfbceb98-9839-4b1d-b674-7831b1a263cc',97,2,1,-100.0000,'2023-03-30 15:44:09'),(1135,'892a613d-e5a2-41df-ba53-3837e0fa6778',89,1,1,100.0000,'2023-03-30 15:44:09'),(1136,'892a613d-e5a2-41df-ba53-3837e0fa6778',97,2,1,-100.0000,'2023-03-30 15:44:09'),(1137,'59b9605b-36c1-41c1-8db2-6fa7fd4e07ad',89,1,1,100.0000,'2023-03-30 15:44:09'),(1138,'59b9605b-36c1-41c1-8db2-6fa7fd4e07ad',97,2,1,-100.0000,'2023-03-30 15:44:09'),(1139,'73600c2a-177c-4c2f-b3cc-192ae0c5ebac',89,1,1,100.0000,'2023-03-30 15:44:09'),(1140,'73600c2a-177c-4c2f-b3cc-192ae0c5ebac',97,2,1,-100.0000,'2023-03-30 15:44:09'),(1141,'c53a13ae-ed33-4db9-8ab7-ef3717d81674',89,1,1,100.0000,'2023-03-30 15:44:09'),(1142,'c53a13ae-ed33-4db9-8ab7-ef3717d81674',105,2,1,-100.0000,'2023-03-30 15:44:09'),(1143,'c73f12f7-7304-40ad-a4dd-f9305d33c225',89,1,1,100.0000,'2023-03-30 15:44:09'),(1144,'c73f12f7-7304-40ad-a4dd-f9305d33c225',105,2,1,-100.0000,'2023-03-30 15:44:09'),(1145,'0b89b060-45dd-471e-9725-0e7423e7f5ec',89,1,1,100.0000,'2023-03-30 15:44:09'),(1146,'0b89b060-45dd-471e-9725-0e7423e7f5ec',105,2,1,-100.0000,'2023-03-30 15:44:09'),(1147,'ce4c160a-0fb1-4c80-acbf-d0abf2194aab',89,1,1,100.0000,'2023-03-30 15:44:09'),(1148,'ce4c160a-0fb1-4c80-acbf-d0abf2194aab',105,2,1,-100.0000,'2023-03-30 15:44:09'),(1149,'f9313692-0a0a-4af9-b110-27bee667a084',89,1,1,100.0000,'2023-03-30 15:44:09'),(1150,'f9313692-0a0a-4af9-b110-27bee667a084',105,2,1,-100.0000,'2023-03-30 15:44:09'),(1151,'a01f0624-00f2-4052-88aa-c358853b2472',89,1,1,100.0000,'2023-03-30 15:44:12'),(1152,'a01f0624-00f2-4052-88aa-c358853b2472',105,2,1,-100.0000,'2023-03-30 15:44:12'),(1153,'f9c7ee57-382b-4529-992f-80521cbaddaa',89,1,1,100.0000,'2023-03-30 15:44:12'),(1154,'f9c7ee57-382b-4529-992f-80521cbaddaa',105,2,1,-100.0000,'2023-03-30 15:44:12'),(1155,'f61f3548-8364-45fa-8c49-860f07d71c75',89,1,1,100.0000,'2023-03-30 15:44:12'),(1156,'f61f3548-8364-45fa-8c49-860f07d71c75',105,2,1,-100.0000,'2023-03-30 15:44:12'),(1157,'7c1168a5-a75e-4220-9a3f-b211f9b9fdef',89,1,1,100.0000,'2023-03-30 15:44:12'),(1158,'7c1168a5-a75e-4220-9a3f-b211f9b9fdef',105,2,1,-100.0000,'2023-03-30 15:44:12'),(1159,'ff56ee02-f293-44c8-b7b9-14eeb4be08ac',89,1,1,100.0000,'2023-03-30 15:44:12'),(1160,'ff56ee02-f293-44c8-b7b9-14eeb4be08ac',105,2,1,-100.0000,'2023-03-30 15:44:12'),(1161,'0c6d1f94-515e-45a2-b340-3e02ce0017d8',89,1,1,100.0000,'2023-03-30 15:44:12'),(1162,'0c6d1f94-515e-45a2-b340-3e02ce0017d8',97,2,1,-100.0000,'2023-03-30 15:44:12'),(1163,'d0d041bf-a909-4edb-9557-96fa705e8236',89,1,1,100.0000,'2023-03-30 15:44:12'),(1164,'d0d041bf-a909-4edb-9557-96fa705e8236',97,2,1,-100.0000,'2023-03-30 15:44:12'),(1165,'08ec4e1e-37fb-45bc-8db5-213944faffe4',89,1,1,100.0000,'2023-03-30 15:44:12'),(1166,'08ec4e1e-37fb-45bc-8db5-213944faffe4',97,2,1,-100.0000,'2023-03-30 15:44:12'),(1167,'b9c8f3fe-1246-4c67-8bdb-83c54ef7819e',89,1,1,100.0000,'2023-03-30 15:44:12'),(1168,'b9c8f3fe-1246-4c67-8bdb-83c54ef7819e',97,2,1,-100.0000,'2023-03-30 15:44:12'),(1169,'3d5ddf3e-e703-466a-a4c2-32635f42ab61',89,1,1,100.0000,'2023-03-30 15:44:12'),(1170,'3d5ddf3e-e703-466a-a4c2-32635f42ab61',97,2,1,-100.0000,'2023-03-30 15:44:12'),(1171,'5b218178-f76a-4a4b-ab81-8ee69ff50ac1',89,1,1,678.9100,'2023-03-30 15:44:14'),(1172,'5b218178-f76a-4a4b-ab81-8ee69ff50ac1',105,2,1,-678.9100,'2023-03-30 15:44:14'),(1173,'60314569-070f-4936-9be0-946e578edf00',89,1,1,678.9100,'2023-03-30 15:44:14'),(1174,'60314569-070f-4936-9be0-946e578edf00',105,2,1,-678.9100,'2023-03-30 15:44:14'),(1175,'f4571830-1cf3-4d89-937a-f465956ede39',89,1,1,456.7800,'2023-03-30 15:44:14'),(1176,'f4571830-1cf3-4d89-937a-f465956ede39',97,2,1,-456.7800,'2023-03-30 15:44:14'),(1177,'94b4e893-a4d9-4e58-843f-0e278ceeeacd',89,1,1,678.9100,'2023-03-30 15:44:14'),(1178,'94b4e893-a4d9-4e58-843f-0e278ceeeacd',97,2,1,-678.9100,'2023-03-30 15:44:14'),(1179,'d06c6752-b829-4c2a-989b-6f96956c413e',89,1,1,100.0000,'2023-03-30 15:44:16'),(1180,'d06c6752-b829-4c2a-989b-6f96956c413e',105,2,1,-100.0000,'2023-03-30 15:44:16'),(1181,'2af9dfd1-220f-4d5f-9b1a-1ad3fa545a11',89,1,1,100.0000,'2023-03-30 15:44:16'),(1182,'2af9dfd1-220f-4d5f-9b1a-1ad3fa545a11',105,2,1,-100.0000,'2023-03-30 15:44:16'),(1183,'5e927a09-8a11-4405-ac05-05549d9c80d9',89,1,1,100.0000,'2023-03-30 15:44:16'),(1184,'5e927a09-8a11-4405-ac05-05549d9c80d9',105,2,1,-100.0000,'2023-03-30 15:44:16'),(1185,'58e5fba7-b782-4f5f-b6f5-03dc7dff8f00',89,1,1,100.0000,'2023-03-30 15:44:17'),(1186,'58e5fba7-b782-4f5f-b6f5-03dc7dff8f00',105,2,1,-100.0000,'2023-03-30 15:44:17'),(1187,'3f3e5771-7ba3-46cb-864c-a30dfbc01b6a',89,1,1,100.0000,'2023-03-30 15:44:17'),(1188,'3f3e5771-7ba3-46cb-864c-a30dfbc01b6a',105,2,1,-100.0000,'2023-03-30 15:44:17'),(1189,'f3d919ad-d5a5-4c9c-b677-bb6317cd7ca3',89,1,1,100.0000,'2023-03-30 15:44:17'),(1190,'f3d919ad-d5a5-4c9c-b677-bb6317cd7ca3',97,2,1,-100.0000,'2023-03-30 15:44:17'),(1191,'8863e181-053b-433c-87f3-d33bb35cfec5',89,1,1,100.0000,'2023-03-30 15:44:17'),(1192,'8863e181-053b-433c-87f3-d33bb35cfec5',97,2,1,-100.0000,'2023-03-30 15:44:17'),(1193,'af754401-2a9d-436a-8a26-6e03bbc17eac',89,1,1,100.0000,'2023-03-30 15:44:17'),(1194,'af754401-2a9d-436a-8a26-6e03bbc17eac',97,2,1,-100.0000,'2023-03-30 15:44:17'),(1195,'8dae85fa-f4a4-4534-9206-b20e61d64e73',89,1,1,100.0000,'2023-03-30 15:44:17'),(1196,'8dae85fa-f4a4-4534-9206-b20e61d64e73',97,2,1,-100.0000,'2023-03-30 15:44:17'),(1197,'e26748cc-8c28-45c8-a367-d4de14f152af',89,1,1,100.0000,'2023-03-30 15:44:17'),(1198,'e26748cc-8c28-45c8-a367-d4de14f152af',97,2,1,-100.0000,'2023-03-30 15:44:17'),(1199,'36515a29-750f-4a4e-bf2c-fd4bf5972919',89,1,1,789.5600,'2023-03-30 15:46:00'),(1200,'36515a29-750f-4a4e-bf2c-fd4bf5972919',97,2,1,-789.5600,'2023-03-30 15:46:00'),(1201,'082b4fe3-af25-40d7-893b-ccde5a81fb4d',89,1,1,789.5600,'2023-03-30 15:46:00'),(1202,'082b4fe3-af25-40d7-893b-ccde5a81fb4d',97,2,1,-789.5600,'2023-03-30 15:46:00'),(1203,'2a62193d-9195-4d71-beb1-abd49d1bd252',89,1,1,123.4500,'2023-03-30 15:46:01'),(1204,'2a62193d-9195-4d71-beb1-abd49d1bd252',97,2,1,-123.4500,'2023-03-30 15:46:01'),(1205,'45db99ac-4e83-4500-8e5c-3e3c0c92ec55',89,1,1,123.4500,'2023-03-30 15:46:01'),(1206,'45db99ac-4e83-4500-8e5c-3e3c0c92ec55',97,2,1,-123.4500,'2023-03-30 15:46:01'),(1207,'e0c20f96-897c-409a-9a17-92d0403b855b',89,1,1,789.5600,'2023-03-30 15:46:22'),(1208,'e0c20f96-897c-409a-9a17-92d0403b855b',97,2,1,-789.5600,'2023-03-30 15:46:22'),(1209,'829d07f3-7785-4052-958e-44c53564d423',89,1,1,789.5600,'2023-03-30 15:46:22'),(1210,'829d07f3-7785-4052-958e-44c53564d423',105,2,1,-789.5600,'2023-03-30 15:46:22'),(1211,'6331d0a3-1560-4013-b612-88288a9692fa',89,1,1,789.5600,'2023-03-30 15:46:22'),(1212,'6331d0a3-1560-4013-b612-88288a9692fa',105,2,1,-789.5600,'2023-03-30 15:46:22'),(1213,'5327fb39-5b70-4108-bd19-2004d647c70b',89,1,1,789.5600,'2023-03-30 15:46:22'),(1214,'5327fb39-5b70-4108-bd19-2004d647c70b',97,2,1,-789.5600,'2023-03-30 15:46:22'),(1215,'39623591-6ac8-49d5-bc3e-c96c399832f4',89,1,1,789.5600,'2023-03-30 15:46:22'),(1216,'39623591-6ac8-49d5-bc3e-c96c399832f4',105,2,1,-789.5600,'2023-03-30 15:46:22'),(1217,'ec3031e6-cfc4-49e9-80f9-d905700341a9',89,1,1,789.5600,'2023-03-30 15:46:22'),(1218,'ec3031e6-cfc4-49e9-80f9-d905700341a9',105,2,1,-789.5600,'2023-03-30 15:46:22'),(1219,'ef58d496-7061-4cab-b7c0-478f7e2fbd79',1,3,7,20.0000,'2023-03-30 15:47:01'),(1220,'ef58d496-7061-4cab-b7c0-478f7e2fbd79',7,5,7,-20.0000,'2023-03-30 15:47:01'),(1221,'304a8d6f-0cf9-48f1-8400-52db9067ae62',1,3,6,-1568.2468,'2023-03-30 15:47:01'),(1222,'304a8d6f-0cf9-48f1-8400-52db9067ae62',15,5,6,1568.2468,'2023-03-30 15:47:01'),(1223,'cd0b1099-5452-4d12-a9af-2a4b54de022d',1,3,6,-4.0000,'2023-03-30 15:47:01'),(1224,'cd0b1099-5452-4d12-a9af-2a4b54de022d',23,5,6,4.0000,'2023-03-30 15:47:01'),(1225,'678875b4-c91a-4b1f-ac0a-c92d9023757f',1,3,7,380.0000,'2023-03-30 15:47:01'),(1226,'678875b4-c91a-4b1f-ac0a-c92d9023757f',31,5,7,-380.0000,'2023-03-30 15:47:01'),(1227,'27ab6bb2-d12c-42a0-beae-ddca5ded25c8',1,3,6,-380.0000,'2023-03-30 15:47:01'),(1228,'27ab6bb2-d12c-42a0-beae-ddca5ded25c8',39,5,6,380.0000,'2023-03-30 15:47:01'),(1229,'cb0ea07d-8948-4753-8919-82d5e7ce6d26',1,3,7,1754.2468,'2023-03-30 15:47:01'),(1230,'cb0ea07d-8948-4753-8919-82d5e7ce6d26',47,5,7,-1754.2468,'2023-03-30 15:47:01'),(1231,'a786e7c6-7f40-4818-92bd-f081b4b5ce37',1,3,6,-202.0000,'2023-03-30 15:47:01'),(1232,'a786e7c6-7f40-4818-92bd-f081b4b5ce37',55,5,6,202.0000,'2023-03-30 15:47:01'),(1233,'1d8624b5-7579-425d-a67d-97740b4168b7',1,3,7,100.0000,'2023-03-30 15:47:01'),(1234,'1d8624b5-7579-425d-a67d-97740b4168b7',71,5,7,-100.0000,'2023-03-30 15:47:01'),(1235,'afaa42ab-ce4b-4f38-9749-5f0fb846bdec',1,3,6,-100.0000,'2023-03-30 15:47:01'),(1236,'afaa42ab-ce4b-4f38-9749-5f0fb846bdec',75,5,6,100.0000,'2023-03-30 15:47:01');
/*!40000 ALTER TABLE `transferParticipant` ENABLE KEYS */;
UNLOCK TABLES;

--
-- Table structure for table `transferParticipantRoleType`
--

DROP TABLE IF EXISTS `transferParticipantRoleType`;
/*!40101 SET @saved_cs_client     = @@character_set_client */;
/*!50503 SET character_set_client = utf8mb4 */;
CREATE TABLE `transferParticipantRoleType` (
  `transferParticipantRoleTypeId` int unsigned NOT NULL AUTO_INCREMENT,
  `name` varchar(50) NOT NULL,
  `description` varchar(512) DEFAULT NULL,
  `isActive` tinyint(1) NOT NULL DEFAULT '1',
  `createdDate` datetime NOT NULL DEFAULT CURRENT_TIMESTAMP,
  PRIMARY KEY (`transferParticipantRoleTypeId`),
  UNIQUE KEY `transferparticipantroletype_name_unique` (`name`)
) ENGINE=InnoDB AUTO_INCREMENT=6 DEFAULT CHARSET=utf8mb3;
/*!40101 SET character_set_client = @saved_cs_client */;

--
-- Dumping data for table `transferParticipantRoleType`
--

LOCK TABLES `transferParticipantRoleType` WRITE;
/*!40000 ALTER TABLE `transferParticipantRoleType` DISABLE KEYS */;
INSERT INTO `transferParticipantRoleType` VALUES (1,'PAYER_DFSP','The participant is the Payer DFSP in this transfer and is sending the funds',1,'2023-03-30 15:16:52'),(2,'PAYEE_DFSP','The participant is the Payee DFSP in this transfer and is receiving the funds',1,'2023-03-30 15:16:52'),(3,'HUB','The participant is representing the Hub Operator',1,'2023-03-30 15:16:52'),(4,'DFSP_SETTLEMENT','Indicates the settlement account',1,'2023-03-30 15:16:52'),(5,'DFSP_POSITION','Indicates the position account',1,'2023-03-30 15:16:52');
/*!40000 ALTER TABLE `transferParticipantRoleType` ENABLE KEYS */;
UNLOCK TABLES;

--
-- Table structure for table `transferRules`
--

DROP TABLE IF EXISTS `transferRules`;
/*!40101 SET @saved_cs_client     = @@character_set_client */;
/*!50503 SET character_set_client = utf8mb4 */;
CREATE TABLE `transferRules` (
  `transferRulesId` int unsigned NOT NULL AUTO_INCREMENT,
  `name` varchar(128) NOT NULL,
  `description` varchar(512) DEFAULT NULL,
  `rule` text NOT NULL,
  `enabled` tinyint(1) NOT NULL DEFAULT '1',
  `createdDate` datetime NOT NULL DEFAULT CURRENT_TIMESTAMP,
  PRIMARY KEY (`transferRulesId`)
) ENGINE=InnoDB DEFAULT CHARSET=utf8mb3;
/*!40101 SET character_set_client = @saved_cs_client */;

--
-- Dumping data for table `transferRules`
--

LOCK TABLES `transferRules` WRITE;
/*!40000 ALTER TABLE `transferRules` DISABLE KEYS */;
/*!40000 ALTER TABLE `transferRules` ENABLE KEYS */;
UNLOCK TABLES;

--
-- Table structure for table `transferState`
--

DROP TABLE IF EXISTS `transferState`;
/*!40101 SET @saved_cs_client     = @@character_set_client */;
/*!50503 SET character_set_client = utf8mb4 */;
CREATE TABLE `transferState` (
  `transferStateId` varchar(50) NOT NULL,
  `enumeration` varchar(50) NOT NULL COMMENT 'transferState associated to the Mojaloop API',
  `description` varchar(512) DEFAULT NULL,
  `isActive` tinyint(1) NOT NULL DEFAULT '1',
  `createdDate` datetime NOT NULL DEFAULT CURRENT_TIMESTAMP,
  PRIMARY KEY (`transferStateId`)
) ENGINE=InnoDB DEFAULT CHARSET=utf8mb3;
/*!40101 SET character_set_client = @saved_cs_client */;

--
-- Dumping data for table `transferState`
--

LOCK TABLES `transferState` WRITE;
/*!40000 ALTER TABLE `transferState` DISABLE KEYS */;
INSERT INTO `transferState` VALUES ('ABORTED_ERROR','ABORTED','The switch has aborted a transfer due to being RECEIVED_ERROR',1,'2023-03-30 15:16:52'),('ABORTED_REJECTED','ABORTED','The switch has aborted a transfer due to being RECEIVED_REJECT.',1,'2023-03-30 15:16:52'),('COMMITTED','COMMITTED','The switch has successfully performed the transfer.',1,'2023-03-30 15:16:52'),('EXPIRED_PREPARED','ABORTED','The switch has aborted the transfer due to being EXPIRED transfer from RECEIVED_PREPARE.',1,'2023-03-30 15:16:52'),('EXPIRED_RESERVED','ABORTED','The switch has aborted the transfer due to being EXPIRED transfer from RESERVED.',1,'2023-03-30 15:16:52'),('FAILED','ABORTED','Aborted the transfer due to failure to perform the transfer.',1,'2023-03-30 15:16:52'),('INVALID','ABORTED','The switch has aborted the transfer due to validation failure.',1,'2023-03-30 15:16:52'),('RECEIVED_ERROR','RESERVED','The switch has received a transfer error callback',1,'2023-03-30 15:16:52'),('RECEIVED_FULFIL','RESERVED','The switch has reserved the transfer, and has been assigned to a settlement window.',1,'2023-03-30 15:16:52'),('RECEIVED_PREPARE','RECEIVED','The switch has received the transfer.',1,'2023-03-30 15:16:52'),('RECEIVED_REJECT','RESERVED','The switch has received a transfer abort from payee fsp.',1,'2023-03-30 15:16:52'),('RESERVED','RESERVED','The switch has reserved the transfer.',1,'2023-03-30 15:16:52'),('RESERVED_TIMEOUT','RESERVED','Expiring the transfer and returning funds to payer fsp.',1,'2023-03-30 15:16:52'),('SETTLED','SETTLED','The switch has settled the transfer.',1,'2023-03-30 15:16:52');
/*!40000 ALTER TABLE `transferState` ENABLE KEYS */;
UNLOCK TABLES;

--
-- Table structure for table `transferStateChange`
--

DROP TABLE IF EXISTS `transferStateChange`;
/*!40101 SET @saved_cs_client     = @@character_set_client */;
/*!50503 SET character_set_client = utf8mb4 */;
CREATE TABLE `transferStateChange` (
  `transferStateChangeId` bigint unsigned NOT NULL AUTO_INCREMENT,
  `transferId` varchar(36) NOT NULL,
  `transferStateId` varchar(50) NOT NULL,
  `reason` varchar(512) DEFAULT NULL,
  `createdDate` datetime NOT NULL DEFAULT CURRENT_TIMESTAMP,
  PRIMARY KEY (`transferStateChangeId`),
  KEY `transferstatechange_transferid_index` (`transferId`),
  KEY `transferstatechange_transferstateid_index` (`transferStateId`),
  CONSTRAINT `transferstatechange_transferid_foreign` FOREIGN KEY (`transferId`) REFERENCES `transfer` (`transferId`),
  CONSTRAINT `transferstatechange_transferstateid_foreign` FOREIGN KEY (`transferStateId`) REFERENCES `transferState` (`transferStateId`)
) ENGINE=InnoDB AUTO_INCREMENT=1342 DEFAULT CHARSET=utf8mb3;
/*!40101 SET character_set_client = @saved_cs_client */;

--
-- Dumping data for table `transferStateChange`
--

LOCK TABLES `transferStateChange` WRITE;
/*!40000 ALTER TABLE `transferStateChange` DISABLE KEYS */;
INSERT INTO `transferStateChange` VALUES (1,'d4f0c84c-d37b-497c-991c-7fde1efd042b','RECEIVED_PREPARE','string','2023-03-30 15:24:53'),(2,'d4f0c84c-d37b-497c-991c-7fde1efd042b','RESERVED','string','2023-03-30 15:24:53'),(3,'d4f0c84c-d37b-497c-991c-7fde1efd042b','RECEIVED_FULFIL','string','2023-03-30 15:24:53'),(4,'d4f0c84c-d37b-497c-991c-7fde1efd042b','COMMITTED','string','2023-03-30 15:24:53'),(5,'0979edf5-6fe3-4807-a8fc-7a79235aebcc','RECEIVED_PREPARE','string','2023-03-30 15:24:56'),(6,'0979edf5-6fe3-4807-a8fc-7a79235aebcc','RESERVED','string','2023-03-30 15:24:56'),(7,'0979edf5-6fe3-4807-a8fc-7a79235aebcc','RECEIVED_FULFIL','string','2023-03-30 15:24:56'),(8,'0979edf5-6fe3-4807-a8fc-7a79235aebcc','COMMITTED','string','2023-03-30 15:24:56'),(9,'a175b7f4-f7e9-4f5c-aea5-a431567cebe2','RECEIVED_PREPARE','string','2023-03-30 15:25:04'),(10,'a175b7f4-f7e9-4f5c-aea5-a431567cebe2','RESERVED','string','2023-03-30 15:25:04'),(11,'a175b7f4-f7e9-4f5c-aea5-a431567cebe2','RECEIVED_FULFIL','string','2023-03-30 15:25:04'),(12,'a175b7f4-f7e9-4f5c-aea5-a431567cebe2','COMMITTED','string','2023-03-30 15:25:04'),(13,'80ea2193-c233-403c-b3e1-826520c617b8','RECEIVED_PREPARE','string','2023-03-30 15:25:06'),(14,'80ea2193-c233-403c-b3e1-826520c617b8','RESERVED','string','2023-03-30 15:25:06'),(15,'80ea2193-c233-403c-b3e1-826520c617b8','RECEIVED_FULFIL','string','2023-03-30 15:25:06'),(16,'80ea2193-c233-403c-b3e1-826520c617b8','COMMITTED','string','2023-03-30 15:25:06'),(17,'31728a21-d87e-4015-8297-5f88e5394096','RECEIVED_PREPARE','string','2023-03-30 15:25:15'),(18,'31728a21-d87e-4015-8297-5f88e5394096','RESERVED','string','2023-03-30 15:25:15'),(19,'31728a21-d87e-4015-8297-5f88e5394096','RECEIVED_FULFIL','string','2023-03-30 15:25:15'),(20,'31728a21-d87e-4015-8297-5f88e5394096','COMMITTED','string','2023-03-30 15:25:15'),(21,'03b28213-9f91-464c-8878-2a3a23a45538','RECEIVED_PREPARE','string','2023-03-30 15:25:20'),(22,'03b28213-9f91-464c-8878-2a3a23a45538','RESERVED','string','2023-03-30 15:25:20'),(23,'03b28213-9f91-464c-8878-2a3a23a45538','RECEIVED_FULFIL','string','2023-03-30 15:25:20'),(24,'03b28213-9f91-464c-8878-2a3a23a45538','COMMITTED','string','2023-03-30 15:25:20'),(25,'fb5583c1-2e48-4127-9ed2-42b1fb8a3cb0','RECEIVED_PREPARE','string','2023-03-30 15:25:22'),(26,'fb5583c1-2e48-4127-9ed2-42b1fb8a3cb0','RESERVED','string','2023-03-30 15:25:22'),(27,'fb5583c1-2e48-4127-9ed2-42b1fb8a3cb0','RECEIVED_FULFIL','string','2023-03-30 15:25:22'),(28,'fb5583c1-2e48-4127-9ed2-42b1fb8a3cb0','COMMITTED','string','2023-03-30 15:25:22'),(29,'a2457ec8-dc06-4dc8-92e2-59c83c55961f','RECEIVED_PREPARE','string','2023-03-30 15:25:30'),(30,'a2457ec8-dc06-4dc8-92e2-59c83c55961f','RESERVED','string','2023-03-30 15:25:30'),(31,'a2457ec8-dc06-4dc8-92e2-59c83c55961f','RECEIVED_FULFIL','string','2023-03-30 15:25:30'),(32,'a2457ec8-dc06-4dc8-92e2-59c83c55961f','COMMITTED','string','2023-03-30 15:25:30'),(33,'09e79cb0-5f8f-4bc8-a100-344eeff6f1e7','RECEIVED_PREPARE','string','2023-03-30 15:25:33'),(34,'09e79cb0-5f8f-4bc8-a100-344eeff6f1e7','RESERVED','string','2023-03-30 15:25:33'),(35,'09e79cb0-5f8f-4bc8-a100-344eeff6f1e7','RECEIVED_FULFIL','string','2023-03-30 15:25:33'),(36,'09e79cb0-5f8f-4bc8-a100-344eeff6f1e7','COMMITTED','string','2023-03-30 15:25:33'),(37,'9fe61fe2-8373-45f9-ae40-2ff5cb31c79b','RECEIVED_PREPARE','string','2023-03-30 15:25:48'),(38,'9fe61fe2-8373-45f9-ae40-2ff5cb31c79b','RESERVED','string','2023-03-30 15:25:48'),(39,'9fe61fe2-8373-45f9-ae40-2ff5cb31c79b','RECEIVED_FULFIL','string','2023-03-30 15:25:48'),(40,'9fe61fe2-8373-45f9-ae40-2ff5cb31c79b','COMMITTED','string','2023-03-30 15:25:48'),(41,'cb1dd9d4-eb1a-4ff3-9d1e-84d4a623de27','RECEIVED_PREPARE','string','2023-03-30 15:25:49'),(42,'cb1dd9d4-eb1a-4ff3-9d1e-84d4a623de27','RESERVED','string','2023-03-30 15:25:49'),(43,'cb1dd9d4-eb1a-4ff3-9d1e-84d4a623de27','RECEIVED_FULFIL','string','2023-03-30 15:25:49'),(44,'cb1dd9d4-eb1a-4ff3-9d1e-84d4a623de27','COMMITTED','string','2023-03-30 15:25:49'),(45,'d00cce9a-7fcd-4202-bbaa-e57e14329ff7','RECEIVED_PREPARE','string','2023-03-30 15:25:58'),(46,'d00cce9a-7fcd-4202-bbaa-e57e14329ff7','RESERVED','string','2023-03-30 15:25:58'),(47,'d00cce9a-7fcd-4202-bbaa-e57e14329ff7','RECEIVED_FULFIL','string','2023-03-30 15:25:58'),(48,'d00cce9a-7fcd-4202-bbaa-e57e14329ff7','COMMITTED','string','2023-03-30 15:25:58'),(49,'b1e6bb4f-3235-4bac-9368-f0ee1cd20a8a','RECEIVED_PREPARE','string','2023-03-30 15:26:03'),(50,'b1e6bb4f-3235-4bac-9368-f0ee1cd20a8a','RESERVED','string','2023-03-30 15:26:03'),(51,'b1e6bb4f-3235-4bac-9368-f0ee1cd20a8a','RECEIVED_FULFIL','string','2023-03-30 15:26:03'),(52,'b1e6bb4f-3235-4bac-9368-f0ee1cd20a8a','COMMITTED','string','2023-03-30 15:26:03'),(53,'a6609fd8-48d6-4b38-b9ec-dd28be340ae9','RECEIVED_PREPARE',NULL,'2023-03-30 15:26:34'),(54,'a6609fd8-48d6-4b38-b9ec-dd28be340ae9','RESERVED',NULL,'2023-03-30 15:26:34'),(55,'a6609fd8-48d6-4b38-b9ec-dd28be340ae9','RECEIVED_FULFIL',NULL,'2023-03-30 15:26:35'),(56,'a6609fd8-48d6-4b38-b9ec-dd28be340ae9','COMMITTED',NULL,'2023-03-30 15:26:35'),(57,'4937b5f3-d128-4364-af8d-ef465ec5e424','RECEIVED_PREPARE',NULL,'2023-03-30 15:26:36'),(58,'4937b5f3-d128-4364-af8d-ef465ec5e424','RESERVED',NULL,'2023-03-30 15:26:36'),(59,'4937b5f3-d128-4364-af8d-ef465ec5e424','RECEIVED_FULFIL',NULL,'2023-03-30 15:26:36'),(60,'4937b5f3-d128-4364-af8d-ef465ec5e424','COMMITTED',NULL,'2023-03-30 15:26:36'),(61,'2e768760-b24f-443b-9f64-aad7e8a84f83','RECEIVED_PREPARE',NULL,'2023-03-30 15:26:37'),(62,'2e768760-b24f-443b-9f64-aad7e8a84f83','RESERVED',NULL,'2023-03-30 15:26:37'),(63,'2e768760-b24f-443b-9f64-aad7e8a84f83','RECEIVED_FULFIL',NULL,'2023-03-30 15:26:37'),(64,'2e768760-b24f-443b-9f64-aad7e8a84f83','COMMITTED',NULL,'2023-03-30 15:26:37'),(65,'5fd04775-916d-4a2c-9c4e-e5004c7b4d46','RECEIVED_PREPARE',NULL,'2023-03-30 15:26:38'),(66,'5fd04775-916d-4a2c-9c4e-e5004c7b4d46','RESERVED',NULL,'2023-03-30 15:26:38'),(67,'5fd04775-916d-4a2c-9c4e-e5004c7b4d46','RECEIVED_FULFIL',NULL,'2023-03-30 15:26:38'),(68,'5fd04775-916d-4a2c-9c4e-e5004c7b4d46','COMMITTED',NULL,'2023-03-30 15:26:38'),(69,'56359c15-466f-4f62-9809-67e44c2b9804','RECEIVED_PREPARE',NULL,'2023-03-30 15:26:40'),(70,'56359c15-466f-4f62-9809-67e44c2b9804','RESERVED',NULL,'2023-03-30 15:26:40'),(71,'56359c15-466f-4f62-9809-67e44c2b9804','RECEIVED_FULFIL',NULL,'2023-03-30 15:26:40'),(72,'56359c15-466f-4f62-9809-67e44c2b9804','COMMITTED',NULL,'2023-03-30 15:26:40'),(73,'7b76c0f2-451d-46f9-96cf-5023d1fe45e5','RECEIVED_PREPARE',NULL,'2023-03-30 15:26:41'),(74,'7b76c0f2-451d-46f9-96cf-5023d1fe45e5','RESERVED',NULL,'2023-03-30 15:26:41'),(75,'7b76c0f2-451d-46f9-96cf-5023d1fe45e5','RESERVED_TIMEOUT','Marked for expiration by Timeout Handler','2023-03-30 15:26:45'),(76,'7b76c0f2-451d-46f9-96cf-5023d1fe45e5','EXPIRED_RESERVED','Transfer expired','2023-03-30 15:26:45'),(77,'9be682aa-ec53-493b-96ed-6479e69807a8','RECEIVED_PREPARE',NULL,'2023-03-30 15:26:58'),(78,'9be682aa-ec53-493b-96ed-6479e69807a8','RESERVED',NULL,'2023-03-30 15:26:58'),(79,'9be682aa-ec53-493b-96ed-6479e69807a8','RECEIVED_FULFIL','Generic validation error - invalid fulfilment','2023-03-30 15:27:00'),(80,'9be682aa-ec53-493b-96ed-6479e69807a8','ABORTED_ERROR','Generic validation error - invalid fulfilment','2023-03-30 15:27:00'),(81,'9c256cfb-a2ce-4af3-9640-33caf4b39fc6','RECEIVED_PREPARE',NULL,'2023-03-30 15:27:01'),(82,'9c256cfb-a2ce-4af3-9640-33caf4b39fc6','RESERVED',NULL,'2023-03-30 15:27:01'),(83,'9c256cfb-a2ce-4af3-9640-33caf4b39fc6','RESERVED_TIMEOUT','Marked for expiration by Timeout Handler','2023-03-30 15:27:15'),(84,'9c256cfb-a2ce-4af3-9640-33caf4b39fc6','EXPIRED_RESERVED','Transfer expired','2023-03-30 15:27:15'),(85,'2db2f973-e761-4ae6-8869-e481efc8ac42','RECEIVED_PREPARE',NULL,'2023-03-30 15:27:15'),(86,'2db2f973-e761-4ae6-8869-e481efc8ac42','RESERVED',NULL,'2023-03-30 15:27:15'),(87,'2db2f973-e761-4ae6-8869-e481efc8ac42','RECEIVED_ERROR','Payee transaction limit reached','2023-03-30 15:27:17'),(88,'2db2f973-e761-4ae6-8869-e481efc8ac42','ABORTED_ERROR','Payee transaction limit reached','2023-03-30 15:27:17'),(89,'df884a49-92c2-4b00-abd2-2df250137b40','RECEIVED_PREPARE',NULL,'2023-03-30 15:27:17'),(90,'df884a49-92c2-4b00-abd2-2df250137b40','RESERVED',NULL,'2023-03-30 15:27:17'),(91,'df884a49-92c2-4b00-abd2-2df250137b40','RESERVED_TIMEOUT','Marked for expiration by Timeout Handler','2023-03-30 15:27:30'),(92,'df884a49-92c2-4b00-abd2-2df250137b40','EXPIRED_RESERVED','Transfer expired','2023-03-30 15:27:30'),(93,'0e24a7e9-a152-4cbe-8d71-be1012db6e31','RECEIVED_PREPARE',NULL,'2023-03-30 15:27:31'),(94,'0e24a7e9-a152-4cbe-8d71-be1012db6e31','RESERVED',NULL,'2023-03-30 15:27:31'),(95,'0e24a7e9-a152-4cbe-8d71-be1012db6e31','RECEIVED_FULFIL',NULL,'2023-03-30 15:27:31'),(96,'0e24a7e9-a152-4cbe-8d71-be1012db6e31','COMMITTED',NULL,'2023-03-30 15:27:31'),(97,'a0d25aaa-ffb7-4d10-b291-1e413af79f26','RECEIVED_PREPARE',NULL,'2023-03-30 15:27:31'),(98,'a0d25aaa-ffb7-4d10-b291-1e413af79f26','RESERVED',NULL,'2023-03-30 15:27:31'),(99,'a0d25aaa-ffb7-4d10-b291-1e413af79f26','RECEIVED_FULFIL',NULL,'2023-03-30 15:27:32'),(100,'a0d25aaa-ffb7-4d10-b291-1e413af79f26','COMMITTED',NULL,'2023-03-30 15:27:32'),(101,'278c48cc-5ef3-4432-8005-b05dd6dfb0b8','RECEIVED_PREPARE',NULL,'2023-03-30 15:27:33'),(102,'278c48cc-5ef3-4432-8005-b05dd6dfb0b8','RESERVED',NULL,'2023-03-30 15:27:33'),(103,'278c48cc-5ef3-4432-8005-b05dd6dfb0b8','RECEIVED_FULFIL',NULL,'2023-03-30 15:27:33'),(104,'278c48cc-5ef3-4432-8005-b05dd6dfb0b8','COMMITTED',NULL,'2023-03-30 15:27:33'),(105,'08e8ef49-4df4-4649-b464-c324c1b3ae3b','RECEIVED_PREPARE',NULL,'2023-03-30 15:27:34'),(106,'08e8ef49-4df4-4649-b464-c324c1b3ae3b','RESERVED',NULL,'2023-03-30 15:27:34'),(107,'08e8ef49-4df4-4649-b464-c324c1b3ae3b','RECEIVED_ERROR','Payee transaction limit reached','2023-03-30 15:27:35'),(108,'08e8ef49-4df4-4649-b464-c324c1b3ae3b','ABORTED_ERROR','Payee transaction limit reached','2023-03-30 15:27:35'),(109,'9db2b4bf-209e-4504-a01b-b9025edf7bf4','RECEIVED_PREPARE',NULL,'2023-03-30 15:27:36'),(110,'9db2b4bf-209e-4504-a01b-b9025edf7bf4','RESERVED',NULL,'2023-03-30 15:27:36'),(111,'9db2b4bf-209e-4504-a01b-b9025edf7bf4','RECEIVED_ERROR','Payee transaction limit reached','2023-03-30 15:27:36'),(112,'9db2b4bf-209e-4504-a01b-b9025edf7bf4','ABORTED_ERROR','Payee transaction limit reached','2023-03-30 15:27:36'),(113,'387e3f07-aa10-49ff-b398-84b5863a7698','INVALID','Participant testfsp2 is inactive','2023-03-30 15:27:38'),(114,'9ff2ceb6-22ab-4db0-8623-82833769028c','RECEIVED_PREPARE',NULL,'2023-03-30 15:27:39'),(115,'9ff2ceb6-22ab-4db0-8623-82833769028c','RESERVED',NULL,'2023-03-30 15:27:39'),(116,'9ff2ceb6-22ab-4db0-8623-82833769028c','RECEIVED_FULFIL',NULL,'2023-03-30 15:27:39'),(117,'9ff2ceb6-22ab-4db0-8623-82833769028c','COMMITTED',NULL,'2023-03-30 15:27:39'),(118,'3efe2d69-255b-4105-b914-d384ee1ff7d3','INVALID','Participant testfsp2 USD account is inactive','2023-03-30 15:27:39'),(119,'9ee476bf-d4dc-4415-92ac-189ea74f75ef','RECEIVED_PREPARE',NULL,'2023-03-30 15:27:40'),(120,'9ee476bf-d4dc-4415-92ac-189ea74f75ef','RESERVED',NULL,'2023-03-30 15:27:40'),(121,'9ee476bf-d4dc-4415-92ac-189ea74f75ef','RECEIVED_FULFIL',NULL,'2023-03-30 15:27:40'),(122,'9ee476bf-d4dc-4415-92ac-189ea74f75ef','COMMITTED',NULL,'2023-03-30 15:27:40'),(123,'95d27c2a-3ca3-4ac7-9436-8157075aaeb5','RECEIVED_PREPARE',NULL,'2023-03-30 15:27:41'),(124,'95d27c2a-3ca3-4ac7-9436-8157075aaeb5','ABORTED_REJECTED','Payer FSP insufficient liquidity','2023-03-30 15:27:41'),(125,'d4595ae6-1a3e-41ca-8ec3-56e59e3e0938','RECEIVED_PREPARE',NULL,'2023-03-30 15:27:41'),(126,'d4595ae6-1a3e-41ca-8ec3-56e59e3e0938','ABORTED_REJECTED','Payer limit error','2023-03-30 15:27:41'),(127,'2e8530b7-b8b1-4852-ad1e-0520b1d39834','RECEIVED_PREPARE','string','2023-03-30 15:27:41'),(128,'2e8530b7-b8b1-4852-ad1e-0520b1d39834','RESERVED','string','2023-03-30 15:27:41'),(129,'2e8530b7-b8b1-4852-ad1e-0520b1d39834','RECEIVED_FULFIL','string','2023-03-30 15:27:41'),(130,'2e8530b7-b8b1-4852-ad1e-0520b1d39834','COMMITTED','string','2023-03-30 15:27:41'),(131,'c69e5c23-10b6-49da-8ac3-c15346c19b42','RECEIVED_PREPARE','string','2023-03-30 15:27:44'),(132,'c69e5c23-10b6-49da-8ac3-c15346c19b42','RESERVED','string','2023-03-30 15:27:44'),(133,'c69e5c23-10b6-49da-8ac3-c15346c19b42','RECEIVED_REJECT','Reason for out flow of funds','2023-03-30 15:27:46'),(134,'c69e5c23-10b6-49da-8ac3-c15346c19b42','ABORTED_REJECTED','Reason for out flow of funds','2023-03-30 15:27:46'),(135,'136cb165-e4ba-44af-a35a-00fb4bbbf0b2','RECEIVED_PREPARE','string','2023-03-30 15:27:48'),(136,'136cb165-e4ba-44af-a35a-00fb4bbbf0b2','RESERVED','string','2023-03-30 15:27:48'),(137,'136cb165-e4ba-44af-a35a-00fb4bbbf0b2','RECEIVED_FULFIL','Reason for out flow of funds','2023-03-30 15:27:50'),(138,'136cb165-e4ba-44af-a35a-00fb4bbbf0b2','COMMITTED','Reason for out flow of funds','2023-03-30 15:27:50'),(139,'460f617a-cae3-4a52-9e03-e9196c0c8781','RECEIVED_PREPARE',NULL,'2023-03-30 15:27:52'),(140,'460f617a-cae3-4a52-9e03-e9196c0c8781','RESERVED',NULL,'2023-03-30 15:27:52'),(141,'460f617a-cae3-4a52-9e03-e9196c0c8781','RECEIVED_FULFIL',NULL,'2023-03-30 15:27:53'),(142,'460f617a-cae3-4a52-9e03-e9196c0c8781','COMMITTED',NULL,'2023-03-30 15:27:53'),(143,'17baf843-39e5-4ed0-a7b6-eed4e08a897a','RECEIVED_PREPARE',NULL,'2023-03-30 15:27:55'),(144,'17baf843-39e5-4ed0-a7b6-eed4e08a897a','RESERVED',NULL,'2023-03-30 15:27:55'),(145,'17baf843-39e5-4ed0-a7b6-eed4e08a897a','RECEIVED_FULFIL',NULL,'2023-03-30 15:27:55'),(146,'17baf843-39e5-4ed0-a7b6-eed4e08a897a','COMMITTED',NULL,'2023-03-30 15:27:55'),(147,'f2994e96-b730-4e27-970e-ea63e17d7732','RECEIVED_PREPARE',NULL,'2023-03-30 15:27:55'),(148,'f2994e96-b730-4e27-970e-ea63e17d7732','RESERVED',NULL,'2023-03-30 15:27:55'),(149,'f2994e96-b730-4e27-970e-ea63e17d7732','RECEIVED_FULFIL',NULL,'2023-03-30 15:27:55'),(150,'f2994e96-b730-4e27-970e-ea63e17d7732','COMMITTED',NULL,'2023-03-30 15:27:55'),(151,'67a569d2-30d1-40b3-8bf0-0df8596cce3b','RECEIVED_PREPARE',NULL,'2023-03-30 15:27:56'),(152,'67a569d2-30d1-40b3-8bf0-0df8596cce3b','RESERVED',NULL,'2023-03-30 15:27:56'),(153,'67a569d2-30d1-40b3-8bf0-0df8596cce3b','RECEIVED_FULFIL',NULL,'2023-03-30 15:27:57'),(154,'67a569d2-30d1-40b3-8bf0-0df8596cce3b','COMMITTED',NULL,'2023-03-30 15:27:57'),(155,'a3dbb28e-ab25-4b74-ac3e-e4a95a4bbe1a','RECEIVED_PREPARE',NULL,'2023-03-30 15:27:58'),(156,'a3dbb28e-ab25-4b74-ac3e-e4a95a4bbe1a','RESERVED',NULL,'2023-03-30 15:27:58'),(157,'a3dbb28e-ab25-4b74-ac3e-e4a95a4bbe1a','RECEIVED_FULFIL','Generic validation error - invalid fulfilment','2023-03-30 15:27:58'),(158,'a3dbb28e-ab25-4b74-ac3e-e4a95a4bbe1a','ABORTED_ERROR','Generic validation error - invalid fulfilment','2023-03-30 15:27:58'),(159,'265bd93a-3f70-4cc2-a44b-835189424114','RECEIVED_PREPARE',NULL,'2023-03-30 15:28:10'),(160,'265bd93a-3f70-4cc2-a44b-835189424114','RESERVED',NULL,'2023-03-30 15:28:10'),(161,'265bd93a-3f70-4cc2-a44b-835189424114','RECEIVED_FULFIL',NULL,'2023-03-30 15:28:10'),(162,'265bd93a-3f70-4cc2-a44b-835189424114','COMMITTED',NULL,'2023-03-30 15:28:10'),(163,'531ced4b-38ce-40e6-88e6-5cac9bbaea25','INVALID','Participant payeefspNOTFOUND not found','2023-03-30 15:28:11'),(164,'a95f6dba-0727-4a7e-88e9-4cccc3322368','RECEIVED_PREPARE',NULL,'2023-03-30 15:28:12'),(165,'a95f6dba-0727-4a7e-88e9-4cccc3322368','RESERVED',NULL,'2023-03-30 15:28:12'),(166,'a95f6dba-0727-4a7e-88e9-4cccc3322368','RECEIVED_FULFIL',NULL,'2023-03-30 15:28:12'),(167,'a95f6dba-0727-4a7e-88e9-4cccc3322368','COMMITTED',NULL,'2023-03-30 15:28:12'),(168,'0988aa7f-db40-4a78-ae17-b121992f84a9','RECEIVED_PREPARE',NULL,'2023-03-30 15:28:15'),(169,'0988aa7f-db40-4a78-ae17-b121992f84a9','RESERVED',NULL,'2023-03-30 15:28:15'),(170,'0988aa7f-db40-4a78-ae17-b121992f84a9','RECEIVED_ERROR','Generic validation error - fspiop-destination does not match payer fsp on the Fulfil callback response','2023-03-30 15:28:15'),(171,'0988aa7f-db40-4a78-ae17-b121992f84a9','ABORTED_ERROR','Generic validation error - fspiop-destination does not match payer fsp on the Fulfil callback response','2023-03-30 15:28:15'),(172,'6d020054-19a5-47f6-89b4-301750e72829','RECEIVED_PREPARE',NULL,'2023-03-30 15:28:21'),(173,'6d020054-19a5-47f6-89b4-301750e72829','RESERVED',NULL,'2023-03-30 15:28:21'),(174,'6d020054-19a5-47f6-89b4-301750e72829','RECEIVED_ERROR','Generic validation error - fspiop-destination does not match payer fsp on the Fulfil callback response','2023-03-30 15:28:22'),(175,'6d020054-19a5-47f6-89b4-301750e72829','ABORTED_ERROR','Generic validation error - fspiop-destination does not match payer fsp on the Fulfil callback response','2023-03-30 15:28:22'),(176,'b553670c-0b40-4c98-aacb-9072526273a1','INVALID','Payer FSP and Payee FSP should be different, unless on-us tranfers are allowed by the Scheme','2023-03-30 15:28:23'),(177,'96cc34c6-c41f-498b-910c-bda050357e2d','RECEIVED_PREPARE',NULL,'2023-03-30 15:28:30'),(178,'96cc34c6-c41f-498b-910c-bda050357e2d','RESERVED',NULL,'2023-03-30 15:28:30'),(179,'96cc34c6-c41f-498b-910c-bda050357e2d','RECEIVED_FULFIL',NULL,'2023-03-30 15:28:31'),(180,'96cc34c6-c41f-498b-910c-bda050357e2d','COMMITTED',NULL,'2023-03-30 15:28:31'),(181,'09c1421d-0adb-4e8b-ad6d-8233b9d7fb15','RECEIVED_PREPARE',NULL,'2023-03-30 15:28:31'),(182,'09c1421d-0adb-4e8b-ad6d-8233b9d7fb15','RESERVED',NULL,'2023-03-30 15:28:31'),(183,'09c1421d-0adb-4e8b-ad6d-8233b9d7fb15','RECEIVED_FULFIL',NULL,'2023-03-30 15:28:31'),(184,'09c1421d-0adb-4e8b-ad6d-8233b9d7fb15','COMMITTED',NULL,'2023-03-30 15:28:31'),(185,'db965979-cc75-4bbc-bdbb-6a1005141ad1','RECEIVED_PREPARE',NULL,'2023-03-30 15:28:31'),(186,'db965979-cc75-4bbc-bdbb-6a1005141ad1','RESERVED',NULL,'2023-03-30 15:28:31'),(187,'db965979-cc75-4bbc-bdbb-6a1005141ad1','RECEIVED_FULFIL',NULL,'2023-03-30 15:28:31'),(188,'db965979-cc75-4bbc-bdbb-6a1005141ad1','COMMITTED',NULL,'2023-03-30 15:28:31'),(189,'6b59e34c-3fb8-4b71-b5b0-05c30fd60323','RECEIVED_PREPARE',NULL,'2023-03-30 15:28:31'),(190,'6b59e34c-3fb8-4b71-b5b0-05c30fd60323','RESERVED',NULL,'2023-03-30 15:28:31'),(191,'6b59e34c-3fb8-4b71-b5b0-05c30fd60323','RECEIVED_FULFIL',NULL,'2023-03-30 15:28:31'),(192,'6b59e34c-3fb8-4b71-b5b0-05c30fd60323','COMMITTED',NULL,'2023-03-30 15:28:31'),(193,'ee30b0ff-62f7-4750-8616-940fdebecefd','RECEIVED_PREPARE',NULL,'2023-03-30 15:28:32'),(194,'ee30b0ff-62f7-4750-8616-940fdebecefd','RESERVED',NULL,'2023-03-30 15:28:32'),(195,'ee30b0ff-62f7-4750-8616-940fdebecefd','RECEIVED_FULFIL',NULL,'2023-03-30 15:28:32'),(196,'ee30b0ff-62f7-4750-8616-940fdebecefd','COMMITTED',NULL,'2023-03-30 15:28:32'),(197,'0593271b-b702-4ee0-98c5-f49939fbf1f6','RECEIVED_PREPARE',NULL,'2023-03-30 15:28:32'),(198,'0593271b-b702-4ee0-98c5-f49939fbf1f6','RESERVED',NULL,'2023-03-30 15:28:32'),(199,'0593271b-b702-4ee0-98c5-f49939fbf1f6','RECEIVED_FULFIL',NULL,'2023-03-30 15:28:32'),(200,'0593271b-b702-4ee0-98c5-f49939fbf1f6','COMMITTED',NULL,'2023-03-30 15:28:32'),(201,'e2839240-9fce-43b4-a054-4ee4c22633d2','RECEIVED_PREPARE','Settlement transfer prepare','2023-03-30 15:28:41'),(202,'7c6e16d8-7be3-46b3-942f-9684b488a5bf','RECEIVED_PREPARE','Settlement transfer prepare','2023-03-30 15:28:41'),(203,'9bce31de-44af-423c-a325-816c41b99d9f','RECEIVED_PREPARE','Settlement transfer prepare','2023-03-30 15:28:41'),(204,'31f0f44b-36db-431b-883f-0e67ed599610','RECEIVED_PREPARE','Settlement transfer prepare','2023-03-30 15:28:41'),(205,'83f425ee-3669-4861-9357-af642bbba675','RECEIVED_PREPARE','Settlement transfer prepare','2023-03-30 15:28:43'),(206,'25bbc1a3-a4dc-4be6-97de-a8f244a10743','RECEIVED_PREPARE','Settlement transfer prepare','2023-03-30 15:28:43'),(207,'ca33750e-5b7a-449c-84cf-62f70f67aad6','RECEIVED_PREPARE','Settlement transfer prepare','2023-03-30 15:28:43'),(208,'8a1c8ccd-8651-47f3-a57b-640170068d23','RECEIVED_PREPARE','Settlement transfer prepare','2023-03-30 15:28:43'),(209,'e2839240-9fce-43b4-a054-4ee4c22633d2','RESERVED','Settlement transfer reserve','2023-03-30 15:28:46'),(210,'7c6e16d8-7be3-46b3-942f-9684b488a5bf','RESERVED','Settlement transfer reserve','2023-03-30 15:28:46'),(211,'9bce31de-44af-423c-a325-816c41b99d9f','RESERVED','Settlement transfer reserve','2023-03-30 15:28:46'),(212,'31f0f44b-36db-431b-883f-0e67ed599610','RESERVED','Settlement transfer reserve','2023-03-30 15:28:46'),(213,'83f425ee-3669-4861-9357-af642bbba675','RESERVED','Settlement transfer reserve','2023-03-30 15:28:49'),(214,'25bbc1a3-a4dc-4be6-97de-a8f244a10743','RESERVED','Settlement transfer reserve','2023-03-30 15:28:49'),(215,'ca33750e-5b7a-449c-84cf-62f70f67aad6','RESERVED','Settlement transfer reserve','2023-03-30 15:28:49'),(216,'8a1c8ccd-8651-47f3-a57b-640170068d23','RESERVED','Settlement transfer reserve','2023-03-30 15:28:49'),(217,'e2839240-9fce-43b4-a054-4ee4c22633d2','RECEIVED_FULFIL','Settlement transfer commit initiated','2023-03-30 15:28:51'),(218,'e2839240-9fce-43b4-a054-4ee4c22633d2','COMMITTED','Settlement transfer commit','2023-03-30 15:28:51'),(219,'7c6e16d8-7be3-46b3-942f-9684b488a5bf','RECEIVED_FULFIL','Settlement transfer commit initiated','2023-03-30 15:28:51'),(220,'7c6e16d8-7be3-46b3-942f-9684b488a5bf','COMMITTED','Settlement transfer commit','2023-03-30 15:28:51'),(221,'9bce31de-44af-423c-a325-816c41b99d9f','RECEIVED_FULFIL','Settlement transfer commit initiated','2023-03-30 15:28:51'),(222,'9bce31de-44af-423c-a325-816c41b99d9f','COMMITTED','Settlement transfer commit','2023-03-30 15:28:51'),(223,'31f0f44b-36db-431b-883f-0e67ed599610','RECEIVED_FULFIL','Settlement transfer commit initiated','2023-03-30 15:28:51'),(224,'31f0f44b-36db-431b-883f-0e67ed599610','COMMITTED','Settlement transfer commit','2023-03-30 15:28:51'),(225,'83f425ee-3669-4861-9357-af642bbba675','RECEIVED_FULFIL','Settlement transfer commit initiated','2023-03-30 15:28:54'),(226,'83f425ee-3669-4861-9357-af642bbba675','COMMITTED','Settlement transfer commit','2023-03-30 15:28:54'),(227,'25bbc1a3-a4dc-4be6-97de-a8f244a10743','RECEIVED_FULFIL','Settlement transfer commit initiated','2023-03-30 15:28:54'),(228,'25bbc1a3-a4dc-4be6-97de-a8f244a10743','COMMITTED','Settlement transfer commit','2023-03-30 15:28:54'),(229,'ca33750e-5b7a-449c-84cf-62f70f67aad6','RECEIVED_FULFIL','Settlement transfer commit initiated','2023-03-30 15:28:54'),(230,'ca33750e-5b7a-449c-84cf-62f70f67aad6','COMMITTED','Settlement transfer commit','2023-03-30 15:28:54'),(231,'8a1c8ccd-8651-47f3-a57b-640170068d23','RECEIVED_FULFIL','Settlement transfer commit initiated','2023-03-30 15:28:54'),(232,'8a1c8ccd-8651-47f3-a57b-640170068d23','COMMITTED','Settlement transfer commit','2023-03-30 15:28:54'),(233,'79e2f4d6-7dee-411c-8630-5ed50abc70f5','RECEIVED_PREPARE',NULL,'2023-03-30 15:29:03'),(234,'79e2f4d6-7dee-411c-8630-5ed50abc70f5','RESERVED',NULL,'2023-03-30 15:29:03'),(235,'79e2f4d6-7dee-411c-8630-5ed50abc70f5','RECEIVED_FULFIL',NULL,'2023-03-30 15:29:03'),(236,'79e2f4d6-7dee-411c-8630-5ed50abc70f5','COMMITTED',NULL,'2023-03-30 15:29:03'),(237,'03bd7b70-196f-4290-b7d4-1bf10e7b6afb','RECEIVED_PREPARE',NULL,'2023-03-30 15:29:03'),(238,'03bd7b70-196f-4290-b7d4-1bf10e7b6afb','RESERVED',NULL,'2023-03-30 15:29:03'),(239,'03bd7b70-196f-4290-b7d4-1bf10e7b6afb','RECEIVED_FULFIL',NULL,'2023-03-30 15:29:03'),(240,'03bd7b70-196f-4290-b7d4-1bf10e7b6afb','COMMITTED',NULL,'2023-03-30 15:29:04'),(241,'8347f975-a9ac-4226-aef0-1268fe4f3df7','RECEIVED_PREPARE',NULL,'2023-03-30 15:29:04'),(242,'8347f975-a9ac-4226-aef0-1268fe4f3df7','RESERVED',NULL,'2023-03-30 15:29:04'),(243,'8347f975-a9ac-4226-aef0-1268fe4f3df7','RECEIVED_FULFIL',NULL,'2023-03-30 15:29:04'),(244,'8347f975-a9ac-4226-aef0-1268fe4f3df7','COMMITTED',NULL,'2023-03-30 15:29:04'),(245,'7cce03ba-0984-4a6c-9143-7510c6554339','RECEIVED_PREPARE',NULL,'2023-03-30 15:29:04'),(246,'7cce03ba-0984-4a6c-9143-7510c6554339','RESERVED',NULL,'2023-03-30 15:29:04'),(247,'7cce03ba-0984-4a6c-9143-7510c6554339','RECEIVED_FULFIL',NULL,'2023-03-30 15:29:04'),(248,'7cce03ba-0984-4a6c-9143-7510c6554339','COMMITTED',NULL,'2023-03-30 15:29:04'),(249,'b1fe01f6-4694-433b-a160-f801ef15612c','RECEIVED_PREPARE',NULL,'2023-03-30 15:29:04'),(250,'b1fe01f6-4694-433b-a160-f801ef15612c','RESERVED',NULL,'2023-03-30 15:29:04'),(251,'b1fe01f6-4694-433b-a160-f801ef15612c','RECEIVED_FULFIL',NULL,'2023-03-30 15:29:04'),(252,'b1fe01f6-4694-433b-a160-f801ef15612c','COMMITTED',NULL,'2023-03-30 15:29:04'),(253,'6e81bc72-60a3-4442-b4f6-75676880d155','RECEIVED_PREPARE',NULL,'2023-03-30 15:29:04'),(254,'6e81bc72-60a3-4442-b4f6-75676880d155','RESERVED',NULL,'2023-03-30 15:29:04'),(255,'6e81bc72-60a3-4442-b4f6-75676880d155','RECEIVED_FULFIL',NULL,'2023-03-30 15:29:04'),(256,'6e81bc72-60a3-4442-b4f6-75676880d155','COMMITTED',NULL,'2023-03-30 15:29:04'),(257,'263c094a-a302-48d0-9645-b62f80c25884','RECEIVED_PREPARE','Settlement transfer prepare','2023-03-30 15:29:10'),(258,'1402d424-bd9a-40ec-9d6f-df7084e1a46f','RECEIVED_PREPARE','Settlement transfer prepare','2023-03-30 15:29:10'),(259,'2b0e8af1-5bf4-4682-a1ad-6a984244418a','RECEIVED_PREPARE','Settlement transfer prepare','2023-03-30 15:29:10'),(260,'281539fa-668b-4d75-a9b8-162bdca493b6','RECEIVED_PREPARE','Settlement transfer prepare','2023-03-30 15:29:10'),(261,'263c094a-a302-48d0-9645-b62f80c25884','RESERVED','Settlement transfer reserve','2023-03-30 15:29:13'),(262,'1402d424-bd9a-40ec-9d6f-df7084e1a46f','RESERVED','Settlement transfer reserve','2023-03-30 15:29:13'),(263,'2b0e8af1-5bf4-4682-a1ad-6a984244418a','RESERVED','Settlement transfer reserve','2023-03-30 15:29:13'),(264,'281539fa-668b-4d75-a9b8-162bdca493b6','RESERVED','Settlement transfer reserve','2023-03-30 15:29:13'),(265,'263c094a-a302-48d0-9645-b62f80c25884','RECEIVED_FULFIL','Settlement transfer commit initiated','2023-03-30 15:29:15'),(266,'263c094a-a302-48d0-9645-b62f80c25884','COMMITTED','Settlement transfer commit','2023-03-30 15:29:15'),(267,'1402d424-bd9a-40ec-9d6f-df7084e1a46f','RECEIVED_FULFIL','Settlement transfer commit initiated','2023-03-30 15:29:15'),(268,'1402d424-bd9a-40ec-9d6f-df7084e1a46f','COMMITTED','Settlement transfer commit','2023-03-30 15:29:15'),(269,'2b0e8af1-5bf4-4682-a1ad-6a984244418a','RECEIVED_FULFIL','Settlement transfer commit initiated','2023-03-30 15:29:15'),(270,'2b0e8af1-5bf4-4682-a1ad-6a984244418a','COMMITTED','Settlement transfer commit','2023-03-30 15:29:15'),(271,'281539fa-668b-4d75-a9b8-162bdca493b6','RECEIVED_FULFIL','Settlement transfer commit initiated','2023-03-30 15:29:16'),(272,'281539fa-668b-4d75-a9b8-162bdca493b6','COMMITTED','Settlement transfer commit','2023-03-30 15:29:16'),(273,'1ef36114-1c57-4edc-9de4-1542df184b72','RECEIVED_PREPARE',NULL,'2023-03-30 15:29:22'),(274,'1ef36114-1c57-4edc-9de4-1542df184b72','RESERVED',NULL,'2023-03-30 15:29:22'),(275,'1ef36114-1c57-4edc-9de4-1542df184b72','RECEIVED_FULFIL',NULL,'2023-03-30 15:29:22'),(276,'1ef36114-1c57-4edc-9de4-1542df184b72','COMMITTED',NULL,'2023-03-30 15:29:22'),(277,'93af34a1-9b05-40ee-8f32-83b3369cc4ef','RECEIVED_PREPARE',NULL,'2023-03-30 15:29:23'),(278,'93af34a1-9b05-40ee-8f32-83b3369cc4ef','RESERVED',NULL,'2023-03-30 15:29:23'),(279,'93af34a1-9b05-40ee-8f32-83b3369cc4ef','RECEIVED_FULFIL',NULL,'2023-03-30 15:29:23'),(280,'93af34a1-9b05-40ee-8f32-83b3369cc4ef','COMMITTED',NULL,'2023-03-30 15:29:23'),(281,'d01db26f-bc30-467d-a367-09e6345ef248','RECEIVED_PREPARE',NULL,'2023-03-30 15:29:23'),(282,'d01db26f-bc30-467d-a367-09e6345ef248','RESERVED',NULL,'2023-03-30 15:29:23'),(283,'d01db26f-bc30-467d-a367-09e6345ef248','RECEIVED_FULFIL',NULL,'2023-03-30 15:29:23'),(284,'d01db26f-bc30-467d-a367-09e6345ef248','COMMITTED',NULL,'2023-03-30 15:29:23'),(285,'a2158d3d-6c3c-4b09-8a11-71bd6b8e8954','RECEIVED_PREPARE',NULL,'2023-03-30 15:29:23'),(286,'a2158d3d-6c3c-4b09-8a11-71bd6b8e8954','RESERVED',NULL,'2023-03-30 15:29:23'),(287,'a2158d3d-6c3c-4b09-8a11-71bd6b8e8954','RECEIVED_FULFIL',NULL,'2023-03-30 15:29:23'),(288,'a2158d3d-6c3c-4b09-8a11-71bd6b8e8954','COMMITTED',NULL,'2023-03-30 15:29:23'),(289,'1fa780f9-83ab-4954-8d59-cb7ee112128b','RECEIVED_PREPARE',NULL,'2023-03-30 15:29:24'),(290,'1fa780f9-83ab-4954-8d59-cb7ee112128b','RESERVED',NULL,'2023-03-30 15:29:24'),(291,'1fa780f9-83ab-4954-8d59-cb7ee112128b','RECEIVED_FULFIL',NULL,'2023-03-30 15:29:24'),(292,'1fa780f9-83ab-4954-8d59-cb7ee112128b','COMMITTED',NULL,'2023-03-30 15:29:24'),(293,'b4b0b766-4cc8-4561-8c0d-5a7b803db094','RECEIVED_PREPARE',NULL,'2023-03-30 15:29:24'),(294,'b4b0b766-4cc8-4561-8c0d-5a7b803db094','RESERVED',NULL,'2023-03-30 15:29:24'),(295,'b4b0b766-4cc8-4561-8c0d-5a7b803db094','RECEIVED_FULFIL',NULL,'2023-03-30 15:29:24'),(296,'b4b0b766-4cc8-4561-8c0d-5a7b803db094','COMMITTED',NULL,'2023-03-30 15:29:24'),(297,'9a1fee85-4973-4faa-a90d-81efea6a0440','RECEIVED_PREPARE','Settlement transfer prepare','2023-03-30 15:29:30'),(298,'f236c01c-912f-4e95-aeba-139f49b0b995','RECEIVED_PREPARE','Settlement transfer prepare','2023-03-30 15:29:30'),(299,'3674812c-51b9-4461-9ee2-be5c217bd7d6','RECEIVED_PREPARE','Settlement transfer prepare','2023-03-30 15:29:30'),(300,'acf9f81f-8981-4336-86f5-4126b5fc01d2','RECEIVED_PREPARE','Settlement transfer prepare','2023-03-30 15:29:30'),(301,'9a1fee85-4973-4faa-a90d-81efea6a0440','RESERVED','Settlement transfer reserve','2023-03-30 15:29:32'),(302,'f236c01c-912f-4e95-aeba-139f49b0b995','RESERVED','Settlement transfer reserve','2023-03-30 15:29:32'),(303,'3674812c-51b9-4461-9ee2-be5c217bd7d6','RESERVED','Settlement transfer reserve','2023-03-30 15:29:32'),(304,'acf9f81f-8981-4336-86f5-4126b5fc01d2','RESERVED','Settlement transfer reserve','2023-03-30 15:29:32'),(305,'9a1fee85-4973-4faa-a90d-81efea6a0440','RECEIVED_FULFIL','Settlement transfer commit initiated','2023-03-30 15:29:35'),(306,'9a1fee85-4973-4faa-a90d-81efea6a0440','COMMITTED','Settlement transfer commit','2023-03-30 15:29:35'),(307,'f236c01c-912f-4e95-aeba-139f49b0b995','RECEIVED_FULFIL','Settlement transfer commit initiated','2023-03-30 15:29:35'),(308,'f236c01c-912f-4e95-aeba-139f49b0b995','COMMITTED','Settlement transfer commit','2023-03-30 15:29:35'),(309,'3674812c-51b9-4461-9ee2-be5c217bd7d6','RECEIVED_FULFIL','Settlement transfer commit initiated','2023-03-30 15:29:35'),(310,'3674812c-51b9-4461-9ee2-be5c217bd7d6','COMMITTED','Settlement transfer commit','2023-03-30 15:29:35'),(311,'acf9f81f-8981-4336-86f5-4126b5fc01d2','RECEIVED_FULFIL','Settlement transfer commit initiated','2023-03-30 15:29:35'),(312,'acf9f81f-8981-4336-86f5-4126b5fc01d2','COMMITTED','Settlement transfer commit','2023-03-30 15:29:35'),(313,'12b914a5-fd79-4bff-bc9b-419462ed63e2','RECEIVED_PREPARE','string','2023-03-30 15:29:41'),(314,'12b914a5-fd79-4bff-bc9b-419462ed63e2','RESERVED','string','2023-03-30 15:29:41'),(315,'12b914a5-fd79-4bff-bc9b-419462ed63e2','RECEIVED_FULFIL','string','2023-03-30 15:29:41'),(316,'12b914a5-fd79-4bff-bc9b-419462ed63e2','COMMITTED','string','2023-03-30 15:29:41'),(317,'cfefe2d6-0620-41ca-8d89-39f9a4b1cf63','RECEIVED_PREPARE','string','2023-03-30 15:29:41'),(318,'cfefe2d6-0620-41ca-8d89-39f9a4b1cf63','RESERVED','string','2023-03-30 15:29:41'),(319,'cfefe2d6-0620-41ca-8d89-39f9a4b1cf63','RECEIVED_FULFIL','string','2023-03-30 15:29:41'),(320,'cfefe2d6-0620-41ca-8d89-39f9a4b1cf63','COMMITTED','string','2023-03-30 15:29:41'),(321,'ed2d47e5-74c5-45a3-a6ab-967bbab39848','RECEIVED_PREPARE','string','2023-03-30 15:29:41'),(322,'ed2d47e5-74c5-45a3-a6ab-967bbab39848','RESERVED','string','2023-03-30 15:29:41'),(323,'ed2d47e5-74c5-45a3-a6ab-967bbab39848','RECEIVED_FULFIL','string','2023-03-30 15:29:41'),(324,'ed2d47e5-74c5-45a3-a6ab-967bbab39848','COMMITTED','string','2023-03-30 15:29:41'),(325,'a6c06e1a-cfd0-488b-b219-a95c78a251ca','RECEIVED_PREPARE','string','2023-03-30 15:29:41'),(326,'a6c06e1a-cfd0-488b-b219-a95c78a251ca','RESERVED','string','2023-03-30 15:29:41'),(327,'a6c06e1a-cfd0-488b-b219-a95c78a251ca','RECEIVED_FULFIL','string','2023-03-30 15:29:41'),(328,'a6c06e1a-cfd0-488b-b219-a95c78a251ca','COMMITTED','string','2023-03-30 15:29:41'),(329,'5f05b931-3bb8-456f-ae90-e0409574f236','RECEIVED_PREPARE',NULL,'2023-03-30 15:29:42'),(330,'5f05b931-3bb8-456f-ae90-e0409574f236','RESERVED',NULL,'2023-03-30 15:29:42'),(331,'5f05b931-3bb8-456f-ae90-e0409574f236','RECEIVED_FULFIL',NULL,'2023-03-30 15:29:42'),(332,'5f05b931-3bb8-456f-ae90-e0409574f236','COMMITTED',NULL,'2023-03-30 15:29:42'),(333,'5f05b931-3bb8-456f-ae90-e0409574f236','SETTLED','Gross settlement process','2023-03-30 15:29:41'),(334,'b982159d-3b69-41a2-8408-ffac8434bb89','RECEIVED_PREPARE',NULL,'2023-03-30 15:29:42'),(335,'b982159d-3b69-41a2-8408-ffac8434bb89','RESERVED',NULL,'2023-03-30 15:29:42'),(336,'b982159d-3b69-41a2-8408-ffac8434bb89','RECEIVED_FULFIL',NULL,'2023-03-30 15:29:42'),(337,'b982159d-3b69-41a2-8408-ffac8434bb89','COMMITTED',NULL,'2023-03-30 15:29:42'),(338,'b982159d-3b69-41a2-8408-ffac8434bb89','SETTLED','Gross settlement process','2023-03-30 15:29:42'),(339,'13763f01-75ea-45fe-9020-2e36e288dc38','RECEIVED_PREPARE',NULL,'2023-03-30 15:29:48'),(340,'13763f01-75ea-45fe-9020-2e36e288dc38','RESERVED',NULL,'2023-03-30 15:29:48'),(341,'13763f01-75ea-45fe-9020-2e36e288dc38','RECEIVED_FULFIL',NULL,'2023-03-30 15:29:48'),(342,'13763f01-75ea-45fe-9020-2e36e288dc38','COMMITTED',NULL,'2023-03-30 15:29:48'),(343,'13763f01-75ea-45fe-9020-2e36e288dc38','SETTLED','Gross settlement process','2023-03-30 15:29:48'),(344,'63fb34db-fff8-4627-97e5-cc99b2eefeee','RECEIVED_PREPARE',NULL,'2023-03-30 15:29:49'),(345,'63fb34db-fff8-4627-97e5-cc99b2eefeee','RESERVED',NULL,'2023-03-30 15:29:49'),(346,'63fb34db-fff8-4627-97e5-cc99b2eefeee','RECEIVED_FULFIL',NULL,'2023-03-30 15:29:49'),(347,'63fb34db-fff8-4627-97e5-cc99b2eefeee','COMMITTED',NULL,'2023-03-30 15:29:49'),(348,'63fb34db-fff8-4627-97e5-cc99b2eefeee','SETTLED','Gross settlement process','2023-03-30 15:29:48'),(349,'8f835e31-8b83-426e-9938-5ffbd157f750','RECEIVED_PREPARE',NULL,'2023-03-30 15:29:49'),(350,'8f835e31-8b83-426e-9938-5ffbd157f750','RESERVED',NULL,'2023-03-30 15:29:49'),(351,'8f835e31-8b83-426e-9938-5ffbd157f750','RECEIVED_FULFIL',NULL,'2023-03-30 15:29:49'),(352,'8f835e31-8b83-426e-9938-5ffbd157f750','COMMITTED',NULL,'2023-03-30 15:29:49'),(353,'8f835e31-8b83-426e-9938-5ffbd157f750','SETTLED','Gross settlement process','2023-03-30 15:29:49'),(354,'6237c1ed-6f0f-49b4-878b-70d4a24a665c','RECEIVED_PREPARE',NULL,'2023-03-30 15:29:56'),(355,'6237c1ed-6f0f-49b4-878b-70d4a24a665c','RESERVED',NULL,'2023-03-30 15:29:56'),(356,'6237c1ed-6f0f-49b4-878b-70d4a24a665c','RECEIVED_FULFIL',NULL,'2023-03-30 15:29:56'),(357,'6237c1ed-6f0f-49b4-878b-70d4a24a665c','COMMITTED',NULL,'2023-03-30 15:29:56'),(358,'6237c1ed-6f0f-49b4-878b-70d4a24a665c','SETTLED','Gross settlement process','2023-03-30 15:29:55'),(359,'50391b00-978f-45ea-a075-7af309e161b8','RECEIVED_PREPARE',NULL,'2023-03-30 15:29:56'),(360,'50391b00-978f-45ea-a075-7af309e161b8','RESERVED',NULL,'2023-03-30 15:29:56'),(361,'50391b00-978f-45ea-a075-7af309e161b8','RECEIVED_FULFIL',NULL,'2023-03-30 15:29:56'),(362,'50391b00-978f-45ea-a075-7af309e161b8','COMMITTED',NULL,'2023-03-30 15:29:56'),(363,'50391b00-978f-45ea-a075-7af309e161b8','SETTLED','Gross settlement process','2023-03-30 15:29:56'),(364,'83fd482b-25b1-4377-9a8b-d5d3add98f86','RECEIVED_PREPARE',NULL,'2023-03-30 15:29:57'),(365,'83fd482b-25b1-4377-9a8b-d5d3add98f86','RESERVED',NULL,'2023-03-30 15:29:57'),(366,'83fd482b-25b1-4377-9a8b-d5d3add98f86','RECEIVED_FULFIL',NULL,'2023-03-30 15:29:57'),(367,'83fd482b-25b1-4377-9a8b-d5d3add98f86','COMMITTED',NULL,'2023-03-30 15:29:57'),(368,'83fd482b-25b1-4377-9a8b-d5d3add98f86','SETTLED','Gross settlement process','2023-03-30 15:29:56'),(369,'f6bc66fa-bc17-4cd8-b4ce-0dc400492ac6','RECEIVED_PREPARE',NULL,'2023-03-30 15:29:57'),(370,'f6bc66fa-bc17-4cd8-b4ce-0dc400492ac6','RESERVED',NULL,'2023-03-30 15:29:57'),(371,'f6bc66fa-bc17-4cd8-b4ce-0dc400492ac6','RECEIVED_FULFIL',NULL,'2023-03-30 15:29:57'),(372,'f6bc66fa-bc17-4cd8-b4ce-0dc400492ac6','COMMITTED',NULL,'2023-03-30 15:29:57'),(373,'f6bc66fa-bc17-4cd8-b4ce-0dc400492ac6','SETTLED','Gross settlement process','2023-03-30 15:29:57'),(374,'e87ded42-ea4e-4abd-b885-8a573f2906ca','RECEIVED_PREPARE',NULL,'2023-03-30 15:29:58'),(375,'e87ded42-ea4e-4abd-b885-8a573f2906ca','RESERVED',NULL,'2023-03-30 15:29:58'),(376,'e87ded42-ea4e-4abd-b885-8a573f2906ca','RECEIVED_FULFIL',NULL,'2023-03-30 15:29:58'),(377,'e87ded42-ea4e-4abd-b885-8a573f2906ca','COMMITTED',NULL,'2023-03-30 15:29:58'),(378,'e87ded42-ea4e-4abd-b885-8a573f2906ca','SETTLED','Gross settlement process','2023-03-30 15:29:57'),(379,'4bac4be3-4e84-48e1-930d-ad73838c4d07','RECEIVED_PREPARE',NULL,'2023-03-30 15:29:58'),(380,'4bac4be3-4e84-48e1-930d-ad73838c4d07','RESERVED',NULL,'2023-03-30 15:29:58'),(381,'4bac4be3-4e84-48e1-930d-ad73838c4d07','RECEIVED_FULFIL',NULL,'2023-03-30 15:29:59'),(382,'4bac4be3-4e84-48e1-930d-ad73838c4d07','COMMITTED',NULL,'2023-03-30 15:29:59'),(383,'4bac4be3-4e84-48e1-930d-ad73838c4d07','SETTLED','Gross settlement process','2023-03-30 15:29:58'),(384,'6293bfd3-87dc-47fa-8a08-73a35accaa3d','RECEIVED_PREPARE',NULL,'2023-03-30 15:29:59'),(385,'6293bfd3-87dc-47fa-8a08-73a35accaa3d','RESERVED',NULL,'2023-03-30 15:29:59'),(386,'6293bfd3-87dc-47fa-8a08-73a35accaa3d','RECEIVED_FULFIL',NULL,'2023-03-30 15:29:59'),(387,'6293bfd3-87dc-47fa-8a08-73a35accaa3d','COMMITTED',NULL,'2023-03-30 15:29:59'),(388,'6293bfd3-87dc-47fa-8a08-73a35accaa3d','SETTLED','Gross settlement process','2023-03-30 15:29:59'),(389,'ecec47a6-b526-4063-a6b3-7e4704764607','RECEIVED_PREPARE',NULL,'2023-03-30 15:29:59'),(390,'ecec47a6-b526-4063-a6b3-7e4704764607','RESERVED',NULL,'2023-03-30 15:29:59'),(391,'ecec47a6-b526-4063-a6b3-7e4704764607','RECEIVED_FULFIL',NULL,'2023-03-30 15:29:59'),(392,'ecec47a6-b526-4063-a6b3-7e4704764607','COMMITTED',NULL,'2023-03-30 15:29:59'),(393,'ecec47a6-b526-4063-a6b3-7e4704764607','SETTLED','Gross settlement process','2023-03-30 15:29:59'),(394,'120cacd2-2d94-4e3d-87c9-9c67f83dfe77','RECEIVED_PREPARE',NULL,'2023-03-30 15:30:00'),(395,'120cacd2-2d94-4e3d-87c9-9c67f83dfe77','RESERVED',NULL,'2023-03-30 15:30:00'),(396,'120cacd2-2d94-4e3d-87c9-9c67f83dfe77','RECEIVED_FULFIL',NULL,'2023-03-30 15:30:00'),(397,'120cacd2-2d94-4e3d-87c9-9c67f83dfe77','COMMITTED',NULL,'2023-03-30 15:30:00'),(398,'120cacd2-2d94-4e3d-87c9-9c67f83dfe77','SETTLED','Gross settlement process','2023-03-30 15:29:59'),(399,'d2825ceb-096f-4ea6-a45b-9084ae727715','RECEIVED_PREPARE',NULL,'2023-03-30 15:30:00'),(400,'d2825ceb-096f-4ea6-a45b-9084ae727715','RESERVED',NULL,'2023-03-30 15:30:00'),(401,'d2825ceb-096f-4ea6-a45b-9084ae727715','RECEIVED_FULFIL',NULL,'2023-03-30 15:30:00'),(402,'d2825ceb-096f-4ea6-a45b-9084ae727715','COMMITTED',NULL,'2023-03-30 15:30:00'),(403,'d2825ceb-096f-4ea6-a45b-9084ae727715','SETTLED','Gross settlement process','2023-03-30 15:30:00'),(404,'9780feab-9d9c-4455-8cd0-8f88bfbc955c','RECEIVED_PREPARE',NULL,'2023-03-30 15:30:01'),(405,'9780feab-9d9c-4455-8cd0-8f88bfbc955c','RESERVED',NULL,'2023-03-30 15:30:01'),(406,'9780feab-9d9c-4455-8cd0-8f88bfbc955c','RECEIVED_FULFIL',NULL,'2023-03-30 15:30:01'),(407,'9780feab-9d9c-4455-8cd0-8f88bfbc955c','COMMITTED',NULL,'2023-03-30 15:30:01'),(408,'9780feab-9d9c-4455-8cd0-8f88bfbc955c','SETTLED','Gross settlement process','2023-03-30 15:30:01'),(409,'b1ece5f3-da11-45d4-bc8c-9496ff147664','RECEIVED_PREPARE',NULL,'2023-03-30 15:30:01'),(410,'b1ece5f3-da11-45d4-bc8c-9496ff147664','RESERVED',NULL,'2023-03-30 15:30:01'),(411,'b1ece5f3-da11-45d4-bc8c-9496ff147664','RECEIVED_FULFIL',NULL,'2023-03-30 15:30:01'),(412,'b1ece5f3-da11-45d4-bc8c-9496ff147664','COMMITTED',NULL,'2023-03-30 15:30:01'),(413,'b1ece5f3-da11-45d4-bc8c-9496ff147664','SETTLED','Gross settlement process','2023-03-30 15:30:01'),(414,'5d36d2e4-e176-4e3a-9855-d1e0269de893','RECEIVED_PREPARE',NULL,'2023-03-30 15:30:02'),(415,'5d36d2e4-e176-4e3a-9855-d1e0269de893','RESERVED',NULL,'2023-03-30 15:30:02'),(416,'5d36d2e4-e176-4e3a-9855-d1e0269de893','RECEIVED_FULFIL',NULL,'2023-03-30 15:30:02'),(417,'5d36d2e4-e176-4e3a-9855-d1e0269de893','COMMITTED',NULL,'2023-03-30 15:30:02'),(418,'5d36d2e4-e176-4e3a-9855-d1e0269de893','SETTLED','Gross settlement process','2023-03-30 15:30:01'),(419,'518491da-fe7d-4300-8517-20f8957fe3b5','RECEIVED_PREPARE',NULL,'2023-03-30 15:30:02'),(420,'518491da-fe7d-4300-8517-20f8957fe3b5','RESERVED',NULL,'2023-03-30 15:30:02'),(421,'518491da-fe7d-4300-8517-20f8957fe3b5','RECEIVED_FULFIL',NULL,'2023-03-30 15:30:02'),(422,'518491da-fe7d-4300-8517-20f8957fe3b5','COMMITTED',NULL,'2023-03-30 15:30:02'),(423,'518491da-fe7d-4300-8517-20f8957fe3b5','SETTLED','Gross settlement process','2023-03-30 15:30:02'),(424,'a6557169-a9cc-434d-aa97-84a72991348c','RECEIVED_PREPARE',NULL,'2023-03-30 15:30:03'),(425,'a6557169-a9cc-434d-aa97-84a72991348c','RESERVED',NULL,'2023-03-30 15:30:03'),(426,'a6557169-a9cc-434d-aa97-84a72991348c','RECEIVED_FULFIL',NULL,'2023-03-30 15:30:03'),(427,'a6557169-a9cc-434d-aa97-84a72991348c','COMMITTED',NULL,'2023-03-30 15:30:03'),(428,'a6557169-a9cc-434d-aa97-84a72991348c','SETTLED','Gross settlement process','2023-03-30 15:30:02'),(429,'6a6b96cf-a52c-4dc4-ad3f-2583e6721df0','RECEIVED_PREPARE',NULL,'2023-03-30 15:30:03'),(430,'6a6b96cf-a52c-4dc4-ad3f-2583e6721df0','RESERVED',NULL,'2023-03-30 15:30:03'),(431,'6a6b96cf-a52c-4dc4-ad3f-2583e6721df0','RECEIVED_FULFIL',NULL,'2023-03-30 15:30:03'),(432,'6a6b96cf-a52c-4dc4-ad3f-2583e6721df0','COMMITTED',NULL,'2023-03-30 15:30:03'),(433,'6a6b96cf-a52c-4dc4-ad3f-2583e6721df0','SETTLED','Gross settlement process','2023-03-30 15:30:03'),(434,'df132fa6-ad04-488a-9c2c-cf8300ae86a3','RECEIVED_PREPARE',NULL,'2023-03-30 15:30:04'),(435,'df132fa6-ad04-488a-9c2c-cf8300ae86a3','RESERVED',NULL,'2023-03-30 15:30:04'),(436,'df132fa6-ad04-488a-9c2c-cf8300ae86a3','RECEIVED_FULFIL',NULL,'2023-03-30 15:30:04'),(437,'df132fa6-ad04-488a-9c2c-cf8300ae86a3','COMMITTED',NULL,'2023-03-30 15:30:04'),(438,'df132fa6-ad04-488a-9c2c-cf8300ae86a3','SETTLED','Gross settlement process','2023-03-30 15:30:03'),(439,'72448f40-e07f-4dbc-b959-baa15269a18b','RECEIVED_PREPARE',NULL,'2023-03-30 15:30:04'),(440,'72448f40-e07f-4dbc-b959-baa15269a18b','RESERVED',NULL,'2023-03-30 15:30:04'),(441,'72448f40-e07f-4dbc-b959-baa15269a18b','RECEIVED_FULFIL',NULL,'2023-03-30 15:30:04'),(442,'72448f40-e07f-4dbc-b959-baa15269a18b','COMMITTED',NULL,'2023-03-30 15:30:04'),(443,'72448f40-e07f-4dbc-b959-baa15269a18b','SETTLED','Gross settlement process','2023-03-30 15:30:04'),(444,'b1114f0a-7167-4e36-9764-23a13011fff6','RECEIVED_PREPARE',NULL,'2023-03-30 15:30:04'),(445,'b1114f0a-7167-4e36-9764-23a13011fff6','RESERVED',NULL,'2023-03-30 15:30:04'),(446,'b1114f0a-7167-4e36-9764-23a13011fff6','RECEIVED_FULFIL',NULL,'2023-03-30 15:30:04'),(447,'b1114f0a-7167-4e36-9764-23a13011fff6','COMMITTED',NULL,'2023-03-30 15:30:05'),(448,'b1114f0a-7167-4e36-9764-23a13011fff6','SETTLED','Gross settlement process','2023-03-30 15:30:04'),(449,'60acf797-c287-493a-9c26-56c51c795d7d','RECEIVED_PREPARE',NULL,'2023-03-30 15:30:05'),(450,'60acf797-c287-493a-9c26-56c51c795d7d','RESERVED',NULL,'2023-03-30 15:30:05'),(451,'60acf797-c287-493a-9c26-56c51c795d7d','RECEIVED_FULFIL',NULL,'2023-03-30 15:30:05'),(452,'60acf797-c287-493a-9c26-56c51c795d7d','COMMITTED',NULL,'2023-03-30 15:30:05'),(453,'60acf797-c287-493a-9c26-56c51c795d7d','SETTLED','Gross settlement process','2023-03-30 15:30:04'),(454,'877f158c-c3d1-4666-9b54-9db2d43f89fe','RECEIVED_PREPARE',NULL,'2023-03-30 15:30:05'),(455,'877f158c-c3d1-4666-9b54-9db2d43f89fe','RESERVED',NULL,'2023-03-30 15:30:05'),(456,'877f158c-c3d1-4666-9b54-9db2d43f89fe','RECEIVED_FULFIL',NULL,'2023-03-30 15:30:05'),(457,'877f158c-c3d1-4666-9b54-9db2d43f89fe','COMMITTED',NULL,'2023-03-30 15:30:05'),(458,'877f158c-c3d1-4666-9b54-9db2d43f89fe','SETTLED','Gross settlement process','2023-03-30 15:30:05'),(459,'3049bcca-b799-4304-a2d9-773562b1c4dd','RECEIVED_PREPARE',NULL,'2023-03-30 15:30:06'),(460,'3049bcca-b799-4304-a2d9-773562b1c4dd','RESERVED',NULL,'2023-03-30 15:30:06'),(461,'3049bcca-b799-4304-a2d9-773562b1c4dd','RECEIVED_FULFIL',NULL,'2023-03-30 15:30:06'),(462,'3049bcca-b799-4304-a2d9-773562b1c4dd','COMMITTED',NULL,'2023-03-30 15:30:06'),(463,'3049bcca-b799-4304-a2d9-773562b1c4dd','SETTLED','Gross settlement process','2023-03-30 15:30:05'),(464,'bbd9cd38-c7f2-4364-854d-376868795515','RECEIVED_PREPARE',NULL,'2023-03-30 15:30:06'),(465,'bbd9cd38-c7f2-4364-854d-376868795515','RESERVED',NULL,'2023-03-30 15:30:06'),(466,'bbd9cd38-c7f2-4364-854d-376868795515','RECEIVED_FULFIL',NULL,'2023-03-30 15:30:06'),(467,'bbd9cd38-c7f2-4364-854d-376868795515','COMMITTED',NULL,'2023-03-30 15:30:06'),(468,'bbd9cd38-c7f2-4364-854d-376868795515','SETTLED','Gross settlement process','2023-03-30 15:30:06'),(469,'0ef3a9ec-921a-4e58-bc78-4c137da5b9a7','RECEIVED_PREPARE',NULL,'2023-03-30 15:30:07'),(470,'0ef3a9ec-921a-4e58-bc78-4c137da5b9a7','RESERVED',NULL,'2023-03-30 15:30:07'),(471,'0ef3a9ec-921a-4e58-bc78-4c137da5b9a7','RECEIVED_FULFIL',NULL,'2023-03-30 15:30:07'),(472,'0ef3a9ec-921a-4e58-bc78-4c137da5b9a7','COMMITTED',NULL,'2023-03-30 15:30:07'),(473,'0ef3a9ec-921a-4e58-bc78-4c137da5b9a7','SETTLED','Gross settlement process','2023-03-30 15:30:06'),(474,'0c911e1c-65bf-4b2d-91b3-e8667feb6fa0','RECEIVED_PREPARE',NULL,'2023-03-30 15:30:07'),(475,'0c911e1c-65bf-4b2d-91b3-e8667feb6fa0','RESERVED',NULL,'2023-03-30 15:30:07'),(476,'0c911e1c-65bf-4b2d-91b3-e8667feb6fa0','RECEIVED_FULFIL',NULL,'2023-03-30 15:30:07'),(477,'0c911e1c-65bf-4b2d-91b3-e8667feb6fa0','COMMITTED',NULL,'2023-03-30 15:30:07'),(478,'0c911e1c-65bf-4b2d-91b3-e8667feb6fa0','SETTLED','Gross settlement process','2023-03-30 15:30:07'),(479,'cd01fc33-6184-44c7-9eb3-3772ac133873','RECEIVED_PREPARE',NULL,'2023-03-30 15:30:08'),(480,'cd01fc33-6184-44c7-9eb3-3772ac133873','RESERVED',NULL,'2023-03-30 15:30:08'),(481,'cd01fc33-6184-44c7-9eb3-3772ac133873','RECEIVED_FULFIL',NULL,'2023-03-30 15:30:08'),(482,'cd01fc33-6184-44c7-9eb3-3772ac133873','COMMITTED',NULL,'2023-03-30 15:30:08'),(483,'cd01fc33-6184-44c7-9eb3-3772ac133873','SETTLED','Gross settlement process','2023-03-30 15:30:07'),(484,'8faf2aa7-9982-4ea4-bea3-8fc5533584f4','RECEIVED_PREPARE',NULL,'2023-03-30 15:30:08'),(485,'8faf2aa7-9982-4ea4-bea3-8fc5533584f4','RESERVED',NULL,'2023-03-30 15:30:08'),(486,'8faf2aa7-9982-4ea4-bea3-8fc5533584f4','RECEIVED_FULFIL',NULL,'2023-03-30 15:30:08'),(487,'8faf2aa7-9982-4ea4-bea3-8fc5533584f4','COMMITTED',NULL,'2023-03-30 15:30:08'),(488,'8faf2aa7-9982-4ea4-bea3-8fc5533584f4','SETTLED','Gross settlement process','2023-03-30 15:30:08'),(489,'f55f0da2-4b33-4940-990f-2f6160dbb5cb','RECEIVED_PREPARE','string','2023-03-30 15:34:28'),(490,'f55f0da2-4b33-4940-990f-2f6160dbb5cb','RESERVED','string','2023-03-30 15:34:28'),(491,'f55f0da2-4b33-4940-990f-2f6160dbb5cb','RECEIVED_FULFIL','string','2023-03-30 15:34:28'),(492,'f55f0da2-4b33-4940-990f-2f6160dbb5cb','COMMITTED','string','2023-03-30 15:34:28'),(493,'9a8af5a3-8841-401d-bb86-253e5b8ce4f8','RECEIVED_PREPARE','string','2023-03-30 15:34:31'),(494,'9a8af5a3-8841-401d-bb86-253e5b8ce4f8','RESERVED','string','2023-03-30 15:34:31'),(495,'9a8af5a3-8841-401d-bb86-253e5b8ce4f8','RECEIVED_FULFIL','string','2023-03-30 15:34:31'),(496,'9a8af5a3-8841-401d-bb86-253e5b8ce4f8','COMMITTED','string','2023-03-30 15:34:31'),(497,'49c989f5-df83-4919-843c-75cee603715b','RECEIVED_PREPARE','string','2023-03-30 15:34:39'),(498,'49c989f5-df83-4919-843c-75cee603715b','RESERVED','string','2023-03-30 15:34:39'),(499,'49c989f5-df83-4919-843c-75cee603715b','RECEIVED_FULFIL','string','2023-03-30 15:34:39'),(500,'49c989f5-df83-4919-843c-75cee603715b','COMMITTED','string','2023-03-30 15:34:39'),(501,'b9ad4292-6903-484e-b79d-e6f0696cba04','RECEIVED_PREPARE','string','2023-03-30 15:34:42'),(502,'b9ad4292-6903-484e-b79d-e6f0696cba04','RESERVED','string','2023-03-30 15:34:42'),(503,'b9ad4292-6903-484e-b79d-e6f0696cba04','RECEIVED_FULFIL','string','2023-03-30 15:34:42'),(504,'b9ad4292-6903-484e-b79d-e6f0696cba04','COMMITTED','string','2023-03-30 15:34:42'),(505,'13eb5fda-b2ed-4990-aa52-2a9f55467b06','RECEIVED_PREPARE','string','2023-03-30 15:34:50'),(506,'13eb5fda-b2ed-4990-aa52-2a9f55467b06','RESERVED','string','2023-03-30 15:34:50'),(507,'13eb5fda-b2ed-4990-aa52-2a9f55467b06','RECEIVED_FULFIL','string','2023-03-30 15:34:50'),(508,'13eb5fda-b2ed-4990-aa52-2a9f55467b06','COMMITTED','string','2023-03-30 15:34:50'),(509,'f90626ae-f99c-4f22-945d-972dae9d0daa','RECEIVED_PREPARE','string','2023-03-30 15:34:55'),(510,'f90626ae-f99c-4f22-945d-972dae9d0daa','RESERVED','string','2023-03-30 15:34:55'),(511,'f90626ae-f99c-4f22-945d-972dae9d0daa','RECEIVED_FULFIL','string','2023-03-30 15:34:55'),(512,'f90626ae-f99c-4f22-945d-972dae9d0daa','COMMITTED','string','2023-03-30 15:34:55'),(513,'e47d8ba3-c1bd-42a1-bb2f-dc6806310a72','RECEIVED_PREPARE','string','2023-03-30 15:34:58'),(514,'e47d8ba3-c1bd-42a1-bb2f-dc6806310a72','RESERVED','string','2023-03-30 15:34:58'),(515,'e47d8ba3-c1bd-42a1-bb2f-dc6806310a72','RECEIVED_FULFIL','string','2023-03-30 15:34:58'),(516,'e47d8ba3-c1bd-42a1-bb2f-dc6806310a72','COMMITTED','string','2023-03-30 15:34:58'),(517,'92d8b492-54b6-41dc-9919-f512734ccf21','RECEIVED_PREPARE','string','2023-03-30 15:35:05'),(518,'92d8b492-54b6-41dc-9919-f512734ccf21','RESERVED','string','2023-03-30 15:35:05'),(519,'92d8b492-54b6-41dc-9919-f512734ccf21','RECEIVED_FULFIL','string','2023-03-30 15:35:05'),(520,'92d8b492-54b6-41dc-9919-f512734ccf21','COMMITTED','string','2023-03-30 15:35:05'),(521,'e9986c01-4106-48f9-9228-4a609b1f4afb','RECEIVED_PREPARE','string','2023-03-30 15:35:07'),(522,'e9986c01-4106-48f9-9228-4a609b1f4afb','RESERVED','string','2023-03-30 15:35:07'),(523,'e9986c01-4106-48f9-9228-4a609b1f4afb','RECEIVED_FULFIL','string','2023-03-30 15:35:07'),(524,'e9986c01-4106-48f9-9228-4a609b1f4afb','COMMITTED','string','2023-03-30 15:35:07'),(525,'225cfaa5-3a9a-4d2a-8bc5-7ad0f101a31f','RECEIVED_PREPARE','string','2023-03-30 15:35:23'),(526,'225cfaa5-3a9a-4d2a-8bc5-7ad0f101a31f','RESERVED','string','2023-03-30 15:35:23'),(527,'225cfaa5-3a9a-4d2a-8bc5-7ad0f101a31f','RECEIVED_FULFIL','string','2023-03-30 15:35:23'),(528,'225cfaa5-3a9a-4d2a-8bc5-7ad0f101a31f','COMMITTED','string','2023-03-30 15:35:23'),(529,'a774f4f1-f833-4b7d-8434-623b69fa8ca3','RECEIVED_PREPARE','string','2023-03-30 15:35:24'),(530,'a774f4f1-f833-4b7d-8434-623b69fa8ca3','RESERVED','string','2023-03-30 15:35:24'),(531,'a774f4f1-f833-4b7d-8434-623b69fa8ca3','RECEIVED_FULFIL','string','2023-03-30 15:35:24'),(532,'a774f4f1-f833-4b7d-8434-623b69fa8ca3','COMMITTED','string','2023-03-30 15:35:24'),(533,'d93280a5-70b6-414b-8276-4bc8f1b46a56','RECEIVED_PREPARE','string','2023-03-30 15:35:34'),(534,'d93280a5-70b6-414b-8276-4bc8f1b46a56','RESERVED','string','2023-03-30 15:35:34'),(535,'d93280a5-70b6-414b-8276-4bc8f1b46a56','RECEIVED_FULFIL','string','2023-03-30 15:35:34'),(536,'d93280a5-70b6-414b-8276-4bc8f1b46a56','COMMITTED','string','2023-03-30 15:35:34'),(537,'3e8c9a61-e2e5-47ad-9e23-246370d06e79','RECEIVED_PREPARE','string','2023-03-30 15:35:39'),(538,'3e8c9a61-e2e5-47ad-9e23-246370d06e79','RESERVED','string','2023-03-30 15:35:39'),(539,'3e8c9a61-e2e5-47ad-9e23-246370d06e79','RECEIVED_FULFIL','string','2023-03-30 15:35:39'),(540,'3e8c9a61-e2e5-47ad-9e23-246370d06e79','COMMITTED','string','2023-03-30 15:35:39'),(541,'5ce60bd7-dcd2-49c5-bf56-47c3cd27a9a7','RECEIVED_PREPARE',NULL,'2023-03-30 15:36:08'),(542,'5ce60bd7-dcd2-49c5-bf56-47c3cd27a9a7','RESERVED',NULL,'2023-03-30 15:36:08'),(543,'5ce60bd7-dcd2-49c5-bf56-47c3cd27a9a7','RECEIVED_FULFIL',NULL,'2023-03-30 15:36:09'),(544,'5ce60bd7-dcd2-49c5-bf56-47c3cd27a9a7','COMMITTED',NULL,'2023-03-30 15:36:09'),(545,'a7ffc724-a797-479e-8b3d-5bf82621e1ba','RECEIVED_PREPARE',NULL,'2023-03-30 15:36:10'),(546,'a7ffc724-a797-479e-8b3d-5bf82621e1ba','RESERVED',NULL,'2023-03-30 15:36:10'),(547,'a7ffc724-a797-479e-8b3d-5bf82621e1ba','RECEIVED_FULFIL',NULL,'2023-03-30 15:36:10'),(548,'a7ffc724-a797-479e-8b3d-5bf82621e1ba','COMMITTED',NULL,'2023-03-30 15:36:10'),(549,'cfee0b72-a6a3-4712-9a6c-019c755a2d6b','RECEIVED_PREPARE',NULL,'2023-03-30 15:36:11'),(550,'cfee0b72-a6a3-4712-9a6c-019c755a2d6b','RESERVED',NULL,'2023-03-30 15:36:11'),(551,'cfee0b72-a6a3-4712-9a6c-019c755a2d6b','RECEIVED_FULFIL',NULL,'2023-03-30 15:36:11'),(552,'cfee0b72-a6a3-4712-9a6c-019c755a2d6b','COMMITTED',NULL,'2023-03-30 15:36:11'),(553,'06157145-c0ba-4256-9357-85758565932a','RECEIVED_PREPARE',NULL,'2023-03-30 15:36:12'),(554,'06157145-c0ba-4256-9357-85758565932a','RESERVED',NULL,'2023-03-30 15:36:12'),(555,'06157145-c0ba-4256-9357-85758565932a','RECEIVED_FULFIL',NULL,'2023-03-30 15:36:12'),(556,'06157145-c0ba-4256-9357-85758565932a','COMMITTED',NULL,'2023-03-30 15:36:12'),(557,'03291e9d-1df5-4fa5-9738-332b116d0e2a','RECEIVED_PREPARE',NULL,'2023-03-30 15:36:13'),(558,'03291e9d-1df5-4fa5-9738-332b116d0e2a','RESERVED',NULL,'2023-03-30 15:36:13'),(559,'03291e9d-1df5-4fa5-9738-332b116d0e2a','RECEIVED_FULFIL',NULL,'2023-03-30 15:36:13'),(560,'03291e9d-1df5-4fa5-9738-332b116d0e2a','COMMITTED',NULL,'2023-03-30 15:36:13'),(561,'420370f7-e415-4435-b50b-26c251428f87','RECEIVED_PREPARE',NULL,'2023-03-30 15:36:13'),(562,'420370f7-e415-4435-b50b-26c251428f87','RESERVED',NULL,'2023-03-30 15:36:13'),(563,'420370f7-e415-4435-b50b-26c251428f87','RESERVED_TIMEOUT','Marked for expiration by Timeout Handler','2023-03-30 15:36:15'),(564,'420370f7-e415-4435-b50b-26c251428f87','EXPIRED_RESERVED','Transfer expired','2023-03-30 15:36:15'),(565,'552bee22-e78c-418a-a8bd-100b51e74ce6','RECEIVED_PREPARE',NULL,'2023-03-30 15:36:31'),(566,'552bee22-e78c-418a-a8bd-100b51e74ce6','RESERVED',NULL,'2023-03-30 15:36:31'),(567,'552bee22-e78c-418a-a8bd-100b51e74ce6','RECEIVED_FULFIL','Generic validation error - invalid fulfilment','2023-03-30 15:36:33'),(568,'552bee22-e78c-418a-a8bd-100b51e74ce6','ABORTED_ERROR','Generic validation error - invalid fulfilment','2023-03-30 15:36:33'),(569,'38f7597f-1815-4476-bdbd-de9275f9ee09','RECEIVED_PREPARE',NULL,'2023-03-30 15:36:34'),(570,'38f7597f-1815-4476-bdbd-de9275f9ee09','RESERVED',NULL,'2023-03-30 15:36:34'),(571,'38f7597f-1815-4476-bdbd-de9275f9ee09','RESERVED_TIMEOUT','Marked for expiration by Timeout Handler','2023-03-30 15:36:45'),(572,'38f7597f-1815-4476-bdbd-de9275f9ee09','EXPIRED_RESERVED','Transfer expired','2023-03-30 15:36:45'),(573,'dd816dd3-421e-426e-841c-bcfadfabb060','RECEIVED_PREPARE',NULL,'2023-03-30 15:36:45'),(574,'dd816dd3-421e-426e-841c-bcfadfabb060','RESERVED',NULL,'2023-03-30 15:36:45'),(575,'dd816dd3-421e-426e-841c-bcfadfabb060','RECEIVED_ERROR','Payee transaction limit reached','2023-03-30 15:36:47'),(576,'dd816dd3-421e-426e-841c-bcfadfabb060','ABORTED_ERROR','Payee transaction limit reached','2023-03-30 15:36:47'),(577,'c96f869e-a5ee-40ed-8a58-c1c102b97369','RECEIVED_PREPARE',NULL,'2023-03-30 15:36:47'),(578,'c96f869e-a5ee-40ed-8a58-c1c102b97369','RESERVED',NULL,'2023-03-30 15:36:47'),(579,'c96f869e-a5ee-40ed-8a58-c1c102b97369','RESERVED_TIMEOUT','Marked for expiration by Timeout Handler','2023-03-30 15:37:00'),(580,'c96f869e-a5ee-40ed-8a58-c1c102b97369','EXPIRED_RESERVED','Transfer expired','2023-03-30 15:37:00'),(581,'e6bb51dc-162c-424e-87e0-d32268440975','RECEIVED_PREPARE',NULL,'2023-03-30 15:37:01'),(582,'e6bb51dc-162c-424e-87e0-d32268440975','RESERVED',NULL,'2023-03-30 15:37:01'),(583,'e6bb51dc-162c-424e-87e0-d32268440975','RECEIVED_FULFIL',NULL,'2023-03-30 15:37:01'),(584,'e6bb51dc-162c-424e-87e0-d32268440975','COMMITTED',NULL,'2023-03-30 15:37:01'),(585,'0e7a2c63-0075-4092-9247-8df2b0bfda4c','RECEIVED_PREPARE',NULL,'2023-03-30 15:37:01'),(586,'0e7a2c63-0075-4092-9247-8df2b0bfda4c','RESERVED',NULL,'2023-03-30 15:37:01'),(587,'0e7a2c63-0075-4092-9247-8df2b0bfda4c','RECEIVED_FULFIL',NULL,'2023-03-30 15:37:02'),(588,'0e7a2c63-0075-4092-9247-8df2b0bfda4c','COMMITTED',NULL,'2023-03-30 15:37:02'),(589,'a276a63b-fa23-4bfd-bab8-e0ba1b244bba','RECEIVED_PREPARE',NULL,'2023-03-30 15:37:03'),(590,'a276a63b-fa23-4bfd-bab8-e0ba1b244bba','RESERVED',NULL,'2023-03-30 15:37:03'),(591,'a276a63b-fa23-4bfd-bab8-e0ba1b244bba','RECEIVED_FULFIL',NULL,'2023-03-30 15:37:03'),(592,'a276a63b-fa23-4bfd-bab8-e0ba1b244bba','COMMITTED',NULL,'2023-03-30 15:37:03'),(593,'344acbd0-4842-48d5-b283-61840e4507e1','RECEIVED_PREPARE',NULL,'2023-03-30 15:37:04'),(594,'344acbd0-4842-48d5-b283-61840e4507e1','RESERVED',NULL,'2023-03-30 15:37:04'),(595,'344acbd0-4842-48d5-b283-61840e4507e1','RECEIVED_ERROR','Payee transaction limit reached','2023-03-30 15:37:04'),(596,'344acbd0-4842-48d5-b283-61840e4507e1','ABORTED_ERROR','Payee transaction limit reached','2023-03-30 15:37:04'),(597,'acec0c20-c121-4ce0-a79d-413daac8632d','RECEIVED_PREPARE',NULL,'2023-03-30 15:37:06'),(598,'acec0c20-c121-4ce0-a79d-413daac8632d','RESERVED',NULL,'2023-03-30 15:37:06'),(599,'acec0c20-c121-4ce0-a79d-413daac8632d','RECEIVED_ERROR','Payee transaction limit reached','2023-03-30 15:37:06'),(600,'acec0c20-c121-4ce0-a79d-413daac8632d','ABORTED_ERROR','Payee transaction limit reached','2023-03-30 15:37:06'),(601,'89b26770-15bb-4d83-8972-21aa52d680c2','INVALID','Participant testfsp2 is inactive','2023-03-30 15:37:08'),(602,'ad1f51a4-f927-4d9b-94a8-e84108edc2a7','RECEIVED_PREPARE',NULL,'2023-03-30 15:37:10'),(603,'ad1f51a4-f927-4d9b-94a8-e84108edc2a7','RESERVED',NULL,'2023-03-30 15:37:10'),(604,'ad1f51a4-f927-4d9b-94a8-e84108edc2a7','RECEIVED_FULFIL',NULL,'2023-03-30 15:37:10'),(605,'ad1f51a4-f927-4d9b-94a8-e84108edc2a7','COMMITTED',NULL,'2023-03-30 15:37:10'),(606,'438a43ab-252c-49e1-8792-a331ec72e283','INVALID','Participant testfsp2 USD account is inactive','2023-03-30 15:37:11'),(607,'e823c829-bb58-4708-a53d-40ad2bd43ca6','RECEIVED_PREPARE',NULL,'2023-03-30 15:37:11'),(608,'e823c829-bb58-4708-a53d-40ad2bd43ca6','RESERVED',NULL,'2023-03-30 15:37:11'),(609,'e823c829-bb58-4708-a53d-40ad2bd43ca6','RECEIVED_FULFIL',NULL,'2023-03-30 15:37:11'),(610,'e823c829-bb58-4708-a53d-40ad2bd43ca6','COMMITTED',NULL,'2023-03-30 15:37:12'),(611,'5455852f-b907-4b0b-9ac4-1080a9f3627b','RECEIVED_PREPARE',NULL,'2023-03-30 15:37:12'),(612,'5455852f-b907-4b0b-9ac4-1080a9f3627b','ABORTED_REJECTED','Payer FSP insufficient liquidity','2023-03-30 15:37:12'),(613,'da64268b-62f3-470c-a7d7-481c323ee2c6','RECEIVED_PREPARE',NULL,'2023-03-30 15:37:13'),(614,'da64268b-62f3-470c-a7d7-481c323ee2c6','ABORTED_REJECTED','Payer limit error','2023-03-30 15:37:13'),(615,'54e068d8-e03a-4df9-b968-7ee869f49917','RECEIVED_PREPARE','string','2023-03-30 15:37:13'),(616,'54e068d8-e03a-4df9-b968-7ee869f49917','RESERVED','string','2023-03-30 15:37:13'),(617,'54e068d8-e03a-4df9-b968-7ee869f49917','RECEIVED_FULFIL','string','2023-03-30 15:37:13'),(618,'54e068d8-e03a-4df9-b968-7ee869f49917','COMMITTED','string','2023-03-30 15:37:13'),(619,'c4417554-f66f-4285-aa83-c233e7d3835c','RECEIVED_PREPARE','string','2023-03-30 15:37:15'),(620,'c4417554-f66f-4285-aa83-c233e7d3835c','RESERVED','string','2023-03-30 15:37:15'),(621,'c4417554-f66f-4285-aa83-c233e7d3835c','RECEIVED_REJECT','Reason for out flow of funds','2023-03-30 15:37:17'),(622,'c4417554-f66f-4285-aa83-c233e7d3835c','ABORTED_REJECTED','Reason for out flow of funds','2023-03-30 15:37:17'),(623,'10c9656b-1135-427d-b3fd-b027d4811e14','RECEIVED_PREPARE','string','2023-03-30 15:37:20'),(624,'10c9656b-1135-427d-b3fd-b027d4811e14','RESERVED','string','2023-03-30 15:37:20'),(625,'10c9656b-1135-427d-b3fd-b027d4811e14','RECEIVED_FULFIL','Reason for out flow of funds','2023-03-30 15:37:22'),(626,'10c9656b-1135-427d-b3fd-b027d4811e14','COMMITTED','Reason for out flow of funds','2023-03-30 15:37:22'),(627,'3159a9ee-30a1-4dbf-a07e-4d83c7d439ad','RECEIVED_PREPARE',NULL,'2023-03-30 15:37:24'),(628,'3159a9ee-30a1-4dbf-a07e-4d83c7d439ad','RESERVED',NULL,'2023-03-30 15:37:24'),(629,'3159a9ee-30a1-4dbf-a07e-4d83c7d439ad','RECEIVED_FULFIL',NULL,'2023-03-30 15:37:24'),(630,'3159a9ee-30a1-4dbf-a07e-4d83c7d439ad','COMMITTED',NULL,'2023-03-30 15:37:24'),(631,'a5d4ee2f-b2d7-46ca-a8d6-d56fff0fac5b','RECEIVED_PREPARE',NULL,'2023-03-30 15:37:26'),(632,'a5d4ee2f-b2d7-46ca-a8d6-d56fff0fac5b','RESERVED',NULL,'2023-03-30 15:37:26'),(633,'a5d4ee2f-b2d7-46ca-a8d6-d56fff0fac5b','RECEIVED_FULFIL',NULL,'2023-03-30 15:37:26'),(634,'a5d4ee2f-b2d7-46ca-a8d6-d56fff0fac5b','COMMITTED',NULL,'2023-03-30 15:37:26'),(635,'98d18fc2-9069-4197-a52f-26ab8b9319cd','RECEIVED_PREPARE',NULL,'2023-03-30 15:37:26'),(636,'98d18fc2-9069-4197-a52f-26ab8b9319cd','RESERVED',NULL,'2023-03-30 15:37:26'),(637,'98d18fc2-9069-4197-a52f-26ab8b9319cd','RECEIVED_FULFIL',NULL,'2023-03-30 15:37:26'),(638,'98d18fc2-9069-4197-a52f-26ab8b9319cd','COMMITTED',NULL,'2023-03-30 15:37:26'),(639,'1556d74c-11fc-42bc-9d4e-d9772c5ce069','RECEIVED_PREPARE',NULL,'2023-03-30 15:37:27'),(640,'1556d74c-11fc-42bc-9d4e-d9772c5ce069','RESERVED',NULL,'2023-03-30 15:37:27'),(641,'1556d74c-11fc-42bc-9d4e-d9772c5ce069','RECEIVED_FULFIL',NULL,'2023-03-30 15:37:28'),(642,'1556d74c-11fc-42bc-9d4e-d9772c5ce069','COMMITTED',NULL,'2023-03-30 15:37:28'),(643,'cefbc20f-0a21-465a-a9a3-f384749e0816','RECEIVED_PREPARE',NULL,'2023-03-30 15:37:29'),(644,'cefbc20f-0a21-465a-a9a3-f384749e0816','RESERVED',NULL,'2023-03-30 15:37:29'),(645,'cefbc20f-0a21-465a-a9a3-f384749e0816','RECEIVED_FULFIL','Generic validation error - invalid fulfilment','2023-03-30 15:37:29'),(646,'cefbc20f-0a21-465a-a9a3-f384749e0816','ABORTED_ERROR','Generic validation error - invalid fulfilment','2023-03-30 15:37:29'),(647,'f5f2ac4a-733c-42f1-ba4c-7df5b63110e3','RECEIVED_PREPARE',NULL,'2023-03-30 15:37:41'),(648,'f5f2ac4a-733c-42f1-ba4c-7df5b63110e3','RESERVED',NULL,'2023-03-30 15:37:41'),(649,'f5f2ac4a-733c-42f1-ba4c-7df5b63110e3','RECEIVED_FULFIL',NULL,'2023-03-30 15:37:41'),(650,'f5f2ac4a-733c-42f1-ba4c-7df5b63110e3','COMMITTED',NULL,'2023-03-30 15:37:41'),(651,'db68190b-dae8-49f0-b62c-3cac35ed4c7b','INVALID','Participant payeefspNOTFOUND not found','2023-03-30 15:37:42'),(652,'f90bf2d4-57bd-43a7-85a2-6189b442db78','RECEIVED_PREPARE',NULL,'2023-03-30 15:37:42'),(653,'f90bf2d4-57bd-43a7-85a2-6189b442db78','RESERVED',NULL,'2023-03-30 15:37:42'),(654,'f90bf2d4-57bd-43a7-85a2-6189b442db78','RECEIVED_FULFIL',NULL,'2023-03-30 15:37:42'),(655,'f90bf2d4-57bd-43a7-85a2-6189b442db78','COMMITTED',NULL,'2023-03-30 15:37:42'),(656,'4532d58f-06af-44af-8026-8222bec1d05b','RECEIVED_PREPARE',NULL,'2023-03-30 15:37:46'),(657,'4532d58f-06af-44af-8026-8222bec1d05b','RESERVED',NULL,'2023-03-30 15:37:46'),(658,'4532d58f-06af-44af-8026-8222bec1d05b','RECEIVED_ERROR','Generic validation error - fspiop-destination does not match payer fsp on the Fulfil callback response','2023-03-30 15:37:46'),(659,'4532d58f-06af-44af-8026-8222bec1d05b','ABORTED_ERROR','Generic validation error - fspiop-destination does not match payer fsp on the Fulfil callback response','2023-03-30 15:37:46'),(660,'5756a3c3-fe05-4f4c-8af2-c5f1cb4057f3','RECEIVED_PREPARE',NULL,'2023-03-30 15:37:53'),(661,'5756a3c3-fe05-4f4c-8af2-c5f1cb4057f3','RESERVED',NULL,'2023-03-30 15:37:53'),(662,'5756a3c3-fe05-4f4c-8af2-c5f1cb4057f3','RECEIVED_ERROR','Generic validation error - fspiop-destination does not match payer fsp on the Fulfil callback response','2023-03-30 15:37:53'),(663,'5756a3c3-fe05-4f4c-8af2-c5f1cb4057f3','ABORTED_ERROR','Generic validation error - fspiop-destination does not match payer fsp on the Fulfil callback response','2023-03-30 15:37:53'),(664,'b69f0fba-0932-4b72-b2ea-a8bf86a2a13b','INVALID','Payer FSP and Payee FSP should be different, unless on-us tranfers are allowed by the Scheme','2023-03-30 15:37:54'),(665,'71faba9a-55ab-484b-9819-1ee49f53c6d6','RECEIVED_PREPARE',NULL,'2023-03-30 15:38:01'),(666,'71faba9a-55ab-484b-9819-1ee49f53c6d6','RESERVED',NULL,'2023-03-30 15:38:01'),(667,'71faba9a-55ab-484b-9819-1ee49f53c6d6','RECEIVED_FULFIL',NULL,'2023-03-30 15:38:02'),(668,'71faba9a-55ab-484b-9819-1ee49f53c6d6','COMMITTED',NULL,'2023-03-30 15:38:02'),(669,'69723912-5d85-4b1e-98cb-b5d9dc5ca3a9','RECEIVED_PREPARE',NULL,'2023-03-30 15:38:02'),(670,'69723912-5d85-4b1e-98cb-b5d9dc5ca3a9','RESERVED',NULL,'2023-03-30 15:38:02'),(671,'69723912-5d85-4b1e-98cb-b5d9dc5ca3a9','RECEIVED_FULFIL',NULL,'2023-03-30 15:38:02'),(672,'69723912-5d85-4b1e-98cb-b5d9dc5ca3a9','COMMITTED',NULL,'2023-03-30 15:38:02'),(673,'a3b22780-d781-43c7-bf27-3f5d6d9de214','RECEIVED_PREPARE',NULL,'2023-03-30 15:38:02'),(674,'a3b22780-d781-43c7-bf27-3f5d6d9de214','RESERVED',NULL,'2023-03-30 15:38:02'),(675,'a3b22780-d781-43c7-bf27-3f5d6d9de214','RECEIVED_FULFIL',NULL,'2023-03-30 15:38:02'),(676,'a3b22780-d781-43c7-bf27-3f5d6d9de214','COMMITTED',NULL,'2023-03-30 15:38:02'),(677,'866b84c5-15a6-4e6e-9167-c4f11b7a8d3c','RECEIVED_PREPARE',NULL,'2023-03-30 15:38:02'),(678,'866b84c5-15a6-4e6e-9167-c4f11b7a8d3c','RESERVED',NULL,'2023-03-30 15:38:02'),(679,'866b84c5-15a6-4e6e-9167-c4f11b7a8d3c','RECEIVED_FULFIL',NULL,'2023-03-30 15:38:02'),(680,'866b84c5-15a6-4e6e-9167-c4f11b7a8d3c','COMMITTED',NULL,'2023-03-30 15:38:02'),(681,'b69e895e-7d7c-4ca9-a0cb-0c737728389b','RECEIVED_PREPARE',NULL,'2023-03-30 15:38:02'),(682,'b69e895e-7d7c-4ca9-a0cb-0c737728389b','RESERVED',NULL,'2023-03-30 15:38:02'),(683,'b69e895e-7d7c-4ca9-a0cb-0c737728389b','RECEIVED_FULFIL',NULL,'2023-03-30 15:38:02'),(684,'b69e895e-7d7c-4ca9-a0cb-0c737728389b','COMMITTED',NULL,'2023-03-30 15:38:02'),(685,'b7c384f3-da04-40b3-86d4-68dc5cbb15c2','RECEIVED_PREPARE',NULL,'2023-03-30 15:38:03'),(686,'b7c384f3-da04-40b3-86d4-68dc5cbb15c2','RESERVED',NULL,'2023-03-30 15:38:03'),(687,'b7c384f3-da04-40b3-86d4-68dc5cbb15c2','RECEIVED_FULFIL',NULL,'2023-03-30 15:38:03'),(688,'b7c384f3-da04-40b3-86d4-68dc5cbb15c2','COMMITTED',NULL,'2023-03-30 15:38:03'),(689,'9057241a-2b29-4117-be46-09e178095d54','RECEIVED_PREPARE','Settlement transfer prepare','2023-03-30 15:38:11'),(690,'5c896cbd-2c70-45e4-b8fd-3e001730e83e','RECEIVED_PREPARE','Settlement transfer prepare','2023-03-30 15:38:11'),(691,'b0b087ae-7d91-40a4-9ea2-6c8b4ddb662d','RECEIVED_PREPARE','Settlement transfer prepare','2023-03-30 15:38:11'),(692,'44a1de8f-b17e-406b-a6aa-fe6b4db922a3','RECEIVED_PREPARE','Settlement transfer prepare','2023-03-30 15:38:11'),(693,'e75dadbd-5fb3-4d1e-a927-dad4d6edba44','RECEIVED_PREPARE','Settlement transfer prepare','2023-03-30 15:38:14'),(694,'01292ebf-0e82-4f34-a800-1454173ae226','RECEIVED_PREPARE','Settlement transfer prepare','2023-03-30 15:38:14'),(695,'67f153b0-414a-484c-9708-56acc242c1bb','RECEIVED_PREPARE','Settlement transfer prepare','2023-03-30 15:38:14'),(696,'9a3b5930-f5e3-4ebb-a375-4f487030137d','RECEIVED_PREPARE','Settlement transfer prepare','2023-03-30 15:38:14'),(697,'9057241a-2b29-4117-be46-09e178095d54','RESERVED','Settlement transfer reserve','2023-03-30 15:38:17'),(698,'5c896cbd-2c70-45e4-b8fd-3e001730e83e','RESERVED','Settlement transfer reserve','2023-03-30 15:38:17'),(699,'b0b087ae-7d91-40a4-9ea2-6c8b4ddb662d','RESERVED','Settlement transfer reserve','2023-03-30 15:38:17'),(700,'44a1de8f-b17e-406b-a6aa-fe6b4db922a3','RESERVED','Settlement transfer reserve','2023-03-30 15:38:17'),(701,'e75dadbd-5fb3-4d1e-a927-dad4d6edba44','RESERVED','Settlement transfer reserve','2023-03-30 15:38:19'),(702,'01292ebf-0e82-4f34-a800-1454173ae226','RESERVED','Settlement transfer reserve','2023-03-30 15:38:19'),(703,'67f153b0-414a-484c-9708-56acc242c1bb','RESERVED','Settlement transfer reserve','2023-03-30 15:38:19'),(704,'9a3b5930-f5e3-4ebb-a375-4f487030137d','RESERVED','Settlement transfer reserve','2023-03-30 15:38:19'),(705,'9057241a-2b29-4117-be46-09e178095d54','RECEIVED_FULFIL','Settlement transfer commit initiated','2023-03-30 15:38:22'),(706,'9057241a-2b29-4117-be46-09e178095d54','COMMITTED','Settlement transfer commit','2023-03-30 15:38:22'),(707,'5c896cbd-2c70-45e4-b8fd-3e001730e83e','RECEIVED_FULFIL','Settlement transfer commit initiated','2023-03-30 15:38:22'),(708,'5c896cbd-2c70-45e4-b8fd-3e001730e83e','COMMITTED','Settlement transfer commit','2023-03-30 15:38:22'),(709,'b0b087ae-7d91-40a4-9ea2-6c8b4ddb662d','RECEIVED_FULFIL','Settlement transfer commit initiated','2023-03-30 15:38:22'),(710,'b0b087ae-7d91-40a4-9ea2-6c8b4ddb662d','COMMITTED','Settlement transfer commit','2023-03-30 15:38:22'),(711,'44a1de8f-b17e-406b-a6aa-fe6b4db922a3','RECEIVED_FULFIL','Settlement transfer commit initiated','2023-03-30 15:38:22'),(712,'44a1de8f-b17e-406b-a6aa-fe6b4db922a3','COMMITTED','Settlement transfer commit','2023-03-30 15:38:22'),(713,'e75dadbd-5fb3-4d1e-a927-dad4d6edba44','RECEIVED_FULFIL','Settlement transfer commit initiated','2023-03-30 15:38:25'),(714,'e75dadbd-5fb3-4d1e-a927-dad4d6edba44','COMMITTED','Settlement transfer commit','2023-03-30 15:38:25'),(715,'01292ebf-0e82-4f34-a800-1454173ae226','RECEIVED_FULFIL','Settlement transfer commit initiated','2023-03-30 15:38:25'),(716,'01292ebf-0e82-4f34-a800-1454173ae226','COMMITTED','Settlement transfer commit','2023-03-30 15:38:25'),(717,'67f153b0-414a-484c-9708-56acc242c1bb','RECEIVED_FULFIL','Settlement transfer commit initiated','2023-03-30 15:38:25'),(718,'67f153b0-414a-484c-9708-56acc242c1bb','COMMITTED','Settlement transfer commit','2023-03-30 15:38:25'),(719,'9a3b5930-f5e3-4ebb-a375-4f487030137d','RECEIVED_FULFIL','Settlement transfer commit initiated','2023-03-30 15:38:25'),(720,'9a3b5930-f5e3-4ebb-a375-4f487030137d','COMMITTED','Settlement transfer commit','2023-03-30 15:38:25'),(721,'401b13d6-796b-434f-87bd-b56400e419b2','RECEIVED_PREPARE',NULL,'2023-03-30 15:38:34'),(722,'401b13d6-796b-434f-87bd-b56400e419b2','RESERVED',NULL,'2023-03-30 15:38:34'),(723,'401b13d6-796b-434f-87bd-b56400e419b2','RECEIVED_FULFIL',NULL,'2023-03-30 15:38:34'),(724,'401b13d6-796b-434f-87bd-b56400e419b2','COMMITTED',NULL,'2023-03-30 15:38:34'),(725,'defcbe09-31dc-4c31-9e2f-d7a35b28c018','RECEIVED_PREPARE',NULL,'2023-03-30 15:38:34'),(726,'defcbe09-31dc-4c31-9e2f-d7a35b28c018','RESERVED',NULL,'2023-03-30 15:38:34'),(727,'defcbe09-31dc-4c31-9e2f-d7a35b28c018','RECEIVED_FULFIL',NULL,'2023-03-30 15:38:34'),(728,'defcbe09-31dc-4c31-9e2f-d7a35b28c018','COMMITTED',NULL,'2023-03-30 15:38:34'),(729,'074e74e9-dbdf-4279-b40b-2f6f0c267c0d','RECEIVED_PREPARE',NULL,'2023-03-30 15:38:34'),(730,'074e74e9-dbdf-4279-b40b-2f6f0c267c0d','RESERVED',NULL,'2023-03-30 15:38:34'),(731,'074e74e9-dbdf-4279-b40b-2f6f0c267c0d','RECEIVED_FULFIL',NULL,'2023-03-30 15:38:34'),(732,'074e74e9-dbdf-4279-b40b-2f6f0c267c0d','COMMITTED',NULL,'2023-03-30 15:38:34'),(733,'2ca3b6f5-42b0-48f4-b5f5-73ee18ae7e68','RECEIVED_PREPARE',NULL,'2023-03-30 15:38:35'),(734,'2ca3b6f5-42b0-48f4-b5f5-73ee18ae7e68','RESERVED',NULL,'2023-03-30 15:38:35'),(735,'2ca3b6f5-42b0-48f4-b5f5-73ee18ae7e68','RECEIVED_FULFIL',NULL,'2023-03-30 15:38:35'),(736,'2ca3b6f5-42b0-48f4-b5f5-73ee18ae7e68','COMMITTED',NULL,'2023-03-30 15:38:35'),(737,'8549314c-3c58-47f3-b889-685d18e7d017','RECEIVED_PREPARE',NULL,'2023-03-30 15:38:35'),(738,'8549314c-3c58-47f3-b889-685d18e7d017','RESERVED',NULL,'2023-03-30 15:38:35'),(739,'8549314c-3c58-47f3-b889-685d18e7d017','RECEIVED_FULFIL',NULL,'2023-03-30 15:38:35'),(740,'8549314c-3c58-47f3-b889-685d18e7d017','COMMITTED',NULL,'2023-03-30 15:38:35'),(741,'22fcbfe3-f636-4889-8068-02154f279e05','RECEIVED_PREPARE',NULL,'2023-03-30 15:38:35'),(742,'22fcbfe3-f636-4889-8068-02154f279e05','RESERVED',NULL,'2023-03-30 15:38:35'),(743,'22fcbfe3-f636-4889-8068-02154f279e05','RECEIVED_FULFIL',NULL,'2023-03-30 15:38:35'),(744,'22fcbfe3-f636-4889-8068-02154f279e05','COMMITTED',NULL,'2023-03-30 15:38:35'),(745,'58d329b7-2225-4eea-9518-f3163211919b','RECEIVED_PREPARE','Settlement transfer prepare','2023-03-30 15:38:41'),(746,'4478b5cb-59a3-4c94-8f85-b54c352485fb','RECEIVED_PREPARE','Settlement transfer prepare','2023-03-30 15:38:41'),(747,'a5f902b0-a013-4147-9249-5943c35f9491','RECEIVED_PREPARE','Settlement transfer prepare','2023-03-30 15:38:41'),(748,'1dc0f91c-89cb-4d6d-b406-51395d1196ed','RECEIVED_PREPARE','Settlement transfer prepare','2023-03-30 15:38:41'),(749,'58d329b7-2225-4eea-9518-f3163211919b','RESERVED','Settlement transfer reserve','2023-03-30 15:38:43'),(750,'4478b5cb-59a3-4c94-8f85-b54c352485fb','RESERVED','Settlement transfer reserve','2023-03-30 15:38:44'),(751,'a5f902b0-a013-4147-9249-5943c35f9491','RESERVED','Settlement transfer reserve','2023-03-30 15:38:44'),(752,'1dc0f91c-89cb-4d6d-b406-51395d1196ed','RESERVED','Settlement transfer reserve','2023-03-30 15:38:44'),(753,'58d329b7-2225-4eea-9518-f3163211919b','RECEIVED_FULFIL','Settlement transfer commit initiated','2023-03-30 15:38:46'),(754,'58d329b7-2225-4eea-9518-f3163211919b','COMMITTED','Settlement transfer commit','2023-03-30 15:38:46'),(755,'4478b5cb-59a3-4c94-8f85-b54c352485fb','RECEIVED_FULFIL','Settlement transfer commit initiated','2023-03-30 15:38:46'),(756,'4478b5cb-59a3-4c94-8f85-b54c352485fb','COMMITTED','Settlement transfer commit','2023-03-30 15:38:46'),(757,'a5f902b0-a013-4147-9249-5943c35f9491','RECEIVED_FULFIL','Settlement transfer commit initiated','2023-03-30 15:38:46'),(758,'a5f902b0-a013-4147-9249-5943c35f9491','COMMITTED','Settlement transfer commit','2023-03-30 15:38:46'),(759,'1dc0f91c-89cb-4d6d-b406-51395d1196ed','RECEIVED_FULFIL','Settlement transfer commit initiated','2023-03-30 15:38:46'),(760,'1dc0f91c-89cb-4d6d-b406-51395d1196ed','COMMITTED','Settlement transfer commit','2023-03-30 15:38:46'),(761,'fc4dedb0-4c4f-4667-a171-72ddbc906fad','RECEIVED_PREPARE',NULL,'2023-03-30 15:38:53'),(762,'fc4dedb0-4c4f-4667-a171-72ddbc906fad','RESERVED',NULL,'2023-03-30 15:38:53'),(763,'fc4dedb0-4c4f-4667-a171-72ddbc906fad','RECEIVED_FULFIL',NULL,'2023-03-30 15:38:53'),(764,'fc4dedb0-4c4f-4667-a171-72ddbc906fad','COMMITTED',NULL,'2023-03-30 15:38:53'),(765,'50197ea7-9fea-4d5a-8abc-ecfd9726d6e9','RECEIVED_PREPARE',NULL,'2023-03-30 15:38:53'),(766,'50197ea7-9fea-4d5a-8abc-ecfd9726d6e9','RESERVED',NULL,'2023-03-30 15:38:53'),(767,'50197ea7-9fea-4d5a-8abc-ecfd9726d6e9','RECEIVED_FULFIL',NULL,'2023-03-30 15:38:53'),(768,'50197ea7-9fea-4d5a-8abc-ecfd9726d6e9','COMMITTED',NULL,'2023-03-30 15:38:53'),(769,'1519d8e6-0d64-403f-9c5d-a7d0f0aa2a95','RECEIVED_PREPARE',NULL,'2023-03-30 15:38:54'),(770,'1519d8e6-0d64-403f-9c5d-a7d0f0aa2a95','RESERVED',NULL,'2023-03-30 15:38:54'),(771,'1519d8e6-0d64-403f-9c5d-a7d0f0aa2a95','RECEIVED_FULFIL',NULL,'2023-03-30 15:38:54'),(772,'1519d8e6-0d64-403f-9c5d-a7d0f0aa2a95','COMMITTED',NULL,'2023-03-30 15:38:54'),(773,'86ad02eb-3af9-4c3c-9226-9b95a9ffd304','RECEIVED_PREPARE',NULL,'2023-03-30 15:38:54'),(774,'86ad02eb-3af9-4c3c-9226-9b95a9ffd304','RESERVED',NULL,'2023-03-30 15:38:54'),(775,'86ad02eb-3af9-4c3c-9226-9b95a9ffd304','RECEIVED_FULFIL',NULL,'2023-03-30 15:38:54'),(776,'86ad02eb-3af9-4c3c-9226-9b95a9ffd304','COMMITTED',NULL,'2023-03-30 15:38:54'),(777,'97c3fd11-6d47-4ad1-804e-a9805f0009b0','RECEIVED_PREPARE',NULL,'2023-03-30 15:38:54'),(778,'97c3fd11-6d47-4ad1-804e-a9805f0009b0','RESERVED',NULL,'2023-03-30 15:38:54'),(779,'97c3fd11-6d47-4ad1-804e-a9805f0009b0','RECEIVED_FULFIL',NULL,'2023-03-30 15:38:54'),(780,'97c3fd11-6d47-4ad1-804e-a9805f0009b0','COMMITTED',NULL,'2023-03-30 15:38:54'),(781,'6656ecf8-0b08-4e4c-b30c-c09017e0919e','RECEIVED_PREPARE',NULL,'2023-03-30 15:38:54'),(782,'6656ecf8-0b08-4e4c-b30c-c09017e0919e','RESERVED',NULL,'2023-03-30 15:38:54'),(783,'6656ecf8-0b08-4e4c-b30c-c09017e0919e','RECEIVED_FULFIL',NULL,'2023-03-30 15:38:54'),(784,'6656ecf8-0b08-4e4c-b30c-c09017e0919e','COMMITTED',NULL,'2023-03-30 15:38:54'),(785,'c4a1ef4b-8ac7-4caa-b11c-a6a590f733a0','RECEIVED_PREPARE','Settlement transfer prepare','2023-03-30 15:39:00'),(786,'221cb4a6-3849-4cf4-afe5-6cef23682943','RECEIVED_PREPARE','Settlement transfer prepare','2023-03-30 15:39:00'),(787,'5f1b7ab3-5a01-474a-b66c-94f10877423c','RECEIVED_PREPARE','Settlement transfer prepare','2023-03-30 15:39:00'),(788,'cefab975-2e57-4f6f-b597-985d65b968b7','RECEIVED_PREPARE','Settlement transfer prepare','2023-03-30 15:39:00'),(789,'c4a1ef4b-8ac7-4caa-b11c-a6a590f733a0','RESERVED','Settlement transfer reserve','2023-03-30 15:39:03'),(790,'221cb4a6-3849-4cf4-afe5-6cef23682943','RESERVED','Settlement transfer reserve','2023-03-30 15:39:03'),(791,'5f1b7ab3-5a01-474a-b66c-94f10877423c','RESERVED','Settlement transfer reserve','2023-03-30 15:39:03'),(792,'cefab975-2e57-4f6f-b597-985d65b968b7','RESERVED','Settlement transfer reserve','2023-03-30 15:39:03'),(793,'c4a1ef4b-8ac7-4caa-b11c-a6a590f733a0','RECEIVED_FULFIL','Settlement transfer commit initiated','2023-03-30 15:39:05'),(794,'c4a1ef4b-8ac7-4caa-b11c-a6a590f733a0','COMMITTED','Settlement transfer commit','2023-03-30 15:39:05'),(795,'221cb4a6-3849-4cf4-afe5-6cef23682943','RECEIVED_FULFIL','Settlement transfer commit initiated','2023-03-30 15:39:05'),(796,'221cb4a6-3849-4cf4-afe5-6cef23682943','COMMITTED','Settlement transfer commit','2023-03-30 15:39:05'),(797,'5f1b7ab3-5a01-474a-b66c-94f10877423c','RECEIVED_FULFIL','Settlement transfer commit initiated','2023-03-30 15:39:05'),(798,'5f1b7ab3-5a01-474a-b66c-94f10877423c','COMMITTED','Settlement transfer commit','2023-03-30 15:39:05'),(799,'cefab975-2e57-4f6f-b597-985d65b968b7','RECEIVED_FULFIL','Settlement transfer commit initiated','2023-03-30 15:39:06'),(800,'cefab975-2e57-4f6f-b597-985d65b968b7','COMMITTED','Settlement transfer commit','2023-03-30 15:39:06'),(801,'16bdb9c9-4c78-4845-aaef-9722073e2ca3','RECEIVED_PREPARE','string','2023-03-30 15:39:12'),(802,'16bdb9c9-4c78-4845-aaef-9722073e2ca3','RESERVED','string','2023-03-30 15:39:12'),(803,'16bdb9c9-4c78-4845-aaef-9722073e2ca3','RECEIVED_FULFIL','string','2023-03-30 15:39:12'),(804,'16bdb9c9-4c78-4845-aaef-9722073e2ca3','COMMITTED','string','2023-03-30 15:39:12'),(805,'2cc01c10-7fd1-4e9c-bb19-bfe8ce023567','RECEIVED_PREPARE','string','2023-03-30 15:39:12'),(806,'2cc01c10-7fd1-4e9c-bb19-bfe8ce023567','RESERVED','string','2023-03-30 15:39:12'),(807,'2cc01c10-7fd1-4e9c-bb19-bfe8ce023567','RECEIVED_FULFIL','string','2023-03-30 15:39:12'),(808,'2cc01c10-7fd1-4e9c-bb19-bfe8ce023567','COMMITTED','string','2023-03-30 15:39:12'),(809,'e26c82dd-682e-4b55-839d-33fca335cca2','RECEIVED_PREPARE','string','2023-03-30 15:39:12'),(810,'e26c82dd-682e-4b55-839d-33fca335cca2','RESERVED','string','2023-03-30 15:39:12'),(811,'e26c82dd-682e-4b55-839d-33fca335cca2','RECEIVED_FULFIL','string','2023-03-30 15:39:12'),(812,'e26c82dd-682e-4b55-839d-33fca335cca2','COMMITTED','string','2023-03-30 15:39:12'),(813,'344d6d3c-62b3-49ab-bed9-0ee11861d3ca','RECEIVED_PREPARE','string','2023-03-30 15:39:12'),(814,'344d6d3c-62b3-49ab-bed9-0ee11861d3ca','RESERVED','string','2023-03-30 15:39:12'),(815,'344d6d3c-62b3-49ab-bed9-0ee11861d3ca','RECEIVED_FULFIL','string','2023-03-30 15:39:12'),(816,'344d6d3c-62b3-49ab-bed9-0ee11861d3ca','COMMITTED','string','2023-03-30 15:39:12'),(817,'145a14a5-d1cc-4249-8dd4-ba28d0146d14','RECEIVED_PREPARE',NULL,'2023-03-30 15:39:12'),(818,'145a14a5-d1cc-4249-8dd4-ba28d0146d14','RESERVED',NULL,'2023-03-30 15:39:12'),(819,'145a14a5-d1cc-4249-8dd4-ba28d0146d14','RECEIVED_FULFIL',NULL,'2023-03-30 15:39:12'),(820,'145a14a5-d1cc-4249-8dd4-ba28d0146d14','COMMITTED',NULL,'2023-03-30 15:39:12'),(821,'145a14a5-d1cc-4249-8dd4-ba28d0146d14','SETTLED','Gross settlement process','2023-03-30 15:39:12'),(822,'dfaa70fa-2023-48e1-a677-588b0faa4c25','RECEIVED_PREPARE',NULL,'2023-03-30 15:39:13'),(823,'dfaa70fa-2023-48e1-a677-588b0faa4c25','RESERVED',NULL,'2023-03-30 15:39:13'),(824,'dfaa70fa-2023-48e1-a677-588b0faa4c25','RECEIVED_FULFIL',NULL,'2023-03-30 15:39:13'),(825,'dfaa70fa-2023-48e1-a677-588b0faa4c25','COMMITTED',NULL,'2023-03-30 15:39:13'),(826,'dfaa70fa-2023-48e1-a677-588b0faa4c25','SETTLED','Gross settlement process','2023-03-30 15:39:12'),(827,'6a5d152b-7305-49c4-ba2f-83bb3615f9df','RECEIVED_PREPARE',NULL,'2023-03-30 15:39:13'),(828,'6a5d152b-7305-49c4-ba2f-83bb3615f9df','RESERVED',NULL,'2023-03-30 15:39:13'),(829,'6a5d152b-7305-49c4-ba2f-83bb3615f9df','RECEIVED_FULFIL',NULL,'2023-03-30 15:39:13'),(830,'6a5d152b-7305-49c4-ba2f-83bb3615f9df','COMMITTED',NULL,'2023-03-30 15:39:13'),(831,'6a5d152b-7305-49c4-ba2f-83bb3615f9df','SETTLED','Gross settlement process','2023-03-30 15:39:13'),(832,'9c47ba06-8d93-4f25-a42b-57953a7727e2','RECEIVED_PREPARE',NULL,'2023-03-30 15:39:14'),(833,'9c47ba06-8d93-4f25-a42b-57953a7727e2','RESERVED',NULL,'2023-03-30 15:39:14'),(834,'9c47ba06-8d93-4f25-a42b-57953a7727e2','RECEIVED_FULFIL',NULL,'2023-03-30 15:39:14'),(835,'9c47ba06-8d93-4f25-a42b-57953a7727e2','COMMITTED',NULL,'2023-03-30 15:39:14'),(836,'9c47ba06-8d93-4f25-a42b-57953a7727e2','SETTLED','Gross settlement process','2023-03-30 15:39:13'),(837,'daed7c97-6ea8-46b7-90aa-af1f20a091d4','RECEIVED_PREPARE',NULL,'2023-03-30 15:39:14'),(838,'daed7c97-6ea8-46b7-90aa-af1f20a091d4','RESERVED',NULL,'2023-03-30 15:39:14'),(839,'daed7c97-6ea8-46b7-90aa-af1f20a091d4','RECEIVED_FULFIL',NULL,'2023-03-30 15:39:14'),(840,'daed7c97-6ea8-46b7-90aa-af1f20a091d4','COMMITTED',NULL,'2023-03-30 15:39:14'),(841,'daed7c97-6ea8-46b7-90aa-af1f20a091d4','SETTLED','Gross settlement process','2023-03-30 15:39:14'),(842,'829be5f9-3b8a-4854-b7f8-d09b5b5e3e3f','RECEIVED_PREPARE',NULL,'2023-03-30 15:39:15'),(843,'829be5f9-3b8a-4854-b7f8-d09b5b5e3e3f','RESERVED',NULL,'2023-03-30 15:39:15'),(844,'829be5f9-3b8a-4854-b7f8-d09b5b5e3e3f','RECEIVED_FULFIL',NULL,'2023-03-30 15:39:15'),(845,'829be5f9-3b8a-4854-b7f8-d09b5b5e3e3f','COMMITTED',NULL,'2023-03-30 15:39:15'),(846,'829be5f9-3b8a-4854-b7f8-d09b5b5e3e3f','SETTLED','Gross settlement process','2023-03-30 15:39:14'),(847,'e4571f51-8c5b-4edd-a621-68540c191834','RECEIVED_PREPARE',NULL,'2023-03-30 15:39:16'),(848,'e4571f51-8c5b-4edd-a621-68540c191834','RESERVED',NULL,'2023-03-30 15:39:16'),(849,'e4571f51-8c5b-4edd-a621-68540c191834','RECEIVED_FULFIL',NULL,'2023-03-30 15:39:16'),(850,'e4571f51-8c5b-4edd-a621-68540c191834','COMMITTED',NULL,'2023-03-30 15:39:16'),(851,'e4571f51-8c5b-4edd-a621-68540c191834','SETTLED','Gross settlement process','2023-03-30 15:39:15'),(852,'5b11c771-a089-4cc9-ba18-a78dc18303b5','RECEIVED_PREPARE',NULL,'2023-03-30 15:39:16'),(853,'5b11c771-a089-4cc9-ba18-a78dc18303b5','RESERVED',NULL,'2023-03-30 15:39:16'),(854,'5b11c771-a089-4cc9-ba18-a78dc18303b5','RECEIVED_FULFIL',NULL,'2023-03-30 15:39:16'),(855,'5b11c771-a089-4cc9-ba18-a78dc18303b5','COMMITTED',NULL,'2023-03-30 15:39:16'),(856,'5b11c771-a089-4cc9-ba18-a78dc18303b5','SETTLED','Gross settlement process','2023-03-30 15:39:16'),(857,'e21bb32d-1d0e-498e-bd22-11302dc3beb6','RECEIVED_PREPARE',NULL,'2023-03-30 15:39:17'),(858,'e21bb32d-1d0e-498e-bd22-11302dc3beb6','RESERVED',NULL,'2023-03-30 15:39:17'),(859,'e21bb32d-1d0e-498e-bd22-11302dc3beb6','RECEIVED_FULFIL',NULL,'2023-03-30 15:39:17'),(860,'e21bb32d-1d0e-498e-bd22-11302dc3beb6','COMMITTED',NULL,'2023-03-30 15:39:17'),(861,'e21bb32d-1d0e-498e-bd22-11302dc3beb6','SETTLED','Gross settlement process','2023-03-30 15:39:16'),(862,'dec674af-b995-45ab-8bd1-8f1ca629099c','RECEIVED_PREPARE',NULL,'2023-03-30 15:39:17'),(863,'dec674af-b995-45ab-8bd1-8f1ca629099c','RESERVED',NULL,'2023-03-30 15:39:17'),(864,'dec674af-b995-45ab-8bd1-8f1ca629099c','RECEIVED_FULFIL',NULL,'2023-03-30 15:39:17'),(865,'dec674af-b995-45ab-8bd1-8f1ca629099c','COMMITTED',NULL,'2023-03-30 15:39:17'),(866,'dec674af-b995-45ab-8bd1-8f1ca629099c','SETTLED','Gross settlement process','2023-03-30 15:39:17'),(867,'e321629b-fccf-4301-8939-543a35ae8b9c','RECEIVED_PREPARE',NULL,'2023-03-30 15:39:18'),(868,'e321629b-fccf-4301-8939-543a35ae8b9c','RESERVED',NULL,'2023-03-30 15:39:18'),(869,'e321629b-fccf-4301-8939-543a35ae8b9c','RECEIVED_FULFIL',NULL,'2023-03-30 15:39:18'),(870,'e321629b-fccf-4301-8939-543a35ae8b9c','COMMITTED',NULL,'2023-03-30 15:39:18'),(871,'e321629b-fccf-4301-8939-543a35ae8b9c','SETTLED','Gross settlement process','2023-03-30 15:39:17'),(872,'462e2f50-936f-4a43-9014-1b22f87c52d8','RECEIVED_PREPARE',NULL,'2023-03-30 15:39:18'),(873,'462e2f50-936f-4a43-9014-1b22f87c52d8','RESERVED',NULL,'2023-03-30 15:39:18'),(874,'462e2f50-936f-4a43-9014-1b22f87c52d8','RECEIVED_FULFIL',NULL,'2023-03-30 15:39:18'),(875,'462e2f50-936f-4a43-9014-1b22f87c52d8','COMMITTED',NULL,'2023-03-30 15:39:18'),(876,'462e2f50-936f-4a43-9014-1b22f87c52d8','SETTLED','Gross settlement process','2023-03-30 15:39:18'),(877,'a1af1ee3-6e7a-470b-ba12-6084e444b7aa','RECEIVED_PREPARE',NULL,'2023-03-30 15:39:18'),(878,'a1af1ee3-6e7a-470b-ba12-6084e444b7aa','RESERVED',NULL,'2023-03-30 15:39:18'),(879,'a1af1ee3-6e7a-470b-ba12-6084e444b7aa','RECEIVED_FULFIL',NULL,'2023-03-30 15:39:18'),(880,'a1af1ee3-6e7a-470b-ba12-6084e444b7aa','COMMITTED',NULL,'2023-03-30 15:39:19'),(881,'a1af1ee3-6e7a-470b-ba12-6084e444b7aa','SETTLED','Gross settlement process','2023-03-30 15:39:18'),(882,'ea5d9160-6e0f-4987-b46d-04cb2714a796','RECEIVED_PREPARE',NULL,'2023-03-30 15:39:19'),(883,'ea5d9160-6e0f-4987-b46d-04cb2714a796','RESERVED',NULL,'2023-03-30 15:39:19'),(884,'ea5d9160-6e0f-4987-b46d-04cb2714a796','RECEIVED_FULFIL',NULL,'2023-03-30 15:39:19'),(885,'ea5d9160-6e0f-4987-b46d-04cb2714a796','COMMITTED',NULL,'2023-03-30 15:39:19'),(886,'ea5d9160-6e0f-4987-b46d-04cb2714a796','SETTLED','Gross settlement process','2023-03-30 15:39:18'),(887,'fb951c0c-373d-45a3-97f0-3f4f40cbeaf0','RECEIVED_PREPARE',NULL,'2023-03-30 15:39:19'),(888,'fb951c0c-373d-45a3-97f0-3f4f40cbeaf0','RESERVED',NULL,'2023-03-30 15:39:19'),(889,'fb951c0c-373d-45a3-97f0-3f4f40cbeaf0','RECEIVED_FULFIL',NULL,'2023-03-30 15:39:19'),(890,'fb951c0c-373d-45a3-97f0-3f4f40cbeaf0','COMMITTED',NULL,'2023-03-30 15:39:19'),(891,'fb951c0c-373d-45a3-97f0-3f4f40cbeaf0','SETTLED','Gross settlement process','2023-03-30 15:39:19'),(892,'5e3b5e6f-dcc4-471d-a82f-5b5bb767944b','RECEIVED_PREPARE',NULL,'2023-03-30 15:39:20'),(893,'5e3b5e6f-dcc4-471d-a82f-5b5bb767944b','RESERVED',NULL,'2023-03-30 15:39:20'),(894,'5e3b5e6f-dcc4-471d-a82f-5b5bb767944b','RECEIVED_FULFIL',NULL,'2023-03-30 15:39:20'),(895,'5e3b5e6f-dcc4-471d-a82f-5b5bb767944b','COMMITTED',NULL,'2023-03-30 15:39:20'),(896,'5e3b5e6f-dcc4-471d-a82f-5b5bb767944b','SETTLED','Gross settlement process','2023-03-30 15:39:19'),(897,'854e6422-bdec-401f-b5d3-8ca139bb5ba9','RECEIVED_PREPARE',NULL,'2023-03-30 15:39:20'),(898,'854e6422-bdec-401f-b5d3-8ca139bb5ba9','RESERVED',NULL,'2023-03-30 15:39:20'),(899,'854e6422-bdec-401f-b5d3-8ca139bb5ba9','RECEIVED_FULFIL',NULL,'2023-03-30 15:39:20'),(900,'854e6422-bdec-401f-b5d3-8ca139bb5ba9','COMMITTED',NULL,'2023-03-30 15:39:20'),(901,'854e6422-bdec-401f-b5d3-8ca139bb5ba9','SETTLED','Gross settlement process','2023-03-30 15:39:20'),(902,'4ad2cd29-85a4-47b2-af16-31c63d92886a','RECEIVED_PREPARE',NULL,'2023-03-30 15:39:21'),(903,'4ad2cd29-85a4-47b2-af16-31c63d92886a','RESERVED',NULL,'2023-03-30 15:39:21'),(904,'4ad2cd29-85a4-47b2-af16-31c63d92886a','RECEIVED_FULFIL',NULL,'2023-03-30 15:39:21'),(905,'4ad2cd29-85a4-47b2-af16-31c63d92886a','COMMITTED',NULL,'2023-03-30 15:39:21'),(906,'4ad2cd29-85a4-47b2-af16-31c63d92886a','SETTLED','Gross settlement process','2023-03-30 15:39:20'),(907,'512d6da5-2acc-41b3-abae-1efc34351654','RECEIVED_PREPARE',NULL,'2023-03-30 15:39:21'),(908,'512d6da5-2acc-41b3-abae-1efc34351654','RESERVED',NULL,'2023-03-30 15:39:21'),(909,'512d6da5-2acc-41b3-abae-1efc34351654','RECEIVED_FULFIL',NULL,'2023-03-30 15:39:21'),(910,'512d6da5-2acc-41b3-abae-1efc34351654','COMMITTED',NULL,'2023-03-30 15:39:21'),(911,'512d6da5-2acc-41b3-abae-1efc34351654','SETTLED','Gross settlement process','2023-03-30 15:39:21'),(912,'d664984a-97e5-447c-aa78-79bd31109537','RECEIVED_PREPARE',NULL,'2023-03-30 15:39:22'),(913,'d664984a-97e5-447c-aa78-79bd31109537','RESERVED',NULL,'2023-03-30 15:39:22'),(914,'d664984a-97e5-447c-aa78-79bd31109537','RECEIVED_FULFIL',NULL,'2023-03-30 15:39:22'),(915,'d664984a-97e5-447c-aa78-79bd31109537','COMMITTED',NULL,'2023-03-30 15:39:22'),(916,'d664984a-97e5-447c-aa78-79bd31109537','SETTLED','Gross settlement process','2023-03-30 15:39:21'),(917,'e3341657-3eb1-47f2-80f6-a7a066623d1c','RECEIVED_PREPARE',NULL,'2023-03-30 15:39:22'),(918,'e3341657-3eb1-47f2-80f6-a7a066623d1c','RESERVED',NULL,'2023-03-30 15:39:22'),(919,'e3341657-3eb1-47f2-80f6-a7a066623d1c','RECEIVED_FULFIL',NULL,'2023-03-30 15:39:22'),(920,'e3341657-3eb1-47f2-80f6-a7a066623d1c','COMMITTED',NULL,'2023-03-30 15:39:22'),(921,'e3341657-3eb1-47f2-80f6-a7a066623d1c','SETTLED','Gross settlement process','2023-03-30 15:39:22'),(922,'46b0dfeb-76f1-439b-b418-aae0291d75f5','RECEIVED_PREPARE',NULL,'2023-03-30 15:39:23'),(923,'46b0dfeb-76f1-439b-b418-aae0291d75f5','RESERVED',NULL,'2023-03-30 15:39:23'),(924,'46b0dfeb-76f1-439b-b418-aae0291d75f5','RECEIVED_FULFIL',NULL,'2023-03-30 15:39:23'),(925,'46b0dfeb-76f1-439b-b418-aae0291d75f5','COMMITTED',NULL,'2023-03-30 15:39:23'),(926,'46b0dfeb-76f1-439b-b418-aae0291d75f5','SETTLED','Gross settlement process','2023-03-30 15:39:22'),(927,'42549296-34bf-44df-adc4-3f1cf945f1d5','RECEIVED_PREPARE',NULL,'2023-03-30 15:39:23'),(928,'42549296-34bf-44df-adc4-3f1cf945f1d5','RESERVED',NULL,'2023-03-30 15:39:23'),(929,'42549296-34bf-44df-adc4-3f1cf945f1d5','RECEIVED_FULFIL',NULL,'2023-03-30 15:39:23'),(930,'42549296-34bf-44df-adc4-3f1cf945f1d5','COMMITTED',NULL,'2023-03-30 15:39:23'),(931,'42549296-34bf-44df-adc4-3f1cf945f1d5','SETTLED','Gross settlement process','2023-03-30 15:39:23'),(932,'0655f9af-943d-41e3-86ad-c3fdf76b7c88','RECEIVED_PREPARE',NULL,'2023-03-30 15:39:24'),(933,'0655f9af-943d-41e3-86ad-c3fdf76b7c88','RESERVED',NULL,'2023-03-30 15:39:24'),(934,'0655f9af-943d-41e3-86ad-c3fdf76b7c88','RECEIVED_FULFIL',NULL,'2023-03-30 15:39:24'),(935,'0655f9af-943d-41e3-86ad-c3fdf76b7c88','COMMITTED',NULL,'2023-03-30 15:39:24'),(936,'0655f9af-943d-41e3-86ad-c3fdf76b7c88','SETTLED','Gross settlement process','2023-03-30 15:39:23'),(937,'5dfd57d0-fca1-4ba7-86e4-9e401528e23a','RECEIVED_PREPARE',NULL,'2023-03-30 15:39:24'),(938,'5dfd57d0-fca1-4ba7-86e4-9e401528e23a','RESERVED',NULL,'2023-03-30 15:39:24'),(939,'5dfd57d0-fca1-4ba7-86e4-9e401528e23a','RECEIVED_FULFIL',NULL,'2023-03-30 15:39:24'),(940,'5dfd57d0-fca1-4ba7-86e4-9e401528e23a','COMMITTED',NULL,'2023-03-30 15:39:24'),(941,'5dfd57d0-fca1-4ba7-86e4-9e401528e23a','SETTLED','Gross settlement process','2023-03-30 15:39:24'),(942,'4d0a9f13-f599-451c-9434-ea800f649aa3','RECEIVED_PREPARE',NULL,'2023-03-30 15:39:25'),(943,'4d0a9f13-f599-451c-9434-ea800f649aa3','RESERVED',NULL,'2023-03-30 15:39:25'),(944,'4d0a9f13-f599-451c-9434-ea800f649aa3','RECEIVED_FULFIL',NULL,'2023-03-30 15:39:25'),(945,'4d0a9f13-f599-451c-9434-ea800f649aa3','COMMITTED',NULL,'2023-03-30 15:39:25'),(946,'4d0a9f13-f599-451c-9434-ea800f649aa3','SETTLED','Gross settlement process','2023-03-30 15:39:24'),(947,'c7be964a-831e-41a6-9d28-13dff96bb028','RECEIVED_PREPARE',NULL,'2023-03-30 15:39:25'),(948,'c7be964a-831e-41a6-9d28-13dff96bb028','RESERVED',NULL,'2023-03-30 15:39:25'),(949,'c7be964a-831e-41a6-9d28-13dff96bb028','RECEIVED_FULFIL',NULL,'2023-03-30 15:39:25'),(950,'c7be964a-831e-41a6-9d28-13dff96bb028','COMMITTED',NULL,'2023-03-30 15:39:25'),(951,'c7be964a-831e-41a6-9d28-13dff96bb028','SETTLED','Gross settlement process','2023-03-30 15:39:25'),(952,'b45f5564-c62f-4b83-aeda-951139c3e118','RECEIVED_PREPARE',NULL,'2023-03-30 15:39:26'),(953,'b45f5564-c62f-4b83-aeda-951139c3e118','RESERVED',NULL,'2023-03-30 15:39:26'),(954,'b45f5564-c62f-4b83-aeda-951139c3e118','RECEIVED_FULFIL',NULL,'2023-03-30 15:39:26'),(955,'b45f5564-c62f-4b83-aeda-951139c3e118','COMMITTED',NULL,'2023-03-30 15:39:26'),(956,'b45f5564-c62f-4b83-aeda-951139c3e118','SETTLED','Gross settlement process','2023-03-30 15:39:25'),(957,'fb3003dd-c3e3-43f1-84fc-b822ef5c1dd5','RECEIVED_PREPARE',NULL,'2023-03-30 15:39:26'),(958,'fb3003dd-c3e3-43f1-84fc-b822ef5c1dd5','RESERVED',NULL,'2023-03-30 15:39:26'),(959,'fb3003dd-c3e3-43f1-84fc-b822ef5c1dd5','RECEIVED_FULFIL',NULL,'2023-03-30 15:39:26'),(960,'fb3003dd-c3e3-43f1-84fc-b822ef5c1dd5','COMMITTED',NULL,'2023-03-30 15:39:26'),(961,'fb3003dd-c3e3-43f1-84fc-b822ef5c1dd5','SETTLED','Gross settlement process','2023-03-30 15:39:26'),(962,'71ebf773-a20d-4389-9545-045c48817548','RECEIVED_PREPARE',NULL,'2023-03-30 15:39:27'),(963,'71ebf773-a20d-4389-9545-045c48817548','RESERVED',NULL,'2023-03-30 15:39:27'),(964,'71ebf773-a20d-4389-9545-045c48817548','RECEIVED_FULFIL',NULL,'2023-03-30 15:39:27'),(965,'71ebf773-a20d-4389-9545-045c48817548','COMMITTED',NULL,'2023-03-30 15:39:27'),(966,'71ebf773-a20d-4389-9545-045c48817548','SETTLED','Gross settlement process','2023-03-30 15:39:26'),(967,'e8832b5f-3643-408b-bca8-4e6bac1a7da4','RECEIVED_PREPARE',NULL,'2023-03-30 15:39:27'),(968,'e8832b5f-3643-408b-bca8-4e6bac1a7da4','RESERVED',NULL,'2023-03-30 15:39:27'),(969,'e8832b5f-3643-408b-bca8-4e6bac1a7da4','RECEIVED_FULFIL',NULL,'2023-03-30 15:39:27'),(970,'e8832b5f-3643-408b-bca8-4e6bac1a7da4','COMMITTED',NULL,'2023-03-30 15:39:27'),(971,'e8832b5f-3643-408b-bca8-4e6bac1a7da4','SETTLED','Gross settlement process','2023-03-30 15:39:27'),(972,'f5c498a5-2851-4ab8-9eff-d4bbdb03cd9d','RECEIVED_PREPARE',NULL,'2023-03-30 15:39:28'),(973,'f5c498a5-2851-4ab8-9eff-d4bbdb03cd9d','RESERVED',NULL,'2023-03-30 15:39:28'),(974,'f5c498a5-2851-4ab8-9eff-d4bbdb03cd9d','RECEIVED_FULFIL',NULL,'2023-03-30 15:39:28'),(975,'f5c498a5-2851-4ab8-9eff-d4bbdb03cd9d','COMMITTED',NULL,'2023-03-30 15:39:28'),(976,'f5c498a5-2851-4ab8-9eff-d4bbdb03cd9d','SETTLED','Gross settlement process','2023-03-30 15:39:27'),(977,'3366f889-09ba-4a60-9fdc-922c1af62ace','RECEIVED_PREPARE',NULL,'2023-03-30 15:39:28'),(978,'3366f889-09ba-4a60-9fdc-922c1af62ace','RESERVED',NULL,'2023-03-30 15:39:28'),(979,'3366f889-09ba-4a60-9fdc-922c1af62ace','RECEIVED_FULFIL',NULL,'2023-03-30 15:39:28'),(980,'3366f889-09ba-4a60-9fdc-922c1af62ace','COMMITTED',NULL,'2023-03-30 15:39:28'),(981,'3366f889-09ba-4a60-9fdc-922c1af62ace','SETTLED','Gross settlement process','2023-03-30 15:39:28'),(982,'5ee10494-d9c3-474a-82e1-02fdb19b181b','RECEIVED_PREPARE',NULL,'2023-03-30 15:39:29'),(983,'5ee10494-d9c3-474a-82e1-02fdb19b181b','RESERVED',NULL,'2023-03-30 15:39:29'),(984,'5ee10494-d9c3-474a-82e1-02fdb19b181b','RECEIVED_FULFIL',NULL,'2023-03-30 15:39:29'),(985,'5ee10494-d9c3-474a-82e1-02fdb19b181b','COMMITTED',NULL,'2023-03-30 15:39:29'),(986,'5ee10494-d9c3-474a-82e1-02fdb19b181b','SETTLED','Gross settlement process','2023-03-30 15:39:28'),(987,'89267d45-aa8e-44c1-8565-44e4d85984fc','RECEIVED_PREPARE',NULL,'2023-03-30 15:39:29'),(988,'89267d45-aa8e-44c1-8565-44e4d85984fc','RESERVED',NULL,'2023-03-30 15:39:29'),(989,'89267d45-aa8e-44c1-8565-44e4d85984fc','RECEIVED_FULFIL',NULL,'2023-03-30 15:39:29'),(990,'89267d45-aa8e-44c1-8565-44e4d85984fc','COMMITTED',NULL,'2023-03-30 15:39:29'),(991,'89267d45-aa8e-44c1-8565-44e4d85984fc','SETTLED','Gross settlement process','2023-03-30 15:39:29'),(992,'f405a695-c93a-4d4b-89d3-ddd6fe324ea2','RECEIVED_PREPARE',NULL,'2023-03-30 15:39:29'),(993,'f405a695-c93a-4d4b-89d3-ddd6fe324ea2','RESERVED',NULL,'2023-03-30 15:39:29'),(994,'f405a695-c93a-4d4b-89d3-ddd6fe324ea2','RECEIVED_FULFIL',NULL,'2023-03-30 15:39:30'),(995,'f405a695-c93a-4d4b-89d3-ddd6fe324ea2','COMMITTED',NULL,'2023-03-30 15:39:30'),(996,'f405a695-c93a-4d4b-89d3-ddd6fe324ea2','SETTLED','Gross settlement process','2023-03-30 15:39:29'),(997,'17bb9609-9b76-46fc-a04e-7439208be1a5','RECEIVED_PREPARE',NULL,'2023-03-30 15:39:47'),(998,'17bb9609-9b76-46fc-a04e-7439208be1a5','RESERVED',NULL,'2023-03-30 15:39:47'),(999,'9828a375-633b-4b19-aac9-1b3add577a3c','RECEIVED_PREPARE',NULL,'2023-03-30 15:39:47'),(1000,'9828a375-633b-4b19-aac9-1b3add577a3c','RESERVED',NULL,'2023-03-30 15:39:47'),(1001,'17bb9609-9b76-46fc-a04e-7439208be1a5','RECEIVED_FULFIL',NULL,'2023-03-30 15:39:47'),(1002,'17bb9609-9b76-46fc-a04e-7439208be1a5','COMMITTED',NULL,'2023-03-30 15:39:47'),(1003,'9828a375-633b-4b19-aac9-1b3add577a3c','RECEIVED_FULFIL',NULL,'2023-03-30 15:39:47'),(1004,'9828a375-633b-4b19-aac9-1b3add577a3c','COMMITTED',NULL,'2023-03-30 15:39:47'),(1005,'2a927a8a-760f-44bf-a718-9edf1cc29e97','RECEIVED_PREPARE',NULL,'2023-03-30 15:39:48'),(1006,'2a927a8a-760f-44bf-a718-9edf1cc29e97','RESERVED',NULL,'2023-03-30 15:39:48'),(1007,'774eb290-7f66-449d-8373-a7c324dc672c','RECEIVED_PREPARE',NULL,'2023-03-30 15:39:48'),(1008,'774eb290-7f66-449d-8373-a7c324dc672c','RESERVED',NULL,'2023-03-30 15:39:48'),(1009,'2a927a8a-760f-44bf-a718-9edf1cc29e97','RECEIVED_FULFIL',NULL,'2023-03-30 15:39:48'),(1010,'774eb290-7f66-449d-8373-a7c324dc672c','RECEIVED_FULFIL',NULL,'2023-03-30 15:39:48'),(1011,'2a927a8a-760f-44bf-a718-9edf1cc29e97','COMMITTED',NULL,'2023-03-30 15:39:48'),(1012,'774eb290-7f66-449d-8373-a7c324dc672c','COMMITTED',NULL,'2023-03-30 15:39:48'),(1013,'8d381525-4fcd-48b7-b5b9-0b0535f5ec2a','RECEIVED_PREPARE',NULL,'2023-03-30 15:39:49'),(1014,'9d033cde-1c26-4dd7-88d9-297162236910','RECEIVED_PREPARE',NULL,'2023-03-30 15:39:49'),(1015,'8d381525-4fcd-48b7-b5b9-0b0535f5ec2a','RESERVED',NULL,'2023-03-30 15:39:49'),(1016,'9d033cde-1c26-4dd7-88d9-297162236910','RESERVED',NULL,'2023-03-30 15:39:49'),(1017,'8d381525-4fcd-48b7-b5b9-0b0535f5ec2a','RECEIVED_FULFIL',NULL,'2023-03-30 15:39:49'),(1018,'8d381525-4fcd-48b7-b5b9-0b0535f5ec2a','COMMITTED',NULL,'2023-03-30 15:39:49'),(1019,'9d033cde-1c26-4dd7-88d9-297162236910','RECEIVED_FULFIL',NULL,'2023-03-30 15:39:49'),(1020,'9d033cde-1c26-4dd7-88d9-297162236910','COMMITTED',NULL,'2023-03-30 15:39:49'),(1021,'146fc31c-a58d-4db0-b8e8-22397042a0d6','RECEIVED_PREPARE',NULL,'2023-03-30 15:39:49'),(1022,'146fc31c-a58d-4db0-b8e8-22397042a0d6','RESERVED',NULL,'2023-03-30 15:39:49'),(1023,'54d6a51d-c335-4f28-8e3e-d27dcf417b5e','RECEIVED_PREPARE',NULL,'2023-03-30 15:39:49'),(1024,'54d6a51d-c335-4f28-8e3e-d27dcf417b5e','RESERVED',NULL,'2023-03-30 15:39:49'),(1025,'146fc31c-a58d-4db0-b8e8-22397042a0d6','RECEIVED_FULFIL',NULL,'2023-03-30 15:39:50'),(1026,'146fc31c-a58d-4db0-b8e8-22397042a0d6','COMMITTED',NULL,'2023-03-30 15:39:50'),(1027,'54d6a51d-c335-4f28-8e3e-d27dcf417b5e','RECEIVED_FULFIL',NULL,'2023-03-30 15:39:50'),(1028,'54d6a51d-c335-4f28-8e3e-d27dcf417b5e','COMMITTED',NULL,'2023-03-30 15:39:50'),(1029,'c3af2351-692a-437f-97f8-8c5bc6bef5bd','RECEIVED_PREPARE',NULL,'2023-03-30 15:39:51'),(1030,'c3af2351-692a-437f-97f8-8c5bc6bef5bd','RESERVED',NULL,'2023-03-30 15:39:51'),(1031,'0037e13f-8b29-49d6-b1d0-5f14e0ae153e','RECEIVED_PREPARE',NULL,'2023-03-30 15:39:51'),(1032,'0037e13f-8b29-49d6-b1d0-5f14e0ae153e','RESERVED',NULL,'2023-03-30 15:39:51'),(1033,'c3af2351-692a-437f-97f8-8c5bc6bef5bd','RECEIVED_ERROR','An error occured','2023-03-30 15:39:51'),(1034,'0037e13f-8b29-49d6-b1d0-5f14e0ae153e','RECEIVED_ERROR','An error occured','2023-03-30 15:39:51'),(1035,'c3af2351-692a-437f-97f8-8c5bc6bef5bd','ABORTED_ERROR','An error occured','2023-03-30 15:39:51'),(1036,'0037e13f-8b29-49d6-b1d0-5f14e0ae153e','ABORTED_ERROR','An error occured','2023-03-30 15:39:51'),(1037,'9c3e87e0-b766-4ed6-865c-7f5e0bbecc96','INVALID','Participant testingtoolkitdfsp AED account not found','2023-03-30 15:39:53'),(1038,'75cb1b78-a0b1-436a-b86e-d74405826220','RECEIVED_PREPARE',NULL,'2023-03-30 15:39:53'),(1039,'75cb1b78-a0b1-436a-b86e-d74405826220','RESERVED',NULL,'2023-03-30 15:39:53'),(1040,'75cb1b78-a0b1-436a-b86e-d74405826220','RECEIVED_FULFIL',NULL,'2023-03-30 15:39:53'),(1041,'75cb1b78-a0b1-436a-b86e-d74405826220','COMMITTED',NULL,'2023-03-30 15:39:53'),(1042,'f467ac79-511e-4f70-9ee9-e878bdce36c5','RECEIVED_PREPARE',NULL,'2023-03-30 15:39:54'),(1043,'e2b8ee72-32bb-4317-826a-d1b3b376795e','RECEIVED_PREPARE',NULL,'2023-03-30 15:39:54'),(1044,'f467ac79-511e-4f70-9ee9-e878bdce36c5','RESERVED',NULL,'2023-03-30 15:39:54'),(1045,'e2b8ee72-32bb-4317-826a-d1b3b376795e','RESERVED',NULL,'2023-03-30 15:39:54'),(1046,'f467ac79-511e-4f70-9ee9-e878bdce36c5','RECEIVED_FULFIL',NULL,'2023-03-30 15:39:54'),(1047,'f467ac79-511e-4f70-9ee9-e878bdce36c5','COMMITTED',NULL,'2023-03-30 15:39:54'),(1048,'e2b8ee72-32bb-4317-826a-d1b3b376795e','RECEIVED_FULFIL',NULL,'2023-03-30 15:39:54'),(1049,'e2b8ee72-32bb-4317-826a-d1b3b376795e','COMMITTED',NULL,'2023-03-30 15:39:54'),(1050,'ca1caa09-db32-4ff0-8d2c-9b5557c22a40','RECEIVED_PREPARE',NULL,'2023-03-30 15:40:14'),(1051,'ca1caa09-db32-4ff0-8d2c-9b5557c22a40','RESERVED',NULL,'2023-03-30 15:40:14'),(1052,'d37b748a-988e-42af-92e0-8af93d355191','RECEIVED_PREPARE',NULL,'2023-03-30 15:40:14'),(1053,'d37b748a-988e-42af-92e0-8af93d355191','RESERVED',NULL,'2023-03-30 15:40:14'),(1054,'ca1caa09-db32-4ff0-8d2c-9b5557c22a40','RECEIVED_FULFIL',NULL,'2023-03-30 15:40:14'),(1055,'ca1caa09-db32-4ff0-8d2c-9b5557c22a40','COMMITTED',NULL,'2023-03-30 15:40:14'),(1056,'d37b748a-988e-42af-92e0-8af93d355191','RECEIVED_FULFIL',NULL,'2023-03-30 15:40:14'),(1057,'d37b748a-988e-42af-92e0-8af93d355191','COMMITTED',NULL,'2023-03-30 15:40:14'),(1058,'5a362d31-b7e1-4a7d-9996-697238f06337','RECEIVED_PREPARE',NULL,'2023-03-30 15:40:15'),(1059,'5a362d31-b7e1-4a7d-9996-697238f06337','RESERVED',NULL,'2023-03-30 15:40:15'),(1060,'960b9b0f-d05d-48f3-97e2-02d9002a8033','RECEIVED_PREPARE',NULL,'2023-03-30 15:40:15'),(1061,'960b9b0f-d05d-48f3-97e2-02d9002a8033','RESERVED',NULL,'2023-03-30 15:40:15'),(1062,'960b9b0f-d05d-48f3-97e2-02d9002a8033','RECEIVED_FULFIL',NULL,'2023-03-30 15:40:15'),(1063,'960b9b0f-d05d-48f3-97e2-02d9002a8033','COMMITTED',NULL,'2023-03-30 15:40:15'),(1064,'5a362d31-b7e1-4a7d-9996-697238f06337','RECEIVED_FULFIL',NULL,'2023-03-30 15:40:15'),(1065,'5a362d31-b7e1-4a7d-9996-697238f06337','COMMITTED',NULL,'2023-03-30 15:40:15'),(1066,'2307f67a-2348-4751-b72f-de04f4014dc3','RECEIVED_PREPARE',NULL,'2023-03-30 15:41:17'),(1067,'2307f67a-2348-4751-b72f-de04f4014dc3','RESERVED',NULL,'2023-03-30 15:41:17'),(1068,'cde993c4-9987-4095-a264-cf9e85b60a2a','RECEIVED_PREPARE',NULL,'2023-03-30 15:41:17'),(1069,'cde993c4-9987-4095-a264-cf9e85b60a2a','RESERVED',NULL,'2023-03-30 15:41:17'),(1070,'2307f67a-2348-4751-b72f-de04f4014dc3','RECEIVED_ERROR','Generic validation error - Bulk fulfil failed validation - completedTimestamp fails because future timestamp was provided','2023-03-30 15:41:17'),(1071,'cde993c4-9987-4095-a264-cf9e85b60a2a','RECEIVED_ERROR','Generic validation error - Bulk fulfil failed validation - completedTimestamp fails because future timestamp was provided','2023-03-30 15:41:17'),(1072,'2307f67a-2348-4751-b72f-de04f4014dc3','ABORTED_ERROR','Generic validation error - Bulk fulfil failed validation - completedTimestamp fails because future timestamp was provided','2023-03-30 15:41:17'),(1073,'cde993c4-9987-4095-a264-cf9e85b60a2a','ABORTED_ERROR','Generic validation error - Bulk fulfil failed validation - completedTimestamp fails because future timestamp was provided','2023-03-30 15:41:17'),(1074,'e2562020-604e-46d9-8078-f563d0f7e71a','RECEIVED_PREPARE',NULL,'2023-03-30 15:41:29'),(1075,'7c76a08f-2bf5-4f0b-8f64-21da732e4495','RECEIVED_PREPARE',NULL,'2023-03-30 15:41:29'),(1076,'e2562020-604e-46d9-8078-f563d0f7e71a','RESERVED',NULL,'2023-03-30 15:41:29'),(1077,'7c76a08f-2bf5-4f0b-8f64-21da732e4495','RESERVED',NULL,'2023-03-30 15:41:29'),(1078,'e2562020-604e-46d9-8078-f563d0f7e71a','RESERVED_TIMEOUT','Marked for expiration by Timeout Handler','2023-03-30 15:41:45'),(1079,'7c76a08f-2bf5-4f0b-8f64-21da732e4495','RESERVED_TIMEOUT','Marked for expiration by Timeout Handler','2023-03-30 15:41:45'),(1081,'e2562020-604e-46d9-8078-f563d0f7e71a','EXPIRED_RESERVED','Transfer expired','2023-03-30 15:41:45'),(1082,'7c76a08f-2bf5-4f0b-8f64-21da732e4495','EXPIRED_RESERVED','Transfer expired','2023-03-30 15:41:45'),(1083,'1febadf5-4b4c-4658-ae36-4b975692957d','RECEIVED_PREPARE',NULL,'2023-03-30 15:41:56'),(1084,'1febadf5-4b4c-4658-ae36-4b975692957d','RESERVED',NULL,'2023-03-30 15:41:56'),(1085,'6efc8f7c-b755-43ac-9f4f-fe515b318607','RECEIVED_PREPARE',NULL,'2023-03-30 15:41:56'),(1086,'6efc8f7c-b755-43ac-9f4f-fe515b318607','RESERVED',NULL,'2023-03-30 15:41:56'),(1087,'1febadf5-4b4c-4658-ae36-4b975692957d','RESERVED_TIMEOUT','Marked for expiration by Timeout Handler','2023-03-30 15:42:00'),(1088,'6efc8f7c-b755-43ac-9f4f-fe515b318607','RESERVED_TIMEOUT','Marked for expiration by Timeout Handler','2023-03-30 15:42:00'),(1090,'1febadf5-4b4c-4658-ae36-4b975692957d','EXPIRED_RESERVED','Transfer expired','2023-03-30 15:42:00'),(1091,'6efc8f7c-b755-43ac-9f4f-fe515b318607','EXPIRED_RESERVED','Transfer expired','2023-03-30 15:42:00'),(1092,'5f7ccba9-1703-4426-a737-27b5909d2afd','RECEIVED_PREPARE','string','2023-03-30 15:42:16'),(1093,'5f7ccba9-1703-4426-a737-27b5909d2afd','RESERVED','string','2023-03-30 15:42:16'),(1094,'5f7ccba9-1703-4426-a737-27b5909d2afd','RECEIVED_FULFIL','string','2023-03-30 15:42:16'),(1095,'5f7ccba9-1703-4426-a737-27b5909d2afd','COMMITTED','string','2023-03-30 15:42:16'),(1096,'f0a11fdd-9507-4913-9978-2887da728f5a','RECEIVED_PREPARE','string','2023-03-30 15:42:29'),(1097,'f0a11fdd-9507-4913-9978-2887da728f5a','RESERVED','string','2023-03-30 15:42:29'),(1098,'f0a11fdd-9507-4913-9978-2887da728f5a','RECEIVED_FULFIL','string','2023-03-30 15:42:29'),(1099,'f0a11fdd-9507-4913-9978-2887da728f5a','COMMITTED','string','2023-03-30 15:42:29'),(1100,'e337c4e1-bb87-4cff-ac41-b76061fc7643','RECEIVED_PREPARE',NULL,'2023-03-30 15:43:05'),(1101,'e337c4e1-bb87-4cff-ac41-b76061fc7643','RESERVED',NULL,'2023-03-30 15:43:05'),(1102,'e337c4e1-bb87-4cff-ac41-b76061fc7643','RECEIVED_FULFIL',NULL,'2023-03-30 15:43:05'),(1103,'e337c4e1-bb87-4cff-ac41-b76061fc7643','COMMITTED',NULL,'2023-03-30 15:43:05'),(1104,'b3923884-9072-48d1-a9b7-a6ebd0d491af','RECEIVED_PREPARE','string','2023-03-30 15:43:16'),(1105,'b3923884-9072-48d1-a9b7-a6ebd0d491af','RESERVED','string','2023-03-30 15:43:16'),(1106,'b3923884-9072-48d1-a9b7-a6ebd0d491af','RECEIVED_FULFIL','string','2023-03-30 15:43:16'),(1107,'b3923884-9072-48d1-a9b7-a6ebd0d491af','COMMITTED','string','2023-03-30 15:43:16'),(1108,'c220acb1-f8e0-4a5b-878a-01bd671be205','RECEIVED_PREPARE','string','2023-03-30 15:43:19'),(1109,'c220acb1-f8e0-4a5b-878a-01bd671be205','RESERVED','string','2023-03-30 15:43:19'),(1110,'c220acb1-f8e0-4a5b-878a-01bd671be205','RECEIVED_FULFIL','string','2023-03-30 15:43:19'),(1111,'c220acb1-f8e0-4a5b-878a-01bd671be205','COMMITTED','string','2023-03-30 15:43:19'),(1112,'fe551d60-8930-491f-8d96-4549baadba4f','RECEIVED_PREPARE','string','2023-03-30 15:43:28'),(1113,'fe551d60-8930-491f-8d96-4549baadba4f','RESERVED','string','2023-03-30 15:43:28'),(1114,'fe551d60-8930-491f-8d96-4549baadba4f','RECEIVED_FULFIL','string','2023-03-30 15:43:28'),(1115,'fe551d60-8930-491f-8d96-4549baadba4f','COMMITTED','string','2023-03-30 15:43:28'),(1116,'2f59581b-f2e4-4296-a6ff-9534088068ad','RECEIVED_PREPARE','string','2023-03-30 15:43:30'),(1117,'2f59581b-f2e4-4296-a6ff-9534088068ad','RESERVED','string','2023-03-30 15:43:30'),(1118,'2f59581b-f2e4-4296-a6ff-9534088068ad','RECEIVED_FULFIL','string','2023-03-30 15:43:30'),(1119,'2f59581b-f2e4-4296-a6ff-9534088068ad','COMMITTED','string','2023-03-30 15:43:30'),(1120,'41b68c88-0d4b-4c78-ba7c-74c455bb50a5','RECEIVED_PREPARE','string','2023-03-30 15:43:41'),(1121,'41b68c88-0d4b-4c78-ba7c-74c455bb50a5','RESERVED','string','2023-03-30 15:43:41'),(1122,'41b68c88-0d4b-4c78-ba7c-74c455bb50a5','RECEIVED_FULFIL','string','2023-03-30 15:43:41'),(1123,'41b68c88-0d4b-4c78-ba7c-74c455bb50a5','COMMITTED','string','2023-03-30 15:43:41'),(1124,'ce14010c-0f41-4716-845e-7d4dd48480ea','RECEIVED_PREPARE','string','2023-03-30 15:43:43'),(1125,'ce14010c-0f41-4716-845e-7d4dd48480ea','RESERVED','string','2023-03-30 15:43:43'),(1126,'ce14010c-0f41-4716-845e-7d4dd48480ea','RECEIVED_FULFIL','string','2023-03-30 15:43:43'),(1127,'ce14010c-0f41-4716-845e-7d4dd48480ea','COMMITTED','string','2023-03-30 15:43:43'),(1128,'2bd9865e-e9b0-4197-90e9-f2e08af39f44','RECEIVED_PREPARE',NULL,'2023-03-30 15:44:09'),(1129,'cfbceb98-9839-4b1d-b674-7831b1a263cc','RECEIVED_PREPARE',NULL,'2023-03-30 15:44:09'),(1130,'2bd9865e-e9b0-4197-90e9-f2e08af39f44','RESERVED',NULL,'2023-03-30 15:44:09'),(1131,'892a613d-e5a2-41df-ba53-3837e0fa6778','RECEIVED_PREPARE',NULL,'2023-03-30 15:44:09'),(1132,'cfbceb98-9839-4b1d-b674-7831b1a263cc','RESERVED',NULL,'2023-03-30 15:44:09'),(1133,'59b9605b-36c1-41c1-8db2-6fa7fd4e07ad','RECEIVED_PREPARE',NULL,'2023-03-30 15:44:09'),(1134,'892a613d-e5a2-41df-ba53-3837e0fa6778','RESERVED',NULL,'2023-03-30 15:44:09'),(1135,'59b9605b-36c1-41c1-8db2-6fa7fd4e07ad','RESERVED',NULL,'2023-03-30 15:44:09'),(1136,'73600c2a-177c-4c2f-b3cc-192ae0c5ebac','RECEIVED_PREPARE',NULL,'2023-03-30 15:44:09'),(1137,'73600c2a-177c-4c2f-b3cc-192ae0c5ebac','RESERVED',NULL,'2023-03-30 15:44:09'),(1138,'c53a13ae-ed33-4db9-8ab7-ef3717d81674','RECEIVED_PREPARE',NULL,'2023-03-30 15:44:09'),(1139,'c53a13ae-ed33-4db9-8ab7-ef3717d81674','RESERVED',NULL,'2023-03-30 15:44:09'),(1140,'c73f12f7-7304-40ad-a4dd-f9305d33c225','RECEIVED_PREPARE',NULL,'2023-03-30 15:44:09'),(1141,'0b89b060-45dd-471e-9725-0e7423e7f5ec','RECEIVED_PREPARE',NULL,'2023-03-30 15:44:09'),(1142,'c73f12f7-7304-40ad-a4dd-f9305d33c225','RESERVED',NULL,'2023-03-30 15:44:09'),(1143,'0b89b060-45dd-471e-9725-0e7423e7f5ec','RESERVED',NULL,'2023-03-30 15:44:09'),(1144,'ce4c160a-0fb1-4c80-acbf-d0abf2194aab','RECEIVED_PREPARE',NULL,'2023-03-30 15:44:10'),(1145,'ce4c160a-0fb1-4c80-acbf-d0abf2194aab','RESERVED',NULL,'2023-03-30 15:44:10'),(1146,'f9313692-0a0a-4af9-b110-27bee667a084','RECEIVED_PREPARE',NULL,'2023-03-30 15:44:10'),(1147,'f9313692-0a0a-4af9-b110-27bee667a084','RESERVED',NULL,'2023-03-30 15:44:10'),(1148,'2bd9865e-e9b0-4197-90e9-f2e08af39f44','RECEIVED_FULFIL',NULL,'2023-03-30 15:44:10'),(1149,'2bd9865e-e9b0-4197-90e9-f2e08af39f44','COMMITTED',NULL,'2023-03-30 15:44:10'),(1150,'cfbceb98-9839-4b1d-b674-7831b1a263cc','RECEIVED_FULFIL',NULL,'2023-03-30 15:44:10'),(1151,'cfbceb98-9839-4b1d-b674-7831b1a263cc','COMMITTED',NULL,'2023-03-30 15:44:10'),(1152,'59b9605b-36c1-41c1-8db2-6fa7fd4e07ad','RECEIVED_FULFIL',NULL,'2023-03-30 15:44:10'),(1153,'73600c2a-177c-4c2f-b3cc-192ae0c5ebac','RECEIVED_FULFIL',NULL,'2023-03-30 15:44:10'),(1154,'59b9605b-36c1-41c1-8db2-6fa7fd4e07ad','COMMITTED',NULL,'2023-03-30 15:44:10'),(1155,'892a613d-e5a2-41df-ba53-3837e0fa6778','RECEIVED_FULFIL',NULL,'2023-03-30 15:44:10'),(1156,'73600c2a-177c-4c2f-b3cc-192ae0c5ebac','COMMITTED',NULL,'2023-03-30 15:44:10'),(1157,'892a613d-e5a2-41df-ba53-3837e0fa6778','COMMITTED',NULL,'2023-03-30 15:44:10'),(1158,'c53a13ae-ed33-4db9-8ab7-ef3717d81674','RECEIVED_FULFIL',NULL,'2023-03-30 15:44:10'),(1159,'c53a13ae-ed33-4db9-8ab7-ef3717d81674','COMMITTED',NULL,'2023-03-30 15:44:10'),(1160,'c73f12f7-7304-40ad-a4dd-f9305d33c225','RECEIVED_FULFIL',NULL,'2023-03-30 15:44:10'),(1161,'c73f12f7-7304-40ad-a4dd-f9305d33c225','COMMITTED',NULL,'2023-03-30 15:44:10'),(1162,'0b89b060-45dd-471e-9725-0e7423e7f5ec','RECEIVED_FULFIL',NULL,'2023-03-30 15:44:10'),(1163,'0b89b060-45dd-471e-9725-0e7423e7f5ec','COMMITTED',NULL,'2023-03-30 15:44:10'),(1164,'f9313692-0a0a-4af9-b110-27bee667a084','RECEIVED_FULFIL',NULL,'2023-03-30 15:44:10'),(1165,'f9313692-0a0a-4af9-b110-27bee667a084','COMMITTED',NULL,'2023-03-30 15:44:10'),(1166,'ce4c160a-0fb1-4c80-acbf-d0abf2194aab','RECEIVED_FULFIL',NULL,'2023-03-30 15:44:10'),(1167,'ce4c160a-0fb1-4c80-acbf-d0abf2194aab','COMMITTED',NULL,'2023-03-30 15:44:10'),(1168,'a01f0624-00f2-4052-88aa-c358853b2472','RECEIVED_PREPARE',NULL,'2023-03-30 15:44:12'),(1169,'a01f0624-00f2-4052-88aa-c358853b2472','RESERVED',NULL,'2023-03-30 15:44:12'),(1170,'f9c7ee57-382b-4529-992f-80521cbaddaa','RECEIVED_PREPARE',NULL,'2023-03-30 15:44:12'),(1171,'f9c7ee57-382b-4529-992f-80521cbaddaa','RESERVED',NULL,'2023-03-30 15:44:12'),(1172,'f61f3548-8364-45fa-8c49-860f07d71c75','RECEIVED_PREPARE',NULL,'2023-03-30 15:44:12'),(1173,'f61f3548-8364-45fa-8c49-860f07d71c75','RESERVED',NULL,'2023-03-30 15:44:12'),(1174,'7c1168a5-a75e-4220-9a3f-b211f9b9fdef','RECEIVED_PREPARE',NULL,'2023-03-30 15:44:13'),(1175,'7c1168a5-a75e-4220-9a3f-b211f9b9fdef','RESERVED',NULL,'2023-03-30 15:44:13'),(1176,'ff56ee02-f293-44c8-b7b9-14eeb4be08ac','RECEIVED_PREPARE',NULL,'2023-03-30 15:44:13'),(1177,'0c6d1f94-515e-45a2-b340-3e02ce0017d8','RECEIVED_PREPARE',NULL,'2023-03-30 15:44:13'),(1178,'ff56ee02-f293-44c8-b7b9-14eeb4be08ac','RESERVED',NULL,'2023-03-30 15:44:13'),(1179,'d0d041bf-a909-4edb-9557-96fa705e8236','RECEIVED_PREPARE',NULL,'2023-03-30 15:44:13'),(1180,'0c6d1f94-515e-45a2-b340-3e02ce0017d8','RESERVED',NULL,'2023-03-30 15:44:13'),(1181,'d0d041bf-a909-4edb-9557-96fa705e8236','RESERVED',NULL,'2023-03-30 15:44:13'),(1182,'08ec4e1e-37fb-45bc-8db5-213944faffe4','RECEIVED_PREPARE',NULL,'2023-03-30 15:44:13'),(1183,'08ec4e1e-37fb-45bc-8db5-213944faffe4','RESERVED',NULL,'2023-03-30 15:44:13'),(1184,'b9c8f3fe-1246-4c67-8bdb-83c54ef7819e','RECEIVED_PREPARE',NULL,'2023-03-30 15:44:13'),(1185,'b9c8f3fe-1246-4c67-8bdb-83c54ef7819e','RESERVED',NULL,'2023-03-30 15:44:13'),(1186,'3d5ddf3e-e703-466a-a4c2-32635f42ab61','RECEIVED_PREPARE',NULL,'2023-03-30 15:44:13'),(1187,'a01f0624-00f2-4052-88aa-c358853b2472','RECEIVED_FULFIL',NULL,'2023-03-30 15:44:13'),(1188,'3d5ddf3e-e703-466a-a4c2-32635f42ab61','RESERVED',NULL,'2023-03-30 15:44:13'),(1189,'f9c7ee57-382b-4529-992f-80521cbaddaa','RECEIVED_FULFIL',NULL,'2023-03-30 15:44:13'),(1190,'a01f0624-00f2-4052-88aa-c358853b2472','COMMITTED',NULL,'2023-03-30 15:44:13'),(1191,'f9c7ee57-382b-4529-992f-80521cbaddaa','COMMITTED',NULL,'2023-03-30 15:44:13'),(1192,'f61f3548-8364-45fa-8c49-860f07d71c75','RECEIVED_FULFIL',NULL,'2023-03-30 15:44:13'),(1193,'f61f3548-8364-45fa-8c49-860f07d71c75','COMMITTED',NULL,'2023-03-30 15:44:13'),(1194,'7c1168a5-a75e-4220-9a3f-b211f9b9fdef','RECEIVED_FULFIL',NULL,'2023-03-30 15:44:13'),(1195,'7c1168a5-a75e-4220-9a3f-b211f9b9fdef','COMMITTED',NULL,'2023-03-30 15:44:13'),(1196,'ff56ee02-f293-44c8-b7b9-14eeb4be08ac','RECEIVED_FULFIL',NULL,'2023-03-30 15:44:13'),(1197,'ff56ee02-f293-44c8-b7b9-14eeb4be08ac','COMMITTED',NULL,'2023-03-30 15:44:13'),(1198,'0c6d1f94-515e-45a2-b340-3e02ce0017d8','RECEIVED_FULFIL',NULL,'2023-03-30 15:44:13'),(1199,'0c6d1f94-515e-45a2-b340-3e02ce0017d8','COMMITTED',NULL,'2023-03-30 15:44:13'),(1200,'d0d041bf-a909-4edb-9557-96fa705e8236','RECEIVED_FULFIL',NULL,'2023-03-30 15:44:13'),(1201,'d0d041bf-a909-4edb-9557-96fa705e8236','COMMITTED',NULL,'2023-03-30 15:44:13'),(1202,'08ec4e1e-37fb-45bc-8db5-213944faffe4','RECEIVED_FULFIL',NULL,'2023-03-30 15:44:13'),(1203,'08ec4e1e-37fb-45bc-8db5-213944faffe4','COMMITTED',NULL,'2023-03-30 15:44:13'),(1204,'b9c8f3fe-1246-4c67-8bdb-83c54ef7819e','RECEIVED_FULFIL',NULL,'2023-03-30 15:44:13'),(1205,'b9c8f3fe-1246-4c67-8bdb-83c54ef7819e','COMMITTED',NULL,'2023-03-30 15:44:13'),(1206,'3d5ddf3e-e703-466a-a4c2-32635f42ab61','RECEIVED_FULFIL',NULL,'2023-03-30 15:44:13'),(1207,'3d5ddf3e-e703-466a-a4c2-32635f42ab61','COMMITTED',NULL,'2023-03-30 15:44:13'),(1208,'5b218178-f76a-4a4b-ab81-8ee69ff50ac1','RECEIVED_PREPARE',NULL,'2023-03-30 15:44:14'),(1209,'60314569-070f-4936-9be0-946e578edf00','RECEIVED_PREPARE',NULL,'2023-03-30 15:44:14'),(1210,'5b218178-f76a-4a4b-ab81-8ee69ff50ac1','RESERVED',NULL,'2023-03-30 15:44:14'),(1211,'f4571830-1cf3-4d89-937a-f465956ede39','RECEIVED_PREPARE',NULL,'2023-03-30 15:44:14'),(1212,'60314569-070f-4936-9be0-946e578edf00','RESERVED',NULL,'2023-03-30 15:44:14'),(1213,'94b4e893-a4d9-4e58-843f-0e278ceeeacd','RECEIVED_PREPARE',NULL,'2023-03-30 15:44:14'),(1214,'f4571830-1cf3-4d89-937a-f465956ede39','RESERVED',NULL,'2023-03-30 15:44:14'),(1215,'94b4e893-a4d9-4e58-843f-0e278ceeeacd','RESERVED',NULL,'2023-03-30 15:44:14'),(1216,'5b218178-f76a-4a4b-ab81-8ee69ff50ac1','RECEIVED_FULFIL',NULL,'2023-03-30 15:44:14'),(1217,'5b218178-f76a-4a4b-ab81-8ee69ff50ac1','COMMITTED',NULL,'2023-03-30 15:44:14'),(1218,'60314569-070f-4936-9be0-946e578edf00','RECEIVED_FULFIL',NULL,'2023-03-30 15:44:14'),(1219,'60314569-070f-4936-9be0-946e578edf00','COMMITTED',NULL,'2023-03-30 15:44:14'),(1220,'f4571830-1cf3-4d89-937a-f465956ede39','RECEIVED_FULFIL',NULL,'2023-03-30 15:44:14'),(1221,'f4571830-1cf3-4d89-937a-f465956ede39','COMMITTED',NULL,'2023-03-30 15:44:14'),(1222,'94b4e893-a4d9-4e58-843f-0e278ceeeacd','RECEIVED_FULFIL',NULL,'2023-03-30 15:44:14'),(1223,'94b4e893-a4d9-4e58-843f-0e278ceeeacd','COMMITTED',NULL,'2023-03-30 15:44:14'),(1224,'d06c6752-b829-4c2a-989b-6f96956c413e','RECEIVED_PREPARE',NULL,'2023-03-30 15:44:17'),(1225,'d06c6752-b829-4c2a-989b-6f96956c413e','RESERVED',NULL,'2023-03-30 15:44:17'),(1226,'2af9dfd1-220f-4d5f-9b1a-1ad3fa545a11','RECEIVED_PREPARE',NULL,'2023-03-30 15:44:17'),(1227,'2af9dfd1-220f-4d5f-9b1a-1ad3fa545a11','RESERVED',NULL,'2023-03-30 15:44:17'),(1228,'5e927a09-8a11-4405-ac05-05549d9c80d9','RECEIVED_PREPARE',NULL,'2023-03-30 15:44:17'),(1229,'5e927a09-8a11-4405-ac05-05549d9c80d9','RESERVED',NULL,'2023-03-30 15:44:17'),(1230,'58e5fba7-b782-4f5f-b6f5-03dc7dff8f00','RECEIVED_PREPARE',NULL,'2023-03-30 15:44:17'),(1231,'58e5fba7-b782-4f5f-b6f5-03dc7dff8f00','RESERVED',NULL,'2023-03-30 15:44:17'),(1232,'3f3e5771-7ba3-46cb-864c-a30dfbc01b6a','RECEIVED_PREPARE',NULL,'2023-03-30 15:44:17'),(1233,'3f3e5771-7ba3-46cb-864c-a30dfbc01b6a','RESERVED',NULL,'2023-03-30 15:44:17'),(1234,'f3d919ad-d5a5-4c9c-b677-bb6317cd7ca3','RECEIVED_PREPARE',NULL,'2023-03-30 15:44:17'),(1235,'f3d919ad-d5a5-4c9c-b677-bb6317cd7ca3','RESERVED',NULL,'2023-03-30 15:44:17'),(1236,'8863e181-053b-433c-87f3-d33bb35cfec5','RECEIVED_PREPARE',NULL,'2023-03-30 15:44:17'),(1237,'8863e181-053b-433c-87f3-d33bb35cfec5','RESERVED',NULL,'2023-03-30 15:44:17'),(1238,'af754401-2a9d-436a-8a26-6e03bbc17eac','RECEIVED_PREPARE',NULL,'2023-03-30 15:44:17'),(1239,'af754401-2a9d-436a-8a26-6e03bbc17eac','RESERVED',NULL,'2023-03-30 15:44:17'),(1240,'8dae85fa-f4a4-4534-9206-b20e61d64e73','RECEIVED_PREPARE',NULL,'2023-03-30 15:44:17'),(1241,'8dae85fa-f4a4-4534-9206-b20e61d64e73','RESERVED',NULL,'2023-03-30 15:44:17'),(1242,'d06c6752-b829-4c2a-989b-6f96956c413e','RECEIVED_FULFIL',NULL,'2023-03-30 15:44:17'),(1243,'e26748cc-8c28-45c8-a367-d4de14f152af','RECEIVED_PREPARE',NULL,'2023-03-30 15:44:17'),(1244,'d06c6752-b829-4c2a-989b-6f96956c413e','COMMITTED',NULL,'2023-03-30 15:44:17'),(1245,'2af9dfd1-220f-4d5f-9b1a-1ad3fa545a11','RECEIVED_FULFIL',NULL,'2023-03-30 15:44:17'),(1246,'5e927a09-8a11-4405-ac05-05549d9c80d9','RECEIVED_FULFIL',NULL,'2023-03-30 15:44:17'),(1247,'e26748cc-8c28-45c8-a367-d4de14f152af','RESERVED',NULL,'2023-03-30 15:44:17'),(1248,'2af9dfd1-220f-4d5f-9b1a-1ad3fa545a11','COMMITTED',NULL,'2023-03-30 15:44:17'),(1249,'58e5fba7-b782-4f5f-b6f5-03dc7dff8f00','RECEIVED_FULFIL',NULL,'2023-03-30 15:44:17'),(1250,'5e927a09-8a11-4405-ac05-05549d9c80d9','COMMITTED',NULL,'2023-03-30 15:44:17'),(1251,'58e5fba7-b782-4f5f-b6f5-03dc7dff8f00','COMMITTED',NULL,'2023-03-30 15:44:17'),(1252,'3f3e5771-7ba3-46cb-864c-a30dfbc01b6a','RECEIVED_FULFIL',NULL,'2023-03-30 15:44:17'),(1253,'3f3e5771-7ba3-46cb-864c-a30dfbc01b6a','COMMITTED',NULL,'2023-03-30 15:44:17'),(1254,'f3d919ad-d5a5-4c9c-b677-bb6317cd7ca3','RECEIVED_FULFIL',NULL,'2023-03-30 15:44:17'),(1255,'f3d919ad-d5a5-4c9c-b677-bb6317cd7ca3','COMMITTED',NULL,'2023-03-30 15:44:17'),(1256,'8863e181-053b-433c-87f3-d33bb35cfec5','RECEIVED_FULFIL',NULL,'2023-03-30 15:44:17'),(1257,'af754401-2a9d-436a-8a26-6e03bbc17eac','RECEIVED_FULFIL',NULL,'2023-03-30 15:44:17'),(1258,'8863e181-053b-433c-87f3-d33bb35cfec5','COMMITTED',NULL,'2023-03-30 15:44:17'),(1259,'8dae85fa-f4a4-4534-9206-b20e61d64e73','RECEIVED_FULFIL',NULL,'2023-03-30 15:44:17'),(1260,'af754401-2a9d-436a-8a26-6e03bbc17eac','COMMITTED',NULL,'2023-03-30 15:44:17'),(1261,'e26748cc-8c28-45c8-a367-d4de14f152af','RECEIVED_FULFIL',NULL,'2023-03-30 15:44:17'),(1262,'8dae85fa-f4a4-4534-9206-b20e61d64e73','COMMITTED',NULL,'2023-03-30 15:44:17'),(1263,'e26748cc-8c28-45c8-a367-d4de14f152af','COMMITTED',NULL,'2023-03-30 15:44:18'),(1264,'36515a29-750f-4a4e-bf2c-fd4bf5972919','RECEIVED_PREPARE',NULL,'2023-03-30 15:46:01'),(1265,'082b4fe3-af25-40d7-893b-ccde5a81fb4d','RECEIVED_PREPARE',NULL,'2023-03-30 15:46:01'),(1266,'36515a29-750f-4a4e-bf2c-fd4bf5972919','RESERVED',NULL,'2023-03-30 15:46:01'),(1267,'082b4fe3-af25-40d7-893b-ccde5a81fb4d','RESERVED',NULL,'2023-03-30 15:46:01'),(1268,'36515a29-750f-4a4e-bf2c-fd4bf5972919','RECEIVED_ERROR','Cannot process the bulk transfer','2023-03-30 15:46:01'),(1269,'36515a29-750f-4a4e-bf2c-fd4bf5972919','ABORTED_ERROR','Cannot process the bulk transfer','2023-03-30 15:46:01'),(1270,'082b4fe3-af25-40d7-893b-ccde5a81fb4d','RECEIVED_ERROR','Cannot process the bulk transfer','2023-03-30 15:46:01'),(1271,'082b4fe3-af25-40d7-893b-ccde5a81fb4d','ABORTED_ERROR','Cannot process the bulk transfer','2023-03-30 15:46:01'),(1272,'2a62193d-9195-4d71-beb1-abd49d1bd252','RECEIVED_PREPARE',NULL,'2023-03-30 15:46:02'),(1273,'2a62193d-9195-4d71-beb1-abd49d1bd252','RESERVED',NULL,'2023-03-30 15:46:02'),(1274,'45db99ac-4e83-4500-8e5c-3e3c0c92ec55','RECEIVED_PREPARE',NULL,'2023-03-30 15:46:02'),(1275,'45db99ac-4e83-4500-8e5c-3e3c0c92ec55','RESERVED',NULL,'2023-03-30 15:46:02'),(1276,'e0c20f96-897c-409a-9a17-92d0403b855b','RECEIVED_PREPARE',NULL,'2023-03-30 15:46:22'),(1277,'e0c20f96-897c-409a-9a17-92d0403b855b','RESERVED',NULL,'2023-03-30 15:46:22'),(1278,'829d07f3-7785-4052-958e-44c53564d423','RECEIVED_PREPARE',NULL,'2023-03-30 15:46:22'),(1279,'829d07f3-7785-4052-958e-44c53564d423','RESERVED',NULL,'2023-03-30 15:46:22'),(1280,'6331d0a3-1560-4013-b612-88288a9692fa','RECEIVED_PREPARE',NULL,'2023-03-30 15:46:22'),(1281,'6331d0a3-1560-4013-b612-88288a9692fa','RESERVED',NULL,'2023-03-30 15:46:22'),(1282,'e0c20f96-897c-409a-9a17-92d0403b855b','RECEIVED_FULFIL',NULL,'2023-03-30 15:46:22'),(1283,'e0c20f96-897c-409a-9a17-92d0403b855b','COMMITTED',NULL,'2023-03-30 15:46:22'),(1284,'829d07f3-7785-4052-958e-44c53564d423','RECEIVED_ERROR','Cannot process the bulk transfer','2023-03-30 15:46:22'),(1285,'829d07f3-7785-4052-958e-44c53564d423','ABORTED_ERROR','Cannot process the bulk transfer','2023-03-30 15:46:22'),(1286,'6331d0a3-1560-4013-b612-88288a9692fa','RECEIVED_ERROR','Cannot process the bulk transfer','2023-03-30 15:46:22'),(1287,'6331d0a3-1560-4013-b612-88288a9692fa','ABORTED_ERROR','Cannot process the bulk transfer','2023-03-30 15:46:22'),(1288,'5327fb39-5b70-4108-bd19-2004d647c70b','RECEIVED_PREPARE',NULL,'2023-03-30 15:46:23'),(1289,'5327fb39-5b70-4108-bd19-2004d647c70b','RESERVED',NULL,'2023-03-30 15:46:23'),(1290,'39623591-6ac8-49d5-bc3e-c96c399832f4','RECEIVED_PREPARE',NULL,'2023-03-30 15:46:23'),(1291,'39623591-6ac8-49d5-bc3e-c96c399832f4','RESERVED',NULL,'2023-03-30 15:46:23'),(1292,'ec3031e6-cfc4-49e9-80f9-d905700341a9','RECEIVED_PREPARE',NULL,'2023-03-30 15:46:23'),(1293,'ec3031e6-cfc4-49e9-80f9-d905700341a9','RESERVED',NULL,'2023-03-30 15:46:23'),(1294,'5327fb39-5b70-4108-bd19-2004d647c70b','RECEIVED_FULFIL',NULL,'2023-03-30 15:46:23'),(1295,'5327fb39-5b70-4108-bd19-2004d647c70b','COMMITTED',NULL,'2023-03-30 15:46:23'),(1296,'ef58d496-7061-4cab-b7c0-478f7e2fbd79','RECEIVED_PREPARE','Settlement transfer prepare','2023-03-30 15:47:01'),(1297,'304a8d6f-0cf9-48f1-8400-52db9067ae62','RECEIVED_PREPARE','Settlement transfer prepare','2023-03-30 15:47:01'),(1298,'cd0b1099-5452-4d12-a9af-2a4b54de022d','RECEIVED_PREPARE','Settlement transfer prepare','2023-03-30 15:47:01'),(1299,'678875b4-c91a-4b1f-ac0a-c92d9023757f','RECEIVED_PREPARE','Settlement transfer prepare','2023-03-30 15:47:01'),(1300,'27ab6bb2-d12c-42a0-beae-ddca5ded25c8','RECEIVED_PREPARE','Settlement transfer prepare','2023-03-30 15:47:01'),(1301,'cb0ea07d-8948-4753-8919-82d5e7ce6d26','RECEIVED_PREPARE','Settlement transfer prepare','2023-03-30 15:47:01'),(1302,'a786e7c6-7f40-4818-92bd-f081b4b5ce37','RECEIVED_PREPARE','Settlement transfer prepare','2023-03-30 15:47:01'),(1303,'1d8624b5-7579-425d-a67d-97740b4168b7','RECEIVED_PREPARE','Settlement transfer prepare','2023-03-30 15:47:01'),(1304,'afaa42ab-ce4b-4f38-9749-5f0fb846bdec','RECEIVED_PREPARE','Settlement transfer prepare','2023-03-30 15:47:01'),(1305,'ef58d496-7061-4cab-b7c0-478f7e2fbd79','RESERVED','Settlement transfer reserve','2023-03-30 15:47:01'),(1306,'304a8d6f-0cf9-48f1-8400-52db9067ae62','RESERVED','Settlement transfer reserve','2023-03-30 15:47:01'),(1307,'cd0b1099-5452-4d12-a9af-2a4b54de022d','RESERVED','Settlement transfer reserve','2023-03-30 15:47:01'),(1308,'678875b4-c91a-4b1f-ac0a-c92d9023757f','RESERVED','Settlement transfer reserve','2023-03-30 15:47:01'),(1309,'27ab6bb2-d12c-42a0-beae-ddca5ded25c8','RESERVED','Settlement transfer reserve','2023-03-30 15:47:01'),(1310,'cb0ea07d-8948-4753-8919-82d5e7ce6d26','RESERVED','Settlement transfer reserve','2023-03-30 15:47:01'),(1311,'a786e7c6-7f40-4818-92bd-f081b4b5ce37','RESERVED','Settlement transfer reserve','2023-03-30 15:47:01'),(1312,'1d8624b5-7579-425d-a67d-97740b4168b7','RESERVED','Settlement transfer reserve','2023-03-30 15:47:01'),(1313,'afaa42ab-ce4b-4f38-9749-5f0fb846bdec','RESERVED','Settlement transfer reserve','2023-03-30 15:47:01'),(1314,'ef58d496-7061-4cab-b7c0-478f7e2fbd79','RECEIVED_FULFIL','Settlement transfer commit initiated','2023-03-30 15:47:01'),(1315,'ef58d496-7061-4cab-b7c0-478f7e2fbd79','COMMITTED','Settlement transfer commit','2023-03-30 15:47:01'),(1316,'304a8d6f-0cf9-48f1-8400-52db9067ae62','RECEIVED_FULFIL','Settlement transfer commit initiated','2023-03-30 15:47:01'),(1317,'304a8d6f-0cf9-48f1-8400-52db9067ae62','COMMITTED','Settlement transfer commit','2023-03-30 15:47:01'),(1318,'cd0b1099-5452-4d12-a9af-2a4b54de022d','RECEIVED_FULFIL','Settlement transfer commit initiated','2023-03-30 15:47:01'),(1319,'cd0b1099-5452-4d12-a9af-2a4b54de022d','COMMITTED','Settlement transfer commit','2023-03-30 15:47:01'),(1320,'678875b4-c91a-4b1f-ac0a-c92d9023757f','RECEIVED_FULFIL','Settlement transfer commit initiated','2023-03-30 15:47:01'),(1321,'678875b4-c91a-4b1f-ac0a-c92d9023757f','COMMITTED','Settlement transfer commit','2023-03-30 15:47:01'),(1322,'27ab6bb2-d12c-42a0-beae-ddca5ded25c8','RECEIVED_FULFIL','Settlement transfer commit initiated','2023-03-30 15:47:01'),(1323,'27ab6bb2-d12c-42a0-beae-ddca5ded25c8','COMMITTED','Settlement transfer commit','2023-03-30 15:47:01'),(1324,'cb0ea07d-8948-4753-8919-82d5e7ce6d26','RECEIVED_FULFIL','Settlement transfer commit initiated','2023-03-30 15:47:01'),(1325,'cb0ea07d-8948-4753-8919-82d5e7ce6d26','COMMITTED','Settlement transfer commit','2023-03-30 15:47:01'),(1326,'a786e7c6-7f40-4818-92bd-f081b4b5ce37','RECEIVED_FULFIL','Settlement transfer commit initiated','2023-03-30 15:47:01'),(1327,'a786e7c6-7f40-4818-92bd-f081b4b5ce37','COMMITTED','Settlement transfer commit','2023-03-30 15:47:01'),(1328,'1d8624b5-7579-425d-a67d-97740b4168b7','RECEIVED_FULFIL','Settlement transfer commit initiated','2023-03-30 15:47:01'),(1329,'1d8624b5-7579-425d-a67d-97740b4168b7','COMMITTED','Settlement transfer commit','2023-03-30 15:47:01'),(1330,'afaa42ab-ce4b-4f38-9749-5f0fb846bdec','RECEIVED_FULFIL','Settlement transfer commit initiated','2023-03-30 15:47:01'),(1331,'afaa42ab-ce4b-4f38-9749-5f0fb846bdec','COMMITTED','Settlement transfer commit','2023-03-30 15:47:01'),(1332,'2a62193d-9195-4d71-beb1-abd49d1bd252','RESERVED_TIMEOUT','Marked for expiration by Timeout Handler','2023-03-30 15:47:15'),(1333,'45db99ac-4e83-4500-8e5c-3e3c0c92ec55','RESERVED_TIMEOUT','Marked for expiration by Timeout Handler','2023-03-30 15:47:15'),(1335,'2a62193d-9195-4d71-beb1-abd49d1bd252','EXPIRED_RESERVED','Transfer expired','2023-03-30 15:47:15'),(1336,'45db99ac-4e83-4500-8e5c-3e3c0c92ec55','EXPIRED_RESERVED','Transfer expired','2023-03-30 15:47:15'),(1337,'39623591-6ac8-49d5-bc3e-c96c399832f4','RESERVED_TIMEOUT','Marked for expiration by Timeout Handler','2023-03-30 15:47:30'),(1338,'ec3031e6-cfc4-49e9-80f9-d905700341a9','RESERVED_TIMEOUT','Marked for expiration by Timeout Handler','2023-03-30 15:47:30'),(1340,'39623591-6ac8-49d5-bc3e-c96c399832f4','EXPIRED_RESERVED','Transfer expired','2023-03-30 15:47:30'),(1341,'ec3031e6-cfc4-49e9-80f9-d905700341a9','EXPIRED_RESERVED','Transfer expired','2023-03-30 15:47:30');
/*!40000 ALTER TABLE `transferStateChange` ENABLE KEYS */;
UNLOCK TABLES;

--
-- Table structure for table `transferTimeout`
--

DROP TABLE IF EXISTS `transferTimeout`;
/*!40101 SET @saved_cs_client     = @@character_set_client */;
/*!50503 SET character_set_client = utf8mb4 */;
CREATE TABLE `transferTimeout` (
  `transferTimeoutId` bigint unsigned NOT NULL AUTO_INCREMENT,
  `transferId` varchar(36) NOT NULL,
  `expirationDate` datetime NOT NULL,
  `createdDate` datetime NOT NULL DEFAULT CURRENT_TIMESTAMP,
  PRIMARY KEY (`transferTimeoutId`),
  UNIQUE KEY `transfertimeout_transferid_unique` (`transferId`),
  CONSTRAINT `transfertimeout_transferid_foreign` FOREIGN KEY (`transferId`) REFERENCES `transfer` (`transferId`)
) ENGINE=InnoDB AUTO_INCREMENT=73 DEFAULT CHARSET=utf8mb3;
/*!40101 SET character_set_client = @saved_cs_client */;

--
-- Dumping data for table `transferTimeout`
--

LOCK TABLES `transferTimeout` WRITE;
/*!40000 ALTER TABLE `transferTimeout` DISABLE KEYS */;
/*!40000 ALTER TABLE `transferTimeout` ENABLE KEYS */;
UNLOCK TABLES;

--
-- Final view structure for view `quotePartyView`
--

/*!50001 DROP VIEW IF EXISTS `quotePartyView`*/;
/*!50001 SET @saved_cs_client          = @@character_set_client */;
/*!50001 SET @saved_cs_results         = @@character_set_results */;
/*!50001 SET @saved_col_connection     = @@collation_connection */;
/*!50001 SET character_set_client      = utf8mb3 */;
/*!50001 SET character_set_results     = utf8mb3 */;
/*!50001 SET collation_connection      = utf8mb3_general_ci */;
/*!50001 CREATE ALGORITHM=UNDEFINED */
/*!50013 DEFINER=`central_ledger`@`%` SQL SECURITY DEFINER */
/*!50001 VIEW `quotePartyView` AS select `qp`.`quoteId` AS `quoteId`,`qp`.`quotePartyId` AS `quotePartyId`,`pt`.`name` AS `partyType`,`pit`.`name` AS `identifierType`,`qp`.`partyIdentifierValue` AS `partyIdentifierValue`,`qp`.`partySubIdOrTypeId` AS `partySubIdOrType`,`qp`.`fspId` AS `fspId`,`qp`.`merchantClassificationCode` AS `merchantClassificationCode`,`qp`.`partyName` AS `partyName`,`p`.`firstName` AS `firstName`,`p`.`lastName` AS `lastName`,`p`.`middleName` AS `middleName`,`p`.`dateOfBirth` AS `dateOfBirth`,`gc`.`longitude` AS `longitude`,`gc`.`latitude` AS `latitude` from ((((`quoteParty` `qp` join `partyType` `pt` on((`pt`.`partyTypeId` = `qp`.`partyTypeId`))) join `partyIdentifierType` `pit` on((`pit`.`partyIdentifierTypeId` = `qp`.`partyIdentifierTypeId`))) left join `party` `p` on((`p`.`quotePartyId` = `qp`.`quotePartyId`))) left join `geoCode` `gc` on((`gc`.`quotePartyId` = `qp`.`quotePartyId`))) */;
/*!50001 SET character_set_client      = @saved_cs_client */;
/*!50001 SET character_set_results     = @saved_cs_results */;
/*!50001 SET collation_connection      = @saved_col_connection */;

--
-- Final view structure for view `quoteResponseView`
--

/*!50001 DROP VIEW IF EXISTS `quoteResponseView`*/;
/*!50001 SET @saved_cs_client          = @@character_set_client */;
/*!50001 SET @saved_cs_results         = @@character_set_results */;
/*!50001 SET @saved_col_connection     = @@collation_connection */;
/*!50001 SET character_set_client      = utf8mb3 */;
/*!50001 SET character_set_results     = utf8mb3 */;
/*!50001 SET collation_connection      = utf8mb3_general_ci */;
/*!50001 CREATE ALGORITHM=UNDEFINED */
/*!50013 DEFINER=`central_ledger`@`%` SQL SECURITY DEFINER */
/*!50001 VIEW `quoteResponseView` AS select `qr`.`quoteResponseId` AS `quoteResponseId`,`qr`.`quoteId` AS `quoteId`,`qr`.`transferAmountCurrencyId` AS `transferAmountCurrencyId`,`qr`.`transferAmount` AS `transferAmount`,`qr`.`payeeReceiveAmountCurrencyId` AS `payeeReceiveAmountCurrencyId`,`qr`.`payeeReceiveAmount` AS `payeeReceiveAmount`,`qr`.`payeeFspFeeCurrencyId` AS `payeeFspFeeCurrencyId`,`qr`.`payeeFspFeeAmount` AS `payeeFspFeeAmount`,`qr`.`payeeFspCommissionCurrencyId` AS `payeeFspCommissionCurrencyId`,`qr`.`payeeFspCommissionAmount` AS `payeeFspCommissionAmount`,`qr`.`ilpCondition` AS `ilpCondition`,`qr`.`responseExpirationDate` AS `responseExpirationDate`,`qr`.`isValid` AS `isValid`,`qr`.`createdDate` AS `createdDate`,`qrilp`.`value` AS `ilpPacket`,`gc`.`longitude` AS `longitude`,`gc`.`latitude` AS `latitude` from ((((`quoteResponse` `qr` join `quoteResponseIlpPacket` `qrilp` on((`qrilp`.`quoteResponseId` = `qr`.`quoteResponseId`))) join `quoteParty` `qp` on((`qp`.`quoteId` = `qr`.`quoteId`))) join `partyType` `pt` on((`pt`.`partyTypeId` = `qp`.`partyTypeId`))) left join `geoCode` `gc` on((`gc`.`quotePartyId` = `qp`.`quotePartyId`))) where (`pt`.`name` = 'PAYEE') */;
/*!50001 SET character_set_client      = @saved_cs_client */;
/*!50001 SET character_set_results     = @saved_cs_results */;
/*!50001 SET collation_connection      = @saved_col_connection */;

--
-- Final view structure for view `quoteView`
--

/*!50001 DROP VIEW IF EXISTS `quoteView`*/;
/*!50001 SET @saved_cs_client          = @@character_set_client */;
/*!50001 SET @saved_cs_results         = @@character_set_results */;
/*!50001 SET @saved_col_connection     = @@collation_connection */;
/*!50001 SET character_set_client      = utf8mb3 */;
/*!50001 SET character_set_results     = utf8mb3 */;
/*!50001 SET collation_connection      = utf8mb3_general_ci */;
/*!50001 CREATE ALGORITHM=UNDEFINED */
/*!50013 DEFINER=`central_ledger`@`%` SQL SECURITY DEFINER */
/*!50001 VIEW `quoteView` AS select `q`.`quoteId` AS `quoteId`,`q`.`transactionReferenceId` AS `transactionReferenceId`,`q`.`transactionRequestId` AS `transactionRequestId`,`q`.`note` AS `note`,`q`.`expirationDate` AS `expirationDate`,`ti`.`name` AS `transactionInitiator`,`tit`.`name` AS `transactionInitiatorType`,`ts`.`name` AS `transactionScenario`,`q`.`balanceOfPaymentsId` AS `balanceOfPaymentsId`,`tss`.`name` AS `transactionSubScenario`,`amt`.`name` AS `amountType`,`q`.`amount` AS `amount`,`q`.`currencyId` AS `currency` from (((((`quote` `q` join `transactionInitiator` `ti` on((`ti`.`transactionInitiatorId` = `q`.`transactionInitiatorId`))) join `transactionInitiatorType` `tit` on((`tit`.`transactionInitiatorTypeId` = `q`.`transactionInitiatorTypeId`))) join `transactionScenario` `ts` on((`ts`.`transactionScenarioId` = `q`.`transactionScenarioId`))) join `amountType` `amt` on((`amt`.`amountTypeId` = `q`.`amountTypeId`))) left join `transactionSubScenario` `tss` on((`tss`.`transactionSubScenarioId` = `q`.`transactionSubScenarioId`))) */;
/*!50001 SET character_set_client      = @saved_cs_client */;
/*!50001 SET character_set_results     = @saved_cs_results */;
/*!50001 SET collation_connection      = @saved_col_connection */;
/*!40103 SET TIME_ZONE=@OLD_TIME_ZONE */;

/*!40101 SET SQL_MODE=@OLD_SQL_MODE */;
/*!40014 SET FOREIGN_KEY_CHECKS=@OLD_FOREIGN_KEY_CHECKS */;
/*!40014 SET UNIQUE_CHECKS=@OLD_UNIQUE_CHECKS */;
/*!40101 SET CHARACTER_SET_CLIENT=@OLD_CHARACTER_SET_CLIENT */;
/*!40101 SET CHARACTER_SET_RESULTS=@OLD_CHARACTER_SET_RESULTS */;
/*!40101 SET COLLATION_CONNECTION=@OLD_COLLATION_CONNECTION */;
/*!40111 SET SQL_NOTES=@OLD_SQL_NOTES */;

-- Dump completed on 2023-04-03 22:21:36
